sample_id,strategy,label,status,direction,confidence,scan_window_bars,image_path,review_image_path,day_utc,start_pos,end_pos,start_time,end_time,pattern_start_pos,pattern_end_pos,pattern_start_time,pattern_end_time,breakout_pos,breakout_time,entry_price,stop_loss,target_price,risk_reward,breakout_level,atr_at_entry,reason,label_source,review_status
cup_and_handle__2015-08-10__0000218,cup_and_handle,0,no_pattern,neutral,0.0,,cup_and_handle/images/no_pattern/2015/08/cup_and_handle__2015-08-10__0000218.png,,2015-08-10,19,218,2015-07-29T08:00:00+00:00,2015-08-10T23:00:00+00:00,,,,,,,,,,,,,No rule-based candidate at this daily endpoint,rule_candidate,pending
cup_and_handle__2015-08-11__0000241,cup_and_handle,0,no_pattern,neutral,0.0,,cup_and_handle/images/no_pattern/2015/08/cup_and_handle__2015-08-11__0000241.png,,2015-08-11,42,241,2015-07-30T08:00:00+00:00,2015-08-11T23:00:00+00:00,,,,,,,,,,,,,No rule-based candidate at this daily endpoint,rule_candidate,pending
cup_and_handle__2015-08-12__0000264,cup_and_handle,0,no_pattern,neutral,0.0,,cup_and_handle/images/no_pattern/2015/08/cup_and_handle__2015-08-12__0000264.png,,2015-08-12,65,264,2015-07-31T08:00:00+00:00,2015-08-12T23:00:00+00:00,,,,,,,,,,,,,No rule-based candidate at this daily endpoint,rule_candidate,pending
cup_and_handle__2015-08-13__0000287,cup_and_handle,0,no_pattern,neutral,0.0,,cup_and_handle/images/no_pattern/2015/08/cup_and_handle__2015-08-13__0000287.png,,2015-08-13,88,287,2015-08-03T08:00:00+00:00,2015-08-13T23:00:00+00:00,,,,,,,,,,,,,No rule-based candidate at this daily endpoint,rule_candidate,pending
cup_and_handle__2015-08-14__0000310,cup_and_handle,0,no_pattern,neutral,0.0,,cup_and_handle/images/no_pattern/2015/08/cup_and_handle__2015-08-14__0000310.png,,2015-08-14,111,310,2015-08-04T08:00:00+00:00,2015-08-14T23:00:00+00:00,,,,,,,,,,,,,No rule-based candidate at this daily endpoint,rule_candidate,pending
cup_and_handle__2015-08-17__0000333,cup_and_handle,0,no_pattern,neutral,0.0,,cup_and_handle/images/no_pattern/2015/08/cup_and_handle__2015-08-17__0000333.png,,2015-08-17,134,333,2015-08-05T08:00:00+00:00,2015-08-17T23:00:00+00:00,,,,,,,,,,,,,No rule-based candidate at this daily endpoint,rule_candidate,pending
cup_and_handle__2015-08-18__0000356,cup_and_handle,0,no_pattern,neutral,0.0,,cup_and_handle/images/no_pattern/2015/08/cup_and_handle__2015-08-18__0000356.png,,2015-08-18,157,356,2015-08-06T08:00:00+00:00,2015-08-18T23:00:00+00:00,,,,,,,,,,,,,No rule-based candidate at this daily endpoint,rule_candidate,pending
cup_and_handle__2015-08-19__0000379,cup_and_handle,0,no_pattern,neutral,0.0,,cup_and_handle/images/no_pattern/2015/08/cup_and_handle__2015-08-19__0000379.png,,2015-08-19,180,379,2015-08-07T08:00:00+00:00,2015-08-19T23:00:00+00:00,,,,,,,,,,,,,No rule-based candidate at this daily endpoint,rule_candidate,pending
cup_and_handle__2015-08-20__0000402,cup_and_handle,0,no_pattern,neutral,0.0,,cup_and_handle/images/no_pattern/2015/08/cup_and_handle__2015-08-20__0000402.png,,2015-08-20,203,402,2015-08-10T08:00:00+00:00,2015-08-20T23:00:00+00:00,,,,,,,,,,,,,No rule-based candidate at this daily endpoint,rule_candidate,pending
cup_and_handle__2015-08-21__0000425,cup_and_handle,0,no_pattern,neutral,0.0,,cup_and_handle/images/no_pattern/2015/08/cup_and_handle__2015-08-21__0000425.png,,2015-08-21,226,425,2015-08-11T08:00:00+00:00,2015-08-21T23:00:00+00:00,,,,,,,,,,,,,No rule-based candidate at this daily endpoint,rule_candidate,pending
cup_and_handle__2015-08-24__0000448,cup_and_handle,0,no_pattern,neutral,0.0,,cup_and_handle/images/no_pattern/2015/08/cup_and_handle__2015-08-24__0000448.png,,2015-08-24,249,448,2015-08-12T08:00:00+00:00,2015-08-24T23:00:00+00:00,,,,,,,,,,,,,No rule-based candidate at this daily endpoint,rule_candidate,pending
cup_and_handle__2015-08-25__0000471,cup_and_handle,0,no_pattern,neutral,0.0,,cup_and_handle/images/no_pattern/2015/08/cup_and_handle__2015-08-25__0000471.png,,2015-08-25,272,471,2015-08-13T08:00:00+00:00,2015-08-25T23:00:00+00:00,,,,,,,,,,,,,No rule-based candidate at this daily endpoint,rule_candidate,pending
cup_and_handle__2015-08-26__0000494,cup_and_handle,0,no_pattern,neutral,0.0,,cup_and_handle/images/no_pattern/2015/08/cup_and_handle__2015-08-26__0000494.png,,2015-08-26,295,494,2015-08-14T08:00:00+00:00,2015-08-26T23:00:00+00:00,,,,,,,,,,,,,No rule-based candidate at this daily endpoint,rule_candidate,pending
cup_and_handle__2015-08-27__0000517,cup_and_handle,0,no_pattern,neutral,0.0,,cup_and_handle/images/no_pattern/2015/08/cup_and_handle__2015-08-27__0000517.png,,2015-08-27,318,517,2015-08-17T08:00:00+00:00,2015-08-27T23:00:00+00:00,,,,,,,,,,,,,No rule-based candidate at this daily endpoint,rule_candidate,pending
cup_and_handle__2015-08-28__0000540,cup_and_handle,0,no_pattern,neutral,0.0,,cup_and_handle/images/no_pattern/2015/08/cup_and_handle__2015-08-28__0000540.png,,2015-08-28,341,540,2015-08-18T08:00:00+00:00,2015-08-28T23:00:00+00:00,,,,,,,,,,,,,No rule-based candidate at this daily endpoint,rule_candidate,pending
cup_and_handle__2015-08-31__0000563,cup_and_handle,0,no_pattern,neutral,0.0,,cup_and_handle/images/no_pattern/2015/08/cup_and_handle__2015-08-31__0000563.png,,2015-08-31,364,563,2015-08-19T08:00:00+00:00,2015-08-31T23:00:00+00:00,,,,,,,,,,,,,No rule-based candidate at this daily endpoint,rule_candidate,pending
cup_and_handle__2015-09-01__0000586,cup_and_handle,0,no_pattern,neutral,0.0,,cup_and_handle/images/no_pattern/2015/09/cup_and_handle__2015-09-01__0000586.png,,2015-09-01,387,586,2015-08-20T08:00:00+00:00,2015-09-01T23:00:00+00:00,,,,,,,,,,,,,No rule-based candidate at this daily endpoint,rule_candidate,pending
cup_and_handle__2015-09-02__0000609,cup_and_handle,0,no_pattern,neutral,0.0,,cup_and_handle/images/no_pattern/2015/09/cup_and_handle__2015-09-02__0000609.png,,2015-09-02,410,609,2015-08-21T08:00:00+00:00,2015-09-02T23:00:00+00:00,,,,,,,,,,,,,No rule-based candidate at this daily endpoint,rule_candidate,pending
cup_and_handle__2015-09-03__0000632,cup_and_handle,0,no_pattern,neutral,0.0,,cup_and_handle/images/no_pattern/2015/09/cup_and_handle__2015-09-03__0000632.png,,2015-09-03,433,632,2015-08-24T08:00:00+00:00,2015-09-03T23:00:00+00:00,,,,,,,,,,,,,No rule-based candidate at this daily endpoint,rule_candidate,pending
cup_and_handle__2015-09-04__0000655,cup_and_handle,0,no_pattern,neutral,0.0,,cup_and_handle/images/no_pattern/2015/09/cup_and_handle__2015-09-04__0000655.png,,2015-09-04,456,655,2015-08-25T08:00:00+00:00,2015-09-04T23:00:00+00:00,,,,,,,,,,,,,No rule-based candidate at this daily endpoint,rule_candidate,pending
cup_and_handle__2015-09-07__0000675,cup_and_handle,0,no_pattern,neutral,0.0,,cup_and_handle/images/no_pattern/2015/09/cup_and_handle__2015-09-07__0000675.png,,2015-09-07,476,675,2015-08-26T05:00:00+00:00,2015-09-07T20:00:00+00:00,,,,,,,,,,,,,No rule-based candidate at this daily endpoint,rule_candidate,pending
cup_and_handle__2015-09-08__0000698,cup_and_handle,0,no_pattern,neutral,0.0,,cup_and_handle/images/no_pattern/2015/09/cup_and_handle__2015-09-08__0000698.png,,2015-09-08,499,698,2015-08-27T05:00:00+00:00,2015-09-08T23:00:00+00:00,,,,,,,,,,,,,No rule-based candidate at this daily endpoint,rule_candidate,pending
cup_and_handle__2015-09-09__0000721,cup_and_handle,0,no_pattern,neutral,0.0,,cup_and_handle/images/no_pattern/2015/09/cup_and_handle__2015-09-09__0000721.png,,2015-09-09,522,721,2015-08-28T05:00:00+00:00,2015-09-09T23:00:00+00:00,,,,,,,,,,,,,No rule-based candidate at this daily endpoint,rule_candidate,pending
cup_and_handle__2015-09-10__0000744,cup_and_handle,0,no_pattern,neutral,0.0,,cup_and_handle/images/no_pattern/2015/09/cup_and_handle__2015-09-10__0000744.png,,2015-09-10,545,744,2015-08-31T05:00:00+00:00,2015-09-10T23:00:00+00:00,,,,,,,,,,,,,No rule-based candidate at this daily endpoint,rule_candidate,pending
cup_and_handle__2015-09-11__0000767,cup_and_handle,0,no_pattern,neutral,0.0,,cup_and_handle/images/no_pattern/2015/09/cup_and_handle__2015-09-11__0000767.png,,2015-09-11,568,767,2015-09-01T05:00:00+00:00,2015-09-11T23:00:00+00:00,,,,,,,,,,,,,No rule-based candidate at this daily endpoint,rule_candidate,pending
cup_and_handle__2015-09-14__0000790,cup_and_handle,0,no_pattern,neutral,0.0,,cup_and_handle/images/no_pattern/2015/09/cup_and_handle__2015-09-14__0000790.png,,2015-09-14,591,790,2015-09-02T05:00:00+00:00,2015-09-14T23:00:00+00:00,,,,,,,,,,,,,No rule-based candidate at this daily endpoint,rule_candidate,pending
cup_and_handle__2015-09-15__0000813,cup_and_handle,0,no_pattern,neutral,0.0,,cup_and_handle/images/no_pattern/2015/09/cup_and_handle__2015-09-15__0000813.png,,2015-09-15,614,813,2015-09-03T05:00:00+00:00,2015-09-15T23:00:00+00:00,,,,,,,,,,,,,No rule-based candidate at this daily endpoint,rule_candidate,pending
cup_and_handle__2015-09-16__0000836,cup_and_handle,0,no_pattern,neutral,0.0,,cup_and_handle/images/no_pattern/2015/09/cup_and_handle__2015-09-16__0000836.png,,2015-09-16,637,836,2015-09-04T05:00:00+00:00,2015-09-16T23:00:00+00:00,,,,,,,,,,,,,No rule-based candidate at this daily endpoint,rule_candidate,pending
cup_and_handle__2015-09-17__0000859,cup_and_handle,0,no_pattern,neutral,0.0,,cup_and_handle/images/no_pattern/2015/09/cup_and_handle__2015-09-17__0000859.png,,2015-09-17,660,859,2015-09-07T05:00:00+00:00,2015-09-17T23:00:00+00:00,,,,,,,,,,,,,No rule-based candidate at this daily endpoint,rule_candidate,pending
cup_and_handle__2015-09-18__0000882,cup_and_handle,0,no_pattern,neutral,0.0,,cup_and_handle/images/no_pattern/2015/09/cup_and_handle__2015-09-18__0000882.png,,2015-09-18,683,882,2015-09-08T08:00:00+00:00,2015-09-18T23:00:00+00:00,,,,,,,,,,,,,No rule-based candidate at this daily endpoint,rule_candidate,pending
cup_and_handle__2015-09-21__0000905,cup_and_handle,0,no_pattern,neutral,0.0,,cup_and_handle/images/no_pattern/2015/09/cup_and_handle__2015-09-21__0000905.png,,2015-09-21,706,905,2015-09-09T08:00:00+00:00,2015-09-21T23:00:00+00:00,,,,,,,,,,,,,No rule-based candidate at this daily endpoint,rule_candidate,pending
cup_and_handle__2015-09-22__0000928,cup_and_handle,0,no_pattern,neutral,0.0,,cup_and_handle/images/no_pattern/2015/09/cup_and_handle__2015-09-22__0000928.png,,2015-09-22,729,928,2015-09-10T08:00:00+00:00,2015-09-22T23:00:00+00:00,,,,,,,,,,,,,No rule-based candidate at this daily endpoint,rule_candidate,pending
cup_and_handle__2015-09-23__0000951,cup_and_handle,0,no_pattern,neutral,0.0,,cup_and_handle/images/no_pattern/2015/09/cup_and_handle__2015-09-23__0000951.png,,2015-09-23,752,951,2015-09-11T08:00:00+00:00,2015-09-23T23:00:00+00:00,,,,,,,,,,,,,No rule-based candidate at this daily endpoint,rule_candidate,pending
cup_and_handle__2015-09-24__0000974,cup_and_handle,0,no_pattern,neutral,0.0,,cup_and_handle/images/no_pattern/2015/09/cup_and_handle__2015-09-24__0000974.png,,2015-09-24,775,974,2015-09-14T08:00:00+00:00,2015-09-24T23:00:00+00:00,,,,,,,,,,,,,No rule-based candidate at this daily endpoint,rule_candidate,pending
cup_and_handle__2015-09-25__0000997,cup_and_handle,0,no_pattern,neutral,0.0,,cup_and_handle/images/no_pattern/2015/09/cup_and_handle__2015-09-25__0000997.png,,2015-09-25,798,997,2015-09-15T08:00:00+00:00,2015-09-25T23:00:00+00:00,,,,,,,,,,,,,No rule-based candidate at this daily endpoint,rule_candidate,pending
cup_and_handle__2015-09-28__0001020,cup_and_handle,0,no_pattern,neutral,0.0,,cup_and_handle/images/no_pattern/2015/09/cup_and_handle__2015-09-28__0001020.png,,2015-09-28,821,1020,2015-09-16T08:00:00+00:00,2015-09-28T23:00:00+00:00,,,,,,,,,,,,,No rule-based candidate at this daily endpoint,rule_candidate,pending
cup_and_handle__2015-09-29__0001043,cup_and_handle,0,no_pattern,neutral,0.0,,cup_and_handle/images/no_pattern/2015/09/cup_and_handle__2015-09-29__0001043.png,,2015-09-29,844,1043,2015-09-17T08:00:00+00:00,2015-09-29T23:00:00+00:00,,,,,,,,,,,,,No rule-based candidate at this daily endpoint,rule_candidate,pending
cup_and_handle__2015-09-30__0001066,cup_and_handle,0,no_pattern,neutral,0.0,,cup_and_handle/images/no_pattern/2015/09/cup_and_handle__2015-09-30__0001066.png,,2015-09-30,867,1066,2015-09-18T08:00:00+00:00,2015-09-30T23:00:00+00:00,,,,,,,,,,,,,No rule-based candidate at this daily endpoint,rule_candidate,pending
cup_and_handle__2015-10-01__0001089,cup_and_handle,0,no_pattern,neutral,0.0,,cup_and_handle/images/no_pattern/2015/10/cup_and_handle__2015-10-01__0001089.png,,2015-10-01,890,1089,2015-09-21T08:00:00+00:00,2015-10-01T23:00:00+00:00,,,,,,,,,,,,,No rule-based candidate at this daily endpoint,rule_candidate,pending
cup_and_handle__2015-10-02__0001112,cup_and_handle,0,no_pattern,neutral,0.0,,cup_and_handle/images/no_pattern/2015/10/cup_and_handle__2015-10-02__0001112.png,,2015-10-02,913,1112,2015-09-22T08:00:00+00:00,2015-10-02T23:00:00+00:00,,,,,,,,,,,,,No rule-based candidate at this daily endpoint,rule_candidate,pending
cup_and_handle__2015-10-05__0001135,cup_and_handle,0,no_pattern,neutral,0.0,,cup_and_handle/images/no_pattern/2015/10/cup_and_handle__2015-10-05__0001135.png,,2015-10-05,936,1135,2015-09-23T08:00:00+00:00,2015-10-05T23:00:00+00:00,,,,,,,,,,,,,No rule-based candidate at this daily endpoint,rule_candidate,pending
cup_and_handle__2015-10-06__0001158,cup_and_handle,0,no_pattern,neutral,0.0,,cup_and_handle/images/no_pattern/2015/10/cup_and_handle__2015-10-06__0001158.png,,2015-10-06,959,1158,2015-09-24T08:00:00+00:00,2015-10-06T23:00:00+00:00,,,,,,,,,,,,,No rule-based candidate at this daily endpoint,rule_candidate,pending
cup_and_handle__2015-10-07__0001181,cup_and_handle,0,no_pattern,neutral,0.0,,cup_and_handle/images/no_pattern/2015/10/cup_and_handle__2015-10-07__0001181.png,,2015-10-07,982,1181,2015-09-25T08:00:00+00:00,2015-10-07T23:00:00+00:00,,,,,,,,,,,,,No rule-based candidate at this daily endpoint,rule_candidate,pending
cup_and_handle__2015-10-08__0001204,cup_and_handle,0,no_pattern,neutral,0.0,,cup_and_handle/images/no_pattern/2015/10/cup_and_handle__2015-10-08__0001204.png,,2015-10-08,1005,1204,2015-09-28T08:00:00+00:00,2015-10-08T23:00:00+00:00,,,,,,,,,,,,,No rule-based candidate at this daily endpoint,rule_candidate,pending
cup_and_handle__2015-10-09__0001227,cup_and_handle,0,no_pattern,neutral,0.0,,cup_and_handle/images/no_pattern/2015/10/cup_and_handle__2015-10-09__0001227.png,,2015-10-09,1028,1227,2015-09-29T08:00:00+00:00,2015-10-09T23:00:00+00:00,,,,,,,,,,,,,No rule-based candidate at this daily endpoint,rule_candidate,pending
cup_and_handle__2015-10-12__0001250,cup_and_handle,0,no_pattern,neutral,0.0,,cup_and_handle/images/no_pattern/2015/10/cup_and_handle__2015-10-12__0001250.png,,2015-10-12,1051,1250,2015-09-30T08:00:00+00:00,2015-10-12T23:00:00+00:00,,,,,,,,,,,,,No rule-based candidate at this daily endpoint,rule_candidate,pending
cup_and_handle__2015-10-13__0001273,cup_and_handle,0,no_pattern,neutral,0.0,,cup_and_handle/images/no_pattern/2015/10/cup_and_handle__2015-10-13__0001273.png,,2015-10-13,1074,1273,2015-10-01T08:00:00+00:00,2015-10-13T23:00:00+00:00,,,,,,,,,,,,,No rule-based candidate at this daily endpoint,rule_candidate,pending
cup_and_handle__2015-10-14__0001296,cup_and_handle,0,no_pattern,neutral,0.0,,cup_and_handle/images/no_pattern/2015/10/cup_and_handle__2015-10-14__0001296.png,,2015-10-14,1097,1296,2015-10-02T08:00:00+00:00,2015-10-14T23:00:00+00:00,,,,,,,,,,,,,No rule-based candidate at this daily endpoint,rule_candidate,pending
cup_and_handle__2015-10-15__0001319,cup_and_handle,0,no_pattern,neutral,0.0,,cup_and_handle/images/no_pattern/2015/10/cup_and_handle__2015-10-15__0001319.png,,2015-10-15,1120,1319,2015-10-05T08:00:00+00:00,2015-10-15T23:00:00+00:00,,,,,,,,,,,,,No rule-based candidate at this daily endpoint,rule_candidate,pending
cup_and_handle__2015-10-16__0001342,cup_and_handle,0,no_pattern,neutral,0.0,,cup_and_handle/images/no_pattern/2015/10/cup_and_handle__2015-10-16__0001342.png,,2015-10-16,1143,1342,2015-10-06T08:00:00+00:00,2015-10-16T23:00:00+00:00,,,,,,,,,,,,,No rule-based candidate at this daily endpoint,rule_candidate,pending
cup_and_handle__2015-10-19__0001365,cup_and_handle,0,no_pattern,neutral,0.0,,cup_and_handle/images/no_pattern/2015/10/cup_and_handle__2015-10-19__0001365.png,,2015-10-19,1166,1365,2015-10-07T08:00:00+00:00,2015-10-19T23:00:00+00:00,,,,,,,,,,,,,No rule-based candidate at this daily endpoint,rule_candidate,pending
cup_and_handle__2015-10-20__0001388,cup_and_handle,0,no_pattern,neutral,0.0,,cup_and_handle/images/no_pattern/2015/10/cup_and_handle__2015-10-20__0001388.png,,2015-10-20,1189,1388,2015-10-08T08:00:00+00:00,2015-10-20T23:00:00+00:00,,,,,,,,,,,,,No rule-based candidate at this daily endpoint,rule_candidate,pending
cup_and_handle__2015-10-21__0001411,cup_and_handle,0,no_pattern,neutral,0.0,,cup_and_handle/images/no_pattern/2015/10/cup_and_handle__2015-10-21__0001411.png,,2015-10-21,1212,1411,2015-10-09T08:00:00+00:00,2015-10-21T23:00:00+00:00,,,,,,,,,,,,,No rule-based candidate at this daily endpoint,rule_candidate,pending
cup_and_handle__2015-10-22__0001434,cup_and_handle,0,no_pattern,neutral,0.0,,cup_and_handle/images/no_pattern/2015/10/cup_and_handle__2015-10-22__0001434.png,,2015-10-22,1235,1434,2015-10-12T08:00:00+00:00,2015-10-22T23:00:00+00:00,,,,,,,,,,,,,No rule-based candidate at this daily endpoint,rule_candidate,pending
cup_and_handle__2015-10-23__0001457,cup_and_handle,0,no_pattern,neutral,0.0,,cup_and_handle/images/no_pattern/2015/10/cup_and_handle__2015-10-23__0001457.png,,2015-10-23,1258,1457,2015-10-13T08:00:00+00:00,2015-10-23T23:00:00+00:00,,,,,,,,,,,,,No rule-based candidate at this daily endpoint,rule_candidate,pending
cup_and_handle__2015-10-26__0001480,cup_and_handle,0,no_pattern,neutral,0.0,,cup_and_handle/images/no_pattern/2015/10/cup_and_handle__2015-10-26__0001480.png,,2015-10-26,1281,1480,2015-10-14T08:00:00+00:00,2015-10-26T22:00:00+00:00,,,,,,,,,,,,,No rule-based candidate at this daily endpoint,rule_candidate,pending
cup_and_handle__2015-10-27__0001503,cup_and_handle,0,no_pattern,neutral,0.0,,cup_and_handle/images/no_pattern/2015/10/cup_and_handle__2015-10-27__0001503.png,,2015-10-27,1304,1503,2015-10-15T08:00:00+00:00,2015-10-27T22:00:00+00:00,,,,,,,,,,,,,No rule-based candidate at this daily endpoint,rule_candidate,pending
cup_and_handle__2015-10-28__0001526,cup_and_handle,0,no_pattern,neutral,0.0,,cup_and_handle/images/no_pattern/2015/10/cup_and_handle__2015-10-28__0001526.png,,2015-10-28,1327,1526,2015-10-16T08:00:00+00:00,2015-10-28T22:00:00+00:00,,,,,,,,,,,,,No rule-based candidate at this daily endpoint,rule_candidate,pending
cup_and_handle__2015-10-29__0001549,cup_and_handle,0,no_pattern,neutral,0.0,,cup_and_handle/images/no_pattern/2015/10/cup_and_handle__2015-10-29__0001549.png,,2015-10-29,1350,1549,2015-10-19T08:00:00+00:00,2015-10-29T22:00:00+00:00,,,,,,,,,,,,,No rule-based candidate at this daily endpoint,rule_candidate,pending
cup_and_handle__2015-10-30__0001572,cup_and_handle,0,no_pattern,neutral,0.0,,cup_and_handle/images/no_pattern/2015/10/cup_and_handle__2015-10-30__0001572.png,,2015-10-30,1373,1572,2015-10-20T08:00:00+00:00,2015-10-30T22:00:00+00:00,,,,,,,,,,,,,No rule-based candidate at this daily endpoint,rule_candidate,pending
cup_and_handle__2015-11-02__0001595,cup_and_handle,0,no_pattern,neutral,0.0,,cup_and_handle/images/no_pattern/2015/11/cup_and_handle__2015-11-02__0001595.png,,2015-11-02,1396,1595,2015-10-21T08:00:00+00:00,2015-11-02T23:00:00+00:00,,,,,,,,,,,,,No rule-based candidate at this daily endpoint,rule_candidate,pending
cup_and_handle__2015-11-03__0001618,cup_and_handle,0,no_pattern,neutral,0.0,,cup_and_handle/images/no_pattern/2015/11/cup_and_handle__2015-11-03__0001618.png,,2015-11-03,1419,1618,2015-10-22T08:00:00+00:00,2015-11-03T23:00:00+00:00,,,,,,,,,,,,,No rule-based candidate at this daily endpoint,rule_candidate,pending
cup_and_handle__2015-11-04__0001641,cup_and_handle,0,no_pattern,neutral,0.0,,cup_and_handle/images/no_pattern/2015/11/cup_and_handle__2015-11-04__0001641.png,,2015-11-04,1442,1641,2015-10-23T08:00:00+00:00,2015-11-04T23:00:00+00:00,,,,,,,,,,,,,No rule-based candidate at this daily endpoint,rule_candidate,pending
cup_and_handle__2015-11-05__0001664,cup_and_handle,0,no_pattern,neutral,0.0,,cup_and_handle/images/no_pattern/2015/11/cup_and_handle__2015-11-05__0001664.png,,2015-11-05,1465,1664,2015-10-26T07:00:00+00:00,2015-11-05T23:00:00+00:00,,,,,,,,,,,,,No rule-based candidate at this daily endpoint,rule_candidate,pending
cup_and_handle__2015-11-06__0001687,cup_and_handle,0,no_pattern,neutral,0.0,,cup_and_handle/images/no_pattern/2015/11/cup_and_handle__2015-11-06__0001687.png,,2015-11-06,1488,1687,2015-10-27T07:00:00+00:00,2015-11-06T23:00:00+00:00,,,,,,,,,,,,,No rule-based candidate at this daily endpoint,rule_candidate,pending
cup_and_handle__2015-11-09__0001710,cup_and_handle,0,no_pattern,neutral,0.0,,cup_and_handle/images/no_pattern/2015/11/cup_and_handle__2015-11-09__0001710.png,,2015-11-09,1511,1710,2015-10-28T07:00:00+00:00,2015-11-09T23:00:00+00:00,,,,,,,,,,,,,No rule-based candidate at this daily endpoint,rule_candidate,pending
cup_and_handle__2015-11-10__0001733,cup_and_handle,0,no_pattern,neutral,0.0,,cup_and_handle/images/no_pattern/2015/11/cup_and_handle__2015-11-10__0001733.png,,2015-11-10,1534,1733,2015-10-29T07:00:00+00:00,2015-11-10T23:00:00+00:00,,,,,,,,,,,,,No rule-based candidate at this daily endpoint,rule_candidate,pending
cup_and_handle__2015-11-11__0001756,cup_and_handle,0,no_pattern,neutral,0.0,,cup_and_handle/images/no_pattern/2015/11/cup_and_handle__2015-11-11__0001756.png,,2015-11-11,1557,1756,2015-10-30T07:00:00+00:00,2015-11-11T23:00:00+00:00,,,,,,,,,,,,,No rule-based candidate at this daily endpoint,rule_candidate,pending
cup_and_handle__2015-11-12__0001779,cup_and_handle,0,no_pattern,neutral,0.0,,cup_and_handle/images/no_pattern/2015/11/cup_and_handle__2015-11-12__0001779.png,,2015-11-12,1580,1779,2015-11-02T08:00:00+00:00,2015-11-12T23:00:00+00:00,,,,,,,,,,,,,No rule-based candidate at this daily endpoint,rule_candidate,pending
cup_and_handle__2015-11-13__0001802,cup_and_handle,0,no_pattern,neutral,0.0,,cup_and_handle/images/no_pattern/2015/11/cup_and_handle__2015-11-13__0001802.png,,2015-11-13,1603,1802,2015-11-03T08:00:00+00:00,2015-11-13T23:00:00+00:00,,,,,,,,,,,,,No rule-based candidate at this daily endpoint,rule_candidate,pending
cup_and_handle__2015-11-16__0001825,cup_and_handle,0,no_pattern,neutral,0.0,,cup_and_handle/images/no_pattern/2015/11/cup_and_handle__2015-11-16__0001825.png,,2015-11-16,1626,1825,2015-11-04T08:00:00+00:00,2015-11-16T23:00:00+00:00,,,,,,,,,,,,,No rule-based candidate at this daily endpoint,rule_candidate,pending
cup_and_handle__2015-11-17__0001848,cup_and_handle,0,no_pattern,neutral,0.0,,cup_and_handle/images/no_pattern/2015/11/cup_and_handle__2015-11-17__0001848.png,,2015-11-17,1649,1848,2015-11-05T08:00:00+00:00,2015-11-17T23:00:00+00:00,,,,,,,,,,,,,No rule-based candidate at this daily endpoint,rule_candidate,pending
cup_and_handle__2015-11-18__0001871,cup_and_handle,0,no_pattern,neutral,0.0,,cup_and_handle/images/no_pattern/2015/11/cup_and_handle__2015-11-18__0001871.png,,2015-11-18,1672,1871,2015-11-06T08:00:00+00:00,2015-11-18T23:00:00+00:00,,,,,,,,,,,,,No rule-based candidate at this daily endpoint,rule_candidate,pending
cup_and_handle__2015-11-19__0001894,cup_and_handle,0,no_pattern,neutral,0.0,,cup_and_handle/images/no_pattern/2015/11/cup_and_handle__2015-11-19__0001894.png,,2015-11-19,1695,1894,2015-11-09T08:00:00+00:00,2015-11-19T23:00:00+00:00,,,,,,,,,,,,,No rule-based candidate at this daily endpoint,rule_candidate,pending
cup_and_handle__2015-11-20__0001917,cup_and_handle,1,forming,bullish,0.54,100.0,cup_and_handle/images/forming/2015/11/cup_and_handle__2015-11-20__0001917.png,,2015-11-20,1718,1917,2015-11-10T08:00:00+00:00,2015-11-20T23:00:00+00:00,1818.0,1917.0,2015-11-16T16:00:00+00:00,2015-11-20T23:00:00+00:00,,,1083.2599999999998,1065.3842857142856,1119.011428571428,2.0,1083.2599999999998,2.782857142857129,Cup and handle rounded base with shallow handle,rule_candidate,pending
cup_and_handle__2015-11-23__0001940,cup_and_handle,0,no_pattern,neutral,0.0,,cup_and_handle/images/no_pattern/2015/11/cup_and_handle__2015-11-23__0001940.png,,2015-11-23,1741,1940,2015-11-11T08:00:00+00:00,2015-11-23T23:00:00+00:00,,,,,,,,,,,,,No rule-based candidate at this daily endpoint,rule_candidate,pending
cup_and_handle__2015-11-24__0001963,cup_and_handle,0,no_pattern,neutral,0.0,,cup_and_handle/images/no_pattern/2015/11/cup_and_handle__2015-11-24__0001963.png,,2015-11-24,1764,1963,2015-11-12T08:00:00+00:00,2015-11-24T23:00:00+00:00,,,,,,,,,,,,,No rule-based candidate at this daily endpoint,rule_candidate,pending
cup_and_handle__2015-11-25__0001986,cup_and_handle,0,no_pattern,neutral,0.0,,cup_and_handle/images/no_pattern/2015/11/cup_and_handle__2015-11-25__0001986.png,,2015-11-25,1787,1986,2015-11-13T08:00:00+00:00,2015-11-25T23:00:00+00:00,,,,,,,,,,,,,No rule-based candidate at this daily endpoint,rule_candidate,pending
cup_and_handle__2015-11-26__0002005,cup_and_handle,0,no_pattern,neutral,0.0,,cup_and_handle/images/no_pattern/2015/11/cup_and_handle__2015-11-26__0002005.png,,2015-11-26,1806,2005,2015-11-16T04:00:00+00:00,2015-11-26T19:00:00+00:00,,,,,,,,,,,,,No rule-based candidate at this daily endpoint,rule_candidate,pending
cup_and_handle__2015-11-27__0002024,cup_and_handle,0,no_pattern,neutral,0.0,,cup_and_handle/images/no_pattern/2015/11/cup_and_handle__2015-11-27__0002024.png,,2015-11-27,1825,2024,2015-11-16T23:00:00+00:00,2015-11-27T19:00:00+00:00,,,,,,,,,,,,,No rule-based candidate at this daily endpoint,rule_candidate,pending
cup_and_handle__2015-11-30__0002047,cup_and_handle,0,no_pattern,neutral,0.0,,cup_and_handle/images/no_pattern/2015/11/cup_and_handle__2015-11-30__0002047.png,,2015-11-30,1848,2047,2015-11-17T23:00:00+00:00,2015-11-30T23:00:00+00:00,,,,,,,,,,,,,No rule-based candidate at this daily endpoint,rule_candidate,pending
cup_and_handle__2015-12-01__0002070,cup_and_handle,1,confirmed,bullish,0.66,64.0,cup_and_handle/images/confirmed/2015/12/cup_and_handle__2015-12-01__0002070.png,,2015-12-01,1871,2070,2015-11-18T23:00:00+00:00,2015-12-01T23:00:00+00:00,2007.0,2070.0,2015-11-27T02:00:00+00:00,2015-12-01T23:00:00+00:00,2070.0,2015-12-01T23:00:00+00:00,1069.34,1053.949821428571,1100.120357142857,2.0,1068.9466666666665,2.6807142857142674,Cup and handle rounded base with shallow handle,rule_candidate,pending
cup_and_handle__2015-12-02__0002093,cup_and_handle,0,no_pattern,neutral,0.0,,cup_and_handle/images/no_pattern/2015/12/cup_and_handle__2015-12-02__0002093.png,,2015-12-02,1894,2093,2015-11-19T23:00:00+00:00,2015-12-02T23:00:00+00:00,,,,,,,,,,,,,No rule-based candidate at this daily endpoint,rule_candidate,pending
cup_and_handle__2015-12-03__0002116,cup_and_handle,0,no_pattern,neutral,0.0,,cup_and_handle/images/no_pattern/2015/12/cup_and_handle__2015-12-03__0002116.png,,2015-12-03,1917,2116,2015-11-20T23:00:00+00:00,2015-12-03T23:00:00+00:00,,,,,,,,,,,,,No rule-based candidate at this daily endpoint,rule_candidate,pending
cup_and_handle__2015-12-04__0002139,cup_and_handle,0,no_pattern,neutral,0.0,,cup_and_handle/images/no_pattern/2015/12/cup_and_handle__2015-12-04__0002139.png,,2015-12-04,1940,2139,2015-11-23T23:00:00+00:00,2015-12-04T23:00:00+00:00,,,,,,,,,,,,,No rule-based candidate at this daily endpoint,rule_candidate,pending
cup_and_handle__2015-12-07__0002162,cup_and_handle,0,no_pattern,neutral,0.0,,cup_and_handle/images/no_pattern/2015/12/cup_and_handle__2015-12-07__0002162.png,,2015-12-07,1963,2162,2015-11-24T23:00:00+00:00,2015-12-07T23:00:00+00:00,,,,,,,,,,,,,No rule-based candidate at this daily endpoint,rule_candidate,pending
cup_and_handle__2015-12-08__0002185,cup_and_handle,0,no_pattern,neutral,0.0,,cup_and_handle/images/no_pattern/2015/12/cup_and_handle__2015-12-08__0002185.png,,2015-12-08,1986,2185,2015-11-25T23:00:00+00:00,2015-12-08T23:00:00+00:00,,,,,,,,,,,,,No rule-based candidate at this daily endpoint,rule_candidate,pending
cup_and_handle__2015-12-09__0002208,cup_and_handle,0,no_pattern,neutral,0.0,,cup_and_handle/images/no_pattern/2015/12/cup_and_handle__2015-12-09__0002208.png,,2015-12-09,2009,2208,2015-11-27T04:00:00+00:00,2015-12-09T23:00:00+00:00,,,,,,,,,,,,,No rule-based candidate at this daily endpoint,rule_candidate,pending
cup_and_handle__2015-12-10__0002231,cup_and_handle,0,no_pattern,neutral,0.0,,cup_and_handle/images/no_pattern/2015/12/cup_and_handle__2015-12-10__0002231.png,,2015-12-10,2032,2231,2015-11-30T08:00:00+00:00,2015-12-10T23:00:00+00:00,,,,,,,,,,,,,No rule-based candidate at this daily endpoint,rule_candidate,pending
cup_and_handle__2015-12-11__0002254,cup_and_handle,0,no_pattern,neutral,0.0,,cup_and_handle/images/no_pattern/2015/12/cup_and_handle__2015-12-11__0002254.png,,2015-12-11,2055,2254,2015-12-01T08:00:00+00:00,2015-12-11T23:00:00+00:00,,,,,,,,,,,,,No rule-based candidate at this daily endpoint,rule_candidate,pending
cup_and_handle__2015-12-14__0002277,cup_and_handle,0,no_pattern,neutral,0.0,,cup_and_handle/images/no_pattern/2015/12/cup_and_handle__2015-12-14__0002277.png,,2015-12-14,2078,2277,2015-12-02T08:00:00+00:00,2015-12-14T23:00:00+00:00,,,,,,,,,,,,,No rule-based candidate at this daily endpoint,rule_candidate,pending
cup_and_handle__2015-12-15__0002300,cup_and_handle,0,no_pattern,neutral,0.0,,cup_and_handle/images/no_pattern/2015/12/cup_and_handle__2015-12-15__0002300.png,,2015-12-15,2101,2300,2015-12-03T08:00:00+00:00,2015-12-15T23:00:00+00:00,,,,,,,,,,,,,No rule-based candidate at this daily endpoint,rule_candidate,pending
cup_and_handle__2015-12-16__0002323,cup_and_handle,0,no_pattern,neutral,0.0,,cup_and_handle/images/no_pattern/2015/12/cup_and_handle__2015-12-16__0002323.png,,2015-12-16,2124,2323,2015-12-04T08:00:00+00:00,2015-12-16T23:00:00+00:00,,,,,,,,,,,,,No rule-based candidate at this daily endpoint,rule_candidate,pending
cup_and_handle__2015-12-17__0002346,cup_and_handle,0,no_pattern,neutral,0.0,,cup_and_handle/images/no_pattern/2015/12/cup_and_handle__2015-12-17__0002346.png,,2015-12-17,2147,2346,2015-12-07T08:00:00+00:00,2015-12-17T23:00:00+00:00,,,,,,,,,,,,,No rule-based candidate at this daily endpoint,rule_candidate,pending
cup_and_handle__2015-12-18__0002369,cup_and_handle,0,no_pattern,neutral,0.0,,cup_and_handle/images/no_pattern/2015/12/cup_and_handle__2015-12-18__0002369.png,,2015-12-18,2170,2369,2015-12-08T08:00:00+00:00,2015-12-18T23:00:00+00:00,,,,,,,,,,,,,No rule-based candidate at this daily endpoint,rule_candidate,pending
cup_and_handle__2015-12-21__0002392,cup_and_handle,0,no_pattern,neutral,0.0,,cup_and_handle/images/no_pattern/2015/12/cup_and_handle__2015-12-21__0002392.png,,2015-12-21,2193,2392,2015-12-09T08:00:00+00:00,2015-12-21T23:00:00+00:00,,,,,,,,,,,,,No rule-based candidate at this daily endpoint,rule_candidate,pending
cup_and_handle__2015-12-22__0002415,cup_and_handle,0,no_pattern,neutral,0.0,,cup_and_handle/images/no_pattern/2015/12/cup_and_handle__2015-12-22__0002415.png,,2015-12-22,2216,2415,2015-12-10T08:00:00+00:00,2015-12-22T23:00:00+00:00,,,,,,,,,,,,,No rule-based candidate at this daily endpoint,rule_candidate,pending
cup_and_handle__2015-12-23__0002438,cup_and_handle,0,no_pattern,neutral,0.0,,cup_and_handle/images/no_pattern/2015/12/cup_and_handle__2015-12-23__0002438.png,,2015-12-23,2239,2438,2015-12-11T08:00:00+00:00,2015-12-23T23:00:00+00:00,,,,,,,,,,,,,No rule-based candidate at this daily endpoint,rule_candidate,pending
cup_and_handle__2015-12-24__0002457,cup_and_handle,1,confirmed,bullish,0.66,160.0,cup_and_handle/images/confirmed/2015/12/cup_and_handle__2015-12-24__0002457.png,,2015-12-24,2258,2457,2015-12-14T04:00:00+00:00,2015-12-24T19:00:00+00:00,2298.0,2457.0,2015-12-15T21:00:00+00:00,2015-12-24T19:00:00+00:00,2457.0,2015-12-24T19:00:00+00:00,1076.32,1050.1001785714286,1128.7596428571426,2.0,1076.2995833333332,1.4792857142857003,Cup and handle rounded base with shallow handle,rule_candidate,pending
cup_and_handle__2015-12-28__0002480,cup_and_handle,0,no_pattern,neutral,0.0,,cup_and_handle/images/no_pattern/2015/12/cup_and_handle__2015-12-28__0002480.png,,2015-12-28,2281,2480,2015-12-15T04:00:00+00:00,2015-12-28T23:00:00+00:00,,,,,,,,,,,,,No rule-based candidate at this daily endpoint,rule_candidate,pending
cup_and_handle__2015-12-29__0002503,cup_and_handle,0,no_pattern,neutral,0.0,,cup_and_handle/images/no_pattern/2015/12/cup_and_handle__2015-12-29__0002503.png,,2015-12-29,2304,2503,2015-12-16T04:00:00+00:00,2015-12-29T23:00:00+00:00,,,,,,,,,,,,,No rule-based candidate at this daily endpoint,rule_candidate,pending
cup_and_handle__2015-12-30__0002526,cup_and_handle,0,no_pattern,neutral,0.0,,cup_and_handle/images/no_pattern/2015/12/cup_and_handle__2015-12-30__0002526.png,,2015-12-30,2327,2526,2015-12-17T04:00:00+00:00,2015-12-30T23:00:00+00:00,,,,,,,,,,,,,No rule-based candidate at this daily endpoint,rule_candidate,pending
cup_and_handle__2015-12-31__0002545,cup_and_handle,0,no_pattern,neutral,0.0,,cup_and_handle/images/no_pattern/2015/12/cup_and_handle__2015-12-31__0002545.png,,2015-12-31,2346,2545,2015-12-17T23:00:00+00:00,2015-12-31T19:00:00+00:00,,,,,,,,,,,,,No rule-based candidate at this daily endpoint,rule_candidate,pending
cup_and_handle__2016-01-04__0002568,cup_and_handle,0,no_pattern,neutral,0.0,,cup_and_handle/images/no_pattern/2016/01/cup_and_handle__2016-01-04__0002568.png,,2016-01-04,2369,2568,2015-12-18T23:00:00+00:00,2016-01-04T23:00:00+00:00,,,,,,,,,,,,,No rule-based candidate at this daily endpoint,rule_candidate,pending
cup_and_handle__2016-01-05__0002591,cup_and_handle,0,no_pattern,neutral,0.0,,cup_and_handle/images/no_pattern/2016/01/cup_and_handle__2016-01-05__0002591.png,,2016-01-05,2392,2591,2015-12-21T23:00:00+00:00,2016-01-05T23:00:00+00:00,,,,,,,,,,,,,No rule-based candidate at this daily endpoint,rule_candidate,pending
cup_and_handle__2016-01-06__0002614,cup_and_handle,0,no_pattern,neutral,0.0,,cup_and_handle/images/no_pattern/2016/01/cup_and_handle__2016-01-06__0002614.png,,2016-01-06,2415,2614,2015-12-22T23:00:00+00:00,2016-01-06T23:00:00+00:00,,,,,,,,,,,,,No rule-based candidate at this daily endpoint,rule_candidate,pending
cup_and_handle__2016-01-07__0002637,cup_and_handle,0,no_pattern,neutral,0.0,,cup_and_handle/images/no_pattern/2016/01/cup_and_handle__2016-01-07__0002637.png,,2016-01-07,2438,2637,2015-12-23T23:00:00+00:00,2016-01-07T23:00:00+00:00,,,,,,,,,,,,,No rule-based candidate at this daily endpoint,rule_candidate,pending
cup_and_handle__2016-01-08__0002660,cup_and_handle,0,no_pattern,neutral,0.0,,cup_and_handle/images/no_pattern/2016/01/cup_and_handle__2016-01-08__0002660.png,,2016-01-08,2461,2660,2015-12-28T04:00:00+00:00,2016-01-08T23:00:00+00:00,,,,,,,,,,,,,No rule-based candidate at this daily endpoint,rule_candidate,pending
cup_and_handle__2016-01-11__0002683,cup_and_handle,0,no_pattern,neutral,0.0,,cup_and_handle/images/no_pattern/2016/01/cup_and_handle__2016-01-11__0002683.png,,2016-01-11,2484,2683,2015-12-29T04:00:00+00:00,2016-01-11T23:00:00+00:00,,,,,,,,,,,,,No rule-based candidate at this daily endpoint,rule_candidate,pending
cup_and_handle__2016-01-12__0002706,cup_and_handle,0,no_pattern,neutral,0.0,,cup_and_handle/images/no_pattern/2016/01/cup_and_handle__2016-01-12__0002706.png,,2016-01-12,2507,2706,2015-12-30T04:00:00+00:00,2016-01-12T23:00:00+00:00,,,,,,,,,,,,,No rule-based candidate at this daily endpoint,rule_candidate,pending
cup_and_handle__2016-01-13__0002729,cup_and_handle,0,no_pattern,neutral,0.0,,cup_and_handle/images/no_pattern/2016/01/cup_and_handle__2016-01-13__0002729.png,,2016-01-13,2530,2729,2015-12-31T04:00:00+00:00,2016-01-13T23:00:00+00:00,,,,,,,,,,,,,No rule-based candidate at this daily endpoint,rule_candidate,pending
cup_and_handle__2016-01-14__0002752,cup_and_handle,0,no_pattern,neutral,0.0,,cup_and_handle/images/no_pattern/2016/01/cup_and_handle__2016-01-14__0002752.png,,2016-01-14,2553,2752,2016-01-04T08:00:00+00:00,2016-01-14T23:00:00+00:00,,,,,,,,,,,,,No rule-based candidate at this daily endpoint,rule_candidate,pending
cup_and_handle__2016-01-15__0002775,cup_and_handle,0,no_pattern,neutral,0.0,,cup_and_handle/images/no_pattern/2016/01/cup_and_handle__2016-01-15__0002775.png,,2016-01-15,2576,2775,2016-01-05T08:00:00+00:00,2016-01-15T23:00:00+00:00,,,,,,,,,,,,,No rule-based candidate at this daily endpoint,rule_candidate,pending
cup_and_handle__2016-01-18__0002795,cup_and_handle,1,forming,bullish,0.54,64.0,cup_and_handle/images/forming/2016/01/cup_and_handle__2016-01-18__0002795.png,,2016-01-18,2596,2795,2016-01-06T05:00:00+00:00,2016-01-18T20:00:00+00:00,2732.0,2795.0,2016-01-14T03:00:00+00:00,2016-01-18T20:00:00+00:00,,,1091.756666666667,1072.535,1130.1999999999998,2.0,1091.756666666667,1.7399999999999929,Cup and handle rounded base with shallow handle,rule_candidate,pending
cup_and_handle__2016-01-19__0002818,cup_and_handle,1,forming,bullish,0.54,100.0,cup_and_handle/images/forming/2016/01/cup_and_handle__2016-01-19__0002818.png,,2016-01-19,2619,2818,2016-01-07T05:00:00+00:00,2016-01-19T23:00:00+00:00,2719.0,2818.0,2016-01-13T13:00:00+00:00,2016-01-19T23:00:00+00:00,,,1090.243333333333,1072.155,1126.42,2.0,1090.243333333333,3.259999999999991,Cup and handle rounded base with shallow handle,rule_candidate,pending
cup_and_handle__2016-01-20__0002841,cup_and_handle,0,no_pattern,neutral,0.0,,cup_and_handle/images/no_pattern/2016/01/cup_and_handle__2016-01-20__0002841.png,,2016-01-20,2642,2841,2016-01-08T05:00:00+00:00,2016-01-20T23:00:00+00:00,,,,,,,,,,,,,No rule-based candidate at this daily endpoint,rule_candidate,pending
cup_and_handle__2016-01-21__0002864,cup_and_handle,0,no_pattern,neutral,0.0,,cup_and_handle/images/no_pattern/2016/01/cup_and_handle__2016-01-21__0002864.png,,2016-01-21,2665,2864,2016-01-11T05:00:00+00:00,2016-01-21T23:00:00+00:00,,,,,,,,,,,,,No rule-based candidate at this daily endpoint,rule_candidate,pending
cup_and_handle__2016-01-22__0002887,cup_and_handle,0,no_pattern,neutral,0.0,,cup_and_handle/images/no_pattern/2016/01/cup_and_handle__2016-01-22__0002887.png,,2016-01-22,2688,2887,2016-01-12T05:00:00+00:00,2016-01-22T23:00:00+00:00,,,,,,,,,,,,,No rule-based candidate at this daily endpoint,rule_candidate,pending
cup_and_handle__2016-01-25__0002910,cup_and_handle,0,no_pattern,neutral,0.0,,cup_and_handle/images/no_pattern/2016/01/cup_and_handle__2016-01-25__0002910.png,,2016-01-25,2711,2910,2016-01-13T05:00:00+00:00,2016-01-25T23:00:00+00:00,,,,,,,,,,,,,No rule-based candidate at this daily endpoint,rule_candidate,pending
cup_and_handle__2016-01-26__0002933,cup_and_handle,0,no_pattern,neutral,0.0,,cup_and_handle/images/no_pattern/2016/01/cup_and_handle__2016-01-26__0002933.png,,2016-01-26,2734,2933,2016-01-14T05:00:00+00:00,2016-01-26T23:00:00+00:00,,,,,,,,,,,,,No rule-based candidate at this daily endpoint,rule_candidate,pending
cup_and_handle__2016-01-27__0002956,cup_and_handle,0,no_pattern,neutral,0.0,,cup_and_handle/images/no_pattern/2016/01/cup_and_handle__2016-01-27__0002956.png,,2016-01-27,2757,2956,2016-01-15T05:00:00+00:00,2016-01-27T23:00:00+00:00,,,,,,,,,,,,,No rule-based candidate at this daily endpoint,rule_candidate,pending
cup_and_handle__2016-01-28__0002979,cup_and_handle,0,no_pattern,neutral,0.0,,cup_and_handle/images/no_pattern/2016/01/cup_and_handle__2016-01-28__0002979.png,,2016-01-28,2780,2979,2016-01-18T05:00:00+00:00,2016-01-28T23:00:00+00:00,,,,,,,,,,,,,No rule-based candidate at this daily endpoint,rule_candidate,pending
cup_and_handle__2016-01-29__0003002,cup_and_handle,0,no_pattern,neutral,0.0,,cup_and_handle/images/no_pattern/2016/01/cup_and_handle__2016-01-29__0003002.png,,2016-01-29,2803,3002,2016-01-19T08:00:00+00:00,2016-01-29T23:00:00+00:00,,,,,,,,,,,,,No rule-based candidate at this daily endpoint,rule_candidate,pending
cup_and_handle__2016-02-01__0003025,cup_and_handle,0,no_pattern,neutral,0.0,,cup_and_handle/images/no_pattern/2016/02/cup_and_handle__2016-02-01__0003025.png,,2016-02-01,2826,3025,2016-01-20T08:00:00+00:00,2016-02-01T23:00:00+00:00,,,,,,,,,,,,,No rule-based candidate at this daily endpoint,rule_candidate,pending
cup_and_handle__2016-02-02__0003048,cup_and_handle,1,confirmed,bullish,0.66,80.0,cup_and_handle/images/confirmed/2016/02/cup_and_handle__2016-02-02__0003048.png,,2016-02-02,2849,3048,2016-01-21T08:00:00+00:00,2016-02-02T23:00:00+00:00,2969.0,3048.0,2016-01-28T13:00:00+00:00,2016-02-02T23:00:00+00:00,3048.0,2016-02-02T23:00:00+00:00,1128.76,1110.900357142857,1164.479285714286,2.0,1127.0916666666667,2.398571428571391,Cup and handle rounded base with shallow handle,rule_candidate,pending
cup_and_handle__2016-02-03__0003071,cup_and_handle,0,no_pattern,neutral,0.0,,cup_and_handle/images/no_pattern/2016/02/cup_and_handle__2016-02-03__0003071.png,,2016-02-03,2872,3071,2016-01-22T08:00:00+00:00,2016-02-03T23:00:00+00:00,,,,,,,,,,,,,No rule-based candidate at this daily endpoint,rule_candidate,pending
cup_and_handle__2016-02-04__0003094,cup_and_handle,0,no_pattern,neutral,0.0,,cup_and_handle/images/no_pattern/2016/02/cup_and_handle__2016-02-04__0003094.png,,2016-02-04,2895,3094,2016-01-25T08:00:00+00:00,2016-02-04T23:00:00+00:00,,,,,,,,,,,,,No rule-based candidate at this daily endpoint,rule_candidate,pending
cup_and_handle__2016-02-05__0003117,cup_and_handle,0,no_pattern,neutral,0.0,,cup_and_handle/images/no_pattern/2016/02/cup_and_handle__2016-02-05__0003117.png,,2016-02-05,2918,3117,2016-01-26T08:00:00+00:00,2016-02-05T23:00:00+00:00,,,,,,,,,,,,,No rule-based candidate at this daily endpoint,rule_candidate,pending
cup_and_handle__2016-02-08__0003140,cup_and_handle,0,no_pattern,neutral,0.0,,cup_and_handle/images/no_pattern/2016/02/cup_and_handle__2016-02-08__0003140.png,,2016-02-08,2941,3140,2016-01-27T08:00:00+00:00,2016-02-08T23:00:00+00:00,,,,,,,,,,,,,No rule-based candidate at this daily endpoint,rule_candidate,pending
cup_and_handle__2016-02-09__0003163,cup_and_handle,0,no_pattern,neutral,0.0,,cup_and_handle/images/no_pattern/2016/02/cup_and_handle__2016-02-09__0003163.png,,2016-02-09,2964,3163,2016-01-28T08:00:00+00:00,2016-02-09T23:00:00+00:00,,,,,,,,,,,,,No rule-based candidate at this daily endpoint,rule_candidate,pending
cup_and_handle__2016-02-10__0003186,cup_and_handle,0,no_pattern,neutral,0.0,,cup_and_handle/images/no_pattern/2016/02/cup_and_handle__2016-02-10__0003186.png,,2016-02-10,2987,3186,2016-01-29T08:00:00+00:00,2016-02-10T23:00:00+00:00,,,,,,,,,,,,,No rule-based candidate at this daily endpoint,rule_candidate,pending
cup_and_handle__2016-02-11__0003209,cup_and_handle,0,no_pattern,neutral,0.0,,cup_and_handle/images/no_pattern/2016/02/cup_and_handle__2016-02-11__0003209.png,,2016-02-11,3010,3209,2016-02-01T08:00:00+00:00,2016-02-11T23:00:00+00:00,,,,,,,,,,,,,No rule-based candidate at this daily endpoint,rule_candidate,pending
cup_and_handle__2016-02-12__0003232,cup_and_handle,0,no_pattern,neutral,0.0,,cup_and_handle/images/no_pattern/2016/02/cup_and_handle__2016-02-12__0003232.png,,2016-02-12,3033,3232,2016-02-02T08:00:00+00:00,2016-02-12T23:00:00+00:00,,,,,,,,,,,,,No rule-based candidate at this daily endpoint,rule_candidate,pending
cup_and_handle__2016-02-15__0003251,cup_and_handle,0,no_pattern,neutral,0.0,,cup_and_handle/images/no_pattern/2016/02/cup_and_handle__2016-02-15__0003251.png,,2016-02-15,3052,3251,2016-02-03T04:00:00+00:00,2016-02-15T19:00:00+00:00,,,,,,,,,,,,,No rule-based candidate at this daily endpoint,rule_candidate,pending
cup_and_handle__2016-02-16__0003274,cup_and_handle,0,no_pattern,neutral,0.0,,cup_and_handle/images/no_pattern/2016/02/cup_and_handle__2016-02-16__0003274.png,,2016-02-16,3075,3274,2016-02-04T04:00:00+00:00,2016-02-16T23:00:00+00:00,,,,,,,,,,,,,No rule-based candidate at this daily endpoint,rule_candidate,pending
cup_and_handle__2016-02-17__0003297,cup_and_handle,0,no_pattern,neutral,0.0,,cup_and_handle/images/no_pattern/2016/02/cup_and_handle__2016-02-17__0003297.png,,2016-02-17,3098,3297,2016-02-05T04:00:00+00:00,2016-02-17T23:00:00+00:00,,,,,,,,,,,,,No rule-based candidate at this daily endpoint,rule_candidate,pending
cup_and_handle__2016-02-18__0003320,cup_and_handle,0,no_pattern,neutral,0.0,,cup_and_handle/images/no_pattern/2016/02/cup_and_handle__2016-02-18__0003320.png,,2016-02-18,3121,3320,2016-02-08T04:00:00+00:00,2016-02-18T23:00:00+00:00,,,,,,,,,,,,,No rule-based candidate at this daily endpoint,rule_candidate,pending
cup_and_handle__2016-02-19__0003343,cup_and_handle,0,no_pattern,neutral,0.0,,cup_and_handle/images/no_pattern/2016/02/cup_and_handle__2016-02-19__0003343.png,,2016-02-19,3144,3343,2016-02-09T04:00:00+00:00,2016-02-19T23:00:00+00:00,,,,,,,,,,,,,No rule-based candidate at this daily endpoint,rule_candidate,pending
cup_and_handle__2016-02-22__0003366,cup_and_handle,0,no_pattern,neutral,0.0,,cup_and_handle/images/no_pattern/2016/02/cup_and_handle__2016-02-22__0003366.png,,2016-02-22,3167,3366,2016-02-10T04:00:00+00:00,2016-02-22T23:00:00+00:00,,,,,,,,,,,,,No rule-based candidate at this daily endpoint,rule_candidate,pending
cup_and_handle__2016-02-23__0003389,cup_and_handle,1,confirmed,bullish,0.66,48.0,cup_and_handle/images/confirmed/2016/02/cup_and_handle__2016-02-23__0003389.png,,2016-02-23,3190,3389,2016-02-11T04:00:00+00:00,2016-02-23T23:00:00+00:00,3342.0,3389.0,2016-02-19T22:00:00+00:00,2016-02-23T23:00:00+00:00,3389.0,2016-02-23T23:00:00+00:00,1226.97,1202.17625,1276.5575,2.0,1224.0371428571427,4.4150000000000285,Cup and handle rounded base with shallow handle,rule_candidate,pending
cup_and_handle__2016-02-24__0003412,cup_and_handle,0,no_pattern,neutral,0.0,,cup_and_handle/images/no_pattern/2016/02/cup_and_handle__2016-02-24__0003412.png,,2016-02-24,3213,3412,2016-02-12T04:00:00+00:00,2016-02-24T23:00:00+00:00,,,,,,,,,,,,,No rule-based candidate at this daily endpoint,rule_candidate,pending
cup_and_handle__2016-02-25__0003435,cup_and_handle,0,no_pattern,neutral,0.0,,cup_and_handle/images/no_pattern/2016/02/cup_and_handle__2016-02-25__0003435.png,,2016-02-25,3236,3435,2016-02-15T04:00:00+00:00,2016-02-25T23:00:00+00:00,,,,,,,,,,,,,No rule-based candidate at this daily endpoint,rule_candidate,pending
cup_and_handle__2016-02-26__0003458,cup_and_handle,0,no_pattern,neutral,0.0,,cup_and_handle/images/no_pattern/2016/02/cup_and_handle__2016-02-26__0003458.png,,2016-02-26,3259,3458,2016-02-16T08:00:00+00:00,2016-02-26T23:00:00+00:00,,,,,,,,,,,,,No rule-based candidate at this daily endpoint,rule_candidate,pending
cup_and_handle__2016-02-29__0003481,cup_and_handle,0,no_pattern,neutral,0.0,,cup_and_handle/images/no_pattern/2016/02/cup_and_handle__2016-02-29__0003481.png,,2016-02-29,3282,3481,2016-02-17T08:00:00+00:00,2016-02-29T23:00:00+00:00,,,,,,,,,,,,,No rule-based candidate at this daily endpoint,rule_candidate,pending
cup_and_handle__2016-03-01__0003504,cup_and_handle,0,no_pattern,neutral,0.0,,cup_and_handle/images/no_pattern/2016/03/cup_and_handle__2016-03-01__0003504.png,,2016-03-01,3305,3504,2016-02-18T08:00:00+00:00,2016-03-01T23:00:00+00:00,,,,,,,,,,,,,No rule-based candidate at this daily endpoint,rule_candidate,pending
cup_and_handle__2016-03-02__0003527,cup_and_handle,0,no_pattern,neutral,0.0,,cup_and_handle/images/no_pattern/2016/03/cup_and_handle__2016-03-02__0003527.png,,2016-03-02,3328,3527,2016-02-19T08:00:00+00:00,2016-03-02T23:00:00+00:00,,,,,,,,,,,,,No rule-based candidate at this daily endpoint,rule_candidate,pending
cup_and_handle__2016-03-03__0003550,cup_and_handle,0,no_pattern,neutral,0.0,,cup_and_handle/images/no_pattern/2016/03/cup_and_handle__2016-03-03__0003550.png,,2016-03-03,3351,3550,2016-02-22T08:00:00+00:00,2016-03-03T23:00:00+00:00,,,,,,,,,,,,,No rule-based candidate at this daily endpoint,rule_candidate,pending
cup_and_handle__2016-03-04__0003573,cup_and_handle,0,no_pattern,neutral,0.0,,cup_and_handle/images/no_pattern/2016/03/cup_and_handle__2016-03-04__0003573.png,,2016-03-04,3374,3573,2016-02-23T08:00:00+00:00,2016-03-04T23:00:00+00:00,,,,,,,,,,,,,No rule-based candidate at this daily endpoint,rule_candidate,pending
cup_and_handle__2016-03-07__0003596,cup_and_handle,0,no_pattern,neutral,0.0,,cup_and_handle/images/no_pattern/2016/03/cup_and_handle__2016-03-07__0003596.png,,2016-03-07,3397,3596,2016-02-24T08:00:00+00:00,2016-03-07T23:00:00+00:00,,,,,,,,,,,,,No rule-based candidate at this daily endpoint,rule_candidate,pending
cup_and_handle__2016-03-08__0003619,cup_and_handle,0,no_pattern,neutral,0.0,,cup_and_handle/images/no_pattern/2016/03/cup_and_handle__2016-03-08__0003619.png,,2016-03-08,3420,3619,2016-02-25T08:00:00+00:00,2016-03-08T23:00:00+00:00,,,,,,,,,,,,,No rule-based candidate at this daily endpoint,rule_candidate,pending
cup_and_handle__2016-03-09__0003642,cup_and_handle,0,no_pattern,neutral,0.0,,cup_and_handle/images/no_pattern/2016/03/cup_and_handle__2016-03-09__0003642.png,,2016-03-09,3443,3642,2016-02-26T08:00:00+00:00,2016-03-09T23:00:00+00:00,,,,,,,,,,,,,No rule-based candidate at this daily endpoint,rule_candidate,pending
cup_and_handle__2016-03-10__0003665,cup_and_handle,0,no_pattern,neutral,0.0,,cup_and_handle/images/no_pattern/2016/03/cup_and_handle__2016-03-10__0003665.png,,2016-03-10,3466,3665,2016-02-29T08:00:00+00:00,2016-03-10T23:00:00+00:00,,,,,,,,,,,,,No rule-based candidate at this daily endpoint,rule_candidate,pending
cup_and_handle__2016-03-11__0003688,cup_and_handle,0,no_pattern,neutral,0.0,,cup_and_handle/images/no_pattern/2016/03/cup_and_handle__2016-03-11__0003688.png,,2016-03-11,3489,3688,2016-03-01T08:00:00+00:00,2016-03-11T23:00:00+00:00,,,,,,,,,,,,,No rule-based candidate at this daily endpoint,rule_candidate,pending
cup_and_handle__2016-03-14__0003711,cup_and_handle,0,no_pattern,neutral,0.0,,cup_and_handle/images/no_pattern/2016/03/cup_and_handle__2016-03-14__0003711.png,,2016-03-14,3512,3711,2016-03-02T08:00:00+00:00,2016-03-14T22:00:00+00:00,,,,,,,,,,,,,No rule-based candidate at this daily endpoint,rule_candidate,pending
cup_and_handle__2016-03-15__0003734,cup_and_handle,0,no_pattern,neutral,0.0,,cup_and_handle/images/no_pattern/2016/03/cup_and_handle__2016-03-15__0003734.png,,2016-03-15,3535,3734,2016-03-03T08:00:00+00:00,2016-03-15T22:00:00+00:00,,,,,,,,,,,,,No rule-based candidate at this daily endpoint,rule_candidate,pending
cup_and_handle__2016-03-16__0003757,cup_and_handle,0,no_pattern,neutral,0.0,,cup_and_handle/images/no_pattern/2016/03/cup_and_handle__2016-03-16__0003757.png,,2016-03-16,3558,3757,2016-03-04T08:00:00+00:00,2016-03-16T22:00:00+00:00,,,,,,,,,,,,,No rule-based candidate at this daily endpoint,rule_candidate,pending
cup_and_handle__2016-03-17__0003780,cup_and_handle,0,no_pattern,neutral,0.0,,cup_and_handle/images/no_pattern/2016/03/cup_and_handle__2016-03-17__0003780.png,,2016-03-17,3581,3780,2016-03-07T08:00:00+00:00,2016-03-17T22:00:00+00:00,,,,,,,,,,,,,No rule-based candidate at this daily endpoint,rule_candidate,pending
cup_and_handle__2016-03-18__0003803,cup_and_handle,1,forming,bullish,0.54,120.0,cup_and_handle/images/forming/2016/03/cup_and_handle__2016-03-18__0003803.png,,2016-03-18,3604,3803,2016-03-08T08:00:00+00:00,2016-03-18T22:00:00+00:00,3684.0,3803.0,2016-03-11T19:00:00+00:00,2016-03-18T22:00:00+00:00,,,1261.2583333333332,1226.6810714285714,1330.4128571428569,2.0,1261.2583333333332,4.23571428571425,Cup and handle rounded base with shallow handle,rule_candidate,pending
cup_and_handle__2016-03-21__0003826,cup_and_handle,0,no_pattern,neutral,0.0,,cup_and_handle/images/no_pattern/2016/03/cup_and_handle__2016-03-21__0003826.png,,2016-03-21,3627,3826,2016-03-09T08:00:00+00:00,2016-03-21T22:00:00+00:00,,,,,,,,,,,,,No rule-based candidate at this daily endpoint,rule_candidate,pending
cup_and_handle__2016-03-22__0003849,cup_and_handle,0,no_pattern,neutral,0.0,,cup_and_handle/images/no_pattern/2016/03/cup_and_handle__2016-03-22__0003849.png,,2016-03-22,3650,3849,2016-03-10T08:00:00+00:00,2016-03-22T22:00:00+00:00,,,,,,,,,,,,,No rule-based candidate at this daily endpoint,rule_candidate,pending
cup_and_handle__2016-03-23__0003872,cup_and_handle,0,no_pattern,neutral,0.0,,cup_and_handle/images/no_pattern/2016/03/cup_and_handle__2016-03-23__0003872.png,,2016-03-23,3673,3872,2016-03-11T08:00:00+00:00,2016-03-23T22:00:00+00:00,,,,,,,,,,,,,No rule-based candidate at this daily endpoint,rule_candidate,pending
cup_and_handle__2016-03-24__0003895,cup_and_handle,0,no_pattern,neutral,0.0,,cup_and_handle/images/no_pattern/2016/03/cup_and_handle__2016-03-24__0003895.png,,2016-03-24,3696,3895,2016-03-14T07:00:00+00:00,2016-03-24T22:00:00+00:00,,,,,,,,,,,,,No rule-based candidate at this daily endpoint,rule_candidate,pending
cup_and_handle__2016-03-28__0003918,cup_and_handle,0,no_pattern,neutral,0.0,,cup_and_handle/images/no_pattern/2016/03/cup_and_handle__2016-03-28__0003918.png,,2016-03-28,3719,3918,2016-03-15T07:00:00+00:00,2016-03-28T23:00:00+00:00,,,,,,,,,,,,,No rule-based candidate at this daily endpoint,rule_candidate,pending
cup_and_handle__2016-03-29__0003941,cup_and_handle,0,no_pattern,neutral,0.0,,cup_and_handle/images/no_pattern/2016/03/cup_and_handle__2016-03-29__0003941.png,,2016-03-29,3742,3941,2016-03-16T07:00:00+00:00,2016-03-29T23:00:00+00:00,,,,,,,,,,,,,No rule-based candidate at this daily endpoint,rule_candidate,pending
cup_and_handle__2016-03-30__0003964,cup_and_handle,0,no_pattern,neutral,0.0,,cup_and_handle/images/no_pattern/2016/03/cup_and_handle__2016-03-30__0003964.png,,2016-03-30,3765,3964,2016-03-17T07:00:00+00:00,2016-03-30T23:00:00+00:00,,,,,,,,,,,,,No rule-based candidate at this daily endpoint,rule_candidate,pending
cup_and_handle__2016-03-31__0003987,cup_and_handle,0,no_pattern,neutral,0.0,,cup_and_handle/images/no_pattern/2016/03/cup_and_handle__2016-03-31__0003987.png,,2016-03-31,3788,3987,2016-03-18T07:00:00+00:00,2016-03-31T23:00:00+00:00,,,,,,,,,,,,,No rule-based candidate at this daily endpoint,rule_candidate,pending
cup_and_handle__2016-04-01__0004010,cup_and_handle,0,no_pattern,neutral,0.0,,cup_and_handle/images/no_pattern/2016/04/cup_and_handle__2016-04-01__0004010.png,,2016-04-01,3811,4010,2016-03-21T07:00:00+00:00,2016-04-01T23:00:00+00:00,,,,,,,,,,,,,No rule-based candidate at this daily endpoint,rule_candidate,pending
cup_and_handle__2016-04-04__0004033,cup_and_handle,0,no_pattern,neutral,0.0,,cup_and_handle/images/no_pattern/2016/04/cup_and_handle__2016-04-04__0004033.png,,2016-04-04,3834,4033,2016-03-22T07:00:00+00:00,2016-04-04T23:00:00+00:00,,,,,,,,,,,,,No rule-based candidate at this daily endpoint,rule_candidate,pending
cup_and_handle__2016-04-05__0004056,cup_and_handle,1,forming,bullish,0.54,64.0,cup_and_handle/images/forming/2016/04/cup_and_handle__2016-04-05__0004056.png,,2016-04-05,3857,4056,2016-03-23T07:00:00+00:00,2016-04-05T23:00:00+00:00,3993.0,4056.0,2016-04-01T06:00:00+00:00,2016-04-05T23:00:00+00:00,,,1231.5877777777778,1211.4376785714287,1271.887976190476,2.0,1231.5877777777778,4.009285714285722,Cup and handle rounded base with shallow handle,rule_candidate,pending
cup_and_handle__2016-04-06__0004079,cup_and_handle,0,no_pattern,neutral,0.0,,cup_and_handle/images/no_pattern/2016/04/cup_and_handle__2016-04-06__0004079.png,,2016-04-06,3880,4079,2016-03-24T07:00:00+00:00,2016-04-06T23:00:00+00:00,,,,,,,,,,,,,No rule-based candidate at this daily endpoint,rule_candidate,pending
cup_and_handle__2016-04-07__0004102,cup_and_handle,0,no_pattern,neutral,0.0,,cup_and_handle/images/no_pattern/2016/04/cup_and_handle__2016-04-07__0004102.png,,2016-04-07,3903,4102,2016-03-28T08:00:00+00:00,2016-04-07T23:00:00+00:00,,,,,,,,,,,,,No rule-based candidate at this daily endpoint,rule_candidate,pending
cup_and_handle__2016-04-08__0004125,cup_and_handle,0,no_pattern,neutral,0.0,,cup_and_handle/images/no_pattern/2016/04/cup_and_handle__2016-04-08__0004125.png,,2016-04-08,3926,4125,2016-03-29T08:00:00+00:00,2016-04-08T23:00:00+00:00,,,,,,,,,,,,,No rule-based candidate at this daily endpoint,rule_candidate,pending
cup_and_handle__2016-04-11__0004148,cup_and_handle,0,no_pattern,neutral,0.0,,cup_and_handle/images/no_pattern/2016/04/cup_and_handle__2016-04-11__0004148.png,,2016-04-11,3949,4148,2016-03-30T08:00:00+00:00,2016-04-11T23:00:00+00:00,,,,,,,,,,,,,No rule-based candidate at this daily endpoint,rule_candidate,pending
cup_and_handle__2016-04-12__0004171,cup_and_handle,0,no_pattern,neutral,0.0,,cup_and_handle/images/no_pattern/2016/04/cup_and_handle__2016-04-12__0004171.png,,2016-04-12,3972,4171,2016-03-31T08:00:00+00:00,2016-04-12T23:00:00+00:00,,,,,,,,,,,,,No rule-based candidate at this daily endpoint,rule_candidate,pending
cup_and_handle__2016-04-13__0004194,cup_and_handle,0,no_pattern,neutral,0.0,,cup_and_handle/images/no_pattern/2016/04/cup_and_handle__2016-04-13__0004194.png,,2016-04-13,3995,4194,2016-04-01T08:00:00+00:00,2016-04-13T23:00:00+00:00,,,,,,,,,,,,,No rule-based candidate at this daily endpoint,rule_candidate,pending
cup_and_handle__2016-04-14__0004217,cup_and_handle,0,no_pattern,neutral,0.0,,cup_and_handle/images/no_pattern/2016/04/cup_and_handle__2016-04-14__0004217.png,,2016-04-14,4018,4217,2016-04-04T08:00:00+00:00,2016-04-14T23:00:00+00:00,,,,,,,,,,,,,No rule-based candidate at this daily endpoint,rule_candidate,pending
cup_and_handle__2016-04-15__0004240,cup_and_handle,0,no_pattern,neutral,0.0,,cup_and_handle/images/no_pattern/2016/04/cup_and_handle__2016-04-15__0004240.png,,2016-04-15,4041,4240,2016-04-05T08:00:00+00:00,2016-04-15T23:00:00+00:00,,,,,,,,,,,,,No rule-based candidate at this daily endpoint,rule_candidate,pending
cup_and_handle__2016-04-18__0004263,cup_and_handle,0,no_pattern,neutral,0.0,,cup_and_handle/images/no_pattern/2016/04/cup_and_handle__2016-04-18__0004263.png,,2016-04-18,4064,4263,2016-04-06T08:00:00+00:00,2016-04-18T23:00:00+00:00,,,,,,,,,,,,,No rule-based candidate at this daily endpoint,rule_candidate,pending
cup_and_handle__2016-04-19__0004286,cup_and_handle,0,no_pattern,neutral,0.0,,cup_and_handle/images/no_pattern/2016/04/cup_and_handle__2016-04-19__0004286.png,,2016-04-19,4087,4286,2016-04-07T08:00:00+00:00,2016-04-19T23:00:00+00:00,,,,,,,,,,,,,No rule-based candidate at this daily endpoint,rule_candidate,pending
cup_and_handle__2016-04-20__0004309,cup_and_handle,0,no_pattern,neutral,0.0,,cup_and_handle/images/no_pattern/2016/04/cup_and_handle__2016-04-20__0004309.png,,2016-04-20,4110,4309,2016-04-08T08:00:00+00:00,2016-04-20T23:00:00+00:00,,,,,,,,,,,,,No rule-based candidate at this daily endpoint,rule_candidate,pending
cup_and_handle__2016-04-21__0004332,cup_and_handle,0,no_pattern,neutral,0.0,,cup_and_handle/images/no_pattern/2016/04/cup_and_handle__2016-04-21__0004332.png,,2016-04-21,4133,4332,2016-04-11T08:00:00+00:00,2016-04-21T23:00:00+00:00,,,,,,,,,,,,,No rule-based candidate at this daily endpoint,rule_candidate,pending
cup_and_handle__2016-04-22__0004355,cup_and_handle,0,no_pattern,neutral,0.0,,cup_and_handle/images/no_pattern/2016/04/cup_and_handle__2016-04-22__0004355.png,,2016-04-22,4156,4355,2016-04-12T08:00:00+00:00,2016-04-22T23:00:00+00:00,,,,,,,,,,,,,No rule-based candidate at this daily endpoint,rule_candidate,pending
cup_and_handle__2016-04-25__0004378,cup_and_handle,0,no_pattern,neutral,0.0,,cup_and_handle/images/no_pattern/2016/04/cup_and_handle__2016-04-25__0004378.png,,2016-04-25,4179,4378,2016-04-13T08:00:00+00:00,2016-04-25T23:00:00+00:00,,,,,,,,,,,,,No rule-based candidate at this daily endpoint,rule_candidate,pending
cup_and_handle__2016-04-26__0004401,cup_and_handle,0,no_pattern,neutral,0.0,,cup_and_handle/images/no_pattern/2016/04/cup_and_handle__2016-04-26__0004401.png,,2016-04-26,4202,4401,2016-04-14T08:00:00+00:00,2016-04-26T23:00:00+00:00,,,,,,,,,,,,,No rule-based candidate at this daily endpoint,rule_candidate,pending
cup_and_handle__2016-04-27__0004424,cup_and_handle,0,no_pattern,neutral,0.0,,cup_and_handle/images/no_pattern/2016/04/cup_and_handle__2016-04-27__0004424.png,,2016-04-27,4225,4424,2016-04-15T08:00:00+00:00,2016-04-27T23:00:00+00:00,,,,,,,,,,,,,No rule-based candidate at this daily endpoint,rule_candidate,pending
cup_and_handle__2016-04-28__0004447,cup_and_handle,0,no_pattern,neutral,0.0,,cup_and_handle/images/no_pattern/2016/04/cup_and_handle__2016-04-28__0004447.png,,2016-04-28,4248,4447,2016-04-18T08:00:00+00:00,2016-04-28T23:00:00+00:00,,,,,,,,,,,,,No rule-based candidate at this daily endpoint,rule_candidate,pending
cup_and_handle__2016-04-29__0004470,cup_and_handle,0,no_pattern,neutral,0.0,,cup_and_handle/images/no_pattern/2016/04/cup_and_handle__2016-04-29__0004470.png,,2016-04-29,4271,4470,2016-04-19T08:00:00+00:00,2016-04-29T23:00:00+00:00,,,,,,,,,,,,,No rule-based candidate at this daily endpoint,rule_candidate,pending
cup_and_handle__2016-05-02__0004493,cup_and_handle,0,no_pattern,neutral,0.0,,cup_and_handle/images/no_pattern/2016/05/cup_and_handle__2016-05-02__0004493.png,,2016-05-02,4294,4493,2016-04-20T08:00:00+00:00,2016-05-02T23:00:00+00:00,,,,,,,,,,,,,No rule-based candidate at this daily endpoint,rule_candidate,pending
cup_and_handle__2016-05-03__0004516,cup_and_handle,0,no_pattern,neutral,0.0,,cup_and_handle/images/no_pattern/2016/05/cup_and_handle__2016-05-03__0004516.png,,2016-05-03,4317,4516,2016-04-21T08:00:00+00:00,2016-05-03T23:00:00+00:00,,,,,,,,,,,,,No rule-based candidate at this daily endpoint,rule_candidate,pending
cup_and_handle__2016-05-04__0004539,cup_and_handle,0,no_pattern,neutral,0.0,,cup_and_handle/images/no_pattern/2016/05/cup_and_handle__2016-05-04__0004539.png,,2016-05-04,4340,4539,2016-04-22T08:00:00+00:00,2016-05-04T23:00:00+00:00,,,,,,,,,,,,,No rule-based candidate at this daily endpoint,rule_candidate,pending
cup_and_handle__2016-05-05__0004562,cup_and_handle,0,no_pattern,neutral,0.0,,cup_and_handle/images/no_pattern/2016/05/cup_and_handle__2016-05-05__0004562.png,,2016-05-05,4363,4562,2016-04-25T08:00:00+00:00,2016-05-05T23:00:00+00:00,,,,,,,,,,,,,No rule-based candidate at this daily endpoint,rule_candidate,pending
cup_and_handle__2016-05-06__0004585,cup_and_handle,0,no_pattern,neutral,0.0,,cup_and_handle/images/no_pattern/2016/05/cup_and_handle__2016-05-06__0004585.png,,2016-05-06,4386,4585,2016-04-26T08:00:00+00:00,2016-05-06T23:00:00+00:00,,,,,,,,,,,,,No rule-based candidate at this daily endpoint,rule_candidate,pending
cup_and_handle__2016-05-09__0004608,cup_and_handle,0,no_pattern,neutral,0.0,,cup_and_handle/images/no_pattern/2016/05/cup_and_handle__2016-05-09__0004608.png,,2016-05-09,4409,4608,2016-04-27T08:00:00+00:00,2016-05-09T23:00:00+00:00,,,,,,,,,,,,,No rule-based candidate at this daily endpoint,rule_candidate,pending
cup_and_handle__2016-05-10__0004631,cup_and_handle,0,no_pattern,neutral,0.0,,cup_and_handle/images/no_pattern/2016/05/cup_and_handle__2016-05-10__0004631.png,,2016-05-10,4432,4631,2016-04-28T08:00:00+00:00,2016-05-10T23:00:00+00:00,,,,,,,,,,,,,No rule-based candidate at this daily endpoint,rule_candidate,pending
cup_and_handle__2016-05-11__0004654,cup_and_handle,0,no_pattern,neutral,0.0,,cup_and_handle/images/no_pattern/2016/05/cup_and_handle__2016-05-11__0004654.png,,2016-05-11,4455,4654,2016-04-29T08:00:00+00:00,2016-05-11T23:00:00+00:00,,,,,,,,,,,,,No rule-based candidate at this daily endpoint,rule_candidate,pending
cup_and_handle__2016-05-12__0004677,cup_and_handle,0,no_pattern,neutral,0.0,,cup_and_handle/images/no_pattern/2016/05/cup_and_handle__2016-05-12__0004677.png,,2016-05-12,4478,4677,2016-05-02T08:00:00+00:00,2016-05-12T23:00:00+00:00,,,,,,,,,,,,,No rule-based candidate at this daily endpoint,rule_candidate,pending
cup_and_handle__2016-05-13__0004700,cup_and_handle,0,no_pattern,neutral,0.0,,cup_and_handle/images/no_pattern/2016/05/cup_and_handle__2016-05-13__0004700.png,,2016-05-13,4501,4700,2016-05-03T08:00:00+00:00,2016-05-13T23:00:00+00:00,,,,,,,,,,,,,No rule-based candidate at this daily endpoint,rule_candidate,pending
cup_and_handle__2016-05-16__0004723,cup_and_handle,0,no_pattern,neutral,0.0,,cup_and_handle/images/no_pattern/2016/05/cup_and_handle__2016-05-16__0004723.png,,2016-05-16,4524,4723,2016-05-04T08:00:00+00:00,2016-05-16T23:00:00+00:00,,,,,,,,,,,,,No rule-based candidate at this daily endpoint,rule_candidate,pending
cup_and_handle__2016-05-17__0004746,cup_and_handle,0,no_pattern,neutral,0.0,,cup_and_handle/images/no_pattern/2016/05/cup_and_handle__2016-05-17__0004746.png,,2016-05-17,4547,4746,2016-05-05T08:00:00+00:00,2016-05-17T23:00:00+00:00,,,,,,,,,,,,,No rule-based candidate at this daily endpoint,rule_candidate,pending
cup_and_handle__2016-05-18__0004769,cup_and_handle,0,no_pattern,neutral,0.0,,cup_and_handle/images/no_pattern/2016/05/cup_and_handle__2016-05-18__0004769.png,,2016-05-18,4570,4769,2016-05-06T08:00:00+00:00,2016-05-18T23:00:00+00:00,,,,,,,,,,,,,No rule-based candidate at this daily endpoint,rule_candidate,pending
cup_and_handle__2016-05-19__0004792,cup_and_handle,0,no_pattern,neutral,0.0,,cup_and_handle/images/no_pattern/2016/05/cup_and_handle__2016-05-19__0004792.png,,2016-05-19,4593,4792,2016-05-09T08:00:00+00:00,2016-05-19T23:00:00+00:00,,,,,,,,,,,,,No rule-based candidate at this daily endpoint,rule_candidate,pending
cup_and_handle__2016-05-20__0004815,cup_and_handle,0,no_pattern,neutral,0.0,,cup_and_handle/images/no_pattern/2016/05/cup_and_handle__2016-05-20__0004815.png,,2016-05-20,4616,4815,2016-05-10T08:00:00+00:00,2016-05-20T23:00:00+00:00,,,,,,,,,,,,,No rule-based candidate at this daily endpoint,rule_candidate,pending
cup_and_handle__2016-05-23__0004838,cup_and_handle,0,no_pattern,neutral,0.0,,cup_and_handle/images/no_pattern/2016/05/cup_and_handle__2016-05-23__0004838.png,,2016-05-23,4639,4838,2016-05-11T08:00:00+00:00,2016-05-23T23:00:00+00:00,,,,,,,,,,,,,No rule-based candidate at this daily endpoint,rule_candidate,pending
cup_and_handle__2016-05-24__0004861,cup_and_handle,0,no_pattern,neutral,0.0,,cup_and_handle/images/no_pattern/2016/05/cup_and_handle__2016-05-24__0004861.png,,2016-05-24,4662,4861,2016-05-12T08:00:00+00:00,2016-05-24T23:00:00+00:00,,,,,,,,,,,,,No rule-based candidate at this daily endpoint,rule_candidate,pending
cup_and_handle__2016-05-25__0004884,cup_and_handle,0,no_pattern,neutral,0.0,,cup_and_handle/images/no_pattern/2016/05/cup_and_handle__2016-05-25__0004884.png,,2016-05-25,4685,4884,2016-05-13T08:00:00+00:00,2016-05-25T23:00:00+00:00,,,,,,,,,,,,,No rule-based candidate at this daily endpoint,rule_candidate,pending
cup_and_handle__2016-05-26__0004907,cup_and_handle,0,no_pattern,neutral,0.0,,cup_and_handle/images/no_pattern/2016/05/cup_and_handle__2016-05-26__0004907.png,,2016-05-26,4708,4907,2016-05-16T08:00:00+00:00,2016-05-26T23:00:00+00:00,,,,,,,,,,,,,No rule-based candidate at this daily endpoint,rule_candidate,pending
cup_and_handle__2016-05-27__0004930,cup_and_handle,0,no_pattern,neutral,0.0,,cup_and_handle/images/no_pattern/2016/05/cup_and_handle__2016-05-27__0004930.png,,2016-05-27,4731,4930,2016-05-17T08:00:00+00:00,2016-05-27T23:00:00+00:00,,,,,,,,,,,,,No rule-based candidate at this daily endpoint,rule_candidate,pending
cup_and_handle__2016-05-30__0004949,cup_and_handle,0,no_pattern,neutral,0.0,,cup_and_handle/images/no_pattern/2016/05/cup_and_handle__2016-05-30__0004949.png,,2016-05-30,4750,4949,2016-05-18T04:00:00+00:00,2016-05-30T19:00:00+00:00,,,,,,,,,,,,,No rule-based candidate at this daily endpoint,rule_candidate,pending
cup_and_handle__2016-05-31__0004972,cup_and_handle,0,no_pattern,neutral,0.0,,cup_and_handle/images/no_pattern/2016/05/cup_and_handle__2016-05-31__0004972.png,,2016-05-31,4773,4972,2016-05-19T04:00:00+00:00,2016-05-31T23:00:00+00:00,,,,,,,,,,,,,No rule-based candidate at this daily endpoint,rule_candidate,pending
cup_and_handle__2016-06-01__0004995,cup_and_handle,0,no_pattern,neutral,0.0,,cup_and_handle/images/no_pattern/2016/06/cup_and_handle__2016-06-01__0004995.png,,2016-06-01,4796,4995,2016-05-20T04:00:00+00:00,2016-06-01T23:00:00+00:00,,,,,,,,,,,,,No rule-based candidate at this daily endpoint,rule_candidate,pending
cup_and_handle__2016-06-02__0005018,cup_and_handle,0,no_pattern,neutral,0.0,,cup_and_handle/images/no_pattern/2016/06/cup_and_handle__2016-06-02__0005018.png,,2016-06-02,4819,5018,2016-05-23T04:00:00+00:00,2016-06-02T23:00:00+00:00,,,,,,,,,,,,,No rule-based candidate at this daily endpoint,rule_candidate,pending
cup_and_handle__2016-06-03__0005041,cup_and_handle,0,no_pattern,neutral,0.0,,cup_and_handle/images/no_pattern/2016/06/cup_and_handle__2016-06-03__0005041.png,,2016-06-03,4842,5041,2016-05-24T04:00:00+00:00,2016-06-03T23:00:00+00:00,,,,,,,,,,,,,No rule-based candidate at this daily endpoint,rule_candidate,pending
cup_and_handle__2016-06-06__0005064,cup_and_handle,0,no_pattern,neutral,0.0,,cup_and_handle/images/no_pattern/2016/06/cup_and_handle__2016-06-06__0005064.png,,2016-06-06,4865,5064,2016-05-25T04:00:00+00:00,2016-06-06T23:00:00+00:00,,,,,,,,,,,,,No rule-based candidate at this daily endpoint,rule_candidate,pending
cup_and_handle__2016-06-07__0005087,cup_and_handle,0,no_pattern,neutral,0.0,,cup_and_handle/images/no_pattern/2016/06/cup_and_handle__2016-06-07__0005087.png,,2016-06-07,4888,5087,2016-05-26T04:00:00+00:00,2016-06-07T23:00:00+00:00,,,,,,,,,,,,,No rule-based candidate at this daily endpoint,rule_candidate,pending
cup_and_handle__2016-06-08__0005110,cup_and_handle,0,no_pattern,neutral,0.0,,cup_and_handle/images/no_pattern/2016/06/cup_and_handle__2016-06-08__0005110.png,,2016-06-08,4911,5110,2016-05-27T04:00:00+00:00,2016-06-08T23:00:00+00:00,,,,,,,,,,,,,No rule-based candidate at this daily endpoint,rule_candidate,pending
cup_and_handle__2016-06-09__0005133,cup_and_handle,0,no_pattern,neutral,0.0,,cup_and_handle/images/no_pattern/2016/06/cup_and_handle__2016-06-09__0005133.png,,2016-06-09,4934,5133,2016-05-30T04:00:00+00:00,2016-06-09T23:00:00+00:00,,,,,,,,,,,,,No rule-based candidate at this daily endpoint,rule_candidate,pending
cup_and_handle__2016-06-10__0005156,cup_and_handle,0,no_pattern,neutral,0.0,,cup_and_handle/images/no_pattern/2016/06/cup_and_handle__2016-06-10__0005156.png,,2016-06-10,4957,5156,2016-05-31T08:00:00+00:00,2016-06-10T23:00:00+00:00,,,,,,,,,,,,,No rule-based candidate at this daily endpoint,rule_candidate,pending
cup_and_handle__2016-06-13__0005179,cup_and_handle,0,no_pattern,neutral,0.0,,cup_and_handle/images/no_pattern/2016/06/cup_and_handle__2016-06-13__0005179.png,,2016-06-13,4980,5179,2016-06-01T08:00:00+00:00,2016-06-13T23:00:00+00:00,,,,,,,,,,,,,No rule-based candidate at this daily endpoint,rule_candidate,pending
cup_and_handle__2016-06-14__0005202,cup_and_handle,0,no_pattern,neutral,0.0,,cup_and_handle/images/no_pattern/2016/06/cup_and_handle__2016-06-14__0005202.png,,2016-06-14,5003,5202,2016-06-02T08:00:00+00:00,2016-06-14T23:00:00+00:00,,,,,,,,,,,,,No rule-based candidate at this daily endpoint,rule_candidate,pending
cup_and_handle__2016-06-15__0005225,cup_and_handle,0,no_pattern,neutral,0.0,,cup_and_handle/images/no_pattern/2016/06/cup_and_handle__2016-06-15__0005225.png,,2016-06-15,5026,5225,2016-06-03T08:00:00+00:00,2016-06-15T23:00:00+00:00,,,,,,,,,,,,,No rule-based candidate at this daily endpoint,rule_candidate,pending
cup_and_handle__2016-06-16__0005248,cup_and_handle,0,no_pattern,neutral,0.0,,cup_and_handle/images/no_pattern/2016/06/cup_and_handle__2016-06-16__0005248.png,,2016-06-16,5049,5248,2016-06-06T08:00:00+00:00,2016-06-16T23:00:00+00:00,,,,,,,,,,,,,No rule-based candidate at this daily endpoint,rule_candidate,pending
cup_and_handle__2016-06-17__0005271,cup_and_handle,0,no_pattern,neutral,0.0,,cup_and_handle/images/no_pattern/2016/06/cup_and_handle__2016-06-17__0005271.png,,2016-06-17,5072,5271,2016-06-07T08:00:00+00:00,2016-06-17T23:00:00+00:00,,,,,,,,,,,,,No rule-based candidate at this daily endpoint,rule_candidate,pending
cup_and_handle__2016-06-20__0005294,cup_and_handle,0,no_pattern,neutral,0.0,,cup_and_handle/images/no_pattern/2016/06/cup_and_handle__2016-06-20__0005294.png,,2016-06-20,5095,5294,2016-06-08T08:00:00+00:00,2016-06-20T23:00:00+00:00,,,,,,,,,,,,,No rule-based candidate at this daily endpoint,rule_candidate,pending
cup_and_handle__2016-06-21__0005317,cup_and_handle,0,no_pattern,neutral,0.0,,cup_and_handle/images/no_pattern/2016/06/cup_and_handle__2016-06-21__0005317.png,,2016-06-21,5118,5317,2016-06-09T08:00:00+00:00,2016-06-21T23:00:00+00:00,,,,,,,,,,,,,No rule-based candidate at this daily endpoint,rule_candidate,pending
cup_and_handle__2016-06-22__0005340,cup_and_handle,0,no_pattern,neutral,0.0,,cup_and_handle/images/no_pattern/2016/06/cup_and_handle__2016-06-22__0005340.png,,2016-06-22,5141,5340,2016-06-10T08:00:00+00:00,2016-06-22T23:00:00+00:00,,,,,,,,,,,,,No rule-based candidate at this daily endpoint,rule_candidate,pending
cup_and_handle__2016-06-23__0005363,cup_and_handle,0,no_pattern,neutral,0.0,,cup_and_handle/images/no_pattern/2016/06/cup_and_handle__2016-06-23__0005363.png,,2016-06-23,5164,5363,2016-06-13T08:00:00+00:00,2016-06-23T23:00:00+00:00,,,,,,,,,,,,,No rule-based candidate at this daily endpoint,rule_candidate,pending
cup_and_handle__2016-06-24__0005386,cup_and_handle,0,no_pattern,neutral,0.0,,cup_and_handle/images/no_pattern/2016/06/cup_and_handle__2016-06-24__0005386.png,,2016-06-24,5187,5386,2016-06-14T08:00:00+00:00,2016-06-24T23:00:00+00:00,,,,,,,,,,,,,No rule-based candidate at this daily endpoint,rule_candidate,pending
cup_and_handle__2016-06-27__0005409,cup_and_handle,0,no_pattern,neutral,0.0,,cup_and_handle/images/no_pattern/2016/06/cup_and_handle__2016-06-27__0005409.png,,2016-06-27,5210,5409,2016-06-15T08:00:00+00:00,2016-06-27T23:00:00+00:00,,,,,,,,,,,,,No rule-based candidate at this daily endpoint,rule_candidate,pending
cup_and_handle__2016-06-28__0005432,cup_and_handle,0,no_pattern,neutral,0.0,,cup_and_handle/images/no_pattern/2016/06/cup_and_handle__2016-06-28__0005432.png,,2016-06-28,5233,5432,2016-06-16T08:00:00+00:00,2016-06-28T23:00:00+00:00,,,,,,,,,,,,,No rule-based candidate at this daily endpoint,rule_candidate,pending
cup_and_handle__2016-06-29__0005455,cup_and_handle,1,forming,bullish,0.54,48.0,cup_and_handle/images/forming/2016/06/cup_and_handle__2016-06-29__0005455.png,,2016-06-29,5256,5455,2016-06-17T08:00:00+00:00,2016-06-29T23:00:00+00:00,5408.0,5455.0,2016-06-27T22:00:00+00:00,2016-06-29T23:00:00+00:00,,,1323.2857142857142,1305.99375,1357.8696428571425,2.0,1323.2857142857142,4.105000000000002,Cup and handle rounded base with shallow handle,rule_candidate,pending
cup_and_handle__2016-06-30__0005478,cup_and_handle,0,no_pattern,neutral,0.0,,cup_and_handle/images/no_pattern/2016/06/cup_and_handle__2016-06-30__0005478.png,,2016-06-30,5279,5478,2016-06-20T08:00:00+00:00,2016-06-30T23:00:00+00:00,,,,,,,,,,,,,No rule-based candidate at this daily endpoint,rule_candidate,pending
cup_and_handle__2016-07-01__0005501,cup_and_handle,0,no_pattern,neutral,0.0,,cup_and_handle/images/no_pattern/2016/07/cup_and_handle__2016-07-01__0005501.png,,2016-07-01,5302,5501,2016-06-21T08:00:00+00:00,2016-07-01T23:00:00+00:00,,,,,,,,,,,,,No rule-based candidate at this daily endpoint,rule_candidate,pending
cup_and_handle__2016-07-04__0005518,cup_and_handle,0,no_pattern,neutral,0.0,,cup_and_handle/images/no_pattern/2016/07/cup_and_handle__2016-07-04__0005518.png,,2016-07-04,5319,5518,2016-06-22T02:00:00+00:00,2016-07-04T17:00:00+00:00,,,,,,,,,,,,,No rule-based candidate at this daily endpoint,rule_candidate,pending
cup_and_handle__2016-07-05__0005541,cup_and_handle,0,no_pattern,neutral,0.0,,cup_and_handle/images/no_pattern/2016/07/cup_and_handle__2016-07-05__0005541.png,,2016-07-05,5342,5541,2016-06-23T02:00:00+00:00,2016-07-05T23:00:00+00:00,,,,,,,,,,,,,No rule-based candidate at this daily endpoint,rule_candidate,pending
cup_and_handle__2016-07-06__0005564,cup_and_handle,0,no_pattern,neutral,0.0,,cup_and_handle/images/no_pattern/2016/07/cup_and_handle__2016-07-06__0005564.png,,2016-07-06,5365,5564,2016-06-24T02:00:00+00:00,2016-07-06T23:00:00+00:00,,,,,,,,,,,,,No rule-based candidate at this daily endpoint,rule_candidate,pending
cup_and_handle__2016-07-07__0005587,cup_and_handle,0,no_pattern,neutral,0.0,,cup_and_handle/images/no_pattern/2016/07/cup_and_handle__2016-07-07__0005587.png,,2016-07-07,5388,5587,2016-06-27T02:00:00+00:00,2016-07-07T23:00:00+00:00,,,,,,,,,,,,,No rule-based candidate at this daily endpoint,rule_candidate,pending
cup_and_handle__2016-07-08__0005610,cup_and_handle,0,no_pattern,neutral,0.0,,cup_and_handle/images/no_pattern/2016/07/cup_and_handle__2016-07-08__0005610.png,,2016-07-08,5411,5610,2016-06-28T02:00:00+00:00,2016-07-08T23:00:00+00:00,,,,,,,,,,,,,No rule-based candidate at this daily endpoint,rule_candidate,pending
cup_and_handle__2016-07-11__0005633,cup_and_handle,0,no_pattern,neutral,0.0,,cup_and_handle/images/no_pattern/2016/07/cup_and_handle__2016-07-11__0005633.png,,2016-07-11,5434,5633,2016-06-29T02:00:00+00:00,2016-07-11T23:00:00+00:00,,,,,,,,,,,,,No rule-based candidate at this daily endpoint,rule_candidate,pending
cup_and_handle__2016-07-12__0005656,cup_and_handle,0,no_pattern,neutral,0.0,,cup_and_handle/images/no_pattern/2016/07/cup_and_handle__2016-07-12__0005656.png,,2016-07-12,5457,5656,2016-06-30T02:00:00+00:00,2016-07-12T23:00:00+00:00,,,,,,,,,,,,,No rule-based candidate at this daily endpoint,rule_candidate,pending
cup_and_handle__2016-07-13__0005679,cup_and_handle,0,no_pattern,neutral,0.0,,cup_and_handle/images/no_pattern/2016/07/cup_and_handle__2016-07-13__0005679.png,,2016-07-13,5480,5679,2016-07-01T02:00:00+00:00,2016-07-13T23:00:00+00:00,,,,,,,,,,,,,No rule-based candidate at this daily endpoint,rule_candidate,pending
cup_and_handle__2016-07-14__0005702,cup_and_handle,0,no_pattern,neutral,0.0,,cup_and_handle/images/no_pattern/2016/07/cup_and_handle__2016-07-14__0005702.png,,2016-07-14,5503,5702,2016-07-04T02:00:00+00:00,2016-07-14T23:00:00+00:00,,,,,,,,,,,,,No rule-based candidate at this daily endpoint,rule_candidate,pending
cup_and_handle__2016-07-15__0005725,cup_and_handle,0,no_pattern,neutral,0.0,,cup_and_handle/images/no_pattern/2016/07/cup_and_handle__2016-07-15__0005725.png,,2016-07-15,5526,5725,2016-07-05T08:00:00+00:00,2016-07-15T23:00:00+00:00,,,,,,,,,,,,,No rule-based candidate at this daily endpoint,rule_candidate,pending
cup_and_handle__2016-07-18__0005748,cup_and_handle,0,no_pattern,neutral,0.0,,cup_and_handle/images/no_pattern/2016/07/cup_and_handle__2016-07-18__0005748.png,,2016-07-18,5549,5748,2016-07-06T08:00:00+00:00,2016-07-18T23:00:00+00:00,,,,,,,,,,,,,No rule-based candidate at this daily endpoint,rule_candidate,pending
cup_and_handle__2016-07-19__0005771,cup_and_handle,0,no_pattern,neutral,0.0,,cup_and_handle/images/no_pattern/2016/07/cup_and_handle__2016-07-19__0005771.png,,2016-07-19,5572,5771,2016-07-07T08:00:00+00:00,2016-07-19T23:00:00+00:00,,,,,,,,,,,,,No rule-based candidate at this daily endpoint,rule_candidate,pending
cup_and_handle__2016-07-20__0005794,cup_and_handle,0,no_pattern,neutral,0.0,,cup_and_handle/images/no_pattern/2016/07/cup_and_handle__2016-07-20__0005794.png,,2016-07-20,5595,5794,2016-07-08T08:00:00+00:00,2016-07-20T23:00:00+00:00,,,,,,,,,,,,,No rule-based candidate at this daily endpoint,rule_candidate,pending
cup_and_handle__2016-07-21__0005817,cup_and_handle,0,no_pattern,neutral,0.0,,cup_and_handle/images/no_pattern/2016/07/cup_and_handle__2016-07-21__0005817.png,,2016-07-21,5618,5817,2016-07-11T08:00:00+00:00,2016-07-21T23:00:00+00:00,,,,,,,,,,,,,No rule-based candidate at this daily endpoint,rule_candidate,pending
cup_and_handle__2016-07-22__0005840,cup_and_handle,0,no_pattern,neutral,0.0,,cup_and_handle/images/no_pattern/2016/07/cup_and_handle__2016-07-22__0005840.png,,2016-07-22,5641,5840,2016-07-12T08:00:00+00:00,2016-07-22T23:00:00+00:00,,,,,,,,,,,,,No rule-based candidate at this daily endpoint,rule_candidate,pending
cup_and_handle__2016-07-25__0005863,cup_and_handle,0,no_pattern,neutral,0.0,,cup_and_handle/images/no_pattern/2016/07/cup_and_handle__2016-07-25__0005863.png,,2016-07-25,5664,5863,2016-07-13T08:00:00+00:00,2016-07-25T23:00:00+00:00,,,,,,,,,,,,,No rule-based candidate at this daily endpoint,rule_candidate,pending
cup_and_handle__2016-07-26__0005886,cup_and_handle,0,no_pattern,neutral,0.0,,cup_and_handle/images/no_pattern/2016/07/cup_and_handle__2016-07-26__0005886.png,,2016-07-26,5687,5886,2016-07-14T08:00:00+00:00,2016-07-26T23:00:00+00:00,,,,,,,,,,,,,No rule-based candidate at this daily endpoint,rule_candidate,pending
cup_and_handle__2016-07-27__0005909,cup_and_handle,0,no_pattern,neutral,0.0,,cup_and_handle/images/no_pattern/2016/07/cup_and_handle__2016-07-27__0005909.png,,2016-07-27,5710,5909,2016-07-15T08:00:00+00:00,2016-07-27T23:00:00+00:00,,,,,,,,,,,,,No rule-based candidate at this daily endpoint,rule_candidate,pending
cup_and_handle__2016-07-28__0005932,cup_and_handle,0,no_pattern,neutral,0.0,,cup_and_handle/images/no_pattern/2016/07/cup_and_handle__2016-07-28__0005932.png,,2016-07-28,5733,5932,2016-07-18T08:00:00+00:00,2016-07-28T23:00:00+00:00,,,,,,,,,,,,,No rule-based candidate at this daily endpoint,rule_candidate,pending
cup_and_handle__2016-07-29__0005955,cup_and_handle,0,no_pattern,neutral,0.0,,cup_and_handle/images/no_pattern/2016/07/cup_and_handle__2016-07-29__0005955.png,,2016-07-29,5756,5955,2016-07-19T08:00:00+00:00,2016-07-29T23:00:00+00:00,,,,,,,,,,,,,No rule-based candidate at this daily endpoint,rule_candidate,pending
cup_and_handle__2016-08-01__0005978,cup_and_handle,1,confirmed,bullish,0.66,64.0,cup_and_handle/images/confirmed/2016/08/cup_and_handle__2016-08-01__0005978.png,,2016-08-01,5779,5978,2016-07-20T08:00:00+00:00,2016-08-01T23:00:00+00:00,5915.0,5978.0,2016-07-28T06:00:00+00:00,2016-08-01T23:00:00+00:00,5978.0,2016-08-01T23:00:00+00:00,1352.55,1330.3685714285714,1396.912857142857,2.0,1349.6455555555558,2.325714285714298,Cup and handle rounded base with shallow handle,rule_candidate,pending
cup_and_handle__2016-08-02__0006001,cup_and_handle,0,no_pattern,neutral,0.0,,cup_and_handle/images/no_pattern/2016/08/cup_and_handle__2016-08-02__0006001.png,,2016-08-02,5802,6001,2016-07-21T08:00:00+00:00,2016-08-02T23:00:00+00:00,,,,,,,,,,,,,No rule-based candidate at this daily endpoint,rule_candidate,pending
cup_and_handle__2016-08-03__0006024,cup_and_handle,0,no_pattern,neutral,0.0,,cup_and_handle/images/no_pattern/2016/08/cup_and_handle__2016-08-03__0006024.png,,2016-08-03,5825,6024,2016-07-22T08:00:00+00:00,2016-08-03T23:00:00+00:00,,,,,,,,,,,,,No rule-based candidate at this daily endpoint,rule_candidate,pending
cup_and_handle__2016-08-04__0006047,cup_and_handle,0,no_pattern,neutral,0.0,,cup_and_handle/images/no_pattern/2016/08/cup_and_handle__2016-08-04__0006047.png,,2016-08-04,5848,6047,2016-07-25T08:00:00+00:00,2016-08-04T23:00:00+00:00,,,,,,,,,,,,,No rule-based candidate at this daily endpoint,rule_candidate,pending
cup_and_handle__2016-08-05__0006070,cup_and_handle,0,no_pattern,neutral,0.0,,cup_and_handle/images/no_pattern/2016/08/cup_and_handle__2016-08-05__0006070.png,,2016-08-05,5871,6070,2016-07-26T08:00:00+00:00,2016-08-05T23:00:00+00:00,,,,,,,,,,,,,No rule-based candidate at this daily endpoint,rule_candidate,pending
cup_and_handle__2016-08-08__0006093,cup_and_handle,0,no_pattern,neutral,0.0,,cup_and_handle/images/no_pattern/2016/08/cup_and_handle__2016-08-08__0006093.png,,2016-08-08,5894,6093,2016-07-27T08:00:00+00:00,2016-08-08T23:00:00+00:00,,,,,,,,,,,,,No rule-based candidate at this daily endpoint,rule_candidate,pending
cup_and_handle__2016-08-09__0006116,cup_and_handle,0,no_pattern,neutral,0.0,,cup_and_handle/images/no_pattern/2016/08/cup_and_handle__2016-08-09__0006116.png,,2016-08-09,5917,6116,2016-07-28T08:00:00+00:00,2016-08-09T23:00:00+00:00,,,,,,,,,,,,,No rule-based candidate at this daily endpoint,rule_candidate,pending
cup_and_handle__2016-08-10__0006139,cup_and_handle,0,no_pattern,neutral,0.0,,cup_and_handle/images/no_pattern/2016/08/cup_and_handle__2016-08-10__0006139.png,,2016-08-10,5940,6139,2016-07-29T08:00:00+00:00,2016-08-10T23:00:00+00:00,,,,,,,,,,,,,No rule-based candidate at this daily endpoint,rule_candidate,pending
cup_and_handle__2016-08-11__0006162,cup_and_handle,0,no_pattern,neutral,0.0,,cup_and_handle/images/no_pattern/2016/08/cup_and_handle__2016-08-11__0006162.png,,2016-08-11,5963,6162,2016-08-01T08:00:00+00:00,2016-08-11T23:00:00+00:00,,,,,,,,,,,,,No rule-based candidate at this daily endpoint,rule_candidate,pending
cup_and_handle__2016-08-12__0006185,cup_and_handle,0,no_pattern,neutral,0.0,,cup_and_handle/images/no_pattern/2016/08/cup_and_handle__2016-08-12__0006185.png,,2016-08-12,5986,6185,2016-08-02T08:00:00+00:00,2016-08-12T23:00:00+00:00,,,,,,,,,,,,,No rule-based candidate at this daily endpoint,rule_candidate,pending
cup_and_handle__2016-08-15__0006208,cup_and_handle,0,no_pattern,neutral,0.0,,cup_and_handle/images/no_pattern/2016/08/cup_and_handle__2016-08-15__0006208.png,,2016-08-15,6009,6208,2016-08-03T08:00:00+00:00,2016-08-15T23:00:00+00:00,,,,,,,,,,,,,No rule-based candidate at this daily endpoint,rule_candidate,pending
cup_and_handle__2016-08-16__0006231,cup_and_handle,0,no_pattern,neutral,0.0,,cup_and_handle/images/no_pattern/2016/08/cup_and_handle__2016-08-16__0006231.png,,2016-08-16,6032,6231,2016-08-04T08:00:00+00:00,2016-08-16T23:00:00+00:00,,,,,,,,,,,,,No rule-based candidate at this daily endpoint,rule_candidate,pending
cup_and_handle__2016-08-17__0006254,cup_and_handle,0,no_pattern,neutral,0.0,,cup_and_handle/images/no_pattern/2016/08/cup_and_handle__2016-08-17__0006254.png,,2016-08-17,6055,6254,2016-08-05T08:00:00+00:00,2016-08-17T23:00:00+00:00,,,,,,,,,,,,,No rule-based candidate at this daily endpoint,rule_candidate,pending
cup_and_handle__2016-08-18__0006277,cup_and_handle,0,no_pattern,neutral,0.0,,cup_and_handle/images/no_pattern/2016/08/cup_and_handle__2016-08-18__0006277.png,,2016-08-18,6078,6277,2016-08-08T08:00:00+00:00,2016-08-18T23:00:00+00:00,,,,,,,,,,,,,No rule-based candidate at this daily endpoint,rule_candidate,pending
cup_and_handle__2016-08-19__0006300,cup_and_handle,0,no_pattern,neutral,0.0,,cup_and_handle/images/no_pattern/2016/08/cup_and_handle__2016-08-19__0006300.png,,2016-08-19,6101,6300,2016-08-09T08:00:00+00:00,2016-08-19T23:00:00+00:00,,,,,,,,,,,,,No rule-based candidate at this daily endpoint,rule_candidate,pending
cup_and_handle__2016-08-22__0006323,cup_and_handle,0,no_pattern,neutral,0.0,,cup_and_handle/images/no_pattern/2016/08/cup_and_handle__2016-08-22__0006323.png,,2016-08-22,6124,6323,2016-08-10T08:00:00+00:00,2016-08-22T23:00:00+00:00,,,,,,,,,,,,,No rule-based candidate at this daily endpoint,rule_candidate,pending
cup_and_handle__2016-08-23__0006346,cup_and_handle,0,no_pattern,neutral,0.0,,cup_and_handle/images/no_pattern/2016/08/cup_and_handle__2016-08-23__0006346.png,,2016-08-23,6147,6346,2016-08-11T08:00:00+00:00,2016-08-23T23:00:00+00:00,,,,,,,,,,,,,No rule-based candidate at this daily endpoint,rule_candidate,pending
cup_and_handle__2016-08-24__0006369,cup_and_handle,0,no_pattern,neutral,0.0,,cup_and_handle/images/no_pattern/2016/08/cup_and_handle__2016-08-24__0006369.png,,2016-08-24,6170,6369,2016-08-12T08:00:00+00:00,2016-08-24T23:00:00+00:00,,,,,,,,,,,,,No rule-based candidate at this daily endpoint,rule_candidate,pending
cup_and_handle__2016-08-25__0006392,cup_and_handle,0,no_pattern,neutral,0.0,,cup_and_handle/images/no_pattern/2016/08/cup_and_handle__2016-08-25__0006392.png,,2016-08-25,6193,6392,2016-08-15T08:00:00+00:00,2016-08-25T23:00:00+00:00,,,,,,,,,,,,,No rule-based candidate at this daily endpoint,rule_candidate,pending
cup_and_handle__2016-08-26__0006415,cup_and_handle,0,no_pattern,neutral,0.0,,cup_and_handle/images/no_pattern/2016/08/cup_and_handle__2016-08-26__0006415.png,,2016-08-26,6216,6415,2016-08-16T08:00:00+00:00,2016-08-26T23:00:00+00:00,,,,,,,,,,,,,No rule-based candidate at this daily endpoint,rule_candidate,pending
cup_and_handle__2016-08-29__0006438,cup_and_handle,0,no_pattern,neutral,0.0,,cup_and_handle/images/no_pattern/2016/08/cup_and_handle__2016-08-29__0006438.png,,2016-08-29,6239,6438,2016-08-17T08:00:00+00:00,2016-08-29T23:00:00+00:00,,,,,,,,,,,,,No rule-based candidate at this daily endpoint,rule_candidate,pending
cup_and_handle__2016-08-30__0006461,cup_and_handle,0,no_pattern,neutral,0.0,,cup_and_handle/images/no_pattern/2016/08/cup_and_handle__2016-08-30__0006461.png,,2016-08-30,6262,6461,2016-08-18T08:00:00+00:00,2016-08-30T23:00:00+00:00,,,,,,,,,,,,,No rule-based candidate at this daily endpoint,rule_candidate,pending
cup_and_handle__2016-08-31__0006484,cup_and_handle,0,no_pattern,neutral,0.0,,cup_and_handle/images/no_pattern/2016/08/cup_and_handle__2016-08-31__0006484.png,,2016-08-31,6285,6484,2016-08-19T08:00:00+00:00,2016-08-31T23:00:00+00:00,,,,,,,,,,,,,No rule-based candidate at this daily endpoint,rule_candidate,pending
cup_and_handle__2016-09-01__0006507,cup_and_handle,0,no_pattern,neutral,0.0,,cup_and_handle/images/no_pattern/2016/09/cup_and_handle__2016-09-01__0006507.png,,2016-09-01,6308,6507,2016-08-22T08:00:00+00:00,2016-09-01T23:00:00+00:00,,,,,,,,,,,,,No rule-based candidate at this daily endpoint,rule_candidate,pending
cup_and_handle__2016-09-02__0006530,cup_and_handle,0,no_pattern,neutral,0.0,,cup_and_handle/images/no_pattern/2016/09/cup_and_handle__2016-09-02__0006530.png,,2016-09-02,6331,6530,2016-08-23T08:00:00+00:00,2016-09-02T23:00:00+00:00,,,,,,,,,,,,,No rule-based candidate at this daily endpoint,rule_candidate,pending
cup_and_handle__2016-09-05__0006549,cup_and_handle,1,confirmed,bullish,0.66,48.0,cup_and_handle/images/confirmed/2016/09/cup_and_handle__2016-09-05__0006549.png,,2016-09-05,6350,6549,2016-08-24T04:00:00+00:00,2016-09-05T19:00:00+00:00,6502.0,6549.0,2016-09-01T18:00:00+00:00,2016-09-05T19:00:00+00:00,6549.0,2016-09-05T19:00:00+00:00,1326.74,1310.140357142857,1359.939285714286,2.0,1323.7785714285717,1.5585714285713916,Cup and handle rounded base with shallow handle,rule_candidate,pending
cup_and_handle__2016-09-06__0006572,cup_and_handle,0,no_pattern,neutral,0.0,,cup_and_handle/images/no_pattern/2016/09/cup_and_handle__2016-09-06__0006572.png,,2016-09-06,6373,6572,2016-08-25T04:00:00+00:00,2016-09-06T23:00:00+00:00,,,,,,,,,,,,,No rule-based candidate at this daily endpoint,rule_candidate,pending
cup_and_handle__2016-09-07__0006595,cup_and_handle,0,no_pattern,neutral,0.0,,cup_and_handle/images/no_pattern/2016/09/cup_and_handle__2016-09-07__0006595.png,,2016-09-07,6396,6595,2016-08-26T04:00:00+00:00,2016-09-07T23:00:00+00:00,,,,,,,,,,,,,No rule-based candidate at this daily endpoint,rule_candidate,pending
cup_and_handle__2016-09-08__0006618,cup_and_handle,0,no_pattern,neutral,0.0,,cup_and_handle/images/no_pattern/2016/09/cup_and_handle__2016-09-08__0006618.png,,2016-09-08,6419,6618,2016-08-29T04:00:00+00:00,2016-09-08T23:00:00+00:00,,,,,,,,,,,,,No rule-based candidate at this daily endpoint,rule_candidate,pending
cup_and_handle__2016-09-09__0006641,cup_and_handle,0,no_pattern,neutral,0.0,,cup_and_handle/images/no_pattern/2016/09/cup_and_handle__2016-09-09__0006641.png,,2016-09-09,6442,6641,2016-08-30T04:00:00+00:00,2016-09-09T23:00:00+00:00,,,,,,,,,,,,,No rule-based candidate at this daily endpoint,rule_candidate,pending
cup_and_handle__2016-09-12__0006664,cup_and_handle,0,no_pattern,neutral,0.0,,cup_and_handle/images/no_pattern/2016/09/cup_and_handle__2016-09-12__0006664.png,,2016-09-12,6465,6664,2016-08-31T04:00:00+00:00,2016-09-12T23:00:00+00:00,,,,,,,,,,,,,No rule-based candidate at this daily endpoint,rule_candidate,pending
cup_and_handle__2016-09-13__0006687,cup_and_handle,0,no_pattern,neutral,0.0,,cup_and_handle/images/no_pattern/2016/09/cup_and_handle__2016-09-13__0006687.png,,2016-09-13,6488,6687,2016-09-01T04:00:00+00:00,2016-09-13T23:00:00+00:00,,,,,,,,,,,,,No rule-based candidate at this daily endpoint,rule_candidate,pending
cup_and_handle__2016-09-14__0006710,cup_and_handle,0,no_pattern,neutral,0.0,,cup_and_handle/images/no_pattern/2016/09/cup_and_handle__2016-09-14__0006710.png,,2016-09-14,6511,6710,2016-09-02T04:00:00+00:00,2016-09-14T23:00:00+00:00,,,,,,,,,,,,,No rule-based candidate at this daily endpoint,rule_candidate,pending
cup_and_handle__2016-09-15__0006733,cup_and_handle,0,no_pattern,neutral,0.0,,cup_and_handle/images/no_pattern/2016/09/cup_and_handle__2016-09-15__0006733.png,,2016-09-15,6534,6733,2016-09-05T04:00:00+00:00,2016-09-15T23:00:00+00:00,,,,,,,,,,,,,No rule-based candidate at this daily endpoint,rule_candidate,pending
cup_and_handle__2016-09-16__0006756,cup_and_handle,0,no_pattern,neutral,0.0,,cup_and_handle/images/no_pattern/2016/09/cup_and_handle__2016-09-16__0006756.png,,2016-09-16,6557,6756,2016-09-06T08:00:00+00:00,2016-09-16T23:00:00+00:00,,,,,,,,,,,,,No rule-based candidate at this daily endpoint,rule_candidate,pending
cup_and_handle__2016-09-19__0006779,cup_and_handle,1,forming,bullish,0.54,48.0,cup_and_handle/images/forming/2016/09/cup_and_handle__2016-09-19__0006779.png,,2016-09-19,6580,6779,2016-09-07T08:00:00+00:00,2016-09-19T23:00:00+00:00,6732.0,6779.0,2016-09-15T22:00:00+00:00,2016-09-19T23:00:00+00:00,,,1315.7314285714283,1306.7191071428572,1333.7560714285712,2.0,1315.7314285714283,1.963571428571413,Cup and handle rounded base with shallow handle,rule_candidate,pending
cup_and_handle__2016-09-20__0006802,cup_and_handle,0,no_pattern,neutral,0.0,,cup_and_handle/images/no_pattern/2016/09/cup_and_handle__2016-09-20__0006802.png,,2016-09-20,6603,6802,2016-09-08T08:00:00+00:00,2016-09-20T23:00:00+00:00,,,,,,,,,,,,,No rule-based candidate at this daily endpoint,rule_candidate,pending
cup_and_handle__2016-09-21__0006825,cup_and_handle,0,no_pattern,neutral,0.0,,cup_and_handle/images/no_pattern/2016/09/cup_and_handle__2016-09-21__0006825.png,,2016-09-21,6626,6825,2016-09-09T08:00:00+00:00,2016-09-21T23:00:00+00:00,,,,,,,,,,,,,No rule-based candidate at this daily endpoint,rule_candidate,pending
cup_and_handle__2016-09-22__0006848,cup_and_handle,0,no_pattern,neutral,0.0,,cup_and_handle/images/no_pattern/2016/09/cup_and_handle__2016-09-22__0006848.png,,2016-09-22,6649,6848,2016-09-12T08:00:00+00:00,2016-09-22T23:00:00+00:00,,,,,,,,,,,,,No rule-based candidate at this daily endpoint,rule_candidate,pending
cup_and_handle__2016-09-23__0006871,cup_and_handle,0,no_pattern,neutral,0.0,,cup_and_handle/images/no_pattern/2016/09/cup_and_handle__2016-09-23__0006871.png,,2016-09-23,6672,6871,2016-09-13T08:00:00+00:00,2016-09-23T23:00:00+00:00,,,,,,,,,,,,,No rule-based candidate at this daily endpoint,rule_candidate,pending
cup_and_handle__2016-09-26__0006894,cup_and_handle,0,no_pattern,neutral,0.0,,cup_and_handle/images/no_pattern/2016/09/cup_and_handle__2016-09-26__0006894.png,,2016-09-26,6695,6894,2016-09-14T08:00:00+00:00,2016-09-26T23:00:00+00:00,,,,,,,,,,,,,No rule-based candidate at this daily endpoint,rule_candidate,pending
cup_and_handle__2016-09-27__0006917,cup_and_handle,0,no_pattern,neutral,0.0,,cup_and_handle/images/no_pattern/2016/09/cup_and_handle__2016-09-27__0006917.png,,2016-09-27,6718,6917,2016-09-15T08:00:00+00:00,2016-09-27T23:00:00+00:00,,,,,,,,,,,,,No rule-based candidate at this daily endpoint,rule_candidate,pending
cup_and_handle__2016-09-28__0006940,cup_and_handle,0,no_pattern,neutral,0.0,,cup_and_handle/images/no_pattern/2016/09/cup_and_handle__2016-09-28__0006940.png,,2016-09-28,6741,6940,2016-09-16T08:00:00+00:00,2016-09-28T23:00:00+00:00,,,,,,,,,,,,,No rule-based candidate at this daily endpoint,rule_candidate,pending
cup_and_handle__2016-09-29__0006963,cup_and_handle,0,no_pattern,neutral,0.0,,cup_and_handle/images/no_pattern/2016/09/cup_and_handle__2016-09-29__0006963.png,,2016-09-29,6764,6963,2016-09-19T08:00:00+00:00,2016-09-29T23:00:00+00:00,,,,,,,,,,,,,No rule-based candidate at this daily endpoint,rule_candidate,pending
cup_and_handle__2016-09-30__0006986,cup_and_handle,0,no_pattern,neutral,0.0,,cup_and_handle/images/no_pattern/2016/09/cup_and_handle__2016-09-30__0006986.png,,2016-09-30,6787,6986,2016-09-20T08:00:00+00:00,2016-09-30T23:00:00+00:00,,,,,,,,,,,,,No rule-based candidate at this daily endpoint,rule_candidate,pending
cup_and_handle__2016-10-03__0007009,cup_and_handle,0,no_pattern,neutral,0.0,,cup_and_handle/images/no_pattern/2016/10/cup_and_handle__2016-10-03__0007009.png,,2016-10-03,6810,7009,2016-09-21T08:00:00+00:00,2016-10-03T23:00:00+00:00,,,,,,,,,,,,,No rule-based candidate at this daily endpoint,rule_candidate,pending
cup_and_handle__2016-10-04__0007032,cup_and_handle,0,no_pattern,neutral,0.0,,cup_and_handle/images/no_pattern/2016/10/cup_and_handle__2016-10-04__0007032.png,,2016-10-04,6833,7032,2016-09-22T08:00:00+00:00,2016-10-04T23:00:00+00:00,,,,,,,,,,,,,No rule-based candidate at this daily endpoint,rule_candidate,pending
cup_and_handle__2016-10-05__0007055,cup_and_handle,0,no_pattern,neutral,0.0,,cup_and_handle/images/no_pattern/2016/10/cup_and_handle__2016-10-05__0007055.png,,2016-10-05,6856,7055,2016-09-23T08:00:00+00:00,2016-10-05T23:00:00+00:00,,,,,,,,,,,,,No rule-based candidate at this daily endpoint,rule_candidate,pending
cup_and_handle__2016-10-06__0007078,cup_and_handle,0,no_pattern,neutral,0.0,,cup_and_handle/images/no_pattern/2016/10/cup_and_handle__2016-10-06__0007078.png,,2016-10-06,6879,7078,2016-09-26T08:00:00+00:00,2016-10-06T23:00:00+00:00,,,,,,,,,,,,,No rule-based candidate at this daily endpoint,rule_candidate,pending
cup_and_handle__2016-10-07__0007101,cup_and_handle,0,no_pattern,neutral,0.0,,cup_and_handle/images/no_pattern/2016/10/cup_and_handle__2016-10-07__0007101.png,,2016-10-07,6902,7101,2016-09-27T08:00:00+00:00,2016-10-07T23:00:00+00:00,,,,,,,,,,,,,No rule-based candidate at this daily endpoint,rule_candidate,pending
cup_and_handle__2016-10-10__0007124,cup_and_handle,1,forming,bullish,0.54,64.0,cup_and_handle/images/forming/2016/10/cup_and_handle__2016-10-10__0007124.png,,2016-10-10,6925,7124,2016-09-28T08:00:00+00:00,2016-10-10T23:00:00+00:00,7061.0,7124.0,2016-10-06T06:00:00+00:00,2016-10-10T23:00:00+00:00,,,1265.3922222222222,1245.5110714285713,1305.154523809524,2.0,1265.3922222222222,2.1957142857143026,Cup and handle rounded base with shallow handle,rule_candidate,pending
cup_and_handle__2016-10-11__0007147,cup_and_handle,0,no_pattern,neutral,0.0,,cup_and_handle/images/no_pattern/2016/10/cup_and_handle__2016-10-11__0007147.png,,2016-10-11,6948,7147,2016-09-29T08:00:00+00:00,2016-10-11T23:00:00+00:00,,,,,,,,,,,,,No rule-based candidate at this daily endpoint,rule_candidate,pending
cup_and_handle__2016-10-12__0007170,cup_and_handle,0,no_pattern,neutral,0.0,,cup_and_handle/images/no_pattern/2016/10/cup_and_handle__2016-10-12__0007170.png,,2016-10-12,6971,7170,2016-09-30T08:00:00+00:00,2016-10-12T23:00:00+00:00,,,,,,,,,,,,,No rule-based candidate at this daily endpoint,rule_candidate,pending
cup_and_handle__2016-10-13__0007193,cup_and_handle,0,no_pattern,neutral,0.0,,cup_and_handle/images/no_pattern/2016/10/cup_and_handle__2016-10-13__0007193.png,,2016-10-13,6994,7193,2016-10-03T08:00:00+00:00,2016-10-13T23:00:00+00:00,,,,,,,,,,,,,No rule-based candidate at this daily endpoint,rule_candidate,pending
cup_and_handle__2016-10-14__0007216,cup_and_handle,0,no_pattern,neutral,0.0,,cup_and_handle/images/no_pattern/2016/10/cup_and_handle__2016-10-14__0007216.png,,2016-10-14,7017,7216,2016-10-04T08:00:00+00:00,2016-10-14T23:00:00+00:00,,,,,,,,,,,,,No rule-based candidate at this daily endpoint,rule_candidate,pending
cup_and_handle__2016-10-17__0007239,cup_and_handle,0,no_pattern,neutral,0.0,,cup_and_handle/images/no_pattern/2016/10/cup_and_handle__2016-10-17__0007239.png,,2016-10-17,7040,7239,2016-10-05T08:00:00+00:00,2016-10-17T23:00:00+00:00,,,,,,,,,,,,,No rule-based candidate at this daily endpoint,rule_candidate,pending
cup_and_handle__2016-10-18__0007262,cup_and_handle,0,no_pattern,neutral,0.0,,cup_and_handle/images/no_pattern/2016/10/cup_and_handle__2016-10-18__0007262.png,,2016-10-18,7063,7262,2016-10-06T08:00:00+00:00,2016-10-18T23:00:00+00:00,,,,,,,,,,,,,No rule-based candidate at this daily endpoint,rule_candidate,pending
cup_and_handle__2016-10-19__0007285,cup_and_handle,0,no_pattern,neutral,0.0,,cup_and_handle/images/no_pattern/2016/10/cup_and_handle__2016-10-19__0007285.png,,2016-10-19,7086,7285,2016-10-07T08:00:00+00:00,2016-10-19T23:00:00+00:00,,,,,,,,,,,,,No rule-based candidate at this daily endpoint,rule_candidate,pending
cup_and_handle__2016-10-20__0007308,cup_and_handle,0,no_pattern,neutral,0.0,,cup_and_handle/images/no_pattern/2016/10/cup_and_handle__2016-10-20__0007308.png,,2016-10-20,7109,7308,2016-10-10T08:00:00+00:00,2016-10-20T23:00:00+00:00,,,,,,,,,,,,,No rule-based candidate at this daily endpoint,rule_candidate,pending
cup_and_handle__2016-10-21__0007331,cup_and_handle,0,no_pattern,neutral,0.0,,cup_and_handle/images/no_pattern/2016/10/cup_and_handle__2016-10-21__0007331.png,,2016-10-21,7132,7331,2016-10-11T08:00:00+00:00,2016-10-21T23:00:00+00:00,,,,,,,,,,,,,No rule-based candidate at this daily endpoint,rule_candidate,pending
cup_and_handle__2016-10-24__0007354,cup_and_handle,0,no_pattern,neutral,0.0,,cup_and_handle/images/no_pattern/2016/10/cup_and_handle__2016-10-24__0007354.png,,2016-10-24,7155,7354,2016-10-12T08:00:00+00:00,2016-10-24T23:00:00+00:00,,,,,,,,,,,,,No rule-based candidate at this daily endpoint,rule_candidate,pending
cup_and_handle__2016-10-25__0007377,cup_and_handle,0,no_pattern,neutral,0.0,,cup_and_handle/images/no_pattern/2016/10/cup_and_handle__2016-10-25__0007377.png,,2016-10-25,7178,7377,2016-10-13T08:00:00+00:00,2016-10-25T23:00:00+00:00,,,,,,,,,,,,,No rule-based candidate at this daily endpoint,rule_candidate,pending
cup_and_handle__2016-10-26__0007400,cup_and_handle,0,no_pattern,neutral,0.0,,cup_and_handle/images/no_pattern/2016/10/cup_and_handle__2016-10-26__0007400.png,,2016-10-26,7201,7400,2016-10-14T08:00:00+00:00,2016-10-26T23:00:00+00:00,,,,,,,,,,,,,No rule-based candidate at this daily endpoint,rule_candidate,pending
cup_and_handle__2016-10-27__0007423,cup_and_handle,0,no_pattern,neutral,0.0,,cup_and_handle/images/no_pattern/2016/10/cup_and_handle__2016-10-27__0007423.png,,2016-10-27,7224,7423,2016-10-17T08:00:00+00:00,2016-10-27T23:00:00+00:00,,,,,,,,,,,,,No rule-based candidate at this daily endpoint,rule_candidate,pending
cup_and_handle__2016-10-28__0007446,cup_and_handle,0,no_pattern,neutral,0.0,,cup_and_handle/images/no_pattern/2016/10/cup_and_handle__2016-10-28__0007446.png,,2016-10-28,7247,7446,2016-10-18T08:00:00+00:00,2016-10-28T23:00:00+00:00,,,,,,,,,,,,,No rule-based candidate at this daily endpoint,rule_candidate,pending
cup_and_handle__2016-10-31__0007469,cup_and_handle,1,confirmed,bullish,0.66,100.0,cup_and_handle/images/confirmed/2016/10/cup_and_handle__2016-10-31__0007469.png,,2016-10-31,7270,7469,2016-10-19T08:00:00+00:00,2016-10-31T22:00:00+00:00,7370.0,7469.0,2016-10-25T16:00:00+00:00,2016-10-31T22:00:00+00:00,7469.0,2016-10-31T22:00:00+00:00,1276.77,1264.7419642857142,1300.8260714285716,2.0,1273.4873333333333,2.232142857142906,Cup and handle rounded base with shallow handle,rule_candidate,pending
cup_and_handle__2016-11-01__0007492,cup_and_handle,0,no_pattern,neutral,0.0,,cup_and_handle/images/no_pattern/2016/11/cup_and_handle__2016-11-01__0007492.png,,2016-11-01,7293,7492,2016-10-20T08:00:00+00:00,2016-11-01T22:00:00+00:00,,,,,,,,,,,,,No rule-based candidate at this daily endpoint,rule_candidate,pending
cup_and_handle__2016-11-02__0007515,cup_and_handle,0,no_pattern,neutral,0.0,,cup_and_handle/images/no_pattern/2016/11/cup_and_handle__2016-11-02__0007515.png,,2016-11-02,7316,7515,2016-10-21T08:00:00+00:00,2016-11-02T22:00:00+00:00,,,,,,,,,,,,,No rule-based candidate at this daily endpoint,rule_candidate,pending
cup_and_handle__2016-11-03__0007538,cup_and_handle,0,no_pattern,neutral,0.0,,cup_and_handle/images/no_pattern/2016/11/cup_and_handle__2016-11-03__0007538.png,,2016-11-03,7339,7538,2016-10-24T08:00:00+00:00,2016-11-03T22:00:00+00:00,,,,,,,,,,,,,No rule-based candidate at this daily endpoint,rule_candidate,pending
cup_and_handle__2016-11-04__0007561,cup_and_handle,0,no_pattern,neutral,0.0,,cup_and_handle/images/no_pattern/2016/11/cup_and_handle__2016-11-04__0007561.png,,2016-11-04,7362,7561,2016-10-25T08:00:00+00:00,2016-11-04T22:00:00+00:00,,,,,,,,,,,,,No rule-based candidate at this daily endpoint,rule_candidate,pending
cup_and_handle__2016-11-07__0007584,cup_and_handle,0,no_pattern,neutral,0.0,,cup_and_handle/images/no_pattern/2016/11/cup_and_handle__2016-11-07__0007584.png,,2016-11-07,7385,7584,2016-10-26T08:00:00+00:00,2016-11-07T23:00:00+00:00,,,,,,,,,,,,,No rule-based candidate at this daily endpoint,rule_candidate,pending
cup_and_handle__2016-11-08__0007607,cup_and_handle,0,no_pattern,neutral,0.0,,cup_and_handle/images/no_pattern/2016/11/cup_and_handle__2016-11-08__0007607.png,,2016-11-08,7408,7607,2016-10-27T08:00:00+00:00,2016-11-08T23:00:00+00:00,,,,,,,,,,,,,No rule-based candidate at this daily endpoint,rule_candidate,pending
cup_and_handle__2016-11-09__0007630,cup_and_handle,0,no_pattern,neutral,0.0,,cup_and_handle/images/no_pattern/2016/11/cup_and_handle__2016-11-09__0007630.png,,2016-11-09,7431,7630,2016-10-28T08:00:00+00:00,2016-11-09T23:00:00+00:00,,,,,,,,,,,,,No rule-based candidate at this daily endpoint,rule_candidate,pending
cup_and_handle__2016-11-10__0007653,cup_and_handle,0,no_pattern,neutral,0.0,,cup_and_handle/images/no_pattern/2016/11/cup_and_handle__2016-11-10__0007653.png,,2016-11-10,7454,7653,2016-10-31T07:00:00+00:00,2016-11-10T23:00:00+00:00,,,,,,,,,,,,,No rule-based candidate at this daily endpoint,rule_candidate,pending
cup_and_handle__2016-11-11__0007676,cup_and_handle,0,no_pattern,neutral,0.0,,cup_and_handle/images/no_pattern/2016/11/cup_and_handle__2016-11-11__0007676.png,,2016-11-11,7477,7676,2016-11-01T07:00:00+00:00,2016-11-11T23:00:00+00:00,,,,,,,,,,,,,No rule-based candidate at this daily endpoint,rule_candidate,pending
cup_and_handle__2016-11-14__0007699,cup_and_handle,0,no_pattern,neutral,0.0,,cup_and_handle/images/no_pattern/2016/11/cup_and_handle__2016-11-14__0007699.png,,2016-11-14,7500,7699,2016-11-02T07:00:00+00:00,2016-11-14T23:00:00+00:00,,,,,,,,,,,,,No rule-based candidate at this daily endpoint,rule_candidate,pending
cup_and_handle__2016-11-15__0007722,cup_and_handle,0,no_pattern,neutral,0.0,,cup_and_handle/images/no_pattern/2016/11/cup_and_handle__2016-11-15__0007722.png,,2016-11-15,7523,7722,2016-11-03T07:00:00+00:00,2016-11-15T23:00:00+00:00,,,,,,,,,,,,,No rule-based candidate at this daily endpoint,rule_candidate,pending
cup_and_handle__2016-11-16__0007745,cup_and_handle,0,no_pattern,neutral,0.0,,cup_and_handle/images/no_pattern/2016/11/cup_and_handle__2016-11-16__0007745.png,,2016-11-16,7546,7745,2016-11-04T07:00:00+00:00,2016-11-16T23:00:00+00:00,,,,,,,,,,,,,No rule-based candidate at this daily endpoint,rule_candidate,pending
cup_and_handle__2016-11-17__0007768,cup_and_handle,0,no_pattern,neutral,0.0,,cup_and_handle/images/no_pattern/2016/11/cup_and_handle__2016-11-17__0007768.png,,2016-11-17,7569,7768,2016-11-07T08:00:00+00:00,2016-11-17T23:00:00+00:00,,,,,,,,,,,,,No rule-based candidate at this daily endpoint,rule_candidate,pending
cup_and_handle__2016-11-18__0007791,cup_and_handle,0,no_pattern,neutral,0.0,,cup_and_handle/images/no_pattern/2016/11/cup_and_handle__2016-11-18__0007791.png,,2016-11-18,7592,7791,2016-11-08T08:00:00+00:00,2016-11-18T23:00:00+00:00,,,,,,,,,,,,,No rule-based candidate at this daily endpoint,rule_candidate,pending
cup_and_handle__2016-11-21__0007814,cup_and_handle,1,confirmed,bullish,0.66,48.0,cup_and_handle/images/confirmed/2016/11/cup_and_handle__2016-11-21__0007814.png,,2016-11-21,7615,7814,2016-11-09T08:00:00+00:00,2016-11-21T23:00:00+00:00,7767.0,7814.0,2016-11-17T22:00:00+00:00,2016-11-21T23:00:00+00:00,7814.0,2016-11-21T23:00:00+00:00,1213.89,1204.3008928571428,1233.0682142857147,2.0,1213.2728571428574,2.836428571428558,Cup and handle rounded base with shallow handle,rule_candidate,pending
cup_and_handle__2016-11-22__0007837,cup_and_handle,0,no_pattern,neutral,0.0,,cup_and_handle/images/no_pattern/2016/11/cup_and_handle__2016-11-22__0007837.png,,2016-11-22,7638,7837,2016-11-10T08:00:00+00:00,2016-11-22T23:00:00+00:00,,,,,,,,,,,,,No rule-based candidate at this daily endpoint,rule_candidate,pending
cup_and_handle__2016-11-23__0007860,cup_and_handle,0,no_pattern,neutral,0.0,,cup_and_handle/images/no_pattern/2016/11/cup_and_handle__2016-11-23__0007860.png,,2016-11-23,7661,7860,2016-11-11T08:00:00+00:00,2016-11-23T23:00:00+00:00,,,,,,,,,,,,,No rule-based candidate at this daily endpoint,rule_candidate,pending
cup_and_handle__2016-11-24__0007879,cup_and_handle,0,no_pattern,neutral,0.0,,cup_and_handle/images/no_pattern/2016/11/cup_and_handle__2016-11-24__0007879.png,,2016-11-24,7680,7879,2016-11-14T04:00:00+00:00,2016-11-24T19:00:00+00:00,,,,,,,,,,,,,No rule-based candidate at this daily endpoint,rule_candidate,pending
cup_and_handle__2016-11-25__0007899,cup_and_handle,0,no_pattern,neutral,0.0,,cup_and_handle/images/no_pattern/2016/11/cup_and_handle__2016-11-25__0007899.png,,2016-11-25,7700,7899,2016-11-15T01:00:00+00:00,2016-11-25T20:00:00+00:00,,,,,,,,,,,,,No rule-based candidate at this daily endpoint,rule_candidate,pending
cup_and_handle__2016-11-28__0007922,cup_and_handle,0,no_pattern,neutral,0.0,,cup_and_handle/images/no_pattern/2016/11/cup_and_handle__2016-11-28__0007922.png,,2016-11-28,7723,7922,2016-11-16T01:00:00+00:00,2016-11-28T23:00:00+00:00,,,,,,,,,,,,,No rule-based candidate at this daily endpoint,rule_candidate,pending
cup_and_handle__2016-11-29__0007945,cup_and_handle,0,no_pattern,neutral,0.0,,cup_and_handle/images/no_pattern/2016/11/cup_and_handle__2016-11-29__0007945.png,,2016-11-29,7746,7945,2016-11-17T01:00:00+00:00,2016-11-29T23:00:00+00:00,,,,,,,,,,,,,No rule-based candidate at this daily endpoint,rule_candidate,pending
cup_and_handle__2016-11-30__0007968,cup_and_handle,0,no_pattern,neutral,0.0,,cup_and_handle/images/no_pattern/2016/11/cup_and_handle__2016-11-30__0007968.png,,2016-11-30,7769,7968,2016-11-18T01:00:00+00:00,2016-11-30T23:00:00+00:00,,,,,,,,,,,,,No rule-based candidate at this daily endpoint,rule_candidate,pending
cup_and_handle__2016-12-01__0007991,cup_and_handle,0,no_pattern,neutral,0.0,,cup_and_handle/images/no_pattern/2016/12/cup_and_handle__2016-12-01__0007991.png,,2016-12-01,7792,7991,2016-11-21T01:00:00+00:00,2016-12-01T23:00:00+00:00,,,,,,,,,,,,,No rule-based candidate at this daily endpoint,rule_candidate,pending
cup_and_handle__2016-12-02__0008014,cup_and_handle,0,no_pattern,neutral,0.0,,cup_and_handle/images/no_pattern/2016/12/cup_and_handle__2016-12-02__0008014.png,,2016-12-02,7815,8014,2016-11-22T01:00:00+00:00,2016-12-02T23:00:00+00:00,,,,,,,,,,,,,No rule-based candidate at this daily endpoint,rule_candidate,pending
cup_and_handle__2016-12-05__0008037,cup_and_handle,0,no_pattern,neutral,0.0,,cup_and_handle/images/no_pattern/2016/12/cup_and_handle__2016-12-05__0008037.png,,2016-12-05,7838,8037,2016-11-23T01:00:00+00:00,2016-12-05T23:00:00+00:00,,,,,,,,,,,,,No rule-based candidate at this daily endpoint,rule_candidate,pending
cup_and_handle__2016-12-06__0008060,cup_and_handle,0,no_pattern,neutral,0.0,,cup_and_handle/images/no_pattern/2016/12/cup_and_handle__2016-12-06__0008060.png,,2016-12-06,7861,8060,2016-11-24T01:00:00+00:00,2016-12-06T23:00:00+00:00,,,,,,,,,,,,,No rule-based candidate at this daily endpoint,rule_candidate,pending
cup_and_handle__2016-12-07__0008083,cup_and_handle,0,no_pattern,neutral,0.0,,cup_and_handle/images/no_pattern/2016/12/cup_and_handle__2016-12-07__0008083.png,,2016-12-07,7884,8083,2016-11-25T05:00:00+00:00,2016-12-07T23:00:00+00:00,,,,,,,,,,,,,No rule-based candidate at this daily endpoint,rule_candidate,pending
cup_and_handle__2016-12-08__0008106,cup_and_handle,0,no_pattern,neutral,0.0,,cup_and_handle/images/no_pattern/2016/12/cup_and_handle__2016-12-08__0008106.png,,2016-12-08,7907,8106,2016-11-28T08:00:00+00:00,2016-12-08T23:00:00+00:00,,,,,,,,,,,,,No rule-based candidate at this daily endpoint,rule_candidate,pending
cup_and_handle__2016-12-09__0008129,cup_and_handle,0,no_pattern,neutral,0.0,,cup_and_handle/images/no_pattern/2016/12/cup_and_handle__2016-12-09__0008129.png,,2016-12-09,7930,8129,2016-11-29T08:00:00+00:00,2016-12-09T23:00:00+00:00,,,,,,,,,,,,,No rule-based candidate at this daily endpoint,rule_candidate,pending
cup_and_handle__2016-12-12__0008152,cup_and_handle,0,no_pattern,neutral,0.0,,cup_and_handle/images/no_pattern/2016/12/cup_and_handle__2016-12-12__0008152.png,,2016-12-12,7953,8152,2016-11-30T08:00:00+00:00,2016-12-12T23:00:00+00:00,,,,,,,,,,,,,No rule-based candidate at this daily endpoint,rule_candidate,pending
cup_and_handle__2016-12-13__0008175,cup_and_handle,0,no_pattern,neutral,0.0,,cup_and_handle/images/no_pattern/2016/12/cup_and_handle__2016-12-13__0008175.png,,2016-12-13,7976,8175,2016-12-01T08:00:00+00:00,2016-12-13T23:00:00+00:00,,,,,,,,,,,,,No rule-based candidate at this daily endpoint,rule_candidate,pending
cup_and_handle__2016-12-14__0008198,cup_and_handle,0,no_pattern,neutral,0.0,,cup_and_handle/images/no_pattern/2016/12/cup_and_handle__2016-12-14__0008198.png,,2016-12-14,7999,8198,2016-12-02T08:00:00+00:00,2016-12-14T23:00:00+00:00,,,,,,,,,,,,,No rule-based candidate at this daily endpoint,rule_candidate,pending
cup_and_handle__2016-12-15__0008221,cup_and_handle,0,no_pattern,neutral,0.0,,cup_and_handle/images/no_pattern/2016/12/cup_and_handle__2016-12-15__0008221.png,,2016-12-15,8022,8221,2016-12-05T08:00:00+00:00,2016-12-15T23:00:00+00:00,,,,,,,,,,,,,No rule-based candidate at this daily endpoint,rule_candidate,pending
cup_and_handle__2016-12-16__0008244,cup_and_handle,0,no_pattern,neutral,0.0,,cup_and_handle/images/no_pattern/2016/12/cup_and_handle__2016-12-16__0008244.png,,2016-12-16,8045,8244,2016-12-06T08:00:00+00:00,2016-12-16T23:00:00+00:00,,,,,,,,,,,,,No rule-based candidate at this daily endpoint,rule_candidate,pending
cup_and_handle__2016-12-19__0008267,cup_and_handle,1,forming,bullish,0.54,48.0,cup_and_handle/images/forming/2016/12/cup_and_handle__2016-12-19__0008267.png,,2016-12-19,8068,8267,2016-12-07T08:00:00+00:00,2016-12-19T23:00:00+00:00,8220.0,8267.0,2016-12-15T22:00:00+00:00,2016-12-19T23:00:00+00:00,,,1139.5300000000002,1125.9644642857145,1166.661071428572,2.0,1139.5300000000002,2.4221428571428305,Cup and handle rounded base with shallow handle,rule_candidate,pending
cup_and_handle__2016-12-20__0008290,cup_and_handle,0,no_pattern,neutral,0.0,,cup_and_handle/images/no_pattern/2016/12/cup_and_handle__2016-12-20__0008290.png,,2016-12-20,8091,8290,2016-12-08T08:00:00+00:00,2016-12-20T23:00:00+00:00,,,,,,,,,,,,,No rule-based candidate at this daily endpoint,rule_candidate,pending
cup_and_handle__2016-12-21__0008313,cup_and_handle,0,no_pattern,neutral,0.0,,cup_and_handle/images/no_pattern/2016/12/cup_and_handle__2016-12-21__0008313.png,,2016-12-21,8114,8313,2016-12-09T08:00:00+00:00,2016-12-21T23:00:00+00:00,,,,,,,,,,,,,No rule-based candidate at this daily endpoint,rule_candidate,pending
cup_and_handle__2016-12-22__0008336,cup_and_handle,0,no_pattern,neutral,0.0,,cup_and_handle/images/no_pattern/2016/12/cup_and_handle__2016-12-22__0008336.png,,2016-12-22,8137,8336,2016-12-12T08:00:00+00:00,2016-12-22T23:00:00+00:00,,,,,,,,,,,,,No rule-based candidate at this daily endpoint,rule_candidate,pending
cup_and_handle__2016-12-23__0008359,cup_and_handle,0,no_pattern,neutral,0.0,,cup_and_handle/images/no_pattern/2016/12/cup_and_handle__2016-12-23__0008359.png,,2016-12-23,8160,8359,2016-12-13T08:00:00+00:00,2016-12-23T23:00:00+00:00,,,,,,,,,,,,,No rule-based candidate at this daily endpoint,rule_candidate,pending
cup_and_handle__2016-12-27__0008382,cup_and_handle,0,no_pattern,neutral,0.0,,cup_and_handle/images/no_pattern/2016/12/cup_and_handle__2016-12-27__0008382.png,,2016-12-27,8183,8382,2016-12-14T08:00:00+00:00,2016-12-27T23:00:00+00:00,,,,,,,,,,,,,No rule-based candidate at this daily endpoint,rule_candidate,pending
cup_and_handle__2016-12-28__0008405,cup_and_handle,1,confirmed,bullish,0.66,100.0,cup_and_handle/images/confirmed/2016/12/cup_and_handle__2016-12-28__0008405.png,,2016-12-28,8206,8405,2016-12-15T08:00:00+00:00,2016-12-28T23:00:00+00:00,8306.0,8405.0,2016-12-21T16:00:00+00:00,2016-12-28T23:00:00+00:00,8405.0,2016-12-28T23:00:00+00:00,1140.84,1127.474642857143,1167.5707142857138,2.0,1140.196,2.0614285714285807,Cup and handle rounded base with shallow handle,rule_candidate,pending
cup_and_handle__2016-12-29__0008428,cup_and_handle,0,no_pattern,neutral,0.0,,cup_and_handle/images/no_pattern/2016/12/cup_and_handle__2016-12-29__0008428.png,,2016-12-29,8229,8428,2016-12-16T08:00:00+00:00,2016-12-29T23:00:00+00:00,,,,,,,,,,,,,No rule-based candidate at this daily endpoint,rule_candidate,pending
cup_and_handle__2016-12-30__0008451,cup_and_handle,0,no_pattern,neutral,0.0,,cup_and_handle/images/no_pattern/2016/12/cup_and_handle__2016-12-30__0008451.png,,2016-12-30,8252,8451,2016-12-19T08:00:00+00:00,2016-12-30T23:00:00+00:00,,,,,,,,,,,,,No rule-based candidate at this daily endpoint,rule_candidate,pending
cup_and_handle__2017-01-03__0008474,cup_and_handle,0,no_pattern,neutral,0.0,,cup_and_handle/images/no_pattern/2017/01/cup_and_handle__2017-01-03__0008474.png,,2017-01-03,8275,8474,2016-12-20T08:00:00+00:00,2017-01-03T23:00:00+00:00,,,,,,,,,,,,,No rule-based candidate at this daily endpoint,rule_candidate,pending
cup_and_handle__2017-01-04__0008497,cup_and_handle,0,no_pattern,neutral,0.0,,cup_and_handle/images/no_pattern/2017/01/cup_and_handle__2017-01-04__0008497.png,,2017-01-04,8298,8497,2016-12-21T08:00:00+00:00,2017-01-04T23:00:00+00:00,,,,,,,,,,,,,No rule-based candidate at this daily endpoint,rule_candidate,pending
cup_and_handle__2017-01-05__0008520,cup_and_handle,0,no_pattern,neutral,0.0,,cup_and_handle/images/no_pattern/2017/01/cup_and_handle__2017-01-05__0008520.png,,2017-01-05,8321,8520,2016-12-22T08:00:00+00:00,2017-01-05T23:00:00+00:00,,,,,,,,,,,,,No rule-based candidate at this daily endpoint,rule_candidate,pending
cup_and_handle__2017-01-06__0008543,cup_and_handle,0,no_pattern,neutral,0.0,,cup_and_handle/images/no_pattern/2017/01/cup_and_handle__2017-01-06__0008543.png,,2017-01-06,8344,8543,2016-12-23T08:00:00+00:00,2017-01-06T23:00:00+00:00,,,,,,,,,,,,,No rule-based candidate at this daily endpoint,rule_candidate,pending
cup_and_handle__2017-01-09__0008566,cup_and_handle,0,no_pattern,neutral,0.0,,cup_and_handle/images/no_pattern/2017/01/cup_and_handle__2017-01-09__0008566.png,,2017-01-09,8367,8566,2016-12-27T08:00:00+00:00,2017-01-09T23:00:00+00:00,,,,,,,,,,,,,No rule-based candidate at this daily endpoint,rule_candidate,pending
cup_and_handle__2017-01-10__0008589,cup_and_handle,0,no_pattern,neutral,0.0,,cup_and_handle/images/no_pattern/2017/01/cup_and_handle__2017-01-10__0008589.png,,2017-01-10,8390,8589,2016-12-28T08:00:00+00:00,2017-01-10T23:00:00+00:00,,,,,,,,,,,,,No rule-based candidate at this daily endpoint,rule_candidate,pending
cup_and_handle__2017-01-11__0008612,cup_and_handle,0,no_pattern,neutral,0.0,,cup_and_handle/images/no_pattern/2017/01/cup_and_handle__2017-01-11__0008612.png,,2017-01-11,8413,8612,2016-12-29T08:00:00+00:00,2017-01-11T23:00:00+00:00,,,,,,,,,,,,,No rule-based candidate at this daily endpoint,rule_candidate,pending
cup_and_handle__2017-01-12__0008635,cup_and_handle,0,no_pattern,neutral,0.0,,cup_and_handle/images/no_pattern/2017/01/cup_and_handle__2017-01-12__0008635.png,,2017-01-12,8436,8635,2016-12-30T08:00:00+00:00,2017-01-12T23:00:00+00:00,,,,,,,,,,,,,No rule-based candidate at this daily endpoint,rule_candidate,pending
cup_and_handle__2017-01-13__0008658,cup_and_handle,0,no_pattern,neutral,0.0,,cup_and_handle/images/no_pattern/2017/01/cup_and_handle__2017-01-13__0008658.png,,2017-01-13,8459,8658,2017-01-03T08:00:00+00:00,2017-01-13T23:00:00+00:00,,,,,,,,,,,,,No rule-based candidate at this daily endpoint,rule_candidate,pending
cup_and_handle__2017-01-16__0008677,cup_and_handle,0,no_pattern,neutral,0.0,,cup_and_handle/images/no_pattern/2017/01/cup_and_handle__2017-01-16__0008677.png,,2017-01-16,8478,8677,2017-01-04T04:00:00+00:00,2017-01-16T19:00:00+00:00,,,,,,,,,,,,,No rule-based candidate at this daily endpoint,rule_candidate,pending
cup_and_handle__2017-01-17__0008700,cup_and_handle,0,no_pattern,neutral,0.0,,cup_and_handle/images/no_pattern/2017/01/cup_and_handle__2017-01-17__0008700.png,,2017-01-17,8501,8700,2017-01-05T04:00:00+00:00,2017-01-17T23:00:00+00:00,,,,,,,,,,,,,No rule-based candidate at this daily endpoint,rule_candidate,pending
cup_and_handle__2017-01-18__0008723,cup_and_handle,0,no_pattern,neutral,0.0,,cup_and_handle/images/no_pattern/2017/01/cup_and_handle__2017-01-18__0008723.png,,2017-01-18,8524,8723,2017-01-06T04:00:00+00:00,2017-01-18T23:00:00+00:00,,,,,,,,,,,,,No rule-based candidate at this daily endpoint,rule_candidate,pending
cup_and_handle__2017-01-19__0008746,cup_and_handle,0,no_pattern,neutral,0.0,,cup_and_handle/images/no_pattern/2017/01/cup_and_handle__2017-01-19__0008746.png,,2017-01-19,8547,8746,2017-01-09T04:00:00+00:00,2017-01-19T23:00:00+00:00,,,,,,,,,,,,,No rule-based candidate at this daily endpoint,rule_candidate,pending
cup_and_handle__2017-01-20__0008769,cup_and_handle,0,no_pattern,neutral,0.0,,cup_and_handle/images/no_pattern/2017/01/cup_and_handle__2017-01-20__0008769.png,,2017-01-20,8570,8769,2017-01-10T04:00:00+00:00,2017-01-20T23:00:00+00:00,,,,,,,,,,,,,No rule-based candidate at this daily endpoint,rule_candidate,pending
cup_and_handle__2017-01-23__0008792,cup_and_handle,1,confirmed,bullish,0.66,48.0,cup_and_handle/images/confirmed/2017/01/cup_and_handle__2017-01-23__0008792.png,,2017-01-23,8593,8792,2017-01-11T04:00:00+00:00,2017-01-23T23:00:00+00:00,8745.0,8792.0,2017-01-19T22:00:00+00:00,2017-01-23T23:00:00+00:00,8792.0,2017-01-23T23:00:00+00:00,1217.86,1198.9764285714286,1255.6271428571424,2.0,1214.3,3.0542857142856974,Cup and handle rounded base with shallow handle,rule_candidate,pending
cup_and_handle__2017-01-24__0008815,cup_and_handle,1,forming,bullish,0.54,120.0,cup_and_handle/images/forming/2017/01/cup_and_handle__2017-01-24__0008815.png,,2017-01-24,8616,8815,2017-01-12T04:00:00+00:00,2017-01-24T23:00:00+00:00,8696.0,8815.0,2017-01-17T19:00:00+00:00,2017-01-24T23:00:00+00:00,,,1214.08,1195.6923214285714,1250.855357142857,2.0,1214.08,2.4707142857142634,Cup and handle rounded base with shallow handle,rule_candidate,pending
cup_and_handle__2017-01-25__0008838,cup_and_handle,0,no_pattern,neutral,0.0,,cup_and_handle/images/no_pattern/2017/01/cup_and_handle__2017-01-25__0008838.png,,2017-01-25,8639,8838,2017-01-13T04:00:00+00:00,2017-01-25T23:00:00+00:00,,,,,,,,,,,,,No rule-based candidate at this daily endpoint,rule_candidate,pending
cup_and_handle__2017-01-26__0008861,cup_and_handle,0,no_pattern,neutral,0.0,,cup_and_handle/images/no_pattern/2017/01/cup_and_handle__2017-01-26__0008861.png,,2017-01-26,8662,8861,2017-01-16T04:00:00+00:00,2017-01-26T23:00:00+00:00,,,,,,,,,,,,,No rule-based candidate at this daily endpoint,rule_candidate,pending
cup_and_handle__2017-01-27__0008884,cup_and_handle,0,no_pattern,neutral,0.0,,cup_and_handle/images/no_pattern/2017/01/cup_and_handle__2017-01-27__0008884.png,,2017-01-27,8685,8884,2017-01-17T08:00:00+00:00,2017-01-27T23:00:00+00:00,,,,,,,,,,,,,No rule-based candidate at this daily endpoint,rule_candidate,pending
cup_and_handle__2017-01-30__0008907,cup_and_handle,1,confirmed,bullish,0.66,64.0,cup_and_handle/images/confirmed/2017/01/cup_and_handle__2017-01-30__0008907.png,,2017-01-30,8708,8907,2017-01-18T08:00:00+00:00,2017-01-30T23:00:00+00:00,8844.0,8907.0,2017-01-26T06:00:00+00:00,2017-01-30T23:00:00+00:00,8907.0,2017-01-30T23:00:00+00:00,1195.22,1181.0226785714283,1223.614642857143,2.0,1194.6999999999998,2.909285714285699,Cup and handle rounded base with shallow handle,rule_candidate,pending
cup_and_handle__2017-01-31__0008930,cup_and_handle,0,no_pattern,neutral,0.0,,cup_and_handle/images/no_pattern/2017/01/cup_and_handle__2017-01-31__0008930.png,,2017-01-31,8731,8930,2017-01-19T08:00:00+00:00,2017-01-31T23:00:00+00:00,,,,,,,,,,,,,No rule-based candidate at this daily endpoint,rule_candidate,pending
cup_and_handle__2017-02-01__0008953,cup_and_handle,0,no_pattern,neutral,0.0,,cup_and_handle/images/no_pattern/2017/02/cup_and_handle__2017-02-01__0008953.png,,2017-02-01,8754,8953,2017-01-20T08:00:00+00:00,2017-02-01T23:00:00+00:00,,,,,,,,,,,,,No rule-based candidate at this daily endpoint,rule_candidate,pending
cup_and_handle__2017-02-02__0008976,cup_and_handle,0,no_pattern,neutral,0.0,,cup_and_handle/images/no_pattern/2017/02/cup_and_handle__2017-02-02__0008976.png,,2017-02-02,8777,8976,2017-01-23T08:00:00+00:00,2017-02-02T23:00:00+00:00,,,,,,,,,,,,,No rule-based candidate at this daily endpoint,rule_candidate,pending
cup_and_handle__2017-02-03__0008999,cup_and_handle,0,no_pattern,neutral,0.0,,cup_and_handle/images/no_pattern/2017/02/cup_and_handle__2017-02-03__0008999.png,,2017-02-03,8800,8999,2017-01-24T08:00:00+00:00,2017-02-03T23:00:00+00:00,,,,,,,,,,,,,No rule-based candidate at this daily endpoint,rule_candidate,pending
cup_and_handle__2017-02-06__0009022,cup_and_handle,0,no_pattern,neutral,0.0,,cup_and_handle/images/no_pattern/2017/02/cup_and_handle__2017-02-06__0009022.png,,2017-02-06,8823,9022,2017-01-25T08:00:00+00:00,2017-02-06T23:00:00+00:00,,,,,,,,,,,,,No rule-based candidate at this daily endpoint,rule_candidate,pending
cup_and_handle__2017-02-07__0009045,cup_and_handle,0,no_pattern,neutral,0.0,,cup_and_handle/images/no_pattern/2017/02/cup_and_handle__2017-02-07__0009045.png,,2017-02-07,8846,9045,2017-01-26T08:00:00+00:00,2017-02-07T23:00:00+00:00,,,,,,,,,,,,,No rule-based candidate at this daily endpoint,rule_candidate,pending
cup_and_handle__2017-02-08__0009068,cup_and_handle,0,no_pattern,neutral,0.0,,cup_and_handle/images/no_pattern/2017/02/cup_and_handle__2017-02-08__0009068.png,,2017-02-08,8869,9068,2017-01-27T08:00:00+00:00,2017-02-08T23:00:00+00:00,,,,,,,,,,,,,No rule-based candidate at this daily endpoint,rule_candidate,pending
cup_and_handle__2017-02-09__0009091,cup_and_handle,0,no_pattern,neutral,0.0,,cup_and_handle/images/no_pattern/2017/02/cup_and_handle__2017-02-09__0009091.png,,2017-02-09,8892,9091,2017-01-30T08:00:00+00:00,2017-02-09T23:00:00+00:00,,,,,,,,,,,,,No rule-based candidate at this daily endpoint,rule_candidate,pending
cup_and_handle__2017-02-10__0009114,cup_and_handle,0,no_pattern,neutral,0.0,,cup_and_handle/images/no_pattern/2017/02/cup_and_handle__2017-02-10__0009114.png,,2017-02-10,8915,9114,2017-01-31T08:00:00+00:00,2017-02-10T23:00:00+00:00,,,,,,,,,,,,,No rule-based candidate at this daily endpoint,rule_candidate,pending
cup_and_handle__2017-02-13__0009137,cup_and_handle,0,no_pattern,neutral,0.0,,cup_and_handle/images/no_pattern/2017/02/cup_and_handle__2017-02-13__0009137.png,,2017-02-13,8938,9137,2017-02-01T08:00:00+00:00,2017-02-13T23:00:00+00:00,,,,,,,,,,,,,No rule-based candidate at this daily endpoint,rule_candidate,pending
cup_and_handle__2017-02-14__0009160,cup_and_handle,0,no_pattern,neutral,0.0,,cup_and_handle/images/no_pattern/2017/02/cup_and_handle__2017-02-14__0009160.png,,2017-02-14,8961,9160,2017-02-02T08:00:00+00:00,2017-02-14T23:00:00+00:00,,,,,,,,,,,,,No rule-based candidate at this daily endpoint,rule_candidate,pending
cup_and_handle__2017-02-15__0009183,cup_and_handle,0,no_pattern,neutral,0.0,,cup_and_handle/images/no_pattern/2017/02/cup_and_handle__2017-02-15__0009183.png,,2017-02-15,8984,9183,2017-02-03T08:00:00+00:00,2017-02-15T23:00:00+00:00,,,,,,,,,,,,,No rule-based candidate at this daily endpoint,rule_candidate,pending
cup_and_handle__2017-02-16__0009206,cup_and_handle,0,no_pattern,neutral,0.0,,cup_and_handle/images/no_pattern/2017/02/cup_and_handle__2017-02-16__0009206.png,,2017-02-16,9007,9206,2017-02-06T08:00:00+00:00,2017-02-16T23:00:00+00:00,,,,,,,,,,,,,No rule-based candidate at this daily endpoint,rule_candidate,pending
cup_and_handle__2017-02-17__0009229,cup_and_handle,1,forming,bullish,0.54,100.0,cup_and_handle/images/forming/2017/02/cup_and_handle__2017-02-17__0009229.png,,2017-02-17,9030,9229,2017-02-07T08:00:00+00:00,2017-02-17T23:00:00+00:00,9130.0,9229.0,2017-02-13T16:00:00+00:00,2017-02-17T23:00:00+00:00,,,1237.4900000000002,1219.190357142857,1274.0892857142867,2.0,1237.4900000000002,2.5585714285714727,Cup and handle rounded base with shallow handle,rule_candidate,pending
cup_and_handle__2017-02-20__0009248,cup_and_handle,0,no_pattern,neutral,0.0,,cup_and_handle/images/no_pattern/2017/02/cup_and_handle__2017-02-20__0009248.png,,2017-02-20,9049,9248,2017-02-08T04:00:00+00:00,2017-02-20T19:00:00+00:00,,,,,,,,,,,,,No rule-based candidate at this daily endpoint,rule_candidate,pending
cup_and_handle__2017-02-21__0009271,cup_and_handle,0,no_pattern,neutral,0.0,,cup_and_handle/images/no_pattern/2017/02/cup_and_handle__2017-02-21__0009271.png,,2017-02-21,9072,9271,2017-02-09T04:00:00+00:00,2017-02-21T23:00:00+00:00,,,,,,,,,,,,,No rule-based candidate at this daily endpoint,rule_candidate,pending
cup_and_handle__2017-02-22__0009294,cup_and_handle,0,no_pattern,neutral,0.0,,cup_and_handle/images/no_pattern/2017/02/cup_and_handle__2017-02-22__0009294.png,,2017-02-22,9095,9294,2017-02-10T04:00:00+00:00,2017-02-22T23:00:00+00:00,,,,,,,,,,,,,No rule-based candidate at this daily endpoint,rule_candidate,pending
cup_and_handle__2017-02-23__0009317,cup_and_handle,0,no_pattern,neutral,0.0,,cup_and_handle/images/no_pattern/2017/02/cup_and_handle__2017-02-23__0009317.png,,2017-02-23,9118,9317,2017-02-13T04:00:00+00:00,2017-02-23T23:00:00+00:00,,,,,,,,,,,,,No rule-based candidate at this daily endpoint,rule_candidate,pending
cup_and_handle__2017-02-24__0009340,cup_and_handle,0,no_pattern,neutral,0.0,,cup_and_handle/images/no_pattern/2017/02/cup_and_handle__2017-02-24__0009340.png,,2017-02-24,9141,9340,2017-02-14T04:00:00+00:00,2017-02-24T23:00:00+00:00,,,,,,,,,,,,,No rule-based candidate at this daily endpoint,rule_candidate,pending
cup_and_handle__2017-02-27__0009363,cup_and_handle,0,no_pattern,neutral,0.0,,cup_and_handle/images/no_pattern/2017/02/cup_and_handle__2017-02-27__0009363.png,,2017-02-27,9164,9363,2017-02-15T04:00:00+00:00,2017-02-27T23:00:00+00:00,,,,,,,,,,,,,No rule-based candidate at this daily endpoint,rule_candidate,pending
cup_and_handle__2017-02-28__0009386,cup_and_handle,0,no_pattern,neutral,0.0,,cup_and_handle/images/no_pattern/2017/02/cup_and_handle__2017-02-28__0009386.png,,2017-02-28,9187,9386,2017-02-16T04:00:00+00:00,2017-02-28T23:00:00+00:00,,,,,,,,,,,,,No rule-based candidate at this daily endpoint,rule_candidate,pending
cup_and_handle__2017-03-01__0009409,cup_and_handle,0,no_pattern,neutral,0.0,,cup_and_handle/images/no_pattern/2017/03/cup_and_handle__2017-03-01__0009409.png,,2017-03-01,9210,9409,2017-02-17T04:00:00+00:00,2017-03-01T23:00:00+00:00,,,,,,,,,,,,,No rule-based candidate at this daily endpoint,rule_candidate,pending
cup_and_handle__2017-03-02__0009432,cup_and_handle,0,no_pattern,neutral,0.0,,cup_and_handle/images/no_pattern/2017/03/cup_and_handle__2017-03-02__0009432.png,,2017-03-02,9233,9432,2017-02-20T04:00:00+00:00,2017-03-02T23:00:00+00:00,,,,,,,,,,,,,No rule-based candidate at this daily endpoint,rule_candidate,pending
cup_and_handle__2017-03-03__0009455,cup_and_handle,0,no_pattern,neutral,0.0,,cup_and_handle/images/no_pattern/2017/03/cup_and_handle__2017-03-03__0009455.png,,2017-03-03,9256,9455,2017-02-21T08:00:00+00:00,2017-03-03T23:00:00+00:00,,,,,,,,,,,,,No rule-based candidate at this daily endpoint,rule_candidate,pending
cup_and_handle__2017-03-06__0009478,cup_and_handle,0,no_pattern,neutral,0.0,,cup_and_handle/images/no_pattern/2017/03/cup_and_handle__2017-03-06__0009478.png,,2017-03-06,9279,9478,2017-02-22T08:00:00+00:00,2017-03-06T23:00:00+00:00,,,,,,,,,,,,,No rule-based candidate at this daily endpoint,rule_candidate,pending
cup_and_handle__2017-03-07__0009501,cup_and_handle,0,no_pattern,neutral,0.0,,cup_and_handle/images/no_pattern/2017/03/cup_and_handle__2017-03-07__0009501.png,,2017-03-07,9302,9501,2017-02-23T08:00:00+00:00,2017-03-07T23:00:00+00:00,,,,,,,,,,,,,No rule-based candidate at this daily endpoint,rule_candidate,pending
cup_and_handle__2017-03-08__0009524,cup_and_handle,0,no_pattern,neutral,0.0,,cup_and_handle/images/no_pattern/2017/03/cup_and_handle__2017-03-08__0009524.png,,2017-03-08,9325,9524,2017-02-24T08:00:00+00:00,2017-03-08T23:00:00+00:00,,,,,,,,,,,,,No rule-based candidate at this daily endpoint,rule_candidate,pending
cup_and_handle__2017-03-09__0009547,cup_and_handle,0,no_pattern,neutral,0.0,,cup_and_handle/images/no_pattern/2017/03/cup_and_handle__2017-03-09__0009547.png,,2017-03-09,9348,9547,2017-02-27T08:00:00+00:00,2017-03-09T23:00:00+00:00,,,,,,,,,,,,,No rule-based candidate at this daily endpoint,rule_candidate,pending
cup_and_handle__2017-03-10__0009570,cup_and_handle,0,no_pattern,neutral,0.0,,cup_and_handle/images/no_pattern/2017/03/cup_and_handle__2017-03-10__0009570.png,,2017-03-10,9371,9570,2017-02-28T08:00:00+00:00,2017-03-10T23:00:00+00:00,,,,,,,,,,,,,No rule-based candidate at this daily endpoint,rule_candidate,pending
cup_and_handle__2017-03-13__0009593,cup_and_handle,1,forming,bullish,0.54,64.0,cup_and_handle/images/forming/2017/03/cup_and_handle__2017-03-13__0009593.png,,2017-03-13,9394,9593,2017-03-01T08:00:00+00:00,2017-03-13T22:00:00+00:00,9530.0,9593.0,2017-03-09T06:00:00+00:00,2017-03-13T22:00:00+00:00,,,1205.47,1195.2542857142855,1225.9014285714286,2.0,1205.47,2.0228571428571382,Cup and handle rounded base with shallow handle,rule_candidate,pending
cup_and_handle__2017-03-14__0009616,cup_and_handle,0,no_pattern,neutral,0.0,,cup_and_handle/images/no_pattern/2017/03/cup_and_handle__2017-03-14__0009616.png,,2017-03-14,9417,9616,2017-03-02T08:00:00+00:00,2017-03-14T22:00:00+00:00,,,,,,,,,,,,,No rule-based candidate at this daily endpoint,rule_candidate,pending
cup_and_handle__2017-03-15__0009639,cup_and_handle,0,no_pattern,neutral,0.0,,cup_and_handle/images/no_pattern/2017/03/cup_and_handle__2017-03-15__0009639.png,,2017-03-15,9440,9639,2017-03-03T08:00:00+00:00,2017-03-15T22:00:00+00:00,,,,,,,,,,,,,No rule-based candidate at this daily endpoint,rule_candidate,pending
cup_and_handle__2017-03-16__0009662,cup_and_handle,0,no_pattern,neutral,0.0,,cup_and_handle/images/no_pattern/2017/03/cup_and_handle__2017-03-16__0009662.png,,2017-03-16,9463,9662,2017-03-06T08:00:00+00:00,2017-03-16T22:00:00+00:00,,,,,,,,,,,,,No rule-based candidate at this daily endpoint,rule_candidate,pending
cup_and_handle__2017-03-17__0009685,cup_and_handle,0,no_pattern,neutral,0.0,,cup_and_handle/images/no_pattern/2017/03/cup_and_handle__2017-03-17__0009685.png,,2017-03-17,9486,9685,2017-03-07T08:00:00+00:00,2017-03-17T22:00:00+00:00,,,,,,,,,,,,,No rule-based candidate at this daily endpoint,rule_candidate,pending
cup_and_handle__2017-03-20__0009708,cup_and_handle,1,confirmed,bullish,0.66,64.0,cup_and_handle/images/confirmed/2017/03/cup_and_handle__2017-03-20__0009708.png,,2017-03-20,9509,9708,2017-03-08T08:00:00+00:00,2017-03-20T22:00:00+00:00,9645.0,9708.0,2017-03-16T05:00:00+00:00,2017-03-20T22:00:00+00:00,9708.0,2017-03-20T22:00:00+00:00,1233.93,1223.55,1254.6900000000005,2.0,1231.6633333333332,1.6000000000000227,Cup and handle rounded base with shallow handle,rule_candidate,pending
cup_and_handle__2017-03-21__0009731,cup_and_handle,0,no_pattern,neutral,0.0,,cup_and_handle/images/no_pattern/2017/03/cup_and_handle__2017-03-21__0009731.png,,2017-03-21,9532,9731,2017-03-09T08:00:00+00:00,2017-03-21T22:00:00+00:00,,,,,,,,,,,,,No rule-based candidate at this daily endpoint,rule_candidate,pending
cup_and_handle__2017-03-22__0009754,cup_and_handle,1,confirmed,bullish,0.66,64.0,cup_and_handle/images/confirmed/2017/03/cup_and_handle__2017-03-22__0009754.png,,2017-03-22,9555,9754,2017-03-10T08:00:00+00:00,2017-03-22T22:00:00+00:00,9691.0,9754.0,2017-03-20T05:00:00+00:00,2017-03-22T22:00:00+00:00,9754.0,2017-03-22T22:00:00+00:00,1248.69,1227.2535714285714,1291.5628571428574,2.0,1245.0444444444445,2.3457142857142634,Cup and handle rounded base with shallow handle,rule_candidate,pending
cup_and_handle__2017-03-23__0009777,cup_and_handle,0,no_pattern,neutral,0.0,,cup_and_handle/images/no_pattern/2017/03/cup_and_handle__2017-03-23__0009777.png,,2017-03-23,9578,9777,2017-03-13T07:00:00+00:00,2017-03-23T22:00:00+00:00,,,,,,,,,,,,,No rule-based candidate at this daily endpoint,rule_candidate,pending
cup_and_handle__2017-03-24__0009800,cup_and_handle,0,no_pattern,neutral,0.0,,cup_and_handle/images/no_pattern/2017/03/cup_and_handle__2017-03-24__0009800.png,,2017-03-24,9601,9800,2017-03-14T07:00:00+00:00,2017-03-24T22:00:00+00:00,,,,,,,,,,,,,No rule-based candidate at this daily endpoint,rule_candidate,pending
cup_and_handle__2017-03-27__0009823,cup_and_handle,0,no_pattern,neutral,0.0,,cup_and_handle/images/no_pattern/2017/03/cup_and_handle__2017-03-27__0009823.png,,2017-03-27,9624,9823,2017-03-15T07:00:00+00:00,2017-03-27T23:00:00+00:00,,,,,,,,,,,,,No rule-based candidate at this daily endpoint,rule_candidate,pending
cup_and_handle__2017-03-28__0009846,cup_and_handle,0,no_pattern,neutral,0.0,,cup_and_handle/images/no_pattern/2017/03/cup_and_handle__2017-03-28__0009846.png,,2017-03-28,9647,9846,2017-03-16T07:00:00+00:00,2017-03-28T23:00:00+00:00,,,,,,,,,,,,,No rule-based candidate at this daily endpoint,rule_candidate,pending
cup_and_handle__2017-03-29__0009869,cup_and_handle,0,no_pattern,neutral,0.0,,cup_and_handle/images/no_pattern/2017/03/cup_and_handle__2017-03-29__0009869.png,,2017-03-29,9670,9869,2017-03-17T07:00:00+00:00,2017-03-29T23:00:00+00:00,,,,,,,,,,,,,No rule-based candidate at this daily endpoint,rule_candidate,pending
cup_and_handle__2017-03-30__0009892,cup_and_handle,0,no_pattern,neutral,0.0,,cup_and_handle/images/no_pattern/2017/03/cup_and_handle__2017-03-30__0009892.png,,2017-03-30,9693,9892,2017-03-20T07:00:00+00:00,2017-03-30T23:00:00+00:00,,,,,,,,,,,,,No rule-based candidate at this daily endpoint,rule_candidate,pending
cup_and_handle__2017-03-31__0009915,cup_and_handle,0,no_pattern,neutral,0.0,,cup_and_handle/images/no_pattern/2017/03/cup_and_handle__2017-03-31__0009915.png,,2017-03-31,9716,9915,2017-03-21T07:00:00+00:00,2017-03-31T23:00:00+00:00,,,,,,,,,,,,,No rule-based candidate at this daily endpoint,rule_candidate,pending
cup_and_handle__2017-04-03__0009938,cup_and_handle,0,no_pattern,neutral,0.0,,cup_and_handle/images/no_pattern/2017/04/cup_and_handle__2017-04-03__0009938.png,,2017-04-03,9739,9938,2017-03-22T07:00:00+00:00,2017-04-03T23:00:00+00:00,,,,,,,,,,,,,No rule-based candidate at this daily endpoint,rule_candidate,pending
cup_and_handle__2017-04-04__0009961,cup_and_handle,0,no_pattern,neutral,0.0,,cup_and_handle/images/no_pattern/2017/04/cup_and_handle__2017-04-04__0009961.png,,2017-04-04,9762,9961,2017-03-23T07:00:00+00:00,2017-04-04T23:00:00+00:00,,,,,,,,,,,,,No rule-based candidate at this daily endpoint,rule_candidate,pending
cup_and_handle__2017-04-05__0009984,cup_and_handle,0,no_pattern,neutral,0.0,,cup_and_handle/images/no_pattern/2017/04/cup_and_handle__2017-04-05__0009984.png,,2017-04-05,9785,9984,2017-03-24T07:00:00+00:00,2017-04-05T23:00:00+00:00,,,,,,,,,,,,,No rule-based candidate at this daily endpoint,rule_candidate,pending
cup_and_handle__2017-04-06__0010007,cup_and_handle,0,no_pattern,neutral,0.0,,cup_and_handle/images/no_pattern/2017/04/cup_and_handle__2017-04-06__0010007.png,,2017-04-06,9808,10007,2017-03-27T08:00:00+00:00,2017-04-06T23:00:00+00:00,,,,,,,,,,,,,No rule-based candidate at this daily endpoint,rule_candidate,pending
cup_and_handle__2017-04-07__0010030,cup_and_handle,0,no_pattern,neutral,0.0,,cup_and_handle/images/no_pattern/2017/04/cup_and_handle__2017-04-07__0010030.png,,2017-04-07,9831,10030,2017-03-28T08:00:00+00:00,2017-04-07T23:00:00+00:00,,,,,,,,,,,,,No rule-based candidate at this daily endpoint,rule_candidate,pending
cup_and_handle__2017-04-10__0010053,cup_and_handle,0,no_pattern,neutral,0.0,,cup_and_handle/images/no_pattern/2017/04/cup_and_handle__2017-04-10__0010053.png,,2017-04-10,9854,10053,2017-03-29T08:00:00+00:00,2017-04-10T23:00:00+00:00,,,,,,,,,,,,,No rule-based candidate at this daily endpoint,rule_candidate,pending
cup_and_handle__2017-04-11__0010076,cup_and_handle,0,no_pattern,neutral,0.0,,cup_and_handle/images/no_pattern/2017/04/cup_and_handle__2017-04-11__0010076.png,,2017-04-11,9877,10076,2017-03-30T08:00:00+00:00,2017-04-11T23:00:00+00:00,,,,,,,,,,,,,No rule-based candidate at this daily endpoint,rule_candidate,pending
cup_and_handle__2017-04-12__0010099,cup_and_handle,0,no_pattern,neutral,0.0,,cup_and_handle/images/no_pattern/2017/04/cup_and_handle__2017-04-12__0010099.png,,2017-04-12,9900,10099,2017-03-31T08:00:00+00:00,2017-04-12T23:00:00+00:00,,,,,,,,,,,,,No rule-based candidate at this daily endpoint,rule_candidate,pending
cup_and_handle__2017-04-13__0010122,cup_and_handle,1,confirmed,bullish,0.66,48.0,cup_and_handle/images/confirmed/2017/04/cup_and_handle__2017-04-13__0010122.png,,2017-04-13,9923,10122,2017-04-03T08:00:00+00:00,2017-04-13T23:00:00+00:00,10075.0,10122.0,2017-04-11T22:00:00+00:00,2017-04-13T23:00:00+00:00,10122.0,2017-04-13T23:00:00+00:00,1286.99,1271.8394642857145,1317.2910714285715,2.0,1285.4842857142855,2.442142857142861,Cup and handle rounded base with shallow handle,rule_candidate,pending
cup_and_handle__2017-04-17__0010145,cup_and_handle,0,no_pattern,neutral,0.0,,cup_and_handle/images/no_pattern/2017/04/cup_and_handle__2017-04-17__0010145.png,,2017-04-17,9946,10145,2017-04-04T08:00:00+00:00,2017-04-17T23:00:00+00:00,,,,,,,,,,,,,No rule-based candidate at this daily endpoint,rule_candidate,pending
cup_and_handle__2017-04-18__0010168,cup_and_handle,0,no_pattern,neutral,0.0,,cup_and_handle/images/no_pattern/2017/04/cup_and_handle__2017-04-18__0010168.png,,2017-04-18,9969,10168,2017-04-05T08:00:00+00:00,2017-04-18T23:00:00+00:00,,,,,,,,,,,,,No rule-based candidate at this daily endpoint,rule_candidate,pending
cup_and_handle__2017-04-19__0010191,cup_and_handle,0,no_pattern,neutral,0.0,,cup_and_handle/images/no_pattern/2017/04/cup_and_handle__2017-04-19__0010191.png,,2017-04-19,9992,10191,2017-04-06T08:00:00+00:00,2017-04-19T23:00:00+00:00,,,,,,,,,,,,,No rule-based candidate at this daily endpoint,rule_candidate,pending
cup_and_handle__2017-04-20__0010214,cup_and_handle,0,no_pattern,neutral,0.0,,cup_and_handle/images/no_pattern/2017/04/cup_and_handle__2017-04-20__0010214.png,,2017-04-20,10015,10214,2017-04-07T08:00:00+00:00,2017-04-20T23:00:00+00:00,,,,,,,,,,,,,No rule-based candidate at this daily endpoint,rule_candidate,pending
cup_and_handle__2017-04-21__0010237,cup_and_handle,0,no_pattern,neutral,0.0,,cup_and_handle/images/no_pattern/2017/04/cup_and_handle__2017-04-21__0010237.png,,2017-04-21,10038,10237,2017-04-10T08:00:00+00:00,2017-04-21T23:00:00+00:00,,,,,,,,,,,,,No rule-based candidate at this daily endpoint,rule_candidate,pending
cup_and_handle__2017-04-24__0010260,cup_and_handle,0,no_pattern,neutral,0.0,,cup_and_handle/images/no_pattern/2017/04/cup_and_handle__2017-04-24__0010260.png,,2017-04-24,10061,10260,2017-04-11T08:00:00+00:00,2017-04-24T23:00:00+00:00,,,,,,,,,,,,,No rule-based candidate at this daily endpoint,rule_candidate,pending
cup_and_handle__2017-04-25__0010283,cup_and_handle,0,no_pattern,neutral,0.0,,cup_and_handle/images/no_pattern/2017/04/cup_and_handle__2017-04-25__0010283.png,,2017-04-25,10084,10283,2017-04-12T08:00:00+00:00,2017-04-25T23:00:00+00:00,,,,,,,,,,,,,No rule-based candidate at this daily endpoint,rule_candidate,pending
cup_and_handle__2017-04-26__0010306,cup_and_handle,0,no_pattern,neutral,0.0,,cup_and_handle/images/no_pattern/2017/04/cup_and_handle__2017-04-26__0010306.png,,2017-04-26,10107,10306,2017-04-13T08:00:00+00:00,2017-04-26T23:00:00+00:00,,,,,,,,,,,,,No rule-based candidate at this daily endpoint,rule_candidate,pending
cup_and_handle__2017-04-27__0010329,cup_and_handle,0,no_pattern,neutral,0.0,,cup_and_handle/images/no_pattern/2017/04/cup_and_handle__2017-04-27__0010329.png,,2017-04-27,10130,10329,2017-04-17T08:00:00+00:00,2017-04-27T23:00:00+00:00,,,,,,,,,,,,,No rule-based candidate at this daily endpoint,rule_candidate,pending
cup_and_handle__2017-04-28__0010352,cup_and_handle,0,no_pattern,neutral,0.0,,cup_and_handle/images/no_pattern/2017/04/cup_and_handle__2017-04-28__0010352.png,,2017-04-28,10153,10352,2017-04-18T08:00:00+00:00,2017-04-28T23:00:00+00:00,,,,,,,,,,,,,No rule-based candidate at this daily endpoint,rule_candidate,pending
cup_and_handle__2017-05-01__0010375,cup_and_handle,0,no_pattern,neutral,0.0,,cup_and_handle/images/no_pattern/2017/05/cup_and_handle__2017-05-01__0010375.png,,2017-05-01,10176,10375,2017-04-19T08:00:00+00:00,2017-05-01T23:00:00+00:00,,,,,,,,,,,,,No rule-based candidate at this daily endpoint,rule_candidate,pending
cup_and_handle__2017-05-02__0010398,cup_and_handle,0,no_pattern,neutral,0.0,,cup_and_handle/images/no_pattern/2017/05/cup_and_handle__2017-05-02__0010398.png,,2017-05-02,10199,10398,2017-04-20T08:00:00+00:00,2017-05-02T23:00:00+00:00,,,,,,,,,,,,,No rule-based candidate at this daily endpoint,rule_candidate,pending
cup_and_handle__2017-05-03__0010421,cup_and_handle,0,no_pattern,neutral,0.0,,cup_and_handle/images/no_pattern/2017/05/cup_and_handle__2017-05-03__0010421.png,,2017-05-03,10222,10421,2017-04-21T08:00:00+00:00,2017-05-03T23:00:00+00:00,,,,,,,,,,,,,No rule-based candidate at this daily endpoint,rule_candidate,pending
cup_and_handle__2017-05-04__0010444,cup_and_handle,0,no_pattern,neutral,0.0,,cup_and_handle/images/no_pattern/2017/05/cup_and_handle__2017-05-04__0010444.png,,2017-05-04,10245,10444,2017-04-24T08:00:00+00:00,2017-05-04T23:00:00+00:00,,,,,,,,,,,,,No rule-based candidate at this daily endpoint,rule_candidate,pending
cup_and_handle__2017-05-05__0010467,cup_and_handle,0,no_pattern,neutral,0.0,,cup_and_handle/images/no_pattern/2017/05/cup_and_handle__2017-05-05__0010467.png,,2017-05-05,10268,10467,2017-04-25T08:00:00+00:00,2017-05-05T23:00:00+00:00,,,,,,,,,,,,,No rule-based candidate at this daily endpoint,rule_candidate,pending
cup_and_handle__2017-05-08__0010490,cup_and_handle,0,no_pattern,neutral,0.0,,cup_and_handle/images/no_pattern/2017/05/cup_and_handle__2017-05-08__0010490.png,,2017-05-08,10291,10490,2017-04-26T08:00:00+00:00,2017-05-08T23:00:00+00:00,,,,,,,,,,,,,No rule-based candidate at this daily endpoint,rule_candidate,pending
cup_and_handle__2017-05-09__0010513,cup_and_handle,0,no_pattern,neutral,0.0,,cup_and_handle/images/no_pattern/2017/05/cup_and_handle__2017-05-09__0010513.png,,2017-05-09,10314,10513,2017-04-27T08:00:00+00:00,2017-05-09T23:00:00+00:00,,,,,,,,,,,,,No rule-based candidate at this daily endpoint,rule_candidate,pending
cup_and_handle__2017-05-10__0010536,cup_and_handle,0,no_pattern,neutral,0.0,,cup_and_handle/images/no_pattern/2017/05/cup_and_handle__2017-05-10__0010536.png,,2017-05-10,10337,10536,2017-04-28T08:00:00+00:00,2017-05-10T23:00:00+00:00,,,,,,,,,,,,,No rule-based candidate at this daily endpoint,rule_candidate,pending
cup_and_handle__2017-05-11__0010559,cup_and_handle,0,no_pattern,neutral,0.0,,cup_and_handle/images/no_pattern/2017/05/cup_and_handle__2017-05-11__0010559.png,,2017-05-11,10360,10559,2017-05-01T08:00:00+00:00,2017-05-11T23:00:00+00:00,,,,,,,,,,,,,No rule-based candidate at this daily endpoint,rule_candidate,pending
cup_and_handle__2017-05-12__0010582,cup_and_handle,0,no_pattern,neutral,0.0,,cup_and_handle/images/no_pattern/2017/05/cup_and_handle__2017-05-12__0010582.png,,2017-05-12,10383,10582,2017-05-02T08:00:00+00:00,2017-05-12T23:00:00+00:00,,,,,,,,,,,,,No rule-based candidate at this daily endpoint,rule_candidate,pending
cup_and_handle__2017-05-15__0010605,cup_and_handle,0,no_pattern,neutral,0.0,,cup_and_handle/images/no_pattern/2017/05/cup_and_handle__2017-05-15__0010605.png,,2017-05-15,10406,10605,2017-05-03T08:00:00+00:00,2017-05-15T23:00:00+00:00,,,,,,,,,,,,,No rule-based candidate at this daily endpoint,rule_candidate,pending
cup_and_handle__2017-05-16__0010628,cup_and_handle,0,no_pattern,neutral,0.0,,cup_and_handle/images/no_pattern/2017/05/cup_and_handle__2017-05-16__0010628.png,,2017-05-16,10429,10628,2017-05-04T08:00:00+00:00,2017-05-16T23:00:00+00:00,,,,,,,,,,,,,No rule-based candidate at this daily endpoint,rule_candidate,pending
cup_and_handle__2017-05-17__0010651,cup_and_handle,0,no_pattern,neutral,0.0,,cup_and_handle/images/no_pattern/2017/05/cup_and_handle__2017-05-17__0010651.png,,2017-05-17,10452,10651,2017-05-05T08:00:00+00:00,2017-05-17T23:00:00+00:00,,,,,,,,,,,,,No rule-based candidate at this daily endpoint,rule_candidate,pending
cup_and_handle__2017-05-18__0010674,cup_and_handle,0,no_pattern,neutral,0.0,,cup_and_handle/images/no_pattern/2017/05/cup_and_handle__2017-05-18__0010674.png,,2017-05-18,10475,10674,2017-05-08T08:00:00+00:00,2017-05-18T23:00:00+00:00,,,,,,,,,,,,,No rule-based candidate at this daily endpoint,rule_candidate,pending
cup_and_handle__2017-05-19__0010697,cup_and_handle,0,no_pattern,neutral,0.0,,cup_and_handle/images/no_pattern/2017/05/cup_and_handle__2017-05-19__0010697.png,,2017-05-19,10498,10697,2017-05-09T08:00:00+00:00,2017-05-19T23:00:00+00:00,,,,,,,,,,,,,No rule-based candidate at this daily endpoint,rule_candidate,pending
cup_and_handle__2017-05-22__0010720,cup_and_handle,0,no_pattern,neutral,0.0,,cup_and_handle/images/no_pattern/2017/05/cup_and_handle__2017-05-22__0010720.png,,2017-05-22,10521,10720,2017-05-10T08:00:00+00:00,2017-05-22T23:00:00+00:00,,,,,,,,,,,,,No rule-based candidate at this daily endpoint,rule_candidate,pending
cup_and_handle__2017-05-23__0010743,cup_and_handle,0,no_pattern,neutral,0.0,,cup_and_handle/images/no_pattern/2017/05/cup_and_handle__2017-05-23__0010743.png,,2017-05-23,10544,10743,2017-05-11T08:00:00+00:00,2017-05-23T23:00:00+00:00,,,,,,,,,,,,,No rule-based candidate at this daily endpoint,rule_candidate,pending
cup_and_handle__2017-05-24__0010766,cup_and_handle,0,no_pattern,neutral,0.0,,cup_and_handle/images/no_pattern/2017/05/cup_and_handle__2017-05-24__0010766.png,,2017-05-24,10567,10766,2017-05-12T08:00:00+00:00,2017-05-24T23:00:00+00:00,,,,,,,,,,,,,No rule-based candidate at this daily endpoint,rule_candidate,pending
cup_and_handle__2017-05-25__0010789,cup_and_handle,0,no_pattern,neutral,0.0,,cup_and_handle/images/no_pattern/2017/05/cup_and_handle__2017-05-25__0010789.png,,2017-05-25,10590,10789,2017-05-15T08:00:00+00:00,2017-05-25T23:00:00+00:00,,,,,,,,,,,,,No rule-based candidate at this daily endpoint,rule_candidate,pending
cup_and_handle__2017-05-26__0010812,cup_and_handle,0,no_pattern,neutral,0.0,,cup_and_handle/images/no_pattern/2017/05/cup_and_handle__2017-05-26__0010812.png,,2017-05-26,10613,10812,2017-05-16T08:00:00+00:00,2017-05-26T23:00:00+00:00,,,,,,,,,,,,,No rule-based candidate at this daily endpoint,rule_candidate,pending
cup_and_handle__2017-05-29__0010831,cup_and_handle,1,forming,bullish,0.54,64.0,cup_and_handle/images/forming/2017/05/cup_and_handle__2017-05-29__0010831.png,,2017-05-29,10632,10831,2017-05-17T04:00:00+00:00,2017-05-29T19:00:00+00:00,10768.0,10831.0,2017-05-25T02:00:00+00:00,2017-05-29T19:00:00+00:00,,,1267.3855555555556,1254.3491071428573,1293.4584523809522,2.0,1267.3855555555556,1.1235714285714136,Cup and handle rounded base with shallow handle,rule_candidate,pending
cup_and_handle__2017-05-30__0010854,cup_and_handle,0,no_pattern,neutral,0.0,,cup_and_handle/images/no_pattern/2017/05/cup_and_handle__2017-05-30__0010854.png,,2017-05-30,10655,10854,2017-05-18T04:00:00+00:00,2017-05-30T23:00:00+00:00,,,,,,,,,,,,,No rule-based candidate at this daily endpoint,rule_candidate,pending
cup_and_handle__2017-05-31__0010877,cup_and_handle,0,no_pattern,neutral,0.0,,cup_and_handle/images/no_pattern/2017/05/cup_and_handle__2017-05-31__0010877.png,,2017-05-31,10678,10877,2017-05-19T04:00:00+00:00,2017-05-31T23:00:00+00:00,,,,,,,,,,,,,No rule-based candidate at this daily endpoint,rule_candidate,pending
cup_and_handle__2017-06-01__0010900,cup_and_handle,0,no_pattern,neutral,0.0,,cup_and_handle/images/no_pattern/2017/06/cup_and_handle__2017-06-01__0010900.png,,2017-06-01,10701,10900,2017-05-22T04:00:00+00:00,2017-06-01T23:00:00+00:00,,,,,,,,,,,,,No rule-based candidate at this daily endpoint,rule_candidate,pending
cup_and_handle__2017-06-02__0010923,cup_and_handle,0,no_pattern,neutral,0.0,,cup_and_handle/images/no_pattern/2017/06/cup_and_handle__2017-06-02__0010923.png,,2017-06-02,10724,10923,2017-05-23T04:00:00+00:00,2017-06-02T23:00:00+00:00,,,,,,,,,,,,,No rule-based candidate at this daily endpoint,rule_candidate,pending
cup_and_handle__2017-06-05__0010946,cup_and_handle,1,confirmed,bullish,0.66,80.0,cup_and_handle/images/confirmed/2017/06/cup_and_handle__2017-06-05__0010946.png,,2017-06-05,10747,10946,2017-05-24T04:00:00+00:00,2017-06-05T23:00:00+00:00,10867.0,10946.0,2017-05-31T13:00:00+00:00,2017-06-05T23:00:00+00:00,10946.0,2017-06-05T23:00:00+00:00,1279.3,1259.6648214285713,1318.5703571428571,2.0,1277.35,1.7807142857143066,Cup and handle rounded base with shallow handle,rule_candidate,pending
cup_and_handle__2017-06-06__0010969,cup_and_handle,0,no_pattern,neutral,0.0,,cup_and_handle/images/no_pattern/2017/06/cup_and_handle__2017-06-06__0010969.png,,2017-06-06,10770,10969,2017-05-25T04:00:00+00:00,2017-06-06T23:00:00+00:00,,,,,,,,,,,,,No rule-based candidate at this daily endpoint,rule_candidate,pending
cup_and_handle__2017-06-07__0010992,cup_and_handle,0,no_pattern,neutral,0.0,,cup_and_handle/images/no_pattern/2017/06/cup_and_handle__2017-06-07__0010992.png,,2017-06-07,10793,10992,2017-05-26T04:00:00+00:00,2017-06-07T23:00:00+00:00,,,,,,,,,,,,,No rule-based candidate at this daily endpoint,rule_candidate,pending
cup_and_handle__2017-06-08__0011015,cup_and_handle,0,no_pattern,neutral,0.0,,cup_and_handle/images/no_pattern/2017/06/cup_and_handle__2017-06-08__0011015.png,,2017-06-08,10816,11015,2017-05-29T04:00:00+00:00,2017-06-08T23:00:00+00:00,,,,,,,,,,,,,No rule-based candidate at this daily endpoint,rule_candidate,pending
cup_and_handle__2017-06-09__0011038,cup_and_handle,0,no_pattern,neutral,0.0,,cup_and_handle/images/no_pattern/2017/06/cup_and_handle__2017-06-09__0011038.png,,2017-06-09,10839,11038,2017-05-30T08:00:00+00:00,2017-06-09T23:00:00+00:00,,,,,,,,,,,,,No rule-based candidate at this daily endpoint,rule_candidate,pending
cup_and_handle__2017-06-12__0011061,cup_and_handle,0,no_pattern,neutral,0.0,,cup_and_handle/images/no_pattern/2017/06/cup_and_handle__2017-06-12__0011061.png,,2017-06-12,10862,11061,2017-05-31T08:00:00+00:00,2017-06-12T23:00:00+00:00,,,,,,,,,,,,,No rule-based candidate at this daily endpoint,rule_candidate,pending
cup_and_handle__2017-06-13__0011084,cup_and_handle,0,no_pattern,neutral,0.0,,cup_and_handle/images/no_pattern/2017/06/cup_and_handle__2017-06-13__0011084.png,,2017-06-13,10885,11084,2017-06-01T08:00:00+00:00,2017-06-13T23:00:00+00:00,,,,,,,,,,,,,No rule-based candidate at this daily endpoint,rule_candidate,pending
cup_and_handle__2017-06-14__0011107,cup_and_handle,0,no_pattern,neutral,0.0,,cup_and_handle/images/no_pattern/2017/06/cup_and_handle__2017-06-14__0011107.png,,2017-06-14,10908,11107,2017-06-02T08:00:00+00:00,2017-06-14T23:00:00+00:00,,,,,,,,,,,,,No rule-based candidate at this daily endpoint,rule_candidate,pending
cup_and_handle__2017-06-15__0011130,cup_and_handle,0,no_pattern,neutral,0.0,,cup_and_handle/images/no_pattern/2017/06/cup_and_handle__2017-06-15__0011130.png,,2017-06-15,10931,11130,2017-06-05T08:00:00+00:00,2017-06-15T23:00:00+00:00,,,,,,,,,,,,,No rule-based candidate at this daily endpoint,rule_candidate,pending
cup_and_handle__2017-06-16__0011153,cup_and_handle,0,no_pattern,neutral,0.0,,cup_and_handle/images/no_pattern/2017/06/cup_and_handle__2017-06-16__0011153.png,,2017-06-16,10954,11153,2017-06-06T08:00:00+00:00,2017-06-16T23:00:00+00:00,,,,,,,,,,,,,No rule-based candidate at this daily endpoint,rule_candidate,pending
cup_and_handle__2017-06-19__0011176,cup_and_handle,0,no_pattern,neutral,0.0,,cup_and_handle/images/no_pattern/2017/06/cup_and_handle__2017-06-19__0011176.png,,2017-06-19,10977,11176,2017-06-07T08:00:00+00:00,2017-06-19T23:00:00+00:00,,,,,,,,,,,,,No rule-based candidate at this daily endpoint,rule_candidate,pending
cup_and_handle__2017-06-20__0011199,cup_and_handle,0,no_pattern,neutral,0.0,,cup_and_handle/images/no_pattern/2017/06/cup_and_handle__2017-06-20__0011199.png,,2017-06-20,11000,11199,2017-06-08T08:00:00+00:00,2017-06-20T23:00:00+00:00,,,,,,,,,,,,,No rule-based candidate at this daily endpoint,rule_candidate,pending
cup_and_handle__2017-06-21__0011222,cup_and_handle,0,no_pattern,neutral,0.0,,cup_and_handle/images/no_pattern/2017/06/cup_and_handle__2017-06-21__0011222.png,,2017-06-21,11023,11222,2017-06-09T08:00:00+00:00,2017-06-21T23:00:00+00:00,,,,,,,,,,,,,No rule-based candidate at this daily endpoint,rule_candidate,pending
cup_and_handle__2017-06-22__0011245,cup_and_handle,0,no_pattern,neutral,0.0,,cup_and_handle/images/no_pattern/2017/06/cup_and_handle__2017-06-22__0011245.png,,2017-06-22,11046,11245,2017-06-12T08:00:00+00:00,2017-06-22T23:00:00+00:00,,,,,,,,,,,,,No rule-based candidate at this daily endpoint,rule_candidate,pending
cup_and_handle__2017-06-23__0011268,cup_and_handle,0,no_pattern,neutral,0.0,,cup_and_handle/images/no_pattern/2017/06/cup_and_handle__2017-06-23__0011268.png,,2017-06-23,11069,11268,2017-06-13T08:00:00+00:00,2017-06-23T23:00:00+00:00,,,,,,,,,,,,,No rule-based candidate at this daily endpoint,rule_candidate,pending
cup_and_handle__2017-06-26__0011291,cup_and_handle,0,no_pattern,neutral,0.0,,cup_and_handle/images/no_pattern/2017/06/cup_and_handle__2017-06-26__0011291.png,,2017-06-26,11092,11291,2017-06-14T08:00:00+00:00,2017-06-26T23:00:00+00:00,,,,,,,,,,,,,No rule-based candidate at this daily endpoint,rule_candidate,pending
cup_and_handle__2017-06-27__0011314,cup_and_handle,0,no_pattern,neutral,0.0,,cup_and_handle/images/no_pattern/2017/06/cup_and_handle__2017-06-27__0011314.png,,2017-06-27,11115,11314,2017-06-15T08:00:00+00:00,2017-06-27T23:00:00+00:00,,,,,,,,,,,,,No rule-based candidate at this daily endpoint,rule_candidate,pending
cup_and_handle__2017-06-28__0011337,cup_and_handle,1,forming,bullish,0.54,64.0,cup_and_handle/images/forming/2017/06/cup_and_handle__2017-06-28__0011337.png,,2017-06-28,11138,11337,2017-06-16T08:00:00+00:00,2017-06-28T23:00:00+00:00,11274.0,11337.0,2017-06-26T06:00:00+00:00,2017-06-28T23:00:00+00:00,,,1249.898888888889,1240.8205357142858,1268.055595238095,2.0,1249.898888888889,2.2778571428571337,Cup and handle rounded base with shallow handle,rule_candidate,pending
cup_and_handle__2017-06-29__0011360,cup_and_handle,0,no_pattern,neutral,0.0,,cup_and_handle/images/no_pattern/2017/06/cup_and_handle__2017-06-29__0011360.png,,2017-06-29,11161,11360,2017-06-19T08:00:00+00:00,2017-06-29T23:00:00+00:00,,,,,,,,,,,,,No rule-based candidate at this daily endpoint,rule_candidate,pending
cup_and_handle__2017-06-30__0011383,cup_and_handle,0,no_pattern,neutral,0.0,,cup_and_handle/images/no_pattern/2017/06/cup_and_handle__2017-06-30__0011383.png,,2017-06-30,11184,11383,2017-06-20T08:00:00+00:00,2017-06-30T23:00:00+00:00,,,,,,,,,,,,,No rule-based candidate at this daily endpoint,rule_candidate,pending
cup_and_handle__2017-07-03__0011406,cup_and_handle,0,no_pattern,neutral,0.0,,cup_and_handle/images/no_pattern/2017/07/cup_and_handle__2017-07-03__0011406.png,,2017-07-03,11207,11406,2017-06-21T08:00:00+00:00,2017-07-03T23:00:00+00:00,,,,,,,,,,,,,No rule-based candidate at this daily endpoint,rule_candidate,pending
cup_and_handle__2017-07-04__0011425,cup_and_handle,0,no_pattern,neutral,0.0,,cup_and_handle/images/no_pattern/2017/07/cup_and_handle__2017-07-04__0011425.png,,2017-07-04,11226,11425,2017-06-22T04:00:00+00:00,2017-07-04T19:00:00+00:00,,,,,,,,,,,,,No rule-based candidate at this daily endpoint,rule_candidate,pending
cup_and_handle__2017-07-05__0011448,cup_and_handle,0,no_pattern,neutral,0.0,,cup_and_handle/images/no_pattern/2017/07/cup_and_handle__2017-07-05__0011448.png,,2017-07-05,11249,11448,2017-06-23T04:00:00+00:00,2017-07-05T23:00:00+00:00,,,,,,,,,,,,,No rule-based candidate at this daily endpoint,rule_candidate,pending
cup_and_handle__2017-07-06__0011471,cup_and_handle,1,forming,bullish,0.54,48.0,cup_and_handle/images/forming/2017/07/cup_and_handle__2017-07-06__0011471.png,,2017-07-06,11272,11471,2017-06-26T04:00:00+00:00,2017-07-06T23:00:00+00:00,11424.0,11471.0,2017-07-04T18:00:00+00:00,2017-07-06T23:00:00+00:00,,,1225.55,1217.544107142857,1241.561785714286,2.0,1225.55,2.063571428571436,Cup and handle rounded base with shallow handle,rule_candidate,pending
cup_and_handle__2017-07-07__0011494,cup_and_handle,0,no_pattern,neutral,0.0,,cup_and_handle/images/no_pattern/2017/07/cup_and_handle__2017-07-07__0011494.png,,2017-07-07,11295,11494,2017-06-27T04:00:00+00:00,2017-07-07T23:00:00+00:00,,,,,,,,,,,,,No rule-based candidate at this daily endpoint,rule_candidate,pending
cup_and_handle__2017-07-10__0011517,cup_and_handle,0,no_pattern,neutral,0.0,,cup_and_handle/images/no_pattern/2017/07/cup_and_handle__2017-07-10__0011517.png,,2017-07-10,11318,11517,2017-06-28T04:00:00+00:00,2017-07-10T23:00:00+00:00,,,,,,,,,,,,,No rule-based candidate at this daily endpoint,rule_candidate,pending
cup_and_handle__2017-07-11__0011540,cup_and_handle,0,no_pattern,neutral,0.0,,cup_and_handle/images/no_pattern/2017/07/cup_and_handle__2017-07-11__0011540.png,,2017-07-11,11341,11540,2017-06-29T04:00:00+00:00,2017-07-11T23:00:00+00:00,,,,,,,,,,,,,No rule-based candidate at this daily endpoint,rule_candidate,pending
cup_and_handle__2017-07-12__0011563,cup_and_handle,0,no_pattern,neutral,0.0,,cup_and_handle/images/no_pattern/2017/07/cup_and_handle__2017-07-12__0011563.png,,2017-07-12,11364,11563,2017-06-30T04:00:00+00:00,2017-07-12T23:00:00+00:00,,,,,,,,,,,,,No rule-based candidate at this daily endpoint,rule_candidate,pending
cup_and_handle__2017-07-13__0011586,cup_and_handle,1,forming,bullish,0.54,120.0,cup_and_handle/images/forming/2017/07/cup_and_handle__2017-07-13__0011586.png,,2017-07-13,11387,11586,2017-07-03T04:00:00+00:00,2017-07-13T23:00:00+00:00,11467.0,11586.0,2017-07-06T19:00:00+00:00,2017-07-13T23:00:00+00:00,,,1222.2288888888888,1206.030178571429,1254.6263095238091,2.0,1222.2288888888888,1.8792857142856776,Cup and handle rounded base with shallow handle,rule_candidate,pending
cup_and_handle__2017-07-14__0011609,cup_and_handle,0,no_pattern,neutral,0.0,,cup_and_handle/images/no_pattern/2017/07/cup_and_handle__2017-07-14__0011609.png,,2017-07-14,11410,11609,2017-07-04T04:00:00+00:00,2017-07-14T23:00:00+00:00,,,,,,,,,,,,,No rule-based candidate at this daily endpoint,rule_candidate,pending
cup_and_handle__2017-07-17__0011632,cup_and_handle,1,confirmed,bullish,0.66,64.0,cup_and_handle/images/confirmed/2017/07/cup_and_handle__2017-07-17__0011632.png,,2017-07-17,11433,11632,2017-07-05T08:00:00+00:00,2017-07-17T23:00:00+00:00,11569.0,11632.0,2017-07-13T06:00:00+00:00,2017-07-17T23:00:00+00:00,11632.0,2017-07-17T23:00:00+00:00,1233.78,1215.4857142857145,1270.3685714285714,2.0,1230.1744444444444,1.7371428571428689,Cup and handle rounded base with shallow handle,rule_candidate,pending
cup_and_handle__2017-07-18__0011655,cup_and_handle,0,no_pattern,neutral,0.0,,cup_and_handle/images/no_pattern/2017/07/cup_and_handle__2017-07-18__0011655.png,,2017-07-18,11456,11655,2017-07-06T08:00:00+00:00,2017-07-18T23:00:00+00:00,,,,,,,,,,,,,No rule-based candidate at this daily endpoint,rule_candidate,pending
cup_and_handle__2017-07-19__0011678,cup_and_handle,0,no_pattern,neutral,0.0,,cup_and_handle/images/no_pattern/2017/07/cup_and_handle__2017-07-19__0011678.png,,2017-07-19,11479,11678,2017-07-07T08:00:00+00:00,2017-07-19T23:00:00+00:00,,,,,,,,,,,,,No rule-based candidate at this daily endpoint,rule_candidate,pending
cup_and_handle__2017-07-20__0011701,cup_and_handle,0,no_pattern,neutral,0.0,,cup_and_handle/images/no_pattern/2017/07/cup_and_handle__2017-07-20__0011701.png,,2017-07-20,11502,11701,2017-07-10T08:00:00+00:00,2017-07-20T23:00:00+00:00,,,,,,,,,,,,,No rule-based candidate at this daily endpoint,rule_candidate,pending
cup_and_handle__2017-07-21__0011724,cup_and_handle,0,no_pattern,neutral,0.0,,cup_and_handle/images/no_pattern/2017/07/cup_and_handle__2017-07-21__0011724.png,,2017-07-21,11525,11724,2017-07-11T08:00:00+00:00,2017-07-21T23:00:00+00:00,,,,,,,,,,,,,No rule-based candidate at this daily endpoint,rule_candidate,pending
cup_and_handle__2017-07-24__0011747,cup_and_handle,0,no_pattern,neutral,0.0,,cup_and_handle/images/no_pattern/2017/07/cup_and_handle__2017-07-24__0011747.png,,2017-07-24,11548,11747,2017-07-12T08:00:00+00:00,2017-07-24T23:00:00+00:00,,,,,,,,,,,,,No rule-based candidate at this daily endpoint,rule_candidate,pending
cup_and_handle__2017-07-25__0011770,cup_and_handle,0,no_pattern,neutral,0.0,,cup_and_handle/images/no_pattern/2017/07/cup_and_handle__2017-07-25__0011770.png,,2017-07-25,11571,11770,2017-07-13T08:00:00+00:00,2017-07-25T23:00:00+00:00,,,,,,,,,,,,,No rule-based candidate at this daily endpoint,rule_candidate,pending
cup_and_handle__2017-07-26__0011793,cup_and_handle,0,no_pattern,neutral,0.0,,cup_and_handle/images/no_pattern/2017/07/cup_and_handle__2017-07-26__0011793.png,,2017-07-26,11594,11793,2017-07-14T08:00:00+00:00,2017-07-26T23:00:00+00:00,,,,,,,,,,,,,No rule-based candidate at this daily endpoint,rule_candidate,pending
cup_and_handle__2017-07-27__0011816,cup_and_handle,0,no_pattern,neutral,0.0,,cup_and_handle/images/no_pattern/2017/07/cup_and_handle__2017-07-27__0011816.png,,2017-07-27,11617,11816,2017-07-17T08:00:00+00:00,2017-07-27T23:00:00+00:00,,,,,,,,,,,,,No rule-based candidate at this daily endpoint,rule_candidate,pending
cup_and_handle__2017-07-28__0011839,cup_and_handle,0,no_pattern,neutral,0.0,,cup_and_handle/images/no_pattern/2017/07/cup_and_handle__2017-07-28__0011839.png,,2017-07-28,11640,11839,2017-07-18T08:00:00+00:00,2017-07-28T23:00:00+00:00,,,,,,,,,,,,,No rule-based candidate at this daily endpoint,rule_candidate,pending
cup_and_handle__2017-07-31__0011862,cup_and_handle,1,confirmed,bullish,0.66,64.0,cup_and_handle/images/confirmed/2017/07/cup_and_handle__2017-07-31__0011862.png,,2017-07-31,11663,11862,2017-07-19T08:00:00+00:00,2017-07-31T23:00:00+00:00,11799.0,11862.0,2017-07-27T06:00:00+00:00,2017-07-31T23:00:00+00:00,11862.0,2017-07-31T23:00:00+00:00,1269.24,1257.0610714285715,1293.597857142857,2.0,1268.9044444444444,1.6757142857143046,Cup and handle rounded base with shallow handle,rule_candidate,pending
cup_and_handle__2017-08-01__0011885,cup_and_handle,0,no_pattern,neutral,0.0,,cup_and_handle/images/no_pattern/2017/08/cup_and_handle__2017-08-01__0011885.png,,2017-08-01,11686,11885,2017-07-20T08:00:00+00:00,2017-08-01T23:00:00+00:00,,,,,,,,,,,,,No rule-based candidate at this daily endpoint,rule_candidate,pending
cup_and_handle__2017-08-02__0011908,cup_and_handle,0,no_pattern,neutral,0.0,,cup_and_handle/images/no_pattern/2017/08/cup_and_handle__2017-08-02__0011908.png,,2017-08-02,11709,11908,2017-07-21T08:00:00+00:00,2017-08-02T23:00:00+00:00,,,,,,,,,,,,,No rule-based candidate at this daily endpoint,rule_candidate,pending
cup_and_handle__2017-08-03__0011931,cup_and_handle,0,no_pattern,neutral,0.0,,cup_and_handle/images/no_pattern/2017/08/cup_and_handle__2017-08-03__0011931.png,,2017-08-03,11732,11931,2017-07-24T08:00:00+00:00,2017-08-03T23:00:00+00:00,,,,,,,,,,,,,No rule-based candidate at this daily endpoint,rule_candidate,pending
cup_and_handle__2017-08-04__0011954,cup_and_handle,0,no_pattern,neutral,0.0,,cup_and_handle/images/no_pattern/2017/08/cup_and_handle__2017-08-04__0011954.png,,2017-08-04,11755,11954,2017-07-25T08:00:00+00:00,2017-08-04T23:00:00+00:00,,,,,,,,,,,,,No rule-based candidate at this daily endpoint,rule_candidate,pending
cup_and_handle__2017-08-07__0011977,cup_and_handle,0,no_pattern,neutral,0.0,,cup_and_handle/images/no_pattern/2017/08/cup_and_handle__2017-08-07__0011977.png,,2017-08-07,11778,11977,2017-07-26T08:00:00+00:00,2017-08-07T23:00:00+00:00,,,,,,,,,,,,,No rule-based candidate at this daily endpoint,rule_candidate,pending
cup_and_handle__2017-08-08__0012000,cup_and_handle,0,no_pattern,neutral,0.0,,cup_and_handle/images/no_pattern/2017/08/cup_and_handle__2017-08-08__0012000.png,,2017-08-08,11801,12000,2017-07-27T08:00:00+00:00,2017-08-08T23:00:00+00:00,,,,,,,,,,,,,No rule-based candidate at this daily endpoint,rule_candidate,pending
cup_and_handle__2017-08-09__0012023,cup_and_handle,0,no_pattern,neutral,0.0,,cup_and_handle/images/no_pattern/2017/08/cup_and_handle__2017-08-09__0012023.png,,2017-08-09,11824,12023,2017-07-28T08:00:00+00:00,2017-08-09T23:00:00+00:00,,,,,,,,,,,,,No rule-based candidate at this daily endpoint,rule_candidate,pending
cup_and_handle__2017-08-10__0012046,cup_and_handle,0,no_pattern,neutral,0.0,,cup_and_handle/images/no_pattern/2017/08/cup_and_handle__2017-08-10__0012046.png,,2017-08-10,11847,12046,2017-07-31T08:00:00+00:00,2017-08-10T23:00:00+00:00,,,,,,,,,,,,,No rule-based candidate at this daily endpoint,rule_candidate,pending
cup_and_handle__2017-08-11__0012069,cup_and_handle,0,no_pattern,neutral,0.0,,cup_and_handle/images/no_pattern/2017/08/cup_and_handle__2017-08-11__0012069.png,,2017-08-11,11870,12069,2017-08-01T08:00:00+00:00,2017-08-11T23:00:00+00:00,,,,,,,,,,,,,No rule-based candidate at this daily endpoint,rule_candidate,pending
cup_and_handle__2017-08-14__0012092,cup_and_handle,0,no_pattern,neutral,0.0,,cup_and_handle/images/no_pattern/2017/08/cup_and_handle__2017-08-14__0012092.png,,2017-08-14,11893,12092,2017-08-02T08:00:00+00:00,2017-08-14T23:00:00+00:00,,,,,,,,,,,,,No rule-based candidate at this daily endpoint,rule_candidate,pending
cup_and_handle__2017-08-15__0012115,cup_and_handle,0,no_pattern,neutral,0.0,,cup_and_handle/images/no_pattern/2017/08/cup_and_handle__2017-08-15__0012115.png,,2017-08-15,11916,12115,2017-08-03T08:00:00+00:00,2017-08-15T23:00:00+00:00,,,,,,,,,,,,,No rule-based candidate at this daily endpoint,rule_candidate,pending
cup_and_handle__2017-08-16__0012138,cup_and_handle,0,no_pattern,neutral,0.0,,cup_and_handle/images/no_pattern/2017/08/cup_and_handle__2017-08-16__0012138.png,,2017-08-16,11939,12138,2017-08-04T08:00:00+00:00,2017-08-16T23:00:00+00:00,,,,,,,,,,,,,No rule-based candidate at this daily endpoint,rule_candidate,pending
cup_and_handle__2017-08-17__0012161,cup_and_handle,1,confirmed,bullish,0.66,64.0,cup_and_handle/images/confirmed/2017/08/cup_and_handle__2017-08-17__0012161.png,,2017-08-17,11962,12161,2017-08-07T08:00:00+00:00,2017-08-17T23:00:00+00:00,12098.0,12161.0,2017-08-15T06:00:00+00:00,2017-08-17T23:00:00+00:00,12161.0,2017-08-17T23:00:00+00:00,1287.74,1267.266607142857,1328.686785714286,2.0,1285.187777777778,3.173571428571417,Cup and handle rounded base with shallow handle,rule_candidate,pending
cup_and_handle__2017-08-18__0012184,cup_and_handle,0,no_pattern,neutral,0.0,,cup_and_handle/images/no_pattern/2017/08/cup_and_handle__2017-08-18__0012184.png,,2017-08-18,11985,12184,2017-08-08T08:00:00+00:00,2017-08-18T23:00:00+00:00,,,,,,,,,,,,,No rule-based candidate at this daily endpoint,rule_candidate,pending
cup_and_handle__2017-08-21__0012207,cup_and_handle,0,no_pattern,neutral,0.0,,cup_and_handle/images/no_pattern/2017/08/cup_and_handle__2017-08-21__0012207.png,,2017-08-21,12008,12207,2017-08-09T08:00:00+00:00,2017-08-21T23:00:00+00:00,,,,,,,,,,,,,No rule-based candidate at this daily endpoint,rule_candidate,pending
cup_and_handle__2017-08-22__0012230,cup_and_handle,1,forming,bullish,0.54,200.0,cup_and_handle/images/forming/2017/08/cup_and_handle__2017-08-22__0012230.png,,2017-08-22,12031,12230,2017-08-10T08:00:00+00:00,2017-08-22T23:00:00+00:00,12031.0,12230.0,2017-08-10T08:00:00+00:00,2017-08-22T23:00:00+00:00,,,1289.0376666666668,1267.419642857143,1332.2737142857147,2.0,1289.0376666666668,2.5614285714285643,Cup and handle rounded base with shallow handle,rule_candidate,pending
cup_and_handle__2017-08-23__0012253,cup_and_handle,1,confirmed,bullish,0.66,200.0,cup_and_handle/images/confirmed/2017/08/cup_and_handle__2017-08-23__0012253.png,,2017-08-23,12054,12253,2017-08-11T08:00:00+00:00,2017-08-23T23:00:00+00:00,12054.0,12253.0,2017-08-11T08:00:00+00:00,2017-08-23T23:00:00+00:00,12253.0,2017-08-23T23:00:00+00:00,1290.51,1267.5841071428572,1336.3617857142856,2.0,1288.477,1.903571428571419,Cup and handle rounded base with shallow handle,rule_candidate,pending
cup_and_handle__2017-08-24__0012276,cup_and_handle,0,no_pattern,neutral,0.0,,cup_and_handle/images/no_pattern/2017/08/cup_and_handle__2017-08-24__0012276.png,,2017-08-24,12077,12276,2017-08-14T08:00:00+00:00,2017-08-24T23:00:00+00:00,,,,,,,,,,,,,No rule-based candidate at this daily endpoint,rule_candidate,pending
cup_and_handle__2017-08-25__0012299,cup_and_handle,0,no_pattern,neutral,0.0,,cup_and_handle/images/no_pattern/2017/08/cup_and_handle__2017-08-25__0012299.png,,2017-08-25,12100,12299,2017-08-15T08:00:00+00:00,2017-08-25T23:00:00+00:00,,,,,,,,,,,,,No rule-based candidate at this daily endpoint,rule_candidate,pending
cup_and_handle__2017-08-28__0012322,cup_and_handle,0,no_pattern,neutral,0.0,,cup_and_handle/images/no_pattern/2017/08/cup_and_handle__2017-08-28__0012322.png,,2017-08-28,12123,12322,2017-08-16T08:00:00+00:00,2017-08-28T23:00:00+00:00,,,,,,,,,,,,,No rule-based candidate at this daily endpoint,rule_candidate,pending
cup_and_handle__2017-08-29__0012345,cup_and_handle,0,no_pattern,neutral,0.0,,cup_and_handle/images/no_pattern/2017/08/cup_and_handle__2017-08-29__0012345.png,,2017-08-29,12146,12345,2017-08-17T08:00:00+00:00,2017-08-29T23:00:00+00:00,,,,,,,,,,,,,No rule-based candidate at this daily endpoint,rule_candidate,pending
cup_and_handle__2017-08-30__0012368,cup_and_handle,0,no_pattern,neutral,0.0,,cup_and_handle/images/no_pattern/2017/08/cup_and_handle__2017-08-30__0012368.png,,2017-08-30,12169,12368,2017-08-18T08:00:00+00:00,2017-08-30T23:00:00+00:00,,,,,,,,,,,,,No rule-based candidate at this daily endpoint,rule_candidate,pending
cup_and_handle__2017-08-31__0012391,cup_and_handle,0,no_pattern,neutral,0.0,,cup_and_handle/images/no_pattern/2017/08/cup_and_handle__2017-08-31__0012391.png,,2017-08-31,12192,12391,2017-08-21T08:00:00+00:00,2017-08-31T23:00:00+00:00,,,,,,,,,,,,,No rule-based candidate at this daily endpoint,rule_candidate,pending
cup_and_handle__2017-09-01__0012414,cup_and_handle,0,no_pattern,neutral,0.0,,cup_and_handle/images/no_pattern/2017/09/cup_and_handle__2017-09-01__0012414.png,,2017-09-01,12215,12414,2017-08-22T08:00:00+00:00,2017-09-01T23:00:00+00:00,,,,,,,,,,,,,No rule-based candidate at this daily endpoint,rule_candidate,pending
cup_and_handle__2017-09-04__0012433,cup_and_handle,0,no_pattern,neutral,0.0,,cup_and_handle/images/no_pattern/2017/09/cup_and_handle__2017-09-04__0012433.png,,2017-09-04,12234,12433,2017-08-23T04:00:00+00:00,2017-09-04T19:00:00+00:00,,,,,,,,,,,,,No rule-based candidate at this daily endpoint,rule_candidate,pending
cup_and_handle__2017-09-05__0012456,cup_and_handle,0,no_pattern,neutral,0.0,,cup_and_handle/images/no_pattern/2017/09/cup_and_handle__2017-09-05__0012456.png,,2017-09-05,12257,12456,2017-08-24T04:00:00+00:00,2017-09-05T23:00:00+00:00,,,,,,,,,,,,,No rule-based candidate at this daily endpoint,rule_candidate,pending
cup_and_handle__2017-09-06__0012479,cup_and_handle,0,no_pattern,neutral,0.0,,cup_and_handle/images/no_pattern/2017/09/cup_and_handle__2017-09-06__0012479.png,,2017-09-06,12280,12479,2017-08-25T04:00:00+00:00,2017-09-06T23:00:00+00:00,,,,,,,,,,,,,No rule-based candidate at this daily endpoint,rule_candidate,pending
cup_and_handle__2017-09-07__0012502,cup_and_handle,0,no_pattern,neutral,0.0,,cup_and_handle/images/no_pattern/2017/09/cup_and_handle__2017-09-07__0012502.png,,2017-09-07,12303,12502,2017-08-28T04:00:00+00:00,2017-09-07T23:00:00+00:00,,,,,,,,,,,,,No rule-based candidate at this daily endpoint,rule_candidate,pending
cup_and_handle__2017-09-08__0012525,cup_and_handle,0,no_pattern,neutral,0.0,,cup_and_handle/images/no_pattern/2017/09/cup_and_handle__2017-09-08__0012525.png,,2017-09-08,12326,12525,2017-08-29T04:00:00+00:00,2017-09-08T23:00:00+00:00,,,,,,,,,,,,,No rule-based candidate at this daily endpoint,rule_candidate,pending
cup_and_handle__2017-09-11__0012548,cup_and_handle,0,no_pattern,neutral,0.0,,cup_and_handle/images/no_pattern/2017/09/cup_and_handle__2017-09-11__0012548.png,,2017-09-11,12349,12548,2017-08-30T04:00:00+00:00,2017-09-11T23:00:00+00:00,,,,,,,,,,,,,No rule-based candidate at this daily endpoint,rule_candidate,pending
cup_and_handle__2017-09-12__0012571,cup_and_handle,0,no_pattern,neutral,0.0,,cup_and_handle/images/no_pattern/2017/09/cup_and_handle__2017-09-12__0012571.png,,2017-09-12,12372,12571,2017-08-31T04:00:00+00:00,2017-09-12T23:00:00+00:00,,,,,,,,,,,,,No rule-based candidate at this daily endpoint,rule_candidate,pending
cup_and_handle__2017-09-13__0012594,cup_and_handle,0,no_pattern,neutral,0.0,,cup_and_handle/images/no_pattern/2017/09/cup_and_handle__2017-09-13__0012594.png,,2017-09-13,12395,12594,2017-09-01T04:00:00+00:00,2017-09-13T23:00:00+00:00,,,,,,,,,,,,,No rule-based candidate at this daily endpoint,rule_candidate,pending
cup_and_handle__2017-09-14__0012617,cup_and_handle,0,no_pattern,neutral,0.0,,cup_and_handle/images/no_pattern/2017/09/cup_and_handle__2017-09-14__0012617.png,,2017-09-14,12418,12617,2017-09-04T04:00:00+00:00,2017-09-14T23:00:00+00:00,,,,,,,,,,,,,No rule-based candidate at this daily endpoint,rule_candidate,pending
cup_and_handle__2017-09-15__0012640,cup_and_handle,0,no_pattern,neutral,0.0,,cup_and_handle/images/no_pattern/2017/09/cup_and_handle__2017-09-15__0012640.png,,2017-09-15,12441,12640,2017-09-05T08:00:00+00:00,2017-09-15T23:00:00+00:00,,,,,,,,,,,,,No rule-based candidate at this daily endpoint,rule_candidate,pending
cup_and_handle__2017-09-18__0012663,cup_and_handle,0,no_pattern,neutral,0.0,,cup_and_handle/images/no_pattern/2017/09/cup_and_handle__2017-09-18__0012663.png,,2017-09-18,12464,12663,2017-09-06T08:00:00+00:00,2017-09-18T23:00:00+00:00,,,,,,,,,,,,,No rule-based candidate at this daily endpoint,rule_candidate,pending
cup_and_handle__2017-09-19__0012686,cup_and_handle,0,no_pattern,neutral,0.0,,cup_and_handle/images/no_pattern/2017/09/cup_and_handle__2017-09-19__0012686.png,,2017-09-19,12487,12686,2017-09-07T08:00:00+00:00,2017-09-19T23:00:00+00:00,,,,,,,,,,,,,No rule-based candidate at this daily endpoint,rule_candidate,pending
cup_and_handle__2017-09-20__0012709,cup_and_handle,0,no_pattern,neutral,0.0,,cup_and_handle/images/no_pattern/2017/09/cup_and_handle__2017-09-20__0012709.png,,2017-09-20,12510,12709,2017-09-08T08:00:00+00:00,2017-09-20T23:00:00+00:00,,,,,,,,,,,,,No rule-based candidate at this daily endpoint,rule_candidate,pending
cup_and_handle__2017-09-21__0012732,cup_and_handle,0,no_pattern,neutral,0.0,,cup_and_handle/images/no_pattern/2017/09/cup_and_handle__2017-09-21__0012732.png,,2017-09-21,12533,12732,2017-09-11T08:00:00+00:00,2017-09-21T23:00:00+00:00,,,,,,,,,,,,,No rule-based candidate at this daily endpoint,rule_candidate,pending
cup_and_handle__2017-09-22__0012755,cup_and_handle,0,no_pattern,neutral,0.0,,cup_and_handle/images/no_pattern/2017/09/cup_and_handle__2017-09-22__0012755.png,,2017-09-22,12556,12755,2017-09-12T08:00:00+00:00,2017-09-22T23:00:00+00:00,,,,,,,,,,,,,No rule-based candidate at this daily endpoint,rule_candidate,pending
cup_and_handle__2017-09-25__0012778,cup_and_handle,0,no_pattern,neutral,0.0,,cup_and_handle/images/no_pattern/2017/09/cup_and_handle__2017-09-25__0012778.png,,2017-09-25,12579,12778,2017-09-13T08:00:00+00:00,2017-09-25T23:00:00+00:00,,,,,,,,,,,,,No rule-based candidate at this daily endpoint,rule_candidate,pending
cup_and_handle__2017-09-26__0012801,cup_and_handle,0,no_pattern,neutral,0.0,,cup_and_handle/images/no_pattern/2017/09/cup_and_handle__2017-09-26__0012801.png,,2017-09-26,12602,12801,2017-09-14T08:00:00+00:00,2017-09-26T23:00:00+00:00,,,,,,,,,,,,,No rule-based candidate at this daily endpoint,rule_candidate,pending
cup_and_handle__2017-09-27__0012824,cup_and_handle,0,no_pattern,neutral,0.0,,cup_and_handle/images/no_pattern/2017/09/cup_and_handle__2017-09-27__0012824.png,,2017-09-27,12625,12824,2017-09-15T08:00:00+00:00,2017-09-27T23:00:00+00:00,,,,,,,,,,,,,No rule-based candidate at this daily endpoint,rule_candidate,pending
cup_and_handle__2017-09-28__0012847,cup_and_handle,0,no_pattern,neutral,0.0,,cup_and_handle/images/no_pattern/2017/09/cup_and_handle__2017-09-28__0012847.png,,2017-09-28,12648,12847,2017-09-18T08:00:00+00:00,2017-09-28T23:00:00+00:00,,,,,,,,,,,,,No rule-based candidate at this daily endpoint,rule_candidate,pending
cup_and_handle__2017-09-29__0012870,cup_and_handle,0,no_pattern,neutral,0.0,,cup_and_handle/images/no_pattern/2017/09/cup_and_handle__2017-09-29__0012870.png,,2017-09-29,12671,12870,2017-09-19T08:00:00+00:00,2017-09-29T23:00:00+00:00,,,,,,,,,,,,,No rule-based candidate at this daily endpoint,rule_candidate,pending
cup_and_handle__2017-10-02__0012893,cup_and_handle,0,no_pattern,neutral,0.0,,cup_and_handle/images/no_pattern/2017/10/cup_and_handle__2017-10-02__0012893.png,,2017-10-02,12694,12893,2017-09-20T08:00:00+00:00,2017-10-02T23:00:00+00:00,,,,,,,,,,,,,No rule-based candidate at this daily endpoint,rule_candidate,pending
cup_and_handle__2017-10-03__0012916,cup_and_handle,0,no_pattern,neutral,0.0,,cup_and_handle/images/no_pattern/2017/10/cup_and_handle__2017-10-03__0012916.png,,2017-10-03,12717,12916,2017-09-21T08:00:00+00:00,2017-10-03T23:00:00+00:00,,,,,,,,,,,,,No rule-based candidate at this daily endpoint,rule_candidate,pending
cup_and_handle__2017-10-04__0012939,cup_and_handle,0,no_pattern,neutral,0.0,,cup_and_handle/images/no_pattern/2017/10/cup_and_handle__2017-10-04__0012939.png,,2017-10-04,12740,12939,2017-09-22T08:00:00+00:00,2017-10-04T23:00:00+00:00,,,,,,,,,,,,,No rule-based candidate at this daily endpoint,rule_candidate,pending
cup_and_handle__2017-10-05__0012962,cup_and_handle,0,no_pattern,neutral,0.0,,cup_and_handle/images/no_pattern/2017/10/cup_and_handle__2017-10-05__0012962.png,,2017-10-05,12763,12962,2017-09-25T08:00:00+00:00,2017-10-05T23:00:00+00:00,,,,,,,,,,,,,No rule-based candidate at this daily endpoint,rule_candidate,pending
cup_and_handle__2017-10-06__0012985,cup_and_handle,0,no_pattern,neutral,0.0,,cup_and_handle/images/no_pattern/2017/10/cup_and_handle__2017-10-06__0012985.png,,2017-10-06,12786,12985,2017-09-26T08:00:00+00:00,2017-10-06T23:00:00+00:00,,,,,,,,,,,,,No rule-based candidate at this daily endpoint,rule_candidate,pending
cup_and_handle__2017-10-09__0013008,cup_and_handle,0,no_pattern,neutral,0.0,,cup_and_handle/images/no_pattern/2017/10/cup_and_handle__2017-10-09__0013008.png,,2017-10-09,12809,13008,2017-09-27T08:00:00+00:00,2017-10-09T23:00:00+00:00,,,,,,,,,,,,,No rule-based candidate at this daily endpoint,rule_candidate,pending
cup_and_handle__2017-10-10__0013031,cup_and_handle,0,no_pattern,neutral,0.0,,cup_and_handle/images/no_pattern/2017/10/cup_and_handle__2017-10-10__0013031.png,,2017-10-10,12832,13031,2017-09-28T08:00:00+00:00,2017-10-10T23:00:00+00:00,,,,,,,,,,,,,No rule-based candidate at this daily endpoint,rule_candidate,pending
cup_and_handle__2017-10-11__0013054,cup_and_handle,0,no_pattern,neutral,0.0,,cup_and_handle/images/no_pattern/2017/10/cup_and_handle__2017-10-11__0013054.png,,2017-10-11,12855,13054,2017-09-29T08:00:00+00:00,2017-10-11T23:00:00+00:00,,,,,,,,,,,,,No rule-based candidate at this daily endpoint,rule_candidate,pending
cup_and_handle__2017-10-12__0013077,cup_and_handle,0,no_pattern,neutral,0.0,,cup_and_handle/images/no_pattern/2017/10/cup_and_handle__2017-10-12__0013077.png,,2017-10-12,12878,13077,2017-10-02T08:00:00+00:00,2017-10-12T23:00:00+00:00,,,,,,,,,,,,,No rule-based candidate at this daily endpoint,rule_candidate,pending
cup_and_handle__2017-10-13__0013100,cup_and_handle,0,no_pattern,neutral,0.0,,cup_and_handle/images/no_pattern/2017/10/cup_and_handle__2017-10-13__0013100.png,,2017-10-13,12901,13100,2017-10-03T08:00:00+00:00,2017-10-13T23:00:00+00:00,,,,,,,,,,,,,No rule-based candidate at this daily endpoint,rule_candidate,pending
cup_and_handle__2017-10-16__0013123,cup_and_handle,0,no_pattern,neutral,0.0,,cup_and_handle/images/no_pattern/2017/10/cup_and_handle__2017-10-16__0013123.png,,2017-10-16,12924,13123,2017-10-04T08:00:00+00:00,2017-10-16T23:00:00+00:00,,,,,,,,,,,,,No rule-based candidate at this daily endpoint,rule_candidate,pending
cup_and_handle__2017-10-17__0013146,cup_and_handle,0,no_pattern,neutral,0.0,,cup_and_handle/images/no_pattern/2017/10/cup_and_handle__2017-10-17__0013146.png,,2017-10-17,12947,13146,2017-10-05T08:00:00+00:00,2017-10-17T23:00:00+00:00,,,,,,,,,,,,,No rule-based candidate at this daily endpoint,rule_candidate,pending
cup_and_handle__2017-10-18__0013169,cup_and_handle,0,no_pattern,neutral,0.0,,cup_and_handle/images/no_pattern/2017/10/cup_and_handle__2017-10-18__0013169.png,,2017-10-18,12970,13169,2017-10-06T08:00:00+00:00,2017-10-18T23:00:00+00:00,,,,,,,,,,,,,No rule-based candidate at this daily endpoint,rule_candidate,pending
cup_and_handle__2017-10-19__0013192,cup_and_handle,0,no_pattern,neutral,0.0,,cup_and_handle/images/no_pattern/2017/10/cup_and_handle__2017-10-19__0013192.png,,2017-10-19,12993,13192,2017-10-09T08:00:00+00:00,2017-10-19T23:00:00+00:00,,,,,,,,,,,,,No rule-based candidate at this daily endpoint,rule_candidate,pending
cup_and_handle__2017-10-20__0013215,cup_and_handle,0,no_pattern,neutral,0.0,,cup_and_handle/images/no_pattern/2017/10/cup_and_handle__2017-10-20__0013215.png,,2017-10-20,13016,13215,2017-10-10T08:00:00+00:00,2017-10-20T23:00:00+00:00,,,,,,,,,,,,,No rule-based candidate at this daily endpoint,rule_candidate,pending
cup_and_handle__2017-10-23__0013238,cup_and_handle,0,no_pattern,neutral,0.0,,cup_and_handle/images/no_pattern/2017/10/cup_and_handle__2017-10-23__0013238.png,,2017-10-23,13039,13238,2017-10-11T08:00:00+00:00,2017-10-23T23:00:00+00:00,,,,,,,,,,,,,No rule-based candidate at this daily endpoint,rule_candidate,pending
cup_and_handle__2017-10-24__0013261,cup_and_handle,0,no_pattern,neutral,0.0,,cup_and_handle/images/no_pattern/2017/10/cup_and_handle__2017-10-24__0013261.png,,2017-10-24,13062,13261,2017-10-12T08:00:00+00:00,2017-10-24T23:00:00+00:00,,,,,,,,,,,,,No rule-based candidate at this daily endpoint,rule_candidate,pending
cup_and_handle__2017-10-25__0013284,cup_and_handle,0,no_pattern,neutral,0.0,,cup_and_handle/images/no_pattern/2017/10/cup_and_handle__2017-10-25__0013284.png,,2017-10-25,13085,13284,2017-10-13T08:00:00+00:00,2017-10-25T23:00:00+00:00,,,,,,,,,,,,,No rule-based candidate at this daily endpoint,rule_candidate,pending
cup_and_handle__2017-10-26__0013307,cup_and_handle,0,no_pattern,neutral,0.0,,cup_and_handle/images/no_pattern/2017/10/cup_and_handle__2017-10-26__0013307.png,,2017-10-26,13108,13307,2017-10-16T08:00:00+00:00,2017-10-26T23:00:00+00:00,,,,,,,,,,,,,No rule-based candidate at this daily endpoint,rule_candidate,pending
cup_and_handle__2017-10-27__0013330,cup_and_handle,0,no_pattern,neutral,0.0,,cup_and_handle/images/no_pattern/2017/10/cup_and_handle__2017-10-27__0013330.png,,2017-10-27,13131,13330,2017-10-17T08:00:00+00:00,2017-10-27T23:00:00+00:00,,,,,,,,,,,,,No rule-based candidate at this daily endpoint,rule_candidate,pending
cup_and_handle__2017-10-30__0013353,cup_and_handle,0,no_pattern,neutral,0.0,,cup_and_handle/images/no_pattern/2017/10/cup_and_handle__2017-10-30__0013353.png,,2017-10-30,13154,13353,2017-10-18T08:00:00+00:00,2017-10-30T22:00:00+00:00,,,,,,,,,,,,,No rule-based candidate at this daily endpoint,rule_candidate,pending
cup_and_handle__2017-10-31__0013376,cup_and_handle,0,no_pattern,neutral,0.0,,cup_and_handle/images/no_pattern/2017/10/cup_and_handle__2017-10-31__0013376.png,,2017-10-31,13177,13376,2017-10-19T08:00:00+00:00,2017-10-31T22:00:00+00:00,,,,,,,,,,,,,No rule-based candidate at this daily endpoint,rule_candidate,pending
cup_and_handle__2017-11-01__0013399,cup_and_handle,0,no_pattern,neutral,0.0,,cup_and_handle/images/no_pattern/2017/11/cup_and_handle__2017-11-01__0013399.png,,2017-11-01,13200,13399,2017-10-20T08:00:00+00:00,2017-11-01T22:00:00+00:00,,,,,,,,,,,,,No rule-based candidate at this daily endpoint,rule_candidate,pending
cup_and_handle__2017-11-02__0013422,cup_and_handle,0,no_pattern,neutral,0.0,,cup_and_handle/images/no_pattern/2017/11/cup_and_handle__2017-11-02__0013422.png,,2017-11-02,13223,13422,2017-10-23T08:00:00+00:00,2017-11-02T22:00:00+00:00,,,,,,,,,,,,,No rule-based candidate at this daily endpoint,rule_candidate,pending
cup_and_handle__2017-11-03__0013445,cup_and_handle,0,no_pattern,neutral,0.0,,cup_and_handle/images/no_pattern/2017/11/cup_and_handle__2017-11-03__0013445.png,,2017-11-03,13246,13445,2017-10-24T08:00:00+00:00,2017-11-03T22:00:00+00:00,,,,,,,,,,,,,No rule-based candidate at this daily endpoint,rule_candidate,pending
cup_and_handle__2017-11-06__0013468,cup_and_handle,0,no_pattern,neutral,0.0,,cup_and_handle/images/no_pattern/2017/11/cup_and_handle__2017-11-06__0013468.png,,2017-11-06,13269,13468,2017-10-25T08:00:00+00:00,2017-11-06T23:00:00+00:00,,,,,,,,,,,,,No rule-based candidate at this daily endpoint,rule_candidate,pending
cup_and_handle__2017-11-07__0013491,cup_and_handle,0,no_pattern,neutral,0.0,,cup_and_handle/images/no_pattern/2017/11/cup_and_handle__2017-11-07__0013491.png,,2017-11-07,13292,13491,2017-10-26T08:00:00+00:00,2017-11-07T23:00:00+00:00,,,,,,,,,,,,,No rule-based candidate at this daily endpoint,rule_candidate,pending
cup_and_handle__2017-11-08__0013514,cup_and_handle,0,no_pattern,neutral,0.0,,cup_and_handle/images/no_pattern/2017/11/cup_and_handle__2017-11-08__0013514.png,,2017-11-08,13315,13514,2017-10-27T08:00:00+00:00,2017-11-08T23:00:00+00:00,,,,,,,,,,,,,No rule-based candidate at this daily endpoint,rule_candidate,pending
cup_and_handle__2017-11-09__0013537,cup_and_handle,1,confirmed,bullish,0.66,80.0,cup_and_handle/images/confirmed/2017/11/cup_and_handle__2017-11-09__0013537.png,,2017-11-09,13338,13537,2017-10-30T07:00:00+00:00,2017-11-09T23:00:00+00:00,13458.0,13537.0,2017-11-06T13:00:00+00:00,2017-11-09T23:00:00+00:00,13537.0,2017-11-09T23:00:00+00:00,1284.73,1270.4712499999998,1313.2475000000004,2.0,1282.4333333333332,2.595000000000011,Cup and handle rounded base with shallow handle,rule_candidate,pending
cup_and_handle__2017-11-10__0013560,cup_and_handle,0,no_pattern,neutral,0.0,,cup_and_handle/images/no_pattern/2017/11/cup_and_handle__2017-11-10__0013560.png,,2017-11-10,13361,13560,2017-10-31T07:00:00+00:00,2017-11-10T23:00:00+00:00,,,,,,,,,,,,,No rule-based candidate at this daily endpoint,rule_candidate,pending
cup_and_handle__2017-11-13__0013583,cup_and_handle,0,no_pattern,neutral,0.0,,cup_and_handle/images/no_pattern/2017/11/cup_and_handle__2017-11-13__0013583.png,,2017-11-13,13384,13583,2017-11-01T07:00:00+00:00,2017-11-13T23:00:00+00:00,,,,,,,,,,,,,No rule-based candidate at this daily endpoint,rule_candidate,pending
cup_and_handle__2017-11-14__0013606,cup_and_handle,0,no_pattern,neutral,0.0,,cup_and_handle/images/no_pattern/2017/11/cup_and_handle__2017-11-14__0013606.png,,2017-11-14,13407,13606,2017-11-02T07:00:00+00:00,2017-11-14T23:00:00+00:00,,,,,,,,,,,,,No rule-based candidate at this daily endpoint,rule_candidate,pending
cup_and_handle__2017-11-15__0013629,cup_and_handle,0,no_pattern,neutral,0.0,,cup_and_handle/images/no_pattern/2017/11/cup_and_handle__2017-11-15__0013629.png,,2017-11-15,13430,13629,2017-11-03T07:00:00+00:00,2017-11-15T23:00:00+00:00,,,,,,,,,,,,,No rule-based candidate at this daily endpoint,rule_candidate,pending
cup_and_handle__2017-11-16__0013652,cup_and_handle,0,no_pattern,neutral,0.0,,cup_and_handle/images/no_pattern/2017/11/cup_and_handle__2017-11-16__0013652.png,,2017-11-16,13453,13652,2017-11-06T08:00:00+00:00,2017-11-16T23:00:00+00:00,,,,,,,,,,,,,No rule-based candidate at this daily endpoint,rule_candidate,pending
cup_and_handle__2017-11-17__0013675,cup_and_handle,0,no_pattern,neutral,0.0,,cup_and_handle/images/no_pattern/2017/11/cup_and_handle__2017-11-17__0013675.png,,2017-11-17,13476,13675,2017-11-07T08:00:00+00:00,2017-11-17T23:00:00+00:00,,,,,,,,,,,,,No rule-based candidate at this daily endpoint,rule_candidate,pending
cup_and_handle__2017-11-20__0013698,cup_and_handle,0,no_pattern,neutral,0.0,,cup_and_handle/images/no_pattern/2017/11/cup_and_handle__2017-11-20__0013698.png,,2017-11-20,13499,13698,2017-11-08T08:00:00+00:00,2017-11-20T23:00:00+00:00,,,,,,,,,,,,,No rule-based candidate at this daily endpoint,rule_candidate,pending
cup_and_handle__2017-11-21__0013721,cup_and_handle,0,no_pattern,neutral,0.0,,cup_and_handle/images/no_pattern/2017/11/cup_and_handle__2017-11-21__0013721.png,,2017-11-21,13522,13721,2017-11-09T08:00:00+00:00,2017-11-21T23:00:00+00:00,,,,,,,,,,,,,No rule-based candidate at this daily endpoint,rule_candidate,pending
cup_and_handle__2017-11-22__0013744,cup_and_handle,0,no_pattern,neutral,0.0,,cup_and_handle/images/no_pattern/2017/11/cup_and_handle__2017-11-22__0013744.png,,2017-11-22,13545,13744,2017-11-10T08:00:00+00:00,2017-11-22T23:00:00+00:00,,,,,,,,,,,,,No rule-based candidate at this daily endpoint,rule_candidate,pending
cup_and_handle__2017-11-23__0013763,cup_and_handle,1,confirmed,bullish,0.66,100.0,cup_and_handle/images/confirmed/2017/11/cup_and_handle__2017-11-23__0013763.png,,2017-11-23,13564,13763,2017-11-13T04:00:00+00:00,2017-11-23T19:00:00+00:00,13664.0,13763.0,2017-11-17T12:00:00+00:00,2017-11-23T19:00:00+00:00,13763.0,2017-11-23T19:00:00+00:00,1291.06,1275.7082142857143,1321.7635714285711,2.0,1289.4466666666667,1.7671428571428254,Cup and handle rounded base with shallow handle,rule_candidate,pending
cup_and_handle__2017-11-24__0013783,cup_and_handle,1,forming,bullish,0.54,120.0,cup_and_handle/images/forming/2017/11/cup_and_handle__2017-11-24__0013783.png,,2017-11-24,13584,13783,2017-11-14T01:00:00+00:00,2017-11-24T20:00:00+00:00,13664.0,13783.0,2017-11-17T12:00:00+00:00,2017-11-24T20:00:00+00:00,,,1289.9805555555556,1275.6698214285716,1318.6020238095236,2.0,1289.9805555555556,1.920714285714325,Cup and handle rounded base with shallow handle,rule_candidate,pending
cup_and_handle__2017-11-27__0013806,cup_and_handle,0,no_pattern,neutral,0.0,,cup_and_handle/images/no_pattern/2017/11/cup_and_handle__2017-11-27__0013806.png,,2017-11-27,13607,13806,2017-11-15T01:00:00+00:00,2017-11-27T23:00:00+00:00,,,,,,,,,,,,,No rule-based candidate at this daily endpoint,rule_candidate,pending
cup_and_handle__2017-11-28__0013829,cup_and_handle,0,no_pattern,neutral,0.0,,cup_and_handle/images/no_pattern/2017/11/cup_and_handle__2017-11-28__0013829.png,,2017-11-28,13630,13829,2017-11-16T01:00:00+00:00,2017-11-28T23:00:00+00:00,,,,,,,,,,,,,No rule-based candidate at this daily endpoint,rule_candidate,pending
cup_and_handle__2017-11-29__0013852,cup_and_handle,0,no_pattern,neutral,0.0,,cup_and_handle/images/no_pattern/2017/11/cup_and_handle__2017-11-29__0013852.png,,2017-11-29,13653,13852,2017-11-17T01:00:00+00:00,2017-11-29T23:00:00+00:00,,,,,,,,,,,,,No rule-based candidate at this daily endpoint,rule_candidate,pending
cup_and_handle__2017-11-30__0013875,cup_and_handle,0,no_pattern,neutral,0.0,,cup_and_handle/images/no_pattern/2017/11/cup_and_handle__2017-11-30__0013875.png,,2017-11-30,13676,13875,2017-11-20T01:00:00+00:00,2017-11-30T23:00:00+00:00,,,,,,,,,,,,,No rule-based candidate at this daily endpoint,rule_candidate,pending
cup_and_handle__2017-12-01__0013898,cup_and_handle,0,no_pattern,neutral,0.0,,cup_and_handle/images/no_pattern/2017/12/cup_and_handle__2017-12-01__0013898.png,,2017-12-01,13699,13898,2017-11-21T01:00:00+00:00,2017-12-01T23:00:00+00:00,,,,,,,,,,,,,No rule-based candidate at this daily endpoint,rule_candidate,pending
cup_and_handle__2017-12-04__0013921,cup_and_handle,0,no_pattern,neutral,0.0,,cup_and_handle/images/no_pattern/2017/12/cup_and_handle__2017-12-04__0013921.png,,2017-12-04,13722,13921,2017-11-22T01:00:00+00:00,2017-12-04T23:00:00+00:00,,,,,,,,,,,,,No rule-based candidate at this daily endpoint,rule_candidate,pending
cup_and_handle__2017-12-05__0013944,cup_and_handle,0,no_pattern,neutral,0.0,,cup_and_handle/images/no_pattern/2017/12/cup_and_handle__2017-12-05__0013944.png,,2017-12-05,13745,13944,2017-11-23T01:00:00+00:00,2017-12-05T23:00:00+00:00,,,,,,,,,,,,,No rule-based candidate at this daily endpoint,rule_candidate,pending
cup_and_handle__2017-12-06__0013967,cup_and_handle,0,no_pattern,neutral,0.0,,cup_and_handle/images/no_pattern/2017/12/cup_and_handle__2017-12-06__0013967.png,,2017-12-06,13768,13967,2017-11-24T05:00:00+00:00,2017-12-06T23:00:00+00:00,,,,,,,,,,,,,No rule-based candidate at this daily endpoint,rule_candidate,pending
cup_and_handle__2017-12-07__0013990,cup_and_handle,0,no_pattern,neutral,0.0,,cup_and_handle/images/no_pattern/2017/12/cup_and_handle__2017-12-07__0013990.png,,2017-12-07,13791,13990,2017-11-27T08:00:00+00:00,2017-12-07T23:00:00+00:00,,,,,,,,,,,,,No rule-based candidate at this daily endpoint,rule_candidate,pending
cup_and_handle__2017-12-08__0014013,cup_and_handle,0,no_pattern,neutral,0.0,,cup_and_handle/images/no_pattern/2017/12/cup_and_handle__2017-12-08__0014013.png,,2017-12-08,13814,14013,2017-11-28T08:00:00+00:00,2017-12-08T23:00:00+00:00,,,,,,,,,,,,,No rule-based candidate at this daily endpoint,rule_candidate,pending
cup_and_handle__2017-12-11__0014036,cup_and_handle,0,no_pattern,neutral,0.0,,cup_and_handle/images/no_pattern/2017/12/cup_and_handle__2017-12-11__0014036.png,,2017-12-11,13837,14036,2017-11-29T08:00:00+00:00,2017-12-11T23:00:00+00:00,,,,,,,,,,,,,No rule-based candidate at this daily endpoint,rule_candidate,pending
cup_and_handle__2017-12-12__0014059,cup_and_handle,0,no_pattern,neutral,0.0,,cup_and_handle/images/no_pattern/2017/12/cup_and_handle__2017-12-12__0014059.png,,2017-12-12,13860,14059,2017-11-30T08:00:00+00:00,2017-12-12T23:00:00+00:00,,,,,,,,,,,,,No rule-based candidate at this daily endpoint,rule_candidate,pending
cup_and_handle__2017-12-13__0014082,cup_and_handle,0,no_pattern,neutral,0.0,,cup_and_handle/images/no_pattern/2017/12/cup_and_handle__2017-12-13__0014082.png,,2017-12-13,13883,14082,2017-12-01T08:00:00+00:00,2017-12-13T23:00:00+00:00,,,,,,,,,,,,,No rule-based candidate at this daily endpoint,rule_candidate,pending
cup_and_handle__2017-12-14__0014105,cup_and_handle,1,forming,bullish,0.54,64.0,cup_and_handle/images/forming/2017/12/cup_and_handle__2017-12-14__0014105.png,,2017-12-14,13906,14105,2017-12-04T08:00:00+00:00,2017-12-14T23:00:00+00:00,14042.0,14105.0,2017-12-12T06:00:00+00:00,2017-12-14T23:00:00+00:00,,,1256.1544444444446,1236.36875,1295.725833333334,2.0,1256.1544444444446,2.6850000000000103,Cup and handle rounded base with shallow handle,rule_candidate,pending
cup_and_handle__2017-12-15__0014128,cup_and_handle,1,forming,bullish,0.54,120.0,cup_and_handle/images/forming/2017/12/cup_and_handle__2017-12-15__0014128.png,,2017-12-15,13929,14128,2017-12-05T08:00:00+00:00,2017-12-15T23:00:00+00:00,14009.0,14128.0,2017-12-08T19:00:00+00:00,2017-12-15T23:00:00+00:00,,,1255.6899999999998,1236.51625,1294.0374999999997,2.0,1255.6899999999998,2.094999999999995,Cup and handle rounded base with shallow handle,rule_candidate,pending
cup_and_handle__2017-12-18__0014151,cup_and_handle,0,no_pattern,neutral,0.0,,cup_and_handle/images/no_pattern/2017/12/cup_and_handle__2017-12-18__0014151.png,,2017-12-18,13952,14151,2017-12-06T08:00:00+00:00,2017-12-18T23:00:00+00:00,,,,,,,,,,,,,No rule-based candidate at this daily endpoint,rule_candidate,pending
cup_and_handle__2017-12-19__0014174,cup_and_handle,1,forming,bullish,0.54,80.0,cup_and_handle/images/forming/2017/12/cup_and_handle__2017-12-19__0014174.png,,2017-12-19,13975,14174,2017-12-07T08:00:00+00:00,2017-12-19T23:00:00+00:00,14095.0,14174.0,2017-12-14T13:00:00+00:00,2017-12-19T23:00:00+00:00,,,1261.4158333333332,1250.9041071428571,1282.4392857142857,2.0,1261.4158333333332,1.783571428571398,Cup and handle rounded base with shallow handle,rule_candidate,pending
cup_and_handle__2017-12-20__0014197,cup_and_handle,0,no_pattern,neutral,0.0,,cup_and_handle/images/no_pattern/2017/12/cup_and_handle__2017-12-20__0014197.png,,2017-12-20,13998,14197,2017-12-08T08:00:00+00:00,2017-12-20T23:00:00+00:00,,,,,,,,,,,,,No rule-based candidate at this daily endpoint,rule_candidate,pending
cup_and_handle__2017-12-21__0014220,cup_and_handle,1,confirmed,bullish,0.66,80.0,cup_and_handle/images/confirmed/2017/12/cup_and_handle__2017-12-21__0014220.png,,2017-12-21,14021,14220,2017-12-11T08:00:00+00:00,2017-12-21T23:00:00+00:00,14141.0,14220.0,2017-12-18T13:00:00+00:00,2017-12-21T23:00:00+00:00,14220.0,2017-12-21T23:00:00+00:00,1266.33,1257.758928571429,1283.4721428571424,2.0,1265.3733333333334,1.6442857142857292,Cup and handle rounded base with shallow handle,rule_candidate,pending
cup_and_handle__2017-12-22__0014243,cup_and_handle,0,no_pattern,neutral,0.0,,cup_and_handle/images/no_pattern/2017/12/cup_and_handle__2017-12-22__0014243.png,,2017-12-22,14044,14243,2017-12-12T08:00:00+00:00,2017-12-22T23:00:00+00:00,,,,,,,,,,,,,No rule-based candidate at this daily endpoint,rule_candidate,pending
cup_and_handle__2017-12-26__0014258,cup_and_handle,0,no_pattern,neutral,0.0,,cup_and_handle/images/no_pattern/2017/12/cup_and_handle__2017-12-26__0014258.png,,2017-12-26,14059,14258,2017-12-12T23:00:00+00:00,2017-12-26T23:00:00+00:00,,,,,,,,,,,,,No rule-based candidate at this daily endpoint,rule_candidate,pending
cup_and_handle__2017-12-27__0014281,cup_and_handle,0,no_pattern,neutral,0.0,,cup_and_handle/images/no_pattern/2017/12/cup_and_handle__2017-12-27__0014281.png,,2017-12-27,14082,14281,2017-12-13T23:00:00+00:00,2017-12-27T23:00:00+00:00,,,,,,,,,,,,,No rule-based candidate at this daily endpoint,rule_candidate,pending
cup_and_handle__2017-12-28__0014304,cup_and_handle,0,no_pattern,neutral,0.0,,cup_and_handle/images/no_pattern/2017/12/cup_and_handle__2017-12-28__0014304.png,,2017-12-28,14105,14304,2017-12-14T23:00:00+00:00,2017-12-28T23:00:00+00:00,,,,,,,,,,,,,No rule-based candidate at this daily endpoint,rule_candidate,pending
cup_and_handle__2017-12-29__0014327,cup_and_handle,0,no_pattern,neutral,0.0,,cup_and_handle/images/no_pattern/2017/12/cup_and_handle__2017-12-29__0014327.png,,2017-12-29,14128,14327,2017-12-15T23:00:00+00:00,2017-12-29T23:00:00+00:00,,,,,,,,,,,,,No rule-based candidate at this daily endpoint,rule_candidate,pending
cup_and_handle__2018-01-02__0014342,cup_and_handle,0,no_pattern,neutral,0.0,,cup_and_handle/images/no_pattern/2018/01/cup_and_handle__2018-01-02__0014342.png,,2018-01-02,14143,14342,2017-12-18T15:00:00+00:00,2018-01-02T23:00:00+00:00,,,,,,,,,,,,,No rule-based candidate at this daily endpoint,rule_candidate,pending
cup_and_handle__2018-01-03__0014365,cup_and_handle,0,no_pattern,neutral,0.0,,cup_and_handle/images/no_pattern/2018/01/cup_and_handle__2018-01-03__0014365.png,,2018-01-03,14166,14365,2017-12-19T15:00:00+00:00,2018-01-03T23:00:00+00:00,,,,,,,,,,,,,No rule-based candidate at this daily endpoint,rule_candidate,pending
cup_and_handle__2018-01-04__0014388,cup_and_handle,0,no_pattern,neutral,0.0,,cup_and_handle/images/no_pattern/2018/01/cup_and_handle__2018-01-04__0014388.png,,2018-01-04,14189,14388,2017-12-20T15:00:00+00:00,2018-01-04T23:00:00+00:00,,,,,,,,,,,,,No rule-based candidate at this daily endpoint,rule_candidate,pending
cup_and_handle__2018-01-05__0014411,cup_and_handle,0,no_pattern,neutral,0.0,,cup_and_handle/images/no_pattern/2018/01/cup_and_handle__2018-01-05__0014411.png,,2018-01-05,14212,14411,2017-12-21T15:00:00+00:00,2018-01-05T23:00:00+00:00,,,,,,,,,,,,,No rule-based candidate at this daily endpoint,rule_candidate,pending
cup_and_handle__2018-01-08__0014434,cup_and_handle,1,confirmed,bullish,0.66,100.0,cup_and_handle/images/confirmed/2018/01/cup_and_handle__2018-01-08__0014434.png,,2018-01-08,14235,14434,2017-12-22T15:00:00+00:00,2018-01-08T23:00:00+00:00,14335.0,14434.0,2018-01-02T16:00:00+00:00,2018-01-08T23:00:00+00:00,14434.0,2018-01-08T23:00:00+00:00,1320.16,1306.3044642857142,1347.871071428572,2.0,1318.6926666666666,2.1821428571428703,Cup and handle rounded base with shallow handle,rule_candidate,pending
cup_and_handle__2018-01-09__0014457,cup_and_handle,0,no_pattern,neutral,0.0,,cup_and_handle/images/no_pattern/2018/01/cup_and_handle__2018-01-09__0014457.png,,2018-01-09,14258,14457,2017-12-26T23:00:00+00:00,2018-01-09T23:00:00+00:00,,,,,,,,,,,,,No rule-based candidate at this daily endpoint,rule_candidate,pending
cup_and_handle__2018-01-10__0014480,cup_and_handle,0,no_pattern,neutral,0.0,,cup_and_handle/images/no_pattern/2018/01/cup_and_handle__2018-01-10__0014480.png,,2018-01-10,14281,14480,2017-12-27T23:00:00+00:00,2018-01-10T23:00:00+00:00,,,,,,,,,,,,,No rule-based candidate at this daily endpoint,rule_candidate,pending
cup_and_handle__2018-01-11__0014503,cup_and_handle,1,confirmed,bullish,0.66,80.0,cup_and_handle/images/confirmed/2018/01/cup_and_handle__2018-01-11__0014503.png,,2018-01-11,14304,14503,2017-12-28T23:00:00+00:00,2018-01-11T23:00:00+00:00,14424.0,14503.0,2018-01-08T13:00:00+00:00,2018-01-11T23:00:00+00:00,14503.0,2018-01-11T23:00:00+00:00,1322.09,1308.9905357142857,1348.2889285714284,2.0,1318.9275,2.1578571428571456,Cup and handle rounded base with shallow handle,rule_candidate,pending
cup_and_handle__2018-01-12__0014526,cup_and_handle,0,no_pattern,neutral,0.0,,cup_and_handle/images/no_pattern/2018/01/cup_and_handle__2018-01-12__0014526.png,,2018-01-12,14327,14526,2017-12-29T23:00:00+00:00,2018-01-12T23:00:00+00:00,,,,,,,,,,,,,No rule-based candidate at this daily endpoint,rule_candidate,pending
cup_and_handle__2018-01-15__0014545,cup_and_handle,0,no_pattern,neutral,0.0,,cup_and_handle/images/no_pattern/2018/01/cup_and_handle__2018-01-15__0014545.png,,2018-01-15,14346,14545,2018-01-03T04:00:00+00:00,2018-01-15T19:00:00+00:00,,,,,,,,,,,,,No rule-based candidate at this daily endpoint,rule_candidate,pending
cup_and_handle__2018-01-16__0014568,cup_and_handle,0,no_pattern,neutral,0.0,,cup_and_handle/images/no_pattern/2018/01/cup_and_handle__2018-01-16__0014568.png,,2018-01-16,14369,14568,2018-01-04T04:00:00+00:00,2018-01-16T23:00:00+00:00,,,,,,,,,,,,,No rule-based candidate at this daily endpoint,rule_candidate,pending
cup_and_handle__2018-01-17__0014591,cup_and_handle,0,no_pattern,neutral,0.0,,cup_and_handle/images/no_pattern/2018/01/cup_and_handle__2018-01-17__0014591.png,,2018-01-17,14392,14591,2018-01-05T04:00:00+00:00,2018-01-17T23:00:00+00:00,,,,,,,,,,,,,No rule-based candidate at this daily endpoint,rule_candidate,pending
cup_and_handle__2018-01-18__0014614,cup_and_handle,0,no_pattern,neutral,0.0,,cup_and_handle/images/no_pattern/2018/01/cup_and_handle__2018-01-18__0014614.png,,2018-01-18,14415,14614,2018-01-08T04:00:00+00:00,2018-01-18T23:00:00+00:00,,,,,,,,,,,,,No rule-based candidate at this daily endpoint,rule_candidate,pending
cup_and_handle__2018-01-19__0014637,cup_and_handle,0,no_pattern,neutral,0.0,,cup_and_handle/images/no_pattern/2018/01/cup_and_handle__2018-01-19__0014637.png,,2018-01-19,14438,14637,2018-01-09T04:00:00+00:00,2018-01-19T23:00:00+00:00,,,,,,,,,,,,,No rule-based candidate at this daily endpoint,rule_candidate,pending
cup_and_handle__2018-01-22__0014660,cup_and_handle,0,no_pattern,neutral,0.0,,cup_and_handle/images/no_pattern/2018/01/cup_and_handle__2018-01-22__0014660.png,,2018-01-22,14461,14660,2018-01-10T04:00:00+00:00,2018-01-22T23:00:00+00:00,,,,,,,,,,,,,No rule-based candidate at this daily endpoint,rule_candidate,pending
cup_and_handle__2018-01-23__0014683,cup_and_handle,0,no_pattern,neutral,0.0,,cup_and_handle/images/no_pattern/2018/01/cup_and_handle__2018-01-23__0014683.png,,2018-01-23,14484,14683,2018-01-11T04:00:00+00:00,2018-01-23T23:00:00+00:00,,,,,,,,,,,,,No rule-based candidate at this daily endpoint,rule_candidate,pending
cup_and_handle__2018-01-24__0014706,cup_and_handle,0,no_pattern,neutral,0.0,,cup_and_handle/images/no_pattern/2018/01/cup_and_handle__2018-01-24__0014706.png,,2018-01-24,14507,14706,2018-01-12T04:00:00+00:00,2018-01-24T23:00:00+00:00,,,,,,,,,,,,,No rule-based candidate at this daily endpoint,rule_candidate,pending
cup_and_handle__2018-01-25__0014729,cup_and_handle,0,no_pattern,neutral,0.0,,cup_and_handle/images/no_pattern/2018/01/cup_and_handle__2018-01-25__0014729.png,,2018-01-25,14530,14729,2018-01-15T04:00:00+00:00,2018-01-25T23:00:00+00:00,,,,,,,,,,,,,No rule-based candidate at this daily endpoint,rule_candidate,pending
cup_and_handle__2018-01-26__0014752,cup_and_handle,0,no_pattern,neutral,0.0,,cup_and_handle/images/no_pattern/2018/01/cup_and_handle__2018-01-26__0014752.png,,2018-01-26,14553,14752,2018-01-16T08:00:00+00:00,2018-01-26T23:00:00+00:00,,,,,,,,,,,,,No rule-based candidate at this daily endpoint,rule_candidate,pending
cup_and_handle__2018-01-29__0014775,cup_and_handle,0,no_pattern,neutral,0.0,,cup_and_handle/images/no_pattern/2018/01/cup_and_handle__2018-01-29__0014775.png,,2018-01-29,14576,14775,2018-01-17T08:00:00+00:00,2018-01-29T23:00:00+00:00,,,,,,,,,,,,,No rule-based candidate at this daily endpoint,rule_candidate,pending
cup_and_handle__2018-01-30__0014798,cup_and_handle,0,no_pattern,neutral,0.0,,cup_and_handle/images/no_pattern/2018/01/cup_and_handle__2018-01-30__0014798.png,,2018-01-30,14599,14798,2018-01-18T08:00:00+00:00,2018-01-30T23:00:00+00:00,,,,,,,,,,,,,No rule-based candidate at this daily endpoint,rule_candidate,pending
cup_and_handle__2018-01-31__0014821,cup_and_handle,0,no_pattern,neutral,0.0,,cup_and_handle/images/no_pattern/2018/01/cup_and_handle__2018-01-31__0014821.png,,2018-01-31,14622,14821,2018-01-19T08:00:00+00:00,2018-01-31T23:00:00+00:00,,,,,,,,,,,,,No rule-based candidate at this daily endpoint,rule_candidate,pending
cup_and_handle__2018-02-01__0014844,cup_and_handle,0,no_pattern,neutral,0.0,,cup_and_handle/images/no_pattern/2018/02/cup_and_handle__2018-02-01__0014844.png,,2018-02-01,14645,14844,2018-01-22T08:00:00+00:00,2018-02-01T23:00:00+00:00,,,,,,,,,,,,,No rule-based candidate at this daily endpoint,rule_candidate,pending
cup_and_handle__2018-02-02__0014867,cup_and_handle,0,no_pattern,neutral,0.0,,cup_and_handle/images/no_pattern/2018/02/cup_and_handle__2018-02-02__0014867.png,,2018-02-02,14668,14867,2018-01-23T08:00:00+00:00,2018-02-02T23:00:00+00:00,,,,,,,,,,,,,No rule-based candidate at this daily endpoint,rule_candidate,pending
cup_and_handle__2018-02-05__0014890,cup_and_handle,0,no_pattern,neutral,0.0,,cup_and_handle/images/no_pattern/2018/02/cup_and_handle__2018-02-05__0014890.png,,2018-02-05,14691,14890,2018-01-24T08:00:00+00:00,2018-02-05T23:00:00+00:00,,,,,,,,,,,,,No rule-based candidate at this daily endpoint,rule_candidate,pending
cup_and_handle__2018-02-06__0014913,cup_and_handle,0,no_pattern,neutral,0.0,,cup_and_handle/images/no_pattern/2018/02/cup_and_handle__2018-02-06__0014913.png,,2018-02-06,14714,14913,2018-01-25T08:00:00+00:00,2018-02-06T23:00:00+00:00,,,,,,,,,,,,,No rule-based candidate at this daily endpoint,rule_candidate,pending
cup_and_handle__2018-02-07__0014936,cup_and_handle,0,no_pattern,neutral,0.0,,cup_and_handle/images/no_pattern/2018/02/cup_and_handle__2018-02-07__0014936.png,,2018-02-07,14737,14936,2018-01-26T08:00:00+00:00,2018-02-07T23:00:00+00:00,,,,,,,,,,,,,No rule-based candidate at this daily endpoint,rule_candidate,pending
cup_and_handle__2018-02-08__0014959,cup_and_handle,0,no_pattern,neutral,0.0,,cup_and_handle/images/no_pattern/2018/02/cup_and_handle__2018-02-08__0014959.png,,2018-02-08,14760,14959,2018-01-29T08:00:00+00:00,2018-02-08T23:00:00+00:00,,,,,,,,,,,,,No rule-based candidate at this daily endpoint,rule_candidate,pending
cup_and_handle__2018-02-09__0014982,cup_and_handle,0,no_pattern,neutral,0.0,,cup_and_handle/images/no_pattern/2018/02/cup_and_handle__2018-02-09__0014982.png,,2018-02-09,14783,14982,2018-01-30T08:00:00+00:00,2018-02-09T23:00:00+00:00,,,,,,,,,,,,,No rule-based candidate at this daily endpoint,rule_candidate,pending
cup_and_handle__2018-02-12__0015005,cup_and_handle,0,no_pattern,neutral,0.0,,cup_and_handle/images/no_pattern/2018/02/cup_and_handle__2018-02-12__0015005.png,,2018-02-12,14806,15005,2018-01-31T08:00:00+00:00,2018-02-12T23:00:00+00:00,,,,,,,,,,,,,No rule-based candidate at this daily endpoint,rule_candidate,pending
cup_and_handle__2018-02-13__0015028,cup_and_handle,1,confirmed,bullish,0.66,120.0,cup_and_handle/images/confirmed/2018/02/cup_and_handle__2018-02-13__0015028.png,,2018-02-13,14829,15028,2018-02-01T08:00:00+00:00,2018-02-13T23:00:00+00:00,14909.0,15028.0,2018-02-06T19:00:00+00:00,2018-02-13T23:00:00+00:00,15028.0,2018-02-13T23:00:00+00:00,1329.16,1309.5751785714283,1368.3296428571432,2.0,1327.868333333333,2.459285714285735,Cup and handle rounded base with shallow handle,rule_candidate,pending
cup_and_handle__2018-02-14__0015051,cup_and_handle,0,no_pattern,neutral,0.0,,cup_and_handle/images/no_pattern/2018/02/cup_and_handle__2018-02-14__0015051.png,,2018-02-14,14852,15051,2018-02-02T08:00:00+00:00,2018-02-14T23:00:00+00:00,,,,,,,,,,,,,No rule-based candidate at this daily endpoint,rule_candidate,pending
cup_and_handle__2018-02-15__0015074,cup_and_handle,0,no_pattern,neutral,0.0,,cup_and_handle/images/no_pattern/2018/02/cup_and_handle__2018-02-15__0015074.png,,2018-02-15,14875,15074,2018-02-05T08:00:00+00:00,2018-02-15T23:00:00+00:00,,,,,,,,,,,,,No rule-based candidate at this daily endpoint,rule_candidate,pending
cup_and_handle__2018-02-16__0015097,cup_and_handle,0,no_pattern,neutral,0.0,,cup_and_handle/images/no_pattern/2018/02/cup_and_handle__2018-02-16__0015097.png,,2018-02-16,14898,15097,2018-02-06T08:00:00+00:00,2018-02-16T23:00:00+00:00,,,,,,,,,,,,,No rule-based candidate at this daily endpoint,rule_candidate,pending
cup_and_handle__2018-02-19__0015116,cup_and_handle,0,no_pattern,neutral,0.0,,cup_and_handle/images/no_pattern/2018/02/cup_and_handle__2018-02-19__0015116.png,,2018-02-19,14917,15116,2018-02-07T04:00:00+00:00,2018-02-19T19:00:00+00:00,,,,,,,,,,,,,No rule-based candidate at this daily endpoint,rule_candidate,pending
cup_and_handle__2018-02-20__0015139,cup_and_handle,0,no_pattern,neutral,0.0,,cup_and_handle/images/no_pattern/2018/02/cup_and_handle__2018-02-20__0015139.png,,2018-02-20,14940,15139,2018-02-08T04:00:00+00:00,2018-02-20T23:00:00+00:00,,,,,,,,,,,,,No rule-based candidate at this daily endpoint,rule_candidate,pending
cup_and_handle__2018-02-21__0015162,cup_and_handle,0,no_pattern,neutral,0.0,,cup_and_handle/images/no_pattern/2018/02/cup_and_handle__2018-02-21__0015162.png,,2018-02-21,14963,15162,2018-02-09T04:00:00+00:00,2018-02-21T23:00:00+00:00,,,,,,,,,,,,,No rule-based candidate at this daily endpoint,rule_candidate,pending
cup_and_handle__2018-02-22__0015185,cup_and_handle,0,no_pattern,neutral,0.0,,cup_and_handle/images/no_pattern/2018/02/cup_and_handle__2018-02-22__0015185.png,,2018-02-22,14986,15185,2018-02-12T04:00:00+00:00,2018-02-22T23:00:00+00:00,,,,,,,,,,,,,No rule-based candidate at this daily endpoint,rule_candidate,pending
cup_and_handle__2018-02-23__0015208,cup_and_handle,1,forming,bullish,0.54,64.0,cup_and_handle/images/forming/2018/02/cup_and_handle__2018-02-23__0015208.png,,2018-02-23,15009,15208,2018-02-13T04:00:00+00:00,2018-02-23T23:00:00+00:00,15145.0,15208.0,2018-02-21T06:00:00+00:00,2018-02-23T23:00:00+00:00,,,1329.62,1321.0369642857142,1346.7860714285712,2.0,1329.62,2.1321428571429,Cup and handle rounded base with shallow handle,rule_candidate,pending
cup_and_handle__2018-02-26__0015231,cup_and_handle,0,no_pattern,neutral,0.0,,cup_and_handle/images/no_pattern/2018/02/cup_and_handle__2018-02-26__0015231.png,,2018-02-26,15032,15231,2018-02-14T04:00:00+00:00,2018-02-26T23:00:00+00:00,,,,,,,,,,,,,No rule-based candidate at this daily endpoint,rule_candidate,pending
cup_and_handle__2018-02-27__0015254,cup_and_handle,0,no_pattern,neutral,0.0,,cup_and_handle/images/no_pattern/2018/02/cup_and_handle__2018-02-27__0015254.png,,2018-02-27,15055,15254,2018-02-15T04:00:00+00:00,2018-02-27T23:00:00+00:00,,,,,,,,,,,,,No rule-based candidate at this daily endpoint,rule_candidate,pending
cup_and_handle__2018-02-28__0015277,cup_and_handle,0,no_pattern,neutral,0.0,,cup_and_handle/images/no_pattern/2018/02/cup_and_handle__2018-02-28__0015277.png,,2018-02-28,15078,15277,2018-02-16T04:00:00+00:00,2018-02-28T23:00:00+00:00,,,,,,,,,,,,,No rule-based candidate at this daily endpoint,rule_candidate,pending
cup_and_handle__2018-03-01__0015300,cup_and_handle,0,no_pattern,neutral,0.0,,cup_and_handle/images/no_pattern/2018/03/cup_and_handle__2018-03-01__0015300.png,,2018-03-01,15101,15300,2018-02-19T04:00:00+00:00,2018-03-01T23:00:00+00:00,,,,,,,,,,,,,No rule-based candidate at this daily endpoint,rule_candidate,pending
cup_and_handle__2018-03-02__0015323,cup_and_handle,0,no_pattern,neutral,0.0,,cup_and_handle/images/no_pattern/2018/03/cup_and_handle__2018-03-02__0015323.png,,2018-03-02,15124,15323,2018-02-20T08:00:00+00:00,2018-03-02T23:00:00+00:00,,,,,,,,,,,,,No rule-based candidate at this daily endpoint,rule_candidate,pending
cup_and_handle__2018-03-05__0015346,cup_and_handle,1,forming,bullish,0.54,80.0,cup_and_handle/images/forming/2018/03/cup_and_handle__2018-03-05__0015346.png,,2018-03-05,15147,15346,2018-02-21T08:00:00+00:00,2018-03-05T23:00:00+00:00,15267.0,15346.0,2018-02-28T13:00:00+00:00,2018-03-05T23:00:00+00:00,,,1322.3608333333334,1305.1880357142857,1356.706428571429,2.0,1322.3608333333334,2.1278571428571404,Cup and handle rounded base with shallow handle,rule_candidate,pending
cup_and_handle__2018-03-06__0015369,cup_and_handle,0,no_pattern,neutral,0.0,,cup_and_handle/images/no_pattern/2018/03/cup_and_handle__2018-03-06__0015369.png,,2018-03-06,15170,15369,2018-02-22T08:00:00+00:00,2018-03-06T23:00:00+00:00,,,,,,,,,,,,,No rule-based candidate at this daily endpoint,rule_candidate,pending
cup_and_handle__2018-03-07__0015392,cup_and_handle,0,no_pattern,neutral,0.0,,cup_and_handle/images/no_pattern/2018/03/cup_and_handle__2018-03-07__0015392.png,,2018-03-07,15193,15392,2018-02-23T08:00:00+00:00,2018-03-07T23:00:00+00:00,,,,,,,,,,,,,No rule-based candidate at this daily endpoint,rule_candidate,pending
cup_and_handle__2018-03-08__0015415,cup_and_handle,0,no_pattern,neutral,0.0,,cup_and_handle/images/no_pattern/2018/03/cup_and_handle__2018-03-08__0015415.png,,2018-03-08,15216,15415,2018-02-26T08:00:00+00:00,2018-03-08T23:00:00+00:00,,,,,,,,,,,,,No rule-based candidate at this daily endpoint,rule_candidate,pending
cup_and_handle__2018-03-09__0015438,cup_and_handle,0,no_pattern,neutral,0.0,,cup_and_handle/images/no_pattern/2018/03/cup_and_handle__2018-03-09__0015438.png,,2018-03-09,15239,15438,2018-02-27T08:00:00+00:00,2018-03-09T23:00:00+00:00,,,,,,,,,,,,,No rule-based candidate at this daily endpoint,rule_candidate,pending
cup_and_handle__2018-03-12__0015461,cup_and_handle,0,no_pattern,neutral,0.0,,cup_and_handle/images/no_pattern/2018/03/cup_and_handle__2018-03-12__0015461.png,,2018-03-12,15262,15461,2018-02-28T08:00:00+00:00,2018-03-12T22:00:00+00:00,,,,,,,,,,,,,No rule-based candidate at this daily endpoint,rule_candidate,pending
cup_and_handle__2018-03-13__0015484,cup_and_handle,0,no_pattern,neutral,0.0,,cup_and_handle/images/no_pattern/2018/03/cup_and_handle__2018-03-13__0015484.png,,2018-03-13,15285,15484,2018-03-01T08:00:00+00:00,2018-03-13T22:00:00+00:00,,,,,,,,,,,,,No rule-based candidate at this daily endpoint,rule_candidate,pending
cup_and_handle__2018-03-14__0015507,cup_and_handle,0,no_pattern,neutral,0.0,,cup_and_handle/images/no_pattern/2018/03/cup_and_handle__2018-03-14__0015507.png,,2018-03-14,15308,15507,2018-03-02T08:00:00+00:00,2018-03-14T22:00:00+00:00,,,,,,,,,,,,,No rule-based candidate at this daily endpoint,rule_candidate,pending
cup_and_handle__2018-03-15__0015530,cup_and_handle,0,no_pattern,neutral,0.0,,cup_and_handle/images/no_pattern/2018/03/cup_and_handle__2018-03-15__0015530.png,,2018-03-15,15331,15530,2018-03-05T08:00:00+00:00,2018-03-15T22:00:00+00:00,,,,,,,,,,,,,No rule-based candidate at this daily endpoint,rule_candidate,pending
cup_and_handle__2018-03-16__0015553,cup_and_handle,0,no_pattern,neutral,0.0,,cup_and_handle/images/no_pattern/2018/03/cup_and_handle__2018-03-16__0015553.png,,2018-03-16,15354,15553,2018-03-06T08:00:00+00:00,2018-03-16T22:00:00+00:00,,,,,,,,,,,,,No rule-based candidate at this daily endpoint,rule_candidate,pending
cup_and_handle__2018-03-19__0015576,cup_and_handle,0,no_pattern,neutral,0.0,,cup_and_handle/images/no_pattern/2018/03/cup_and_handle__2018-03-19__0015576.png,,2018-03-19,15377,15576,2018-03-07T08:00:00+00:00,2018-03-19T22:00:00+00:00,,,,,,,,,,,,,No rule-based candidate at this daily endpoint,rule_candidate,pending
cup_and_handle__2018-03-20__0015599,cup_and_handle,0,no_pattern,neutral,0.0,,cup_and_handle/images/no_pattern/2018/03/cup_and_handle__2018-03-20__0015599.png,,2018-03-20,15400,15599,2018-03-08T08:00:00+00:00,2018-03-20T22:00:00+00:00,,,,,,,,,,,,,No rule-based candidate at this daily endpoint,rule_candidate,pending
cup_and_handle__2018-03-21__0015622,cup_and_handle,0,no_pattern,neutral,0.0,,cup_and_handle/images/no_pattern/2018/03/cup_and_handle__2018-03-21__0015622.png,,2018-03-21,15423,15622,2018-03-09T08:00:00+00:00,2018-03-21T22:00:00+00:00,,,,,,,,,,,,,No rule-based candidate at this daily endpoint,rule_candidate,pending
cup_and_handle__2018-03-22__0015645,cup_and_handle,0,no_pattern,neutral,0.0,,cup_and_handle/images/no_pattern/2018/03/cup_and_handle__2018-03-22__0015645.png,,2018-03-22,15446,15645,2018-03-12T07:00:00+00:00,2018-03-22T22:00:00+00:00,,,,,,,,,,,,,No rule-based candidate at this daily endpoint,rule_candidate,pending
cup_and_handle__2018-03-23__0015668,cup_and_handle,0,no_pattern,neutral,0.0,,cup_and_handle/images/no_pattern/2018/03/cup_and_handle__2018-03-23__0015668.png,,2018-03-23,15469,15668,2018-03-13T07:00:00+00:00,2018-03-23T22:00:00+00:00,,,,,,,,,,,,,No rule-based candidate at this daily endpoint,rule_candidate,pending
cup_and_handle__2018-03-26__0015691,cup_and_handle,0,no_pattern,neutral,0.0,,cup_and_handle/images/no_pattern/2018/03/cup_and_handle__2018-03-26__0015691.png,,2018-03-26,15492,15691,2018-03-14T07:00:00+00:00,2018-03-26T23:00:00+00:00,,,,,,,,,,,,,No rule-based candidate at this daily endpoint,rule_candidate,pending
cup_and_handle__2018-03-27__0015714,cup_and_handle,0,no_pattern,neutral,0.0,,cup_and_handle/images/no_pattern/2018/03/cup_and_handle__2018-03-27__0015714.png,,2018-03-27,15515,15714,2018-03-15T07:00:00+00:00,2018-03-27T23:00:00+00:00,,,,,,,,,,,,,No rule-based candidate at this daily endpoint,rule_candidate,pending
cup_and_handle__2018-03-28__0015737,cup_and_handle,0,no_pattern,neutral,0.0,,cup_and_handle/images/no_pattern/2018/03/cup_and_handle__2018-03-28__0015737.png,,2018-03-28,15538,15737,2018-03-16T07:00:00+00:00,2018-03-28T23:00:00+00:00,,,,,,,,,,,,,No rule-based candidate at this daily endpoint,rule_candidate,pending
cup_and_handle__2018-03-29__0015760,cup_and_handle,0,no_pattern,neutral,0.0,,cup_and_handle/images/no_pattern/2018/03/cup_and_handle__2018-03-29__0015760.png,,2018-03-29,15561,15760,2018-03-19T07:00:00+00:00,2018-03-29T23:00:00+00:00,,,,,,,,,,,,,No rule-based candidate at this daily endpoint,rule_candidate,pending
cup_and_handle__2018-04-02__0015783,cup_and_handle,0,no_pattern,neutral,0.0,,cup_and_handle/images/no_pattern/2018/04/cup_and_handle__2018-04-02__0015783.png,,2018-04-02,15584,15783,2018-03-20T07:00:00+00:00,2018-04-02T23:00:00+00:00,,,,,,,,,,,,,No rule-based candidate at this daily endpoint,rule_candidate,pending
cup_and_handle__2018-04-03__0015806,cup_and_handle,0,no_pattern,neutral,0.0,,cup_and_handle/images/no_pattern/2018/04/cup_and_handle__2018-04-03__0015806.png,,2018-04-03,15607,15806,2018-03-21T07:00:00+00:00,2018-04-03T23:00:00+00:00,,,,,,,,,,,,,No rule-based candidate at this daily endpoint,rule_candidate,pending
cup_and_handle__2018-04-04__0015829,cup_and_handle,0,no_pattern,neutral,0.0,,cup_and_handle/images/no_pattern/2018/04/cup_and_handle__2018-04-04__0015829.png,,2018-04-04,15630,15829,2018-03-22T07:00:00+00:00,2018-04-04T23:00:00+00:00,,,,,,,,,,,,,No rule-based candidate at this daily endpoint,rule_candidate,pending
cup_and_handle__2018-04-05__0015852,cup_and_handle,0,no_pattern,neutral,0.0,,cup_and_handle/images/no_pattern/2018/04/cup_and_handle__2018-04-05__0015852.png,,2018-04-05,15653,15852,2018-03-23T07:00:00+00:00,2018-04-05T23:00:00+00:00,,,,,,,,,,,,,No rule-based candidate at this daily endpoint,rule_candidate,pending
cup_and_handle__2018-04-06__0015875,cup_and_handle,0,no_pattern,neutral,0.0,,cup_and_handle/images/no_pattern/2018/04/cup_and_handle__2018-04-06__0015875.png,,2018-04-06,15676,15875,2018-03-26T08:00:00+00:00,2018-04-06T23:00:00+00:00,,,,,,,,,,,,,No rule-based candidate at this daily endpoint,rule_candidate,pending
cup_and_handle__2018-04-09__0015898,cup_and_handle,0,no_pattern,neutral,0.0,,cup_and_handle/images/no_pattern/2018/04/cup_and_handle__2018-04-09__0015898.png,,2018-04-09,15699,15898,2018-03-27T08:00:00+00:00,2018-04-09T23:00:00+00:00,,,,,,,,,,,,,No rule-based candidate at this daily endpoint,rule_candidate,pending
cup_and_handle__2018-04-10__0015921,cup_and_handle,0,no_pattern,neutral,0.0,,cup_and_handle/images/no_pattern/2018/04/cup_and_handle__2018-04-10__0015921.png,,2018-04-10,15722,15921,2018-03-28T08:00:00+00:00,2018-04-10T23:00:00+00:00,,,,,,,,,,,,,No rule-based candidate at this daily endpoint,rule_candidate,pending
cup_and_handle__2018-04-11__0015944,cup_and_handle,0,no_pattern,neutral,0.0,,cup_and_handle/images/no_pattern/2018/04/cup_and_handle__2018-04-11__0015944.png,,2018-04-11,15745,15944,2018-03-29T08:00:00+00:00,2018-04-11T23:00:00+00:00,,,,,,,,,,,,,No rule-based candidate at this daily endpoint,rule_candidate,pending
cup_and_handle__2018-04-12__0015967,cup_and_handle,0,no_pattern,neutral,0.0,,cup_and_handle/images/no_pattern/2018/04/cup_and_handle__2018-04-12__0015967.png,,2018-04-12,15768,15967,2018-04-02T08:00:00+00:00,2018-04-12T23:00:00+00:00,,,,,,,,,,,,,No rule-based candidate at this daily endpoint,rule_candidate,pending
cup_and_handle__2018-04-13__0015990,cup_and_handle,0,no_pattern,neutral,0.0,,cup_and_handle/images/no_pattern/2018/04/cup_and_handle__2018-04-13__0015990.png,,2018-04-13,15791,15990,2018-04-03T08:00:00+00:00,2018-04-13T23:00:00+00:00,,,,,,,,,,,,,No rule-based candidate at this daily endpoint,rule_candidate,pending
cup_and_handle__2018-04-16__0016013,cup_and_handle,0,no_pattern,neutral,0.0,,cup_and_handle/images/no_pattern/2018/04/cup_and_handle__2018-04-16__0016013.png,,2018-04-16,15814,16013,2018-04-04T08:00:00+00:00,2018-04-16T23:00:00+00:00,,,,,,,,,,,,,No rule-based candidate at this daily endpoint,rule_candidate,pending
cup_and_handle__2018-04-17__0016036,cup_and_handle,0,no_pattern,neutral,0.0,,cup_and_handle/images/no_pattern/2018/04/cup_and_handle__2018-04-17__0016036.png,,2018-04-17,15837,16036,2018-04-05T08:00:00+00:00,2018-04-17T23:00:00+00:00,,,,,,,,,,,,,No rule-based candidate at this daily endpoint,rule_candidate,pending
cup_and_handle__2018-04-18__0016059,cup_and_handle,0,no_pattern,neutral,0.0,,cup_and_handle/images/no_pattern/2018/04/cup_and_handle__2018-04-18__0016059.png,,2018-04-18,15860,16059,2018-04-06T08:00:00+00:00,2018-04-18T23:00:00+00:00,,,,,,,,,,,,,No rule-based candidate at this daily endpoint,rule_candidate,pending
cup_and_handle__2018-04-19__0016082,cup_and_handle,0,no_pattern,neutral,0.0,,cup_and_handle/images/no_pattern/2018/04/cup_and_handle__2018-04-19__0016082.png,,2018-04-19,15883,16082,2018-04-09T08:00:00+00:00,2018-04-19T23:00:00+00:00,,,,,,,,,,,,,No rule-based candidate at this daily endpoint,rule_candidate,pending
cup_and_handle__2018-04-20__0016105,cup_and_handle,0,no_pattern,neutral,0.0,,cup_and_handle/images/no_pattern/2018/04/cup_and_handle__2018-04-20__0016105.png,,2018-04-20,15906,16105,2018-04-10T08:00:00+00:00,2018-04-20T23:00:00+00:00,,,,,,,,,,,,,No rule-based candidate at this daily endpoint,rule_candidate,pending
cup_and_handle__2018-04-23__0016128,cup_and_handle,0,no_pattern,neutral,0.0,,cup_and_handle/images/no_pattern/2018/04/cup_and_handle__2018-04-23__0016128.png,,2018-04-23,15929,16128,2018-04-11T08:00:00+00:00,2018-04-23T23:00:00+00:00,,,,,,,,,,,,,No rule-based candidate at this daily endpoint,rule_candidate,pending
cup_and_handle__2018-04-24__0016151,cup_and_handle,0,no_pattern,neutral,0.0,,cup_and_handle/images/no_pattern/2018/04/cup_and_handle__2018-04-24__0016151.png,,2018-04-24,15952,16151,2018-04-12T08:00:00+00:00,2018-04-24T23:00:00+00:00,,,,,,,,,,,,,No rule-based candidate at this daily endpoint,rule_candidate,pending
cup_and_handle__2018-04-25__0016174,cup_and_handle,0,no_pattern,neutral,0.0,,cup_and_handle/images/no_pattern/2018/04/cup_and_handle__2018-04-25__0016174.png,,2018-04-25,15975,16174,2018-04-13T08:00:00+00:00,2018-04-25T23:00:00+00:00,,,,,,,,,,,,,No rule-based candidate at this daily endpoint,rule_candidate,pending
cup_and_handle__2018-04-26__0016197,cup_and_handle,0,no_pattern,neutral,0.0,,cup_and_handle/images/no_pattern/2018/04/cup_and_handle__2018-04-26__0016197.png,,2018-04-26,15998,16197,2018-04-16T08:00:00+00:00,2018-04-26T23:00:00+00:00,,,,,,,,,,,,,No rule-based candidate at this daily endpoint,rule_candidate,pending
cup_and_handle__2018-04-27__0016220,cup_and_handle,0,no_pattern,neutral,0.0,,cup_and_handle/images/no_pattern/2018/04/cup_and_handle__2018-04-27__0016220.png,,2018-04-27,16021,16220,2018-04-17T08:00:00+00:00,2018-04-27T23:00:00+00:00,,,,,,,,,,,,,No rule-based candidate at this daily endpoint,rule_candidate,pending
cup_and_handle__2018-04-30__0016243,cup_and_handle,0,no_pattern,neutral,0.0,,cup_and_handle/images/no_pattern/2018/04/cup_and_handle__2018-04-30__0016243.png,,2018-04-30,16044,16243,2018-04-18T08:00:00+00:00,2018-04-30T23:00:00+00:00,,,,,,,,,,,,,No rule-based candidate at this daily endpoint,rule_candidate,pending
cup_and_handle__2018-05-01__0016266,cup_and_handle,0,no_pattern,neutral,0.0,,cup_and_handle/images/no_pattern/2018/05/cup_and_handle__2018-05-01__0016266.png,,2018-05-01,16067,16266,2018-04-19T08:00:00+00:00,2018-05-01T23:00:00+00:00,,,,,,,,,,,,,No rule-based candidate at this daily endpoint,rule_candidate,pending
cup_and_handle__2018-05-02__0016289,cup_and_handle,0,no_pattern,neutral,0.0,,cup_and_handle/images/no_pattern/2018/05/cup_and_handle__2018-05-02__0016289.png,,2018-05-02,16090,16289,2018-04-20T08:00:00+00:00,2018-05-02T23:00:00+00:00,,,,,,,,,,,,,No rule-based candidate at this daily endpoint,rule_candidate,pending
cup_and_handle__2018-05-03__0016312,cup_and_handle,0,no_pattern,neutral,0.0,,cup_and_handle/images/no_pattern/2018/05/cup_and_handle__2018-05-03__0016312.png,,2018-05-03,16113,16312,2018-04-23T08:00:00+00:00,2018-05-03T23:00:00+00:00,,,,,,,,,,,,,No rule-based candidate at this daily endpoint,rule_candidate,pending
cup_and_handle__2018-05-04__0016335,cup_and_handle,0,no_pattern,neutral,0.0,,cup_and_handle/images/no_pattern/2018/05/cup_and_handle__2018-05-04__0016335.png,,2018-05-04,16136,16335,2018-04-24T08:00:00+00:00,2018-05-04T23:00:00+00:00,,,,,,,,,,,,,No rule-based candidate at this daily endpoint,rule_candidate,pending
cup_and_handle__2018-05-07__0016358,cup_and_handle,1,confirmed,bullish,0.66,120.0,cup_and_handle/images/confirmed/2018/05/cup_and_handle__2018-05-07__0016358.png,,2018-05-07,16159,16358,2018-04-25T08:00:00+00:00,2018-05-07T23:00:00+00:00,16239.0,16358.0,2018-04-30T19:00:00+00:00,2018-05-07T23:00:00+00:00,16358.0,2018-05-07T23:00:00+00:00,1313.97,1302.518928571429,1336.8721428571428,2.0,1313.1877777777777,1.924285714285702,Cup and handle rounded base with shallow handle,rule_candidate,pending
cup_and_handle__2018-05-08__0016381,cup_and_handle,0,no_pattern,neutral,0.0,,cup_and_handle/images/no_pattern/2018/05/cup_and_handle__2018-05-08__0016381.png,,2018-05-08,16182,16381,2018-04-26T08:00:00+00:00,2018-05-08T23:00:00+00:00,,,,,,,,,,,,,No rule-based candidate at this daily endpoint,rule_candidate,pending
cup_and_handle__2018-05-09__0016404,cup_and_handle,0,no_pattern,neutral,0.0,,cup_and_handle/images/no_pattern/2018/05/cup_and_handle__2018-05-09__0016404.png,,2018-05-09,16205,16404,2018-04-27T08:00:00+00:00,2018-05-09T23:00:00+00:00,,,,,,,,,,,,,No rule-based candidate at this daily endpoint,rule_candidate,pending
cup_and_handle__2018-05-10__0016427,cup_and_handle,0,no_pattern,neutral,0.0,,cup_and_handle/images/no_pattern/2018/05/cup_and_handle__2018-05-10__0016427.png,,2018-05-10,16228,16427,2018-04-30T08:00:00+00:00,2018-05-10T23:00:00+00:00,,,,,,,,,,,,,No rule-based candidate at this daily endpoint,rule_candidate,pending
cup_and_handle__2018-05-11__0016450,cup_and_handle,0,no_pattern,neutral,0.0,,cup_and_handle/images/no_pattern/2018/05/cup_and_handle__2018-05-11__0016450.png,,2018-05-11,16251,16450,2018-05-01T08:00:00+00:00,2018-05-11T23:00:00+00:00,,,,,,,,,,,,,No rule-based candidate at this daily endpoint,rule_candidate,pending
cup_and_handle__2018-05-14__0016473,cup_and_handle,0,no_pattern,neutral,0.0,,cup_and_handle/images/no_pattern/2018/05/cup_and_handle__2018-05-14__0016473.png,,2018-05-14,16274,16473,2018-05-02T08:00:00+00:00,2018-05-14T23:00:00+00:00,,,,,,,,,,,,,No rule-based candidate at this daily endpoint,rule_candidate,pending
cup_and_handle__2018-05-15__0016496,cup_and_handle,0,no_pattern,neutral,0.0,,cup_and_handle/images/no_pattern/2018/05/cup_and_handle__2018-05-15__0016496.png,,2018-05-15,16297,16496,2018-05-03T08:00:00+00:00,2018-05-15T23:00:00+00:00,,,,,,,,,,,,,No rule-based candidate at this daily endpoint,rule_candidate,pending
cup_and_handle__2018-05-16__0016519,cup_and_handle,0,no_pattern,neutral,0.0,,cup_and_handle/images/no_pattern/2018/05/cup_and_handle__2018-05-16__0016519.png,,2018-05-16,16320,16519,2018-05-04T08:00:00+00:00,2018-05-16T23:00:00+00:00,,,,,,,,,,,,,No rule-based candidate at this daily endpoint,rule_candidate,pending
cup_and_handle__2018-05-17__0016542,cup_and_handle,0,no_pattern,neutral,0.0,,cup_and_handle/images/no_pattern/2018/05/cup_and_handle__2018-05-17__0016542.png,,2018-05-17,16343,16542,2018-05-07T08:00:00+00:00,2018-05-17T23:00:00+00:00,,,,,,,,,,,,,No rule-based candidate at this daily endpoint,rule_candidate,pending
cup_and_handle__2018-05-18__0016565,cup_and_handle,0,no_pattern,neutral,0.0,,cup_and_handle/images/no_pattern/2018/05/cup_and_handle__2018-05-18__0016565.png,,2018-05-18,16366,16565,2018-05-08T08:00:00+00:00,2018-05-18T23:00:00+00:00,,,,,,,,,,,,,No rule-based candidate at this daily endpoint,rule_candidate,pending
cup_and_handle__2018-05-21__0016588,cup_and_handle,0,no_pattern,neutral,0.0,,cup_and_handle/images/no_pattern/2018/05/cup_and_handle__2018-05-21__0016588.png,,2018-05-21,16389,16588,2018-05-09T08:00:00+00:00,2018-05-21T23:00:00+00:00,,,,,,,,,,,,,No rule-based candidate at this daily endpoint,rule_candidate,pending
cup_and_handle__2018-05-22__0016611,cup_and_handle,0,no_pattern,neutral,0.0,,cup_and_handle/images/no_pattern/2018/05/cup_and_handle__2018-05-22__0016611.png,,2018-05-22,16412,16611,2018-05-10T08:00:00+00:00,2018-05-22T23:00:00+00:00,,,,,,,,,,,,,No rule-based candidate at this daily endpoint,rule_candidate,pending
cup_and_handle__2018-05-23__0016634,cup_and_handle,0,no_pattern,neutral,0.0,,cup_and_handle/images/no_pattern/2018/05/cup_and_handle__2018-05-23__0016634.png,,2018-05-23,16435,16634,2018-05-11T08:00:00+00:00,2018-05-23T23:00:00+00:00,,,,,,,,,,,,,No rule-based candidate at this daily endpoint,rule_candidate,pending
cup_and_handle__2018-05-24__0016657,cup_and_handle,0,no_pattern,neutral,0.0,,cup_and_handle/images/no_pattern/2018/05/cup_and_handle__2018-05-24__0016657.png,,2018-05-24,16458,16657,2018-05-14T08:00:00+00:00,2018-05-24T23:00:00+00:00,,,,,,,,,,,,,No rule-based candidate at this daily endpoint,rule_candidate,pending
cup_and_handle__2018-05-25__0016680,cup_and_handle,1,forming,bullish,0.54,80.0,cup_and_handle/images/forming/2018/05/cup_and_handle__2018-05-25__0016680.png,,2018-05-25,16481,16680,2018-05-15T08:00:00+00:00,2018-05-25T23:00:00+00:00,16601.0,16680.0,2018-05-22T13:00:00+00:00,2018-05-25T23:00:00+00:00,,,1304.0216666666668,1288.81375,1334.4375000000002,2.0,1304.0216666666668,2.304999999999999,Cup and handle rounded base with shallow handle,rule_candidate,pending
cup_and_handle__2018-05-28__0016699,cup_and_handle,0,no_pattern,neutral,0.0,,cup_and_handle/images/no_pattern/2018/05/cup_and_handle__2018-05-28__0016699.png,,2018-05-28,16500,16699,2018-05-16T04:00:00+00:00,2018-05-28T19:00:00+00:00,,,,,,,,,,,,,No rule-based candidate at this daily endpoint,rule_candidate,pending
cup_and_handle__2018-05-29__0016722,cup_and_handle,0,no_pattern,neutral,0.0,,cup_and_handle/images/no_pattern/2018/05/cup_and_handle__2018-05-29__0016722.png,,2018-05-29,16523,16722,2018-05-17T04:00:00+00:00,2018-05-29T23:00:00+00:00,,,,,,,,,,,,,No rule-based candidate at this daily endpoint,rule_candidate,pending
cup_and_handle__2018-05-30__0016745,cup_and_handle,0,no_pattern,neutral,0.0,,cup_and_handle/images/no_pattern/2018/05/cup_and_handle__2018-05-30__0016745.png,,2018-05-30,16546,16745,2018-05-18T04:00:00+00:00,2018-05-30T23:00:00+00:00,,,,,,,,,,,,,No rule-based candidate at this daily endpoint,rule_candidate,pending
cup_and_handle__2018-05-31__0016768,cup_and_handle,0,no_pattern,neutral,0.0,,cup_and_handle/images/no_pattern/2018/05/cup_and_handle__2018-05-31__0016768.png,,2018-05-31,16569,16768,2018-05-21T04:00:00+00:00,2018-05-31T23:00:00+00:00,,,,,,,,,,,,,No rule-based candidate at this daily endpoint,rule_candidate,pending
cup_and_handle__2018-06-01__0016791,cup_and_handle,0,no_pattern,neutral,0.0,,cup_and_handle/images/no_pattern/2018/06/cup_and_handle__2018-06-01__0016791.png,,2018-06-01,16592,16791,2018-05-22T04:00:00+00:00,2018-06-01T23:00:00+00:00,,,,,,,,,,,,,No rule-based candidate at this daily endpoint,rule_candidate,pending
cup_and_handle__2018-06-04__0016814,cup_and_handle,0,no_pattern,neutral,0.0,,cup_and_handle/images/no_pattern/2018/06/cup_and_handle__2018-06-04__0016814.png,,2018-06-04,16615,16814,2018-05-23T04:00:00+00:00,2018-06-04T23:00:00+00:00,,,,,,,,,,,,,No rule-based candidate at this daily endpoint,rule_candidate,pending
cup_and_handle__2018-06-05__0016837,cup_and_handle,0,no_pattern,neutral,0.0,,cup_and_handle/images/no_pattern/2018/06/cup_and_handle__2018-06-05__0016837.png,,2018-06-05,16638,16837,2018-05-24T04:00:00+00:00,2018-06-05T23:00:00+00:00,,,,,,,,,,,,,No rule-based candidate at this daily endpoint,rule_candidate,pending
cup_and_handle__2018-06-06__0016860,cup_and_handle,1,confirmed,bullish,0.66,80.0,cup_and_handle/images/confirmed/2018/06/cup_and_handle__2018-06-06__0016860.png,,2018-06-06,16661,16860,2018-05-25T04:00:00+00:00,2018-06-06T23:00:00+00:00,16781.0,16860.0,2018-06-01T13:00:00+00:00,2018-06-06T23:00:00+00:00,16860.0,2018-06-06T23:00:00+00:00,1296.31,1289.954107142857,1309.0217857142857,2.0,1296.2183333333332,2.343571428571392,Cup and handle rounded base with shallow handle,rule_candidate,pending
cup_and_handle__2018-06-07__0016883,cup_and_handle,1,forming,bullish,0.54,100.0,cup_and_handle/images/forming/2018/06/cup_and_handle__2018-06-07__0016883.png,,2018-06-07,16684,16883,2018-05-28T04:00:00+00:00,2018-06-07T23:00:00+00:00,16784.0,16883.0,2018-06-01T16:00:00+00:00,2018-06-07T23:00:00+00:00,,,1297.292,1289.9882142857143,1311.8995714285718,2.0,1297.292,2.20714285714288,Cup and handle rounded base with shallow handle,rule_candidate,pending
cup_and_handle__2018-06-08__0016906,cup_and_handle,0,no_pattern,neutral,0.0,,cup_and_handle/images/no_pattern/2018/06/cup_and_handle__2018-06-08__0016906.png,,2018-06-08,16707,16906,2018-05-29T08:00:00+00:00,2018-06-08T23:00:00+00:00,,,,,,,,,,,,,No rule-based candidate at this daily endpoint,rule_candidate,pending
cup_and_handle__2018-06-11__0016929,cup_and_handle,0,no_pattern,neutral,0.0,,cup_and_handle/images/no_pattern/2018/06/cup_and_handle__2018-06-11__0016929.png,,2018-06-11,16730,16929,2018-05-30T08:00:00+00:00,2018-06-11T23:00:00+00:00,,,,,,,,,,,,,No rule-based candidate at this daily endpoint,rule_candidate,pending
cup_and_handle__2018-06-12__0016952,cup_and_handle,0,no_pattern,neutral,0.0,,cup_and_handle/images/no_pattern/2018/06/cup_and_handle__2018-06-12__0016952.png,,2018-06-12,16753,16952,2018-05-31T08:00:00+00:00,2018-06-12T23:00:00+00:00,,,,,,,,,,,,,No rule-based candidate at this daily endpoint,rule_candidate,pending
cup_and_handle__2018-06-13__0016975,cup_and_handle,0,no_pattern,neutral,0.0,,cup_and_handle/images/no_pattern/2018/06/cup_and_handle__2018-06-13__0016975.png,,2018-06-13,16776,16975,2018-06-01T08:00:00+00:00,2018-06-13T23:00:00+00:00,,,,,,,,,,,,,No rule-based candidate at this daily endpoint,rule_candidate,pending
cup_and_handle__2018-06-14__0016998,cup_and_handle,0,no_pattern,neutral,0.0,,cup_and_handle/images/no_pattern/2018/06/cup_and_handle__2018-06-14__0016998.png,,2018-06-14,16799,16998,2018-06-04T08:00:00+00:00,2018-06-14T23:00:00+00:00,,,,,,,,,,,,,No rule-based candidate at this daily endpoint,rule_candidate,pending
cup_and_handle__2018-06-15__0017021,cup_and_handle,0,no_pattern,neutral,0.0,,cup_and_handle/images/no_pattern/2018/06/cup_and_handle__2018-06-15__0017021.png,,2018-06-15,16822,17021,2018-06-05T08:00:00+00:00,2018-06-15T23:00:00+00:00,,,,,,,,,,,,,No rule-based candidate at this daily endpoint,rule_candidate,pending
cup_and_handle__2018-06-18__0017044,cup_and_handle,0,no_pattern,neutral,0.0,,cup_and_handle/images/no_pattern/2018/06/cup_and_handle__2018-06-18__0017044.png,,2018-06-18,16845,17044,2018-06-06T08:00:00+00:00,2018-06-18T23:00:00+00:00,,,,,,,,,,,,,No rule-based candidate at this daily endpoint,rule_candidate,pending
cup_and_handle__2018-06-19__0017067,cup_and_handle,0,no_pattern,neutral,0.0,,cup_and_handle/images/no_pattern/2018/06/cup_and_handle__2018-06-19__0017067.png,,2018-06-19,16868,17067,2018-06-07T08:00:00+00:00,2018-06-19T23:00:00+00:00,,,,,,,,,,,,,No rule-based candidate at this daily endpoint,rule_candidate,pending
cup_and_handle__2018-06-20__0017090,cup_and_handle,0,no_pattern,neutral,0.0,,cup_and_handle/images/no_pattern/2018/06/cup_and_handle__2018-06-20__0017090.png,,2018-06-20,16891,17090,2018-06-08T08:00:00+00:00,2018-06-20T23:00:00+00:00,,,,,,,,,,,,,No rule-based candidate at this daily endpoint,rule_candidate,pending
cup_and_handle__2018-06-21__0017113,cup_and_handle,0,no_pattern,neutral,0.0,,cup_and_handle/images/no_pattern/2018/06/cup_and_handle__2018-06-21__0017113.png,,2018-06-21,16914,17113,2018-06-11T08:00:00+00:00,2018-06-21T23:00:00+00:00,,,,,,,,,,,,,No rule-based candidate at this daily endpoint,rule_candidate,pending
cup_and_handle__2018-06-22__0017136,cup_and_handle,0,no_pattern,neutral,0.0,,cup_and_handle/images/no_pattern/2018/06/cup_and_handle__2018-06-22__0017136.png,,2018-06-22,16937,17136,2018-06-12T08:00:00+00:00,2018-06-22T23:00:00+00:00,,,,,,,,,,,,,No rule-based candidate at this daily endpoint,rule_candidate,pending
cup_and_handle__2018-06-25__0017159,cup_and_handle,0,no_pattern,neutral,0.0,,cup_and_handle/images/no_pattern/2018/06/cup_and_handle__2018-06-25__0017159.png,,2018-06-25,16960,17159,2018-06-13T08:00:00+00:00,2018-06-25T23:00:00+00:00,,,,,,,,,,,,,No rule-based candidate at this daily endpoint,rule_candidate,pending
cup_and_handle__2018-06-26__0017182,cup_and_handle,0,no_pattern,neutral,0.0,,cup_and_handle/images/no_pattern/2018/06/cup_and_handle__2018-06-26__0017182.png,,2018-06-26,16983,17182,2018-06-14T08:00:00+00:00,2018-06-26T23:00:00+00:00,,,,,,,,,,,,,No rule-based candidate at this daily endpoint,rule_candidate,pending
cup_and_handle__2018-06-27__0017205,cup_and_handle,0,no_pattern,neutral,0.0,,cup_and_handle/images/no_pattern/2018/06/cup_and_handle__2018-06-27__0017205.png,,2018-06-27,17006,17205,2018-06-15T08:00:00+00:00,2018-06-27T23:00:00+00:00,,,,,,,,,,,,,No rule-based candidate at this daily endpoint,rule_candidate,pending
cup_and_handle__2018-06-28__0017228,cup_and_handle,0,no_pattern,neutral,0.0,,cup_and_handle/images/no_pattern/2018/06/cup_and_handle__2018-06-28__0017228.png,,2018-06-28,17029,17228,2018-06-18T08:00:00+00:00,2018-06-28T23:00:00+00:00,,,,,,,,,,,,,No rule-based candidate at this daily endpoint,rule_candidate,pending
cup_and_handle__2018-06-29__0017251,cup_and_handle,0,no_pattern,neutral,0.0,,cup_and_handle/images/no_pattern/2018/06/cup_and_handle__2018-06-29__0017251.png,,2018-06-29,17052,17251,2018-06-19T08:00:00+00:00,2018-06-29T23:00:00+00:00,,,,,,,,,,,,,No rule-based candidate at this daily endpoint,rule_candidate,pending
cup_and_handle__2018-07-02__0017274,cup_and_handle,0,no_pattern,neutral,0.0,,cup_and_handle/images/no_pattern/2018/07/cup_and_handle__2018-07-02__0017274.png,,2018-07-02,17075,17274,2018-06-20T08:00:00+00:00,2018-07-02T23:00:00+00:00,,,,,,,,,,,,,No rule-based candidate at this daily endpoint,rule_candidate,pending
cup_and_handle__2018-07-03__0017297,cup_and_handle,0,no_pattern,neutral,0.0,,cup_and_handle/images/no_pattern/2018/07/cup_and_handle__2018-07-03__0017297.png,,2018-07-03,17098,17297,2018-06-21T08:00:00+00:00,2018-07-03T23:00:00+00:00,,,,,,,,,,,,,No rule-based candidate at this daily endpoint,rule_candidate,pending
cup_and_handle__2018-07-04__0017316,cup_and_handle,0,no_pattern,neutral,0.0,,cup_and_handle/images/no_pattern/2018/07/cup_and_handle__2018-07-04__0017316.png,,2018-07-04,17117,17316,2018-06-22T04:00:00+00:00,2018-07-04T19:00:00+00:00,,,,,,,,,,,,,No rule-based candidate at this daily endpoint,rule_candidate,pending
cup_and_handle__2018-07-05__0017339,cup_and_handle,1,confirmed,bullish,0.66,100.0,cup_and_handle/images/confirmed/2018/07/cup_and_handle__2018-07-05__0017339.png,,2018-07-05,17140,17339,2018-06-25T04:00:00+00:00,2018-07-05T23:00:00+00:00,17240.0,17339.0,2018-06-29T12:00:00+00:00,2018-07-05T23:00:00+00:00,17339.0,2018-07-05T23:00:00+00:00,1257.42,1237.9705357142857,1296.3189285714288,2.0,1257.1820000000002,2.157857142857113,Cup and handle rounded base with shallow handle,rule_candidate,pending
cup_and_handle__2018-07-06__0017362,cup_and_handle,0,no_pattern,neutral,0.0,,cup_and_handle/images/no_pattern/2018/07/cup_and_handle__2018-07-06__0017362.png,,2018-07-06,17163,17362,2018-06-26T04:00:00+00:00,2018-07-06T23:00:00+00:00,,,,,,,,,,,,,No rule-based candidate at this daily endpoint,rule_candidate,pending
cup_and_handle__2018-07-09__0017385,cup_and_handle,0,no_pattern,neutral,0.0,,cup_and_handle/images/no_pattern/2018/07/cup_and_handle__2018-07-09__0017385.png,,2018-07-09,17186,17385,2018-06-27T04:00:00+00:00,2018-07-09T23:00:00+00:00,,,,,,,,,,,,,No rule-based candidate at this daily endpoint,rule_candidate,pending
cup_and_handle__2018-07-10__0017408,cup_and_handle,0,no_pattern,neutral,0.0,,cup_and_handle/images/no_pattern/2018/07/cup_and_handle__2018-07-10__0017408.png,,2018-07-10,17209,17408,2018-06-28T04:00:00+00:00,2018-07-10T23:00:00+00:00,,,,,,,,,,,,,No rule-based candidate at this daily endpoint,rule_candidate,pending
cup_and_handle__2018-07-11__0017431,cup_and_handle,0,no_pattern,neutral,0.0,,cup_and_handle/images/no_pattern/2018/07/cup_and_handle__2018-07-11__0017431.png,,2018-07-11,17232,17431,2018-06-29T04:00:00+00:00,2018-07-11T23:00:00+00:00,,,,,,,,,,,,,No rule-based candidate at this daily endpoint,rule_candidate,pending
cup_and_handle__2018-07-12__0017454,cup_and_handle,0,no_pattern,neutral,0.0,,cup_and_handle/images/no_pattern/2018/07/cup_and_handle__2018-07-12__0017454.png,,2018-07-12,17255,17454,2018-07-02T04:00:00+00:00,2018-07-12T23:00:00+00:00,,,,,,,,,,,,,No rule-based candidate at this daily endpoint,rule_candidate,pending
cup_and_handle__2018-07-13__0017477,cup_and_handle,0,no_pattern,neutral,0.0,,cup_and_handle/images/no_pattern/2018/07/cup_and_handle__2018-07-13__0017477.png,,2018-07-13,17278,17477,2018-07-03T04:00:00+00:00,2018-07-13T23:00:00+00:00,,,,,,,,,,,,,No rule-based candidate at this daily endpoint,rule_candidate,pending
cup_and_handle__2018-07-16__0017500,cup_and_handle,0,no_pattern,neutral,0.0,,cup_and_handle/images/no_pattern/2018/07/cup_and_handle__2018-07-16__0017500.png,,2018-07-16,17301,17500,2018-07-04T04:00:00+00:00,2018-07-16T23:00:00+00:00,,,,,,,,,,,,,No rule-based candidate at this daily endpoint,rule_candidate,pending
cup_and_handle__2018-07-17__0017523,cup_and_handle,0,no_pattern,neutral,0.0,,cup_and_handle/images/no_pattern/2018/07/cup_and_handle__2018-07-17__0017523.png,,2018-07-17,17324,17523,2018-07-05T08:00:00+00:00,2018-07-17T23:00:00+00:00,,,,,,,,,,,,,No rule-based candidate at this daily endpoint,rule_candidate,pending
cup_and_handle__2018-07-18__0017546,cup_and_handle,0,no_pattern,neutral,0.0,,cup_and_handle/images/no_pattern/2018/07/cup_and_handle__2018-07-18__0017546.png,,2018-07-18,17347,17546,2018-07-06T08:00:00+00:00,2018-07-18T23:00:00+00:00,,,,,,,,,,,,,No rule-based candidate at this daily endpoint,rule_candidate,pending
cup_and_handle__2018-07-19__0017569,cup_and_handle,0,no_pattern,neutral,0.0,,cup_and_handle/images/no_pattern/2018/07/cup_and_handle__2018-07-19__0017569.png,,2018-07-19,17370,17569,2018-07-09T08:00:00+00:00,2018-07-19T23:00:00+00:00,,,,,,,,,,,,,No rule-based candidate at this daily endpoint,rule_candidate,pending
cup_and_handle__2018-07-20__0017592,cup_and_handle,1,confirmed,bullish,0.66,48.0,cup_and_handle/images/confirmed/2018/07/cup_and_handle__2018-07-20__0017592.png,,2018-07-20,17393,17592,2018-07-10T08:00:00+00:00,2018-07-20T23:00:00+00:00,17545.0,17592.0,2018-07-18T22:00:00+00:00,2018-07-20T23:00:00+00:00,17592.0,2018-07-20T23:00:00+00:00,1231.45,1213.3630357142856,1267.623928571429,2.0,1226.4642857142858,2.707857142857165,Cup and handle rounded base with shallow handle,rule_candidate,pending
cup_and_handle__2018-07-23__0017615,cup_and_handle,0,no_pattern,neutral,0.0,,cup_and_handle/images/no_pattern/2018/07/cup_and_handle__2018-07-23__0017615.png,,2018-07-23,17416,17615,2018-07-11T08:00:00+00:00,2018-07-23T23:00:00+00:00,,,,,,,,,,,,,No rule-based candidate at this daily endpoint,rule_candidate,pending
cup_and_handle__2018-07-24__0017638,cup_and_handle,0,no_pattern,neutral,0.0,,cup_and_handle/images/no_pattern/2018/07/cup_and_handle__2018-07-24__0017638.png,,2018-07-24,17439,17638,2018-07-12T08:00:00+00:00,2018-07-24T23:00:00+00:00,,,,,,,,,,,,,No rule-based candidate at this daily endpoint,rule_candidate,pending
cup_and_handle__2018-07-25__0017661,cup_and_handle,0,no_pattern,neutral,0.0,,cup_and_handle/images/no_pattern/2018/07/cup_and_handle__2018-07-25__0017661.png,,2018-07-25,17462,17661,2018-07-13T08:00:00+00:00,2018-07-25T23:00:00+00:00,,,,,,,,,,,,,No rule-based candidate at this daily endpoint,rule_candidate,pending
cup_and_handle__2018-07-26__0017684,cup_and_handle,0,no_pattern,neutral,0.0,,cup_and_handle/images/no_pattern/2018/07/cup_and_handle__2018-07-26__0017684.png,,2018-07-26,17485,17684,2018-07-16T08:00:00+00:00,2018-07-26T23:00:00+00:00,,,,,,,,,,,,,No rule-based candidate at this daily endpoint,rule_candidate,pending
cup_and_handle__2018-07-27__0017707,cup_and_handle,0,no_pattern,neutral,0.0,,cup_and_handle/images/no_pattern/2018/07/cup_and_handle__2018-07-27__0017707.png,,2018-07-27,17508,17707,2018-07-17T08:00:00+00:00,2018-07-27T23:00:00+00:00,,,,,,,,,,,,,No rule-based candidate at this daily endpoint,rule_candidate,pending
cup_and_handle__2018-07-30__0017730,cup_and_handle,0,no_pattern,neutral,0.0,,cup_and_handle/images/no_pattern/2018/07/cup_and_handle__2018-07-30__0017730.png,,2018-07-30,17531,17730,2018-07-18T08:00:00+00:00,2018-07-30T23:00:00+00:00,,,,,,,,,,,,,No rule-based candidate at this daily endpoint,rule_candidate,pending
cup_and_handle__2018-07-31__0017753,cup_and_handle,0,no_pattern,neutral,0.0,,cup_and_handle/images/no_pattern/2018/07/cup_and_handle__2018-07-31__0017753.png,,2018-07-31,17554,17753,2018-07-19T08:00:00+00:00,2018-07-31T23:00:00+00:00,,,,,,,,,,,,,No rule-based candidate at this daily endpoint,rule_candidate,pending
cup_and_handle__2018-08-01__0017776,cup_and_handle,0,no_pattern,neutral,0.0,,cup_and_handle/images/no_pattern/2018/08/cup_and_handle__2018-08-01__0017776.png,,2018-08-01,17577,17776,2018-07-20T08:00:00+00:00,2018-08-01T23:00:00+00:00,,,,,,,,,,,,,No rule-based candidate at this daily endpoint,rule_candidate,pending
cup_and_handle__2018-08-02__0017799,cup_and_handle,0,no_pattern,neutral,0.0,,cup_and_handle/images/no_pattern/2018/08/cup_and_handle__2018-08-02__0017799.png,,2018-08-02,17600,17799,2018-07-23T08:00:00+00:00,2018-08-02T23:00:00+00:00,,,,,,,,,,,,,No rule-based candidate at this daily endpoint,rule_candidate,pending
cup_and_handle__2018-08-03__0017822,cup_and_handle,0,no_pattern,neutral,0.0,,cup_and_handle/images/no_pattern/2018/08/cup_and_handle__2018-08-03__0017822.png,,2018-08-03,17623,17822,2018-07-24T08:00:00+00:00,2018-08-03T23:00:00+00:00,,,,,,,,,,,,,No rule-based candidate at this daily endpoint,rule_candidate,pending
cup_and_handle__2018-08-06__0017845,cup_and_handle,0,no_pattern,neutral,0.0,,cup_and_handle/images/no_pattern/2018/08/cup_and_handle__2018-08-06__0017845.png,,2018-08-06,17646,17845,2018-07-25T08:00:00+00:00,2018-08-06T23:00:00+00:00,,,,,,,,,,,,,No rule-based candidate at this daily endpoint,rule_candidate,pending
cup_and_handle__2018-08-07__0017868,cup_and_handle,0,no_pattern,neutral,0.0,,cup_and_handle/images/no_pattern/2018/08/cup_and_handle__2018-08-07__0017868.png,,2018-08-07,17669,17868,2018-07-26T08:00:00+00:00,2018-08-07T23:00:00+00:00,,,,,,,,,,,,,No rule-based candidate at this daily endpoint,rule_candidate,pending
cup_and_handle__2018-08-08__0017891,cup_and_handle,0,no_pattern,neutral,0.0,,cup_and_handle/images/no_pattern/2018/08/cup_and_handle__2018-08-08__0017891.png,,2018-08-08,17692,17891,2018-07-27T08:00:00+00:00,2018-08-08T23:00:00+00:00,,,,,,,,,,,,,No rule-based candidate at this daily endpoint,rule_candidate,pending
cup_and_handle__2018-08-09__0017914,cup_and_handle,0,no_pattern,neutral,0.0,,cup_and_handle/images/no_pattern/2018/08/cup_and_handle__2018-08-09__0017914.png,,2018-08-09,17715,17914,2018-07-30T08:00:00+00:00,2018-08-09T23:00:00+00:00,,,,,,,,,,,,,No rule-based candidate at this daily endpoint,rule_candidate,pending
cup_and_handle__2018-08-10__0017937,cup_and_handle,0,no_pattern,neutral,0.0,,cup_and_handle/images/no_pattern/2018/08/cup_and_handle__2018-08-10__0017937.png,,2018-08-10,17738,17937,2018-07-31T08:00:00+00:00,2018-08-10T23:00:00+00:00,,,,,,,,,,,,,No rule-based candidate at this daily endpoint,rule_candidate,pending
cup_and_handle__2018-08-13__0017960,cup_and_handle,0,no_pattern,neutral,0.0,,cup_and_handle/images/no_pattern/2018/08/cup_and_handle__2018-08-13__0017960.png,,2018-08-13,17761,17960,2018-08-01T08:00:00+00:00,2018-08-13T23:00:00+00:00,,,,,,,,,,,,,No rule-based candidate at this daily endpoint,rule_candidate,pending
cup_and_handle__2018-08-14__0017983,cup_and_handle,0,no_pattern,neutral,0.0,,cup_and_handle/images/no_pattern/2018/08/cup_and_handle__2018-08-14__0017983.png,,2018-08-14,17784,17983,2018-08-02T08:00:00+00:00,2018-08-14T23:00:00+00:00,,,,,,,,,,,,,No rule-based candidate at this daily endpoint,rule_candidate,pending
cup_and_handle__2018-08-15__0018006,cup_and_handle,0,no_pattern,neutral,0.0,,cup_and_handle/images/no_pattern/2018/08/cup_and_handle__2018-08-15__0018006.png,,2018-08-15,17807,18006,2018-08-03T08:00:00+00:00,2018-08-15T23:00:00+00:00,,,,,,,,,,,,,No rule-based candidate at this daily endpoint,rule_candidate,pending
cup_and_handle__2018-08-16__0018029,cup_and_handle,0,no_pattern,neutral,0.0,,cup_and_handle/images/no_pattern/2018/08/cup_and_handle__2018-08-16__0018029.png,,2018-08-16,17830,18029,2018-08-06T08:00:00+00:00,2018-08-16T23:00:00+00:00,,,,,,,,,,,,,No rule-based candidate at this daily endpoint,rule_candidate,pending
cup_and_handle__2018-08-17__0018052,cup_and_handle,0,no_pattern,neutral,0.0,,cup_and_handle/images/no_pattern/2018/08/cup_and_handle__2018-08-17__0018052.png,,2018-08-17,17853,18052,2018-08-07T08:00:00+00:00,2018-08-17T23:00:00+00:00,,,,,,,,,,,,,No rule-based candidate at this daily endpoint,rule_candidate,pending
cup_and_handle__2018-08-20__0018075,cup_and_handle,0,no_pattern,neutral,0.0,,cup_and_handle/images/no_pattern/2018/08/cup_and_handle__2018-08-20__0018075.png,,2018-08-20,17876,18075,2018-08-08T08:00:00+00:00,2018-08-20T23:00:00+00:00,,,,,,,,,,,,,No rule-based candidate at this daily endpoint,rule_candidate,pending
cup_and_handle__2018-08-21__0018098,cup_and_handle,0,no_pattern,neutral,0.0,,cup_and_handle/images/no_pattern/2018/08/cup_and_handle__2018-08-21__0018098.png,,2018-08-21,17899,18098,2018-08-09T08:00:00+00:00,2018-08-21T23:00:00+00:00,,,,,,,,,,,,,No rule-based candidate at this daily endpoint,rule_candidate,pending
cup_and_handle__2018-08-22__0018121,cup_and_handle,0,no_pattern,neutral,0.0,,cup_and_handle/images/no_pattern/2018/08/cup_and_handle__2018-08-22__0018121.png,,2018-08-22,17922,18121,2018-08-10T08:00:00+00:00,2018-08-22T23:00:00+00:00,,,,,,,,,,,,,No rule-based candidate at this daily endpoint,rule_candidate,pending
cup_and_handle__2018-08-23__0018144,cup_and_handle,1,forming,bullish,0.54,200.0,cup_and_handle/images/forming/2018/08/cup_and_handle__2018-08-23__0018144.png,,2018-08-23,17945,18144,2018-08-13T08:00:00+00:00,2018-08-23T23:00:00+00:00,17945.0,18144.0,2018-08-13T08:00:00+00:00,2018-08-23T23:00:00+00:00,,,1197.0499999999995,1165.0126785714288,1261.1246428571417,2.0,1197.0499999999995,2.469285714285726,Cup and handle rounded base with shallow handle,rule_candidate,pending
cup_and_handle__2018-08-24__0018167,cup_and_handle,0,no_pattern,neutral,0.0,,cup_and_handle/images/no_pattern/2018/08/cup_and_handle__2018-08-24__0018167.png,,2018-08-24,17968,18167,2018-08-14T08:00:00+00:00,2018-08-24T23:00:00+00:00,,,,,,,,,,,,,No rule-based candidate at this daily endpoint,rule_candidate,pending
cup_and_handle__2018-08-27__0018190,cup_and_handle,0,no_pattern,neutral,0.0,,cup_and_handle/images/no_pattern/2018/08/cup_and_handle__2018-08-27__0018190.png,,2018-08-27,17991,18190,2018-08-15T08:00:00+00:00,2018-08-27T23:00:00+00:00,,,,,,,,,,,,,No rule-based candidate at this daily endpoint,rule_candidate,pending
cup_and_handle__2018-08-28__0018213,cup_and_handle,0,no_pattern,neutral,0.0,,cup_and_handle/images/no_pattern/2018/08/cup_and_handle__2018-08-28__0018213.png,,2018-08-28,18014,18213,2018-08-16T08:00:00+00:00,2018-08-28T23:00:00+00:00,,,,,,,,,,,,,No rule-based candidate at this daily endpoint,rule_candidate,pending
cup_and_handle__2018-08-29__0018236,cup_and_handle,0,no_pattern,neutral,0.0,,cup_and_handle/images/no_pattern/2018/08/cup_and_handle__2018-08-29__0018236.png,,2018-08-29,18037,18236,2018-08-17T08:00:00+00:00,2018-08-29T23:00:00+00:00,,,,,,,,,,,,,No rule-based candidate at this daily endpoint,rule_candidate,pending
cup_and_handle__2018-08-30__0018259,cup_and_handle,0,no_pattern,neutral,0.0,,cup_and_handle/images/no_pattern/2018/08/cup_and_handle__2018-08-30__0018259.png,,2018-08-30,18060,18259,2018-08-20T08:00:00+00:00,2018-08-30T23:00:00+00:00,,,,,,,,,,,,,No rule-based candidate at this daily endpoint,rule_candidate,pending
cup_and_handle__2018-08-31__0018282,cup_and_handle,0,no_pattern,neutral,0.0,,cup_and_handle/images/no_pattern/2018/08/cup_and_handle__2018-08-31__0018282.png,,2018-08-31,18083,18282,2018-08-21T08:00:00+00:00,2018-08-31T23:00:00+00:00,,,,,,,,,,,,,No rule-based candidate at this daily endpoint,rule_candidate,pending
cup_and_handle__2018-09-03__0018301,cup_and_handle,0,no_pattern,neutral,0.0,,cup_and_handle/images/no_pattern/2018/09/cup_and_handle__2018-09-03__0018301.png,,2018-09-03,18102,18301,2018-08-22T04:00:00+00:00,2018-09-03T19:00:00+00:00,,,,,,,,,,,,,No rule-based candidate at this daily endpoint,rule_candidate,pending
cup_and_handle__2018-09-04__0018324,cup_and_handle,0,no_pattern,neutral,0.0,,cup_and_handle/images/no_pattern/2018/09/cup_and_handle__2018-09-04__0018324.png,,2018-09-04,18125,18324,2018-08-23T04:00:00+00:00,2018-09-04T23:00:00+00:00,,,,,,,,,,,,,No rule-based candidate at this daily endpoint,rule_candidate,pending
cup_and_handle__2018-09-05__0018347,cup_and_handle,0,no_pattern,neutral,0.0,,cup_and_handle/images/no_pattern/2018/09/cup_and_handle__2018-09-05__0018347.png,,2018-09-05,18148,18347,2018-08-24T04:00:00+00:00,2018-09-05T23:00:00+00:00,,,,,,,,,,,,,No rule-based candidate at this daily endpoint,rule_candidate,pending
cup_and_handle__2018-09-06__0018370,cup_and_handle,0,no_pattern,neutral,0.0,,cup_and_handle/images/no_pattern/2018/09/cup_and_handle__2018-09-06__0018370.png,,2018-09-06,18171,18370,2018-08-27T04:00:00+00:00,2018-09-06T23:00:00+00:00,,,,,,,,,,,,,No rule-based candidate at this daily endpoint,rule_candidate,pending
cup_and_handle__2018-09-07__0018393,cup_and_handle,0,no_pattern,neutral,0.0,,cup_and_handle/images/no_pattern/2018/09/cup_and_handle__2018-09-07__0018393.png,,2018-09-07,18194,18393,2018-08-28T04:00:00+00:00,2018-09-07T23:00:00+00:00,,,,,,,,,,,,,No rule-based candidate at this daily endpoint,rule_candidate,pending
cup_and_handle__2018-09-10__0018416,cup_and_handle,0,no_pattern,neutral,0.0,,cup_and_handle/images/no_pattern/2018/09/cup_and_handle__2018-09-10__0018416.png,,2018-09-10,18217,18416,2018-08-29T04:00:00+00:00,2018-09-10T23:00:00+00:00,,,,,,,,,,,,,No rule-based candidate at this daily endpoint,rule_candidate,pending
cup_and_handle__2018-09-11__0018439,cup_and_handle,0,no_pattern,neutral,0.0,,cup_and_handle/images/no_pattern/2018/09/cup_and_handle__2018-09-11__0018439.png,,2018-09-11,18240,18439,2018-08-30T04:00:00+00:00,2018-09-11T23:00:00+00:00,,,,,,,,,,,,,No rule-based candidate at this daily endpoint,rule_candidate,pending
cup_and_handle__2018-09-12__0018462,cup_and_handle,0,no_pattern,neutral,0.0,,cup_and_handle/images/no_pattern/2018/09/cup_and_handle__2018-09-12__0018462.png,,2018-09-12,18263,18462,2018-08-31T04:00:00+00:00,2018-09-12T23:00:00+00:00,,,,,,,,,,,,,No rule-based candidate at this daily endpoint,rule_candidate,pending
cup_and_handle__2018-09-13__0018485,cup_and_handle,0,no_pattern,neutral,0.0,,cup_and_handle/images/no_pattern/2018/09/cup_and_handle__2018-09-13__0018485.png,,2018-09-13,18286,18485,2018-09-03T04:00:00+00:00,2018-09-13T23:00:00+00:00,,,,,,,,,,,,,No rule-based candidate at this daily endpoint,rule_candidate,pending
cup_and_handle__2018-09-14__0018508,cup_and_handle,0,no_pattern,neutral,0.0,,cup_and_handle/images/no_pattern/2018/09/cup_and_handle__2018-09-14__0018508.png,,2018-09-14,18309,18508,2018-09-04T08:00:00+00:00,2018-09-14T23:00:00+00:00,,,,,,,,,,,,,No rule-based candidate at this daily endpoint,rule_candidate,pending
cup_and_handle__2018-09-17__0018531,cup_and_handle,0,no_pattern,neutral,0.0,,cup_and_handle/images/no_pattern/2018/09/cup_and_handle__2018-09-17__0018531.png,,2018-09-17,18332,18531,2018-09-05T08:00:00+00:00,2018-09-17T23:00:00+00:00,,,,,,,,,,,,,No rule-based candidate at this daily endpoint,rule_candidate,pending
cup_and_handle__2018-09-18__0018554,cup_and_handle,0,no_pattern,neutral,0.0,,cup_and_handle/images/no_pattern/2018/09/cup_and_handle__2018-09-18__0018554.png,,2018-09-18,18355,18554,2018-09-06T08:00:00+00:00,2018-09-18T23:00:00+00:00,,,,,,,,,,,,,No rule-based candidate at this daily endpoint,rule_candidate,pending
cup_and_handle__2018-09-19__0018577,cup_and_handle,0,no_pattern,neutral,0.0,,cup_and_handle/images/no_pattern/2018/09/cup_and_handle__2018-09-19__0018577.png,,2018-09-19,18378,18577,2018-09-07T08:00:00+00:00,2018-09-19T23:00:00+00:00,,,,,,,,,,,,,No rule-based candidate at this daily endpoint,rule_candidate,pending
cup_and_handle__2018-09-20__0018600,cup_and_handle,1,confirmed,bullish,0.66,80.0,cup_and_handle/images/confirmed/2018/09/cup_and_handle__2018-09-20__0018600.png,,2018-09-20,18401,18600,2018-09-10T08:00:00+00:00,2018-09-20T23:00:00+00:00,18521.0,18600.0,2018-09-17T13:00:00+00:00,2018-09-20T23:00:00+00:00,18600.0,2018-09-20T23:00:00+00:00,1206.95,1196.8889285714286,1227.072142857143,2.0,1203.5966666666666,2.164285714285711,Cup and handle rounded base with shallow handle,rule_candidate,pending
cup_and_handle__2018-09-21__0018623,cup_and_handle,0,no_pattern,neutral,0.0,,cup_and_handle/images/no_pattern/2018/09/cup_and_handle__2018-09-21__0018623.png,,2018-09-21,18424,18623,2018-09-11T08:00:00+00:00,2018-09-21T23:00:00+00:00,,,,,,,,,,,,,No rule-based candidate at this daily endpoint,rule_candidate,pending
cup_and_handle__2018-09-24__0018646,cup_and_handle,0,no_pattern,neutral,0.0,,cup_and_handle/images/no_pattern/2018/09/cup_and_handle__2018-09-24__0018646.png,,2018-09-24,18447,18646,2018-09-12T08:00:00+00:00,2018-09-24T23:00:00+00:00,,,,,,,,,,,,,No rule-based candidate at this daily endpoint,rule_candidate,pending
cup_and_handle__2018-09-25__0018669,cup_and_handle,0,no_pattern,neutral,0.0,,cup_and_handle/images/no_pattern/2018/09/cup_and_handle__2018-09-25__0018669.png,,2018-09-25,18470,18669,2018-09-13T08:00:00+00:00,2018-09-25T23:00:00+00:00,,,,,,,,,,,,,No rule-based candidate at this daily endpoint,rule_candidate,pending
cup_and_handle__2018-09-26__0018692,cup_and_handle,0,no_pattern,neutral,0.0,,cup_and_handle/images/no_pattern/2018/09/cup_and_handle__2018-09-26__0018692.png,,2018-09-26,18493,18692,2018-09-14T08:00:00+00:00,2018-09-26T23:00:00+00:00,,,,,,,,,,,,,No rule-based candidate at this daily endpoint,rule_candidate,pending
cup_and_handle__2018-09-27__0018715,cup_and_handle,0,no_pattern,neutral,0.0,,cup_and_handle/images/no_pattern/2018/09/cup_and_handle__2018-09-27__0018715.png,,2018-09-27,18516,18715,2018-09-17T08:00:00+00:00,2018-09-27T23:00:00+00:00,,,,,,,,,,,,,No rule-based candidate at this daily endpoint,rule_candidate,pending
cup_and_handle__2018-09-28__0018738,cup_and_handle,0,no_pattern,neutral,0.0,,cup_and_handle/images/no_pattern/2018/09/cup_and_handle__2018-09-28__0018738.png,,2018-09-28,18539,18738,2018-09-18T08:00:00+00:00,2018-09-28T23:00:00+00:00,,,,,,,,,,,,,No rule-based candidate at this daily endpoint,rule_candidate,pending
cup_and_handle__2018-10-01__0018761,cup_and_handle,0,no_pattern,neutral,0.0,,cup_and_handle/images/no_pattern/2018/10/cup_and_handle__2018-10-01__0018761.png,,2018-10-01,18562,18761,2018-09-19T08:00:00+00:00,2018-10-01T23:00:00+00:00,,,,,,,,,,,,,No rule-based candidate at this daily endpoint,rule_candidate,pending
cup_and_handle__2018-10-02__0018784,cup_and_handle,0,no_pattern,neutral,0.0,,cup_and_handle/images/no_pattern/2018/10/cup_and_handle__2018-10-02__0018784.png,,2018-10-02,18585,18784,2018-09-20T08:00:00+00:00,2018-10-02T23:00:00+00:00,,,,,,,,,,,,,No rule-based candidate at this daily endpoint,rule_candidate,pending
cup_and_handle__2018-10-03__0018807,cup_and_handle,0,no_pattern,neutral,0.0,,cup_and_handle/images/no_pattern/2018/10/cup_and_handle__2018-10-03__0018807.png,,2018-10-03,18608,18807,2018-09-21T08:00:00+00:00,2018-10-03T23:00:00+00:00,,,,,,,,,,,,,No rule-based candidate at this daily endpoint,rule_candidate,pending
cup_and_handle__2018-10-04__0018830,cup_and_handle,0,no_pattern,neutral,0.0,,cup_and_handle/images/no_pattern/2018/10/cup_and_handle__2018-10-04__0018830.png,,2018-10-04,18631,18830,2018-09-24T08:00:00+00:00,2018-10-04T23:00:00+00:00,,,,,,,,,,,,,No rule-based candidate at this daily endpoint,rule_candidate,pending
cup_and_handle__2018-10-05__0018853,cup_and_handle,1,confirmed,bullish,0.66,160.0,cup_and_handle/images/confirmed/2018/10/cup_and_handle__2018-10-05__0018853.png,,2018-10-05,18654,18853,2018-09-25T08:00:00+00:00,2018-10-05T23:00:00+00:00,18694.0,18853.0,2018-09-27T02:00:00+00:00,2018-10-05T23:00:00+00:00,18853.0,2018-10-05T23:00:00+00:00,1202.63,1181.009285714286,1245.8714285714286,2.0,1200.94625,2.562857142857102,Cup and handle rounded base with shallow handle,rule_candidate,pending
cup_and_handle__2018-10-08__0018876,cup_and_handle,0,no_pattern,neutral,0.0,,cup_and_handle/images/no_pattern/2018/10/cup_and_handle__2018-10-08__0018876.png,,2018-10-08,18677,18876,2018-09-26T08:00:00+00:00,2018-10-08T23:00:00+00:00,,,,,,,,,,,,,No rule-based candidate at this daily endpoint,rule_candidate,pending
cup_and_handle__2018-10-09__0018899,cup_and_handle,0,no_pattern,neutral,0.0,,cup_and_handle/images/no_pattern/2018/10/cup_and_handle__2018-10-09__0018899.png,,2018-10-09,18700,18899,2018-09-27T08:00:00+00:00,2018-10-09T23:00:00+00:00,,,,,,,,,,,,,No rule-based candidate at this daily endpoint,rule_candidate,pending
cup_and_handle__2018-10-10__0018922,cup_and_handle,0,no_pattern,neutral,0.0,,cup_and_handle/images/no_pattern/2018/10/cup_and_handle__2018-10-10__0018922.png,,2018-10-10,18723,18922,2018-09-28T08:00:00+00:00,2018-10-10T23:00:00+00:00,,,,,,,,,,,,,No rule-based candidate at this daily endpoint,rule_candidate,pending
cup_and_handle__2018-10-11__0018945,cup_and_handle,0,no_pattern,neutral,0.0,,cup_and_handle/images/no_pattern/2018/10/cup_and_handle__2018-10-11__0018945.png,,2018-10-11,18746,18945,2018-10-01T08:00:00+00:00,2018-10-11T23:00:00+00:00,,,,,,,,,,,,,No rule-based candidate at this daily endpoint,rule_candidate,pending
cup_and_handle__2018-10-12__0018968,cup_and_handle,0,no_pattern,neutral,0.0,,cup_and_handle/images/no_pattern/2018/10/cup_and_handle__2018-10-12__0018968.png,,2018-10-12,18769,18968,2018-10-02T08:00:00+00:00,2018-10-12T23:00:00+00:00,,,,,,,,,,,,,No rule-based candidate at this daily endpoint,rule_candidate,pending
cup_and_handle__2018-10-15__0018991,cup_and_handle,0,no_pattern,neutral,0.0,,cup_and_handle/images/no_pattern/2018/10/cup_and_handle__2018-10-15__0018991.png,,2018-10-15,18792,18991,2018-10-03T08:00:00+00:00,2018-10-15T23:00:00+00:00,,,,,,,,,,,,,No rule-based candidate at this daily endpoint,rule_candidate,pending
cup_and_handle__2018-10-16__0019014,cup_and_handle,0,no_pattern,neutral,0.0,,cup_and_handle/images/no_pattern/2018/10/cup_and_handle__2018-10-16__0019014.png,,2018-10-16,18815,19014,2018-10-04T08:00:00+00:00,2018-10-16T23:00:00+00:00,,,,,,,,,,,,,No rule-based candidate at this daily endpoint,rule_candidate,pending
cup_and_handle__2018-10-17__0019037,cup_and_handle,0,no_pattern,neutral,0.0,,cup_and_handle/images/no_pattern/2018/10/cup_and_handle__2018-10-17__0019037.png,,2018-10-17,18838,19037,2018-10-05T08:00:00+00:00,2018-10-17T23:00:00+00:00,,,,,,,,,,,,,No rule-based candidate at this daily endpoint,rule_candidate,pending
cup_and_handle__2018-10-18__0019060,cup_and_handle,0,no_pattern,neutral,0.0,,cup_and_handle/images/no_pattern/2018/10/cup_and_handle__2018-10-18__0019060.png,,2018-10-18,18861,19060,2018-10-08T08:00:00+00:00,2018-10-18T23:00:00+00:00,,,,,,,,,,,,,No rule-based candidate at this daily endpoint,rule_candidate,pending
cup_and_handle__2018-10-19__0019083,cup_and_handle,0,no_pattern,neutral,0.0,,cup_and_handle/images/no_pattern/2018/10/cup_and_handle__2018-10-19__0019083.png,,2018-10-19,18884,19083,2018-10-09T08:00:00+00:00,2018-10-19T23:00:00+00:00,,,,,,,,,,,,,No rule-based candidate at this daily endpoint,rule_candidate,pending
cup_and_handle__2018-10-22__0019106,cup_and_handle,0,no_pattern,neutral,0.0,,cup_and_handle/images/no_pattern/2018/10/cup_and_handle__2018-10-22__0019106.png,,2018-10-22,18907,19106,2018-10-10T08:00:00+00:00,2018-10-22T23:00:00+00:00,,,,,,,,,,,,,No rule-based candidate at this daily endpoint,rule_candidate,pending
cup_and_handle__2018-10-23__0019129,cup_and_handle,0,no_pattern,neutral,0.0,,cup_and_handle/images/no_pattern/2018/10/cup_and_handle__2018-10-23__0019129.png,,2018-10-23,18930,19129,2018-10-11T08:00:00+00:00,2018-10-23T23:00:00+00:00,,,,,,,,,,,,,No rule-based candidate at this daily endpoint,rule_candidate,pending
cup_and_handle__2018-10-24__0019152,cup_and_handle,0,no_pattern,neutral,0.0,,cup_and_handle/images/no_pattern/2018/10/cup_and_handle__2018-10-24__0019152.png,,2018-10-24,18953,19152,2018-10-12T08:00:00+00:00,2018-10-24T23:00:00+00:00,,,,,,,,,,,,,No rule-based candidate at this daily endpoint,rule_candidate,pending
cup_and_handle__2018-10-25__0019175,cup_and_handle,0,no_pattern,neutral,0.0,,cup_and_handle/images/no_pattern/2018/10/cup_and_handle__2018-10-25__0019175.png,,2018-10-25,18976,19175,2018-10-15T08:00:00+00:00,2018-10-25T23:00:00+00:00,,,,,,,,,,,,,No rule-based candidate at this daily endpoint,rule_candidate,pending
cup_and_handle__2018-10-26__0019198,cup_and_handle,0,no_pattern,neutral,0.0,,cup_and_handle/images/no_pattern/2018/10/cup_and_handle__2018-10-26__0019198.png,,2018-10-26,18999,19198,2018-10-16T08:00:00+00:00,2018-10-26T23:00:00+00:00,,,,,,,,,,,,,No rule-based candidate at this daily endpoint,rule_candidate,pending
cup_and_handle__2018-10-29__0019221,cup_and_handle,0,no_pattern,neutral,0.0,,cup_and_handle/images/no_pattern/2018/10/cup_and_handle__2018-10-29__0019221.png,,2018-10-29,19022,19221,2018-10-17T08:00:00+00:00,2018-10-29T22:00:00+00:00,,,,,,,,,,,,,No rule-based candidate at this daily endpoint,rule_candidate,pending
cup_and_handle__2018-10-30__0019244,cup_and_handle,0,no_pattern,neutral,0.0,,cup_and_handle/images/no_pattern/2018/10/cup_and_handle__2018-10-30__0019244.png,,2018-10-30,19045,19244,2018-10-18T08:00:00+00:00,2018-10-30T22:00:00+00:00,,,,,,,,,,,,,No rule-based candidate at this daily endpoint,rule_candidate,pending
cup_and_handle__2018-10-31__0019267,cup_and_handle,0,no_pattern,neutral,0.0,,cup_and_handle/images/no_pattern/2018/10/cup_and_handle__2018-10-31__0019267.png,,2018-10-31,19068,19267,2018-10-19T08:00:00+00:00,2018-10-31T22:00:00+00:00,,,,,,,,,,,,,No rule-based candidate at this daily endpoint,rule_candidate,pending
cup_and_handle__2018-11-01__0019290,cup_and_handle,0,no_pattern,neutral,0.0,,cup_and_handle/images/no_pattern/2018/11/cup_and_handle__2018-11-01__0019290.png,,2018-11-01,19091,19290,2018-10-22T08:00:00+00:00,2018-11-01T22:00:00+00:00,,,,,,,,,,,,,No rule-based candidate at this daily endpoint,rule_candidate,pending
cup_and_handle__2018-11-02__0019313,cup_and_handle,1,confirmed,bullish,0.66,80.0,cup_and_handle/images/confirmed/2018/11/cup_and_handle__2018-11-02__0019313.png,,2018-11-02,19114,19313,2018-10-23T08:00:00+00:00,2018-11-02T22:00:00+00:00,19234.0,19313.0,2018-10-30T12:00:00+00:00,2018-11-02T22:00:00+00:00,19313.0,2018-11-02T22:00:00+00:00,1232.75,1211.79125,1274.6675,2.0,1232.415,2.7549999999999955,Cup and handle rounded base with shallow handle,rule_candidate,pending
cup_and_handle__2018-11-05__0019336,cup_and_handle,1,forming,bullish,0.54,120.0,cup_and_handle/images/forming/2018/11/cup_and_handle__2018-11-05__0019336.png,,2018-11-05,19137,19336,2018-10-24T08:00:00+00:00,2018-11-05T23:00:00+00:00,19217.0,19336.0,2018-10-29T18:00:00+00:00,2018-11-05T23:00:00+00:00,,,1233.292222222222,1211.9401785714283,1275.9963095238093,2.0,1233.292222222222,2.159285714285716,Cup and handle rounded base with shallow handle,rule_candidate,pending
cup_and_handle__2018-11-06__0019359,cup_and_handle,1,forming,bullish,0.54,200.0,cup_and_handle/images/forming/2018/11/cup_and_handle__2018-11-06__0019359.png,,2018-11-06,19160,19359,2018-10-25T08:00:00+00:00,2018-11-06T23:00:00+00:00,19160.0,19359.0,2018-10-25T08:00:00+00:00,2018-11-06T23:00:00+00:00,,,1232.4426666666666,1211.8905357142858,1273.5469285714282,2.0,1232.4426666666666,2.35785714285711,Cup and handle rounded base with shallow handle,rule_candidate,pending
cup_and_handle__2018-11-07__0019382,cup_and_handle,1,forming,bullish,0.54,200.0,cup_and_handle/images/forming/2018/11/cup_and_handle__2018-11-07__0019382.png,,2018-11-07,19183,19382,2018-10-26T08:00:00+00:00,2018-11-07T23:00:00+00:00,19183.0,19382.0,2018-10-26T08:00:00+00:00,2018-11-07T23:00:00+00:00,,,1233.6803333333332,1211.881607142857,1277.2777857142855,2.0,1233.6803333333332,2.393571428571428,Cup and handle rounded base with shallow handle,rule_candidate,pending
cup_and_handle__2018-11-08__0019405,cup_and_handle,0,no_pattern,neutral,0.0,,cup_and_handle/images/no_pattern/2018/11/cup_and_handle__2018-11-08__0019405.png,,2018-11-08,19206,19405,2018-10-29T07:00:00+00:00,2018-11-08T23:00:00+00:00,,,,,,,,,,,,,No rule-based candidate at this daily endpoint,rule_candidate,pending
cup_and_handle__2018-11-09__0019428,cup_and_handle,0,no_pattern,neutral,0.0,,cup_and_handle/images/no_pattern/2018/11/cup_and_handle__2018-11-09__0019428.png,,2018-11-09,19229,19428,2018-10-30T07:00:00+00:00,2018-11-09T23:00:00+00:00,,,,,,,,,,,,,No rule-based candidate at this daily endpoint,rule_candidate,pending
cup_and_handle__2018-11-12__0019451,cup_and_handle,0,no_pattern,neutral,0.0,,cup_and_handle/images/no_pattern/2018/11/cup_and_handle__2018-11-12__0019451.png,,2018-11-12,19252,19451,2018-10-31T07:00:00+00:00,2018-11-12T23:00:00+00:00,,,,,,,,,,,,,No rule-based candidate at this daily endpoint,rule_candidate,pending
cup_and_handle__2018-11-13__0019474,cup_and_handle,0,no_pattern,neutral,0.0,,cup_and_handle/images/no_pattern/2018/11/cup_and_handle__2018-11-13__0019474.png,,2018-11-13,19275,19474,2018-11-01T07:00:00+00:00,2018-11-13T23:00:00+00:00,,,,,,,,,,,,,No rule-based candidate at this daily endpoint,rule_candidate,pending
cup_and_handle__2018-11-14__0019497,cup_and_handle,0,no_pattern,neutral,0.0,,cup_and_handle/images/no_pattern/2018/11/cup_and_handle__2018-11-14__0019497.png,,2018-11-14,19298,19497,2018-11-02T07:00:00+00:00,2018-11-14T23:00:00+00:00,,,,,,,,,,,,,No rule-based candidate at this daily endpoint,rule_candidate,pending
cup_and_handle__2018-11-15__0019520,cup_and_handle,1,confirmed,bullish,0.66,64.0,cup_and_handle/images/confirmed/2018/11/cup_and_handle__2018-11-15__0019520.png,,2018-11-15,19321,19520,2018-11-05T08:00:00+00:00,2018-11-15T23:00:00+00:00,19457.0,19520.0,2018-11-13T06:00:00+00:00,2018-11-15T23:00:00+00:00,19520.0,2018-11-15T23:00:00+00:00,1212.86,1197.1144642857143,1244.351071428571,2.0,1210.736666666667,3.1021428571428618,Cup and handle rounded base with shallow handle,rule_candidate,pending
cup_and_handle__2018-11-16__0019543,cup_and_handle,0,no_pattern,neutral,0.0,,cup_and_handle/images/no_pattern/2018/11/cup_and_handle__2018-11-16__0019543.png,,2018-11-16,19344,19543,2018-11-06T08:00:00+00:00,2018-11-16T23:00:00+00:00,,,,,,,,,,,,,No rule-based candidate at this daily endpoint,rule_candidate,pending
cup_and_handle__2018-11-19__0019566,cup_and_handle,0,no_pattern,neutral,0.0,,cup_and_handle/images/no_pattern/2018/11/cup_and_handle__2018-11-19__0019566.png,,2018-11-19,19367,19566,2018-11-07T08:00:00+00:00,2018-11-19T23:00:00+00:00,,,,,,,,,,,,,No rule-based candidate at this daily endpoint,rule_candidate,pending
cup_and_handle__2018-11-20__0019589,cup_and_handle,0,no_pattern,neutral,0.0,,cup_and_handle/images/no_pattern/2018/11/cup_and_handle__2018-11-20__0019589.png,,2018-11-20,19390,19589,2018-11-08T08:00:00+00:00,2018-11-20T23:00:00+00:00,,,,,,,,,,,,,No rule-based candidate at this daily endpoint,rule_candidate,pending
cup_and_handle__2018-11-21__0019612,cup_and_handle,0,no_pattern,neutral,0.0,,cup_and_handle/images/no_pattern/2018/11/cup_and_handle__2018-11-21__0019612.png,,2018-11-21,19413,19612,2018-11-09T08:00:00+00:00,2018-11-21T23:00:00+00:00,,,,,,,,,,,,,No rule-based candidate at this daily endpoint,rule_candidate,pending
cup_and_handle__2018-11-22__0019631,cup_and_handle,1,confirmed,bullish,0.66,64.0,cup_and_handle/images/confirmed/2018/11/cup_and_handle__2018-11-22__0019631.png,,2018-11-22,19432,19631,2018-11-12T04:00:00+00:00,2018-11-22T19:00:00+00:00,19568.0,19631.0,2018-11-20T02:00:00+00:00,2018-11-22T19:00:00+00:00,19631.0,2018-11-22T19:00:00+00:00,1226.93,1219.8769642857144,1241.0360714285714,2.0,1225.9844444444443,1.2921428571428513,Cup and handle rounded base with shallow handle,rule_candidate,pending
cup_and_handle__2018-11-23__0019651,cup_and_handle,0,no_pattern,neutral,0.0,,cup_and_handle/images/no_pattern/2018/11/cup_and_handle__2018-11-23__0019651.png,,2018-11-23,19452,19651,2018-11-13T01:00:00+00:00,2018-11-23T20:00:00+00:00,,,,,,,,,,,,,No rule-based candidate at this daily endpoint,rule_candidate,pending
cup_and_handle__2018-11-26__0019674,cup_and_handle,0,no_pattern,neutral,0.0,,cup_and_handle/images/no_pattern/2018/11/cup_and_handle__2018-11-26__0019674.png,,2018-11-26,19475,19674,2018-11-14T01:00:00+00:00,2018-11-26T23:00:00+00:00,,,,,,,,,,,,,No rule-based candidate at this daily endpoint,rule_candidate,pending
cup_and_handle__2018-11-27__0019697,cup_and_handle,0,no_pattern,neutral,0.0,,cup_and_handle/images/no_pattern/2018/11/cup_and_handle__2018-11-27__0019697.png,,2018-11-27,19498,19697,2018-11-15T01:00:00+00:00,2018-11-27T23:00:00+00:00,,,,,,,,,,,,,No rule-based candidate at this daily endpoint,rule_candidate,pending
cup_and_handle__2018-11-28__0019720,cup_and_handle,0,no_pattern,neutral,0.0,,cup_and_handle/images/no_pattern/2018/11/cup_and_handle__2018-11-28__0019720.png,,2018-11-28,19521,19720,2018-11-16T01:00:00+00:00,2018-11-28T23:00:00+00:00,,,,,,,,,,,,,No rule-based candidate at this daily endpoint,rule_candidate,pending
cup_and_handle__2018-11-29__0019743,cup_and_handle,1,confirmed,bullish,0.66,80.0,cup_and_handle/images/confirmed/2018/11/cup_and_handle__2018-11-29__0019743.png,,2018-11-29,19544,19743,2018-11-19T01:00:00+00:00,2018-11-29T23:00:00+00:00,19664.0,19743.0,2018-11-26T13:00:00+00:00,2018-11-29T23:00:00+00:00,19743.0,2018-11-29T23:00:00+00:00,1223.92,1211.684107142857,1248.391785714286,2.0,1223.175,2.503571428571441,Cup and handle rounded base with shallow handle,rule_candidate,pending
cup_and_handle__2018-11-30__0019766,cup_and_handle,0,no_pattern,neutral,0.0,,cup_and_handle/images/no_pattern/2018/11/cup_and_handle__2018-11-30__0019766.png,,2018-11-30,19567,19766,2018-11-20T01:00:00+00:00,2018-11-30T23:00:00+00:00,,,,,,,,,,,,,No rule-based candidate at this daily endpoint,rule_candidate,pending
cup_and_handle__2018-12-03__0019789,cup_and_handle,0,no_pattern,neutral,0.0,,cup_and_handle/images/no_pattern/2018/12/cup_and_handle__2018-12-03__0019789.png,,2018-12-03,19590,19789,2018-11-21T01:00:00+00:00,2018-12-03T23:00:00+00:00,,,,,,,,,,,,,No rule-based candidate at this daily endpoint,rule_candidate,pending
cup_and_handle__2018-12-04__0019812,cup_and_handle,0,no_pattern,neutral,0.0,,cup_and_handle/images/no_pattern/2018/12/cup_and_handle__2018-12-04__0019812.png,,2018-12-04,19613,19812,2018-11-22T01:00:00+00:00,2018-12-04T23:00:00+00:00,,,,,,,,,,,,,No rule-based candidate at this daily endpoint,rule_candidate,pending
cup_and_handle__2018-12-05__0019835,cup_and_handle,0,no_pattern,neutral,0.0,,cup_and_handle/images/no_pattern/2018/12/cup_and_handle__2018-12-05__0019835.png,,2018-12-05,19636,19835,2018-11-23T05:00:00+00:00,2018-12-05T23:00:00+00:00,,,,,,,,,,,,,No rule-based candidate at this daily endpoint,rule_candidate,pending
cup_and_handle__2018-12-06__0019858,cup_and_handle,0,no_pattern,neutral,0.0,,cup_and_handle/images/no_pattern/2018/12/cup_and_handle__2018-12-06__0019858.png,,2018-12-06,19659,19858,2018-11-26T08:00:00+00:00,2018-12-06T23:00:00+00:00,,,,,,,,,,,,,No rule-based candidate at this daily endpoint,rule_candidate,pending
cup_and_handle__2018-12-07__0019881,cup_and_handle,0,no_pattern,neutral,0.0,,cup_and_handle/images/no_pattern/2018/12/cup_and_handle__2018-12-07__0019881.png,,2018-12-07,19682,19881,2018-11-27T08:00:00+00:00,2018-12-07T23:00:00+00:00,,,,,,,,,,,,,No rule-based candidate at this daily endpoint,rule_candidate,pending
cup_and_handle__2018-12-10__0019904,cup_and_handle,0,no_pattern,neutral,0.0,,cup_and_handle/images/no_pattern/2018/12/cup_and_handle__2018-12-10__0019904.png,,2018-12-10,19705,19904,2018-11-28T08:00:00+00:00,2018-12-10T23:00:00+00:00,,,,,,,,,,,,,No rule-based candidate at this daily endpoint,rule_candidate,pending
cup_and_handle__2018-12-11__0019927,cup_and_handle,0,no_pattern,neutral,0.0,,cup_and_handle/images/no_pattern/2018/12/cup_and_handle__2018-12-11__0019927.png,,2018-12-11,19728,19927,2018-11-29T08:00:00+00:00,2018-12-11T23:00:00+00:00,,,,,,,,,,,,,No rule-based candidate at this daily endpoint,rule_candidate,pending
cup_and_handle__2018-12-12__0019950,cup_and_handle,0,no_pattern,neutral,0.0,,cup_and_handle/images/no_pattern/2018/12/cup_and_handle__2018-12-12__0019950.png,,2018-12-12,19751,19950,2018-11-30T08:00:00+00:00,2018-12-12T23:00:00+00:00,,,,,,,,,,,,,No rule-based candidate at this daily endpoint,rule_candidate,pending
cup_and_handle__2018-12-13__0019973,cup_and_handle,0,no_pattern,neutral,0.0,,cup_and_handle/images/no_pattern/2018/12/cup_and_handle__2018-12-13__0019973.png,,2018-12-13,19774,19973,2018-12-03T08:00:00+00:00,2018-12-13T23:00:00+00:00,,,,,,,,,,,,,No rule-based candidate at this daily endpoint,rule_candidate,pending
cup_and_handle__2018-12-14__0019996,cup_and_handle,0,no_pattern,neutral,0.0,,cup_and_handle/images/no_pattern/2018/12/cup_and_handle__2018-12-14__0019996.png,,2018-12-14,19797,19996,2018-12-04T08:00:00+00:00,2018-12-14T23:00:00+00:00,,,,,,,,,,,,,No rule-based candidate at this daily endpoint,rule_candidate,pending
cup_and_handle__2018-12-17__0020019,cup_and_handle,0,no_pattern,neutral,0.0,,cup_and_handle/images/no_pattern/2018/12/cup_and_handle__2018-12-17__0020019.png,,2018-12-17,19820,20019,2018-12-05T08:00:00+00:00,2018-12-17T23:00:00+00:00,,,,,,,,,,,,,No rule-based candidate at this daily endpoint,rule_candidate,pending
cup_and_handle__2018-12-18__0020042,cup_and_handle,1,confirmed,bullish,0.66,80.0,cup_and_handle/images/confirmed/2018/12/cup_and_handle__2018-12-18__0020042.png,,2018-12-18,19843,20042,2018-12-06T08:00:00+00:00,2018-12-18T23:00:00+00:00,19963.0,20042.0,2018-12-13T13:00:00+00:00,2018-12-18T23:00:00+00:00,20042.0,2018-12-18T23:00:00+00:00,1249.03,1233.9307142857142,1279.2285714285715,2.0,1244.7766666666666,1.6371428571428783,Cup and handle rounded base with shallow handle,rule_candidate,pending
cup_and_handle__2018-12-19__0020065,cup_and_handle,0,no_pattern,neutral,0.0,,cup_and_handle/images/no_pattern/2018/12/cup_and_handle__2018-12-19__0020065.png,,2018-12-19,19866,20065,2018-12-07T08:00:00+00:00,2018-12-19T23:00:00+00:00,,,,,,,,,,,,,No rule-based candidate at this daily endpoint,rule_candidate,pending
cup_and_handle__2018-12-20__0020088,cup_and_handle,0,no_pattern,neutral,0.0,,cup_and_handle/images/no_pattern/2018/12/cup_and_handle__2018-12-20__0020088.png,,2018-12-20,19889,20088,2018-12-10T08:00:00+00:00,2018-12-20T23:00:00+00:00,,,,,,,,,,,,,No rule-based candidate at this daily endpoint,rule_candidate,pending
cup_and_handle__2018-12-21__0020111,cup_and_handle,1,forming,bullish,0.54,64.0,cup_and_handle/images/forming/2018/12/cup_and_handle__2018-12-21__0020111.png,,2018-12-21,19912,20111,2018-12-11T08:00:00+00:00,2018-12-21T23:00:00+00:00,20048.0,20111.0,2018-12-19T06:00:00+00:00,2018-12-21T23:00:00+00:00,,,1260.4055555555558,1241.109107142857,1298.9984523809533,2.0,1260.4055555555558,2.483571428571476,Cup and handle rounded base with shallow handle,rule_candidate,pending
cup_and_handle__2018-12-24__0020129,cup_and_handle,0,no_pattern,neutral,0.0,,cup_and_handle/images/no_pattern/2018/12/cup_and_handle__2018-12-24__0020129.png,,2018-12-24,19930,20129,2018-12-12T03:00:00+00:00,2018-12-24T18:00:00+00:00,,,,,,,,,,,,,No rule-based candidate at this daily endpoint,rule_candidate,pending
cup_and_handle__2018-12-26__0020144,cup_and_handle,0,no_pattern,neutral,0.0,,cup_and_handle/images/no_pattern/2018/12/cup_and_handle__2018-12-26__0020144.png,,2018-12-26,19945,20144,2018-12-12T18:00:00+00:00,2018-12-26T23:00:00+00:00,,,,,,,,,,,,,No rule-based candidate at this daily endpoint,rule_candidate,pending
cup_and_handle__2018-12-27__0020167,cup_and_handle,0,no_pattern,neutral,0.0,,cup_and_handle/images/no_pattern/2018/12/cup_and_handle__2018-12-27__0020167.png,,2018-12-27,19968,20167,2018-12-13T18:00:00+00:00,2018-12-27T23:00:00+00:00,,,,,,,,,,,,,No rule-based candidate at this daily endpoint,rule_candidate,pending
cup_and_handle__2018-12-28__0020190,cup_and_handle,1,confirmed,bullish,0.66,64.0,cup_and_handle/images/confirmed/2018/12/cup_and_handle__2018-12-28__0020190.png,,2018-12-28,19991,20190,2018-12-14T18:00:00+00:00,2018-12-28T23:00:00+00:00,20127.0,20190.0,2018-12-24T16:00:00+00:00,2018-12-28T23:00:00+00:00,20190.0,2018-12-28T23:00:00+00:00,1280.59,1265.1289285714286,1311.5121428571426,2.0,1276.6755555555555,2.484285714285712,Cup and handle rounded base with shallow handle,rule_candidate,pending
cup_and_handle__2018-12-31__0020208,cup_and_handle,0,no_pattern,neutral,0.0,,cup_and_handle/images/no_pattern/2018/12/cup_and_handle__2018-12-31__0020208.png,,2018-12-31,20009,20208,2018-12-17T13:00:00+00:00,2018-12-31T18:00:00+00:00,,,,,,,,,,,,,No rule-based candidate at this daily endpoint,rule_candidate,pending
cup_and_handle__2019-01-02__0020223,cup_and_handle,0,no_pattern,neutral,0.0,,cup_and_handle/images/no_pattern/2019/01/cup_and_handle__2019-01-02__0020223.png,,2019-01-02,20024,20223,2018-12-18T05:00:00+00:00,2019-01-02T23:00:00+00:00,,,,,,,,,,,,,No rule-based candidate at this daily endpoint,rule_candidate,pending
cup_and_handle__2019-01-03__0020246,cup_and_handle,0,no_pattern,neutral,0.0,,cup_and_handle/images/no_pattern/2019/01/cup_and_handle__2019-01-03__0020246.png,,2019-01-03,20047,20246,2018-12-19T05:00:00+00:00,2019-01-03T23:00:00+00:00,,,,,,,,,,,,,No rule-based candidate at this daily endpoint,rule_candidate,pending
cup_and_handle__2019-01-04__0020269,cup_and_handle,0,no_pattern,neutral,0.0,,cup_and_handle/images/no_pattern/2019/01/cup_and_handle__2019-01-04__0020269.png,,2019-01-04,20070,20269,2018-12-20T05:00:00+00:00,2019-01-04T23:00:00+00:00,,,,,,,,,,,,,No rule-based candidate at this daily endpoint,rule_candidate,pending
cup_and_handle__2019-01-07__0020292,cup_and_handle,0,no_pattern,neutral,0.0,,cup_and_handle/images/no_pattern/2019/01/cup_and_handle__2019-01-07__0020292.png,,2019-01-07,20093,20292,2018-12-21T05:00:00+00:00,2019-01-07T23:00:00+00:00,,,,,,,,,,,,,No rule-based candidate at this daily endpoint,rule_candidate,pending
cup_and_handle__2019-01-08__0020315,cup_and_handle,0,no_pattern,neutral,0.0,,cup_and_handle/images/no_pattern/2019/01/cup_and_handle__2019-01-08__0020315.png,,2019-01-08,20116,20315,2018-12-24T05:00:00+00:00,2019-01-08T23:00:00+00:00,,,,,,,,,,,,,No rule-based candidate at this daily endpoint,rule_candidate,pending
cup_and_handle__2019-01-09__0020338,cup_and_handle,0,no_pattern,neutral,0.0,,cup_and_handle/images/no_pattern/2019/01/cup_and_handle__2019-01-09__0020338.png,,2019-01-09,20139,20338,2018-12-26T18:00:00+00:00,2019-01-09T23:00:00+00:00,,,,,,,,,,,,,No rule-based candidate at this daily endpoint,rule_candidate,pending
cup_and_handle__2019-01-10__0020361,cup_and_handle,1,forming,bullish,0.54,80.0,cup_and_handle/images/forming/2019/01/cup_and_handle__2019-01-10__0020361.png,,2019-01-10,20162,20361,2018-12-27T18:00:00+00:00,2019-01-10T23:00:00+00:00,20282.0,20361.0,2019-01-07T13:00:00+00:00,2019-01-10T23:00:00+00:00,,,1290.685,1280.032321428571,1311.9903571428572,2.0,1290.685,2.1507142857142787,Cup and handle rounded base with shallow handle,rule_candidate,pending
cup_and_handle__2019-01-11__0020384,cup_and_handle,0,no_pattern,neutral,0.0,,cup_and_handle/images/no_pattern/2019/01/cup_and_handle__2019-01-11__0020384.png,,2019-01-11,20185,20384,2018-12-28T18:00:00+00:00,2019-01-11T23:00:00+00:00,,,,,,,,,,,,,No rule-based candidate at this daily endpoint,rule_candidate,pending
cup_and_handle__2019-01-14__0020407,cup_and_handle,0,no_pattern,neutral,0.0,,cup_and_handle/images/no_pattern/2019/01/cup_and_handle__2019-01-14__0020407.png,,2019-01-14,20208,20407,2018-12-31T18:00:00+00:00,2019-01-14T23:00:00+00:00,,,,,,,,,,,,,No rule-based candidate at this daily endpoint,rule_candidate,pending
cup_and_handle__2019-01-15__0020430,cup_and_handle,1,forming,bullish,0.54,200.0,cup_and_handle/images/forming/2019/01/cup_and_handle__2019-01-15__0020430.png,,2019-01-15,20231,20430,2019-01-03T08:00:00+00:00,2019-01-15T23:00:00+00:00,20231.0,20430.0,2019-01-03T08:00:00+00:00,2019-01-15T23:00:00+00:00,,,1291.792333333333,1277.1351785714287,1321.1066428571426,2.0,1291.792333333333,2.3392857142857792,Cup and handle rounded base with shallow handle,rule_candidate,pending
cup_and_handle__2019-01-16__0020453,cup_and_handle,1,confirmed,bullish,0.66,200.0,cup_and_handle/images/confirmed/2019/01/cup_and_handle__2019-01-16__0020453.png,,2019-01-16,20254,20453,2019-01-04T08:00:00+00:00,2019-01-16T23:00:00+00:00,20254.0,20453.0,2019-01-04T08:00:00+00:00,2019-01-16T23:00:00+00:00,20453.0,2019-01-16T23:00:00+00:00,1293.13,1277.3035714285716,1324.7828571428572,2.0,1290.9973333333337,1.6657142857143137,Cup and handle rounded base with shallow handle,rule_candidate,pending
cup_and_handle__2019-01-17__0020476,cup_and_handle,0,no_pattern,neutral,0.0,,cup_and_handle/images/no_pattern/2019/01/cup_and_handle__2019-01-17__0020476.png,,2019-01-17,20277,20476,2019-01-07T08:00:00+00:00,2019-01-17T23:00:00+00:00,,,,,,,,,,,,,No rule-based candidate at this daily endpoint,rule_candidate,pending
cup_and_handle__2019-01-18__0020499,cup_and_handle,0,no_pattern,neutral,0.0,,cup_and_handle/images/no_pattern/2019/01/cup_and_handle__2019-01-18__0020499.png,,2019-01-18,20300,20499,2019-01-08T08:00:00+00:00,2019-01-18T23:00:00+00:00,,,,,,,,,,,,,No rule-based candidate at this daily endpoint,rule_candidate,pending
cup_and_handle__2019-01-21__0020518,cup_and_handle,0,no_pattern,neutral,0.0,,cup_and_handle/images/no_pattern/2019/01/cup_and_handle__2019-01-21__0020518.png,,2019-01-21,20319,20518,2019-01-09T04:00:00+00:00,2019-01-21T19:00:00+00:00,,,,,,,,,,,,,No rule-based candidate at this daily endpoint,rule_candidate,pending
cup_and_handle__2019-01-22__0020541,cup_and_handle,0,no_pattern,neutral,0.0,,cup_and_handle/images/no_pattern/2019/01/cup_and_handle__2019-01-22__0020541.png,,2019-01-22,20342,20541,2019-01-10T04:00:00+00:00,2019-01-22T23:00:00+00:00,,,,,,,,,,,,,No rule-based candidate at this daily endpoint,rule_candidate,pending
cup_and_handle__2019-01-23__0020564,cup_and_handle,0,no_pattern,neutral,0.0,,cup_and_handle/images/no_pattern/2019/01/cup_and_handle__2019-01-23__0020564.png,,2019-01-23,20365,20564,2019-01-11T04:00:00+00:00,2019-01-23T23:00:00+00:00,,,,,,,,,,,,,No rule-based candidate at this daily endpoint,rule_candidate,pending
cup_and_handle__2019-01-24__0020587,cup_and_handle,0,no_pattern,neutral,0.0,,cup_and_handle/images/no_pattern/2019/01/cup_and_handle__2019-01-24__0020587.png,,2019-01-24,20388,20587,2019-01-14T04:00:00+00:00,2019-01-24T23:00:00+00:00,,,,,,,,,,,,,No rule-based candidate at this daily endpoint,rule_candidate,pending
cup_and_handle__2019-01-25__0020610,cup_and_handle,0,no_pattern,neutral,0.0,,cup_and_handle/images/no_pattern/2019/01/cup_and_handle__2019-01-25__0020610.png,,2019-01-25,20411,20610,2019-01-15T04:00:00+00:00,2019-01-25T23:00:00+00:00,,,,,,,,,,,,,No rule-based candidate at this daily endpoint,rule_candidate,pending
cup_and_handle__2019-01-28__0020633,cup_and_handle,0,no_pattern,neutral,0.0,,cup_and_handle/images/no_pattern/2019/01/cup_and_handle__2019-01-28__0020633.png,,2019-01-28,20434,20633,2019-01-16T04:00:00+00:00,2019-01-28T23:00:00+00:00,,,,,,,,,,,,,No rule-based candidate at this daily endpoint,rule_candidate,pending
cup_and_handle__2019-01-29__0020656,cup_and_handle,0,no_pattern,neutral,0.0,,cup_and_handle/images/no_pattern/2019/01/cup_and_handle__2019-01-29__0020656.png,,2019-01-29,20457,20656,2019-01-17T04:00:00+00:00,2019-01-29T23:00:00+00:00,,,,,,,,,,,,,No rule-based candidate at this daily endpoint,rule_candidate,pending
cup_and_handle__2019-01-30__0020679,cup_and_handle,0,no_pattern,neutral,0.0,,cup_and_handle/images/no_pattern/2019/01/cup_and_handle__2019-01-30__0020679.png,,2019-01-30,20480,20679,2019-01-18T04:00:00+00:00,2019-01-30T23:00:00+00:00,,,,,,,,,,,,,No rule-based candidate at this daily endpoint,rule_candidate,pending
cup_and_handle__2019-01-31__0020702,cup_and_handle,1,confirmed,bullish,0.66,48.0,cup_and_handle/images/confirmed/2019/01/cup_and_handle__2019-01-31__0020702.png,,2019-01-31,20503,20702,2019-01-21T04:00:00+00:00,2019-01-31T23:00:00+00:00,20655.0,20702.0,2019-01-29T22:00:00+00:00,2019-01-31T23:00:00+00:00,20702.0,2019-01-31T23:00:00+00:00,1320.96,1309.6717857142858,1343.5364285714286,2.0,1319.902857142857,2.2728571428571382,Cup and handle rounded base with shallow handle,rule_candidate,pending
cup_and_handle__2019-02-01__0020725,cup_and_handle,0,no_pattern,neutral,0.0,,cup_and_handle/images/no_pattern/2019/02/cup_and_handle__2019-02-01__0020725.png,,2019-02-01,20526,20725,2019-01-22T08:00:00+00:00,2019-02-01T23:00:00+00:00,,,,,,,,,,,,,No rule-based candidate at this daily endpoint,rule_candidate,pending
cup_and_handle__2019-02-04__0020748,cup_and_handle,0,no_pattern,neutral,0.0,,cup_and_handle/images/no_pattern/2019/02/cup_and_handle__2019-02-04__0020748.png,,2019-02-04,20549,20748,2019-01-23T08:00:00+00:00,2019-02-04T23:00:00+00:00,,,,,,,,,,,,,No rule-based candidate at this daily endpoint,rule_candidate,pending
cup_and_handle__2019-02-05__0020771,cup_and_handle,0,no_pattern,neutral,0.0,,cup_and_handle/images/no_pattern/2019/02/cup_and_handle__2019-02-05__0020771.png,,2019-02-05,20572,20771,2019-01-24T08:00:00+00:00,2019-02-05T23:00:00+00:00,,,,,,,,,,,,,No rule-based candidate at this daily endpoint,rule_candidate,pending
cup_and_handle__2019-02-06__0020794,cup_and_handle,0,no_pattern,neutral,0.0,,cup_and_handle/images/no_pattern/2019/02/cup_and_handle__2019-02-06__0020794.png,,2019-02-06,20595,20794,2019-01-25T08:00:00+00:00,2019-02-06T23:00:00+00:00,,,,,,,,,,,,,No rule-based candidate at this daily endpoint,rule_candidate,pending
cup_and_handle__2019-02-07__0020817,cup_and_handle,0,no_pattern,neutral,0.0,,cup_and_handle/images/no_pattern/2019/02/cup_and_handle__2019-02-07__0020817.png,,2019-02-07,20618,20817,2019-01-28T08:00:00+00:00,2019-02-07T23:00:00+00:00,,,,,,,,,,,,,No rule-based candidate at this daily endpoint,rule_candidate,pending
cup_and_handle__2019-02-08__0020840,cup_and_handle,0,no_pattern,neutral,0.0,,cup_and_handle/images/no_pattern/2019/02/cup_and_handle__2019-02-08__0020840.png,,2019-02-08,20641,20840,2019-01-29T08:00:00+00:00,2019-02-08T23:00:00+00:00,,,,,,,,,,,,,No rule-based candidate at this daily endpoint,rule_candidate,pending
cup_and_handle__2019-02-11__0020863,cup_and_handle,0,no_pattern,neutral,0.0,,cup_and_handle/images/no_pattern/2019/02/cup_and_handle__2019-02-11__0020863.png,,2019-02-11,20664,20863,2019-01-30T08:00:00+00:00,2019-02-11T23:00:00+00:00,,,,,,,,,,,,,No rule-based candidate at this daily endpoint,rule_candidate,pending
cup_and_handle__2019-02-12__0020886,cup_and_handle,0,no_pattern,neutral,0.0,,cup_and_handle/images/no_pattern/2019/02/cup_and_handle__2019-02-12__0020886.png,,2019-02-12,20687,20886,2019-01-31T08:00:00+00:00,2019-02-12T23:00:00+00:00,,,,,,,,,,,,,No rule-based candidate at this daily endpoint,rule_candidate,pending
cup_and_handle__2019-02-13__0020909,cup_and_handle,0,no_pattern,neutral,0.0,,cup_and_handle/images/no_pattern/2019/02/cup_and_handle__2019-02-13__0020909.png,,2019-02-13,20710,20909,2019-02-01T08:00:00+00:00,2019-02-13T23:00:00+00:00,,,,,,,,,,,,,No rule-based candidate at this daily endpoint,rule_candidate,pending
cup_and_handle__2019-02-14__0020932,cup_and_handle,0,no_pattern,neutral,0.0,,cup_and_handle/images/no_pattern/2019/02/cup_and_handle__2019-02-14__0020932.png,,2019-02-14,20733,20932,2019-02-04T08:00:00+00:00,2019-02-14T23:00:00+00:00,,,,,,,,,,,,,No rule-based candidate at this daily endpoint,rule_candidate,pending
cup_and_handle__2019-02-15__0020955,cup_and_handle,0,no_pattern,neutral,0.0,,cup_and_handle/images/no_pattern/2019/02/cup_and_handle__2019-02-15__0020955.png,,2019-02-15,20756,20955,2019-02-05T08:00:00+00:00,2019-02-15T23:00:00+00:00,,,,,,,,,,,,,No rule-based candidate at this daily endpoint,rule_candidate,pending
cup_and_handle__2019-02-18__0020974,cup_and_handle,0,no_pattern,neutral,0.0,,cup_and_handle/images/no_pattern/2019/02/cup_and_handle__2019-02-18__0020974.png,,2019-02-18,20775,20974,2019-02-06T04:00:00+00:00,2019-02-18T19:00:00+00:00,,,,,,,,,,,,,No rule-based candidate at this daily endpoint,rule_candidate,pending
cup_and_handle__2019-02-19__0020997,cup_and_handle,0,no_pattern,neutral,0.0,,cup_and_handle/images/no_pattern/2019/02/cup_and_handle__2019-02-19__0020997.png,,2019-02-19,20798,20997,2019-02-07T04:00:00+00:00,2019-02-19T23:00:00+00:00,,,,,,,,,,,,,No rule-based candidate at this daily endpoint,rule_candidate,pending
cup_and_handle__2019-02-20__0021020,cup_and_handle,0,no_pattern,neutral,0.0,,cup_and_handle/images/no_pattern/2019/02/cup_and_handle__2019-02-20__0021020.png,,2019-02-20,20821,21020,2019-02-08T04:00:00+00:00,2019-02-20T23:00:00+00:00,,,,,,,,,,,,,No rule-based candidate at this daily endpoint,rule_candidate,pending
cup_and_handle__2019-02-21__0021043,cup_and_handle,0,no_pattern,neutral,0.0,,cup_and_handle/images/no_pattern/2019/02/cup_and_handle__2019-02-21__0021043.png,,2019-02-21,20844,21043,2019-02-11T04:00:00+00:00,2019-02-21T23:00:00+00:00,,,,,,,,,,,,,No rule-based candidate at this daily endpoint,rule_candidate,pending
cup_and_handle__2019-02-22__0021066,cup_and_handle,0,no_pattern,neutral,0.0,,cup_and_handle/images/no_pattern/2019/02/cup_and_handle__2019-02-22__0021066.png,,2019-02-22,20867,21066,2019-02-12T04:00:00+00:00,2019-02-22T23:00:00+00:00,,,,,,,,,,,,,No rule-based candidate at this daily endpoint,rule_candidate,pending
cup_and_handle__2019-02-25__0021089,cup_and_handle,0,no_pattern,neutral,0.0,,cup_and_handle/images/no_pattern/2019/02/cup_and_handle__2019-02-25__0021089.png,,2019-02-25,20890,21089,2019-02-13T04:00:00+00:00,2019-02-25T23:00:00+00:00,,,,,,,,,,,,,No rule-based candidate at this daily endpoint,rule_candidate,pending
cup_and_handle__2019-02-26__0021112,cup_and_handle,0,no_pattern,neutral,0.0,,cup_and_handle/images/no_pattern/2019/02/cup_and_handle__2019-02-26__0021112.png,,2019-02-26,20913,21112,2019-02-14T04:00:00+00:00,2019-02-26T23:00:00+00:00,,,,,,,,,,,,,No rule-based candidate at this daily endpoint,rule_candidate,pending
cup_and_handle__2019-02-27__0021135,cup_and_handle,0,no_pattern,neutral,0.0,,cup_and_handle/images/no_pattern/2019/02/cup_and_handle__2019-02-27__0021135.png,,2019-02-27,20936,21135,2019-02-15T04:00:00+00:00,2019-02-27T23:00:00+00:00,,,,,,,,,,,,,No rule-based candidate at this daily endpoint,rule_candidate,pending
cup_and_handle__2019-02-28__0021158,cup_and_handle,0,no_pattern,neutral,0.0,,cup_and_handle/images/no_pattern/2019/02/cup_and_handle__2019-02-28__0021158.png,,2019-02-28,20959,21158,2019-02-18T04:00:00+00:00,2019-02-28T23:00:00+00:00,,,,,,,,,,,,,No rule-based candidate at this daily endpoint,rule_candidate,pending
cup_and_handle__2019-03-01__0021181,cup_and_handle,0,no_pattern,neutral,0.0,,cup_and_handle/images/no_pattern/2019/03/cup_and_handle__2019-03-01__0021181.png,,2019-03-01,20982,21181,2019-02-19T08:00:00+00:00,2019-03-01T23:00:00+00:00,,,,,,,,,,,,,No rule-based candidate at this daily endpoint,rule_candidate,pending
cup_and_handle__2019-03-04__0021204,cup_and_handle,0,no_pattern,neutral,0.0,,cup_and_handle/images/no_pattern/2019/03/cup_and_handle__2019-03-04__0021204.png,,2019-03-04,21005,21204,2019-02-20T08:00:00+00:00,2019-03-04T23:00:00+00:00,,,,,,,,,,,,,No rule-based candidate at this daily endpoint,rule_candidate,pending
cup_and_handle__2019-03-05__0021227,cup_and_handle,0,no_pattern,neutral,0.0,,cup_and_handle/images/no_pattern/2019/03/cup_and_handle__2019-03-05__0021227.png,,2019-03-05,21028,21227,2019-02-21T08:00:00+00:00,2019-03-05T23:00:00+00:00,,,,,,,,,,,,,No rule-based candidate at this daily endpoint,rule_candidate,pending
cup_and_handle__2019-03-06__0021250,cup_and_handle,0,no_pattern,neutral,0.0,,cup_and_handle/images/no_pattern/2019/03/cup_and_handle__2019-03-06__0021250.png,,2019-03-06,21051,21250,2019-02-22T08:00:00+00:00,2019-03-06T23:00:00+00:00,,,,,,,,,,,,,No rule-based candidate at this daily endpoint,rule_candidate,pending
cup_and_handle__2019-03-07__0021273,cup_and_handle,0,no_pattern,neutral,0.0,,cup_and_handle/images/no_pattern/2019/03/cup_and_handle__2019-03-07__0021273.png,,2019-03-07,21074,21273,2019-02-25T08:00:00+00:00,2019-03-07T23:00:00+00:00,,,,,,,,,,,,,No rule-based candidate at this daily endpoint,rule_candidate,pending
cup_and_handle__2019-03-08__0021296,cup_and_handle,0,no_pattern,neutral,0.0,,cup_and_handle/images/no_pattern/2019/03/cup_and_handle__2019-03-08__0021296.png,,2019-03-08,21097,21296,2019-02-26T08:00:00+00:00,2019-03-08T23:00:00+00:00,,,,,,,,,,,,,No rule-based candidate at this daily endpoint,rule_candidate,pending
cup_and_handle__2019-03-11__0021319,cup_and_handle,0,no_pattern,neutral,0.0,,cup_and_handle/images/no_pattern/2019/03/cup_and_handle__2019-03-11__0021319.png,,2019-03-11,21120,21319,2019-02-27T08:00:00+00:00,2019-03-11T22:00:00+00:00,,,,,,,,,,,,,No rule-based candidate at this daily endpoint,rule_candidate,pending
cup_and_handle__2019-03-12__0021342,cup_and_handle,1,confirmed,bullish,0.66,48.0,cup_and_handle/images/confirmed/2019/03/cup_and_handle__2019-03-12__0021342.png,,2019-03-12,21143,21342,2019-02-28T08:00:00+00:00,2019-03-12T22:00:00+00:00,21295.0,21342.0,2019-03-08T22:00:00+00:00,2019-03-12T22:00:00+00:00,21342.0,2019-03-12T22:00:00+00:00,1300.96,1290.3401785714286,1322.1996428571429,2.0,1297.552857142857,2.159285714285748,Cup and handle rounded base with shallow handle,rule_candidate,pending
cup_and_handle__2019-03-13__0021365,cup_and_handle,0,no_pattern,neutral,0.0,,cup_and_handle/images/no_pattern/2019/03/cup_and_handle__2019-03-13__0021365.png,,2019-03-13,21166,21365,2019-03-01T08:00:00+00:00,2019-03-13T22:00:00+00:00,,,,,,,,,,,,,No rule-based candidate at this daily endpoint,rule_candidate,pending
cup_and_handle__2019-03-14__0021388,cup_and_handle,0,no_pattern,neutral,0.0,,cup_and_handle/images/no_pattern/2019/03/cup_and_handle__2019-03-14__0021388.png,,2019-03-14,21189,21388,2019-03-04T08:00:00+00:00,2019-03-14T22:00:00+00:00,,,,,,,,,,,,,No rule-based candidate at this daily endpoint,rule_candidate,pending
cup_and_handle__2019-03-15__0021411,cup_and_handle,0,no_pattern,neutral,0.0,,cup_and_handle/images/no_pattern/2019/03/cup_and_handle__2019-03-15__0021411.png,,2019-03-15,21212,21411,2019-03-05T08:00:00+00:00,2019-03-15T22:00:00+00:00,,,,,,,,,,,,,No rule-based candidate at this daily endpoint,rule_candidate,pending
cup_and_handle__2019-03-18__0021434,cup_and_handle,1,confirmed,bullish,0.66,64.0,cup_and_handle/images/confirmed/2019/03/cup_and_handle__2019-03-18__0021434.png,,2019-03-18,21235,21434,2019-03-06T08:00:00+00:00,2019-03-18T22:00:00+00:00,21371.0,21434.0,2019-03-14T05:00:00+00:00,2019-03-18T22:00:00+00:00,21434.0,2019-03-18T22:00:00+00:00,1303.23,1294.116071428571,1321.4578571428574,2.0,1301.168888888889,1.855714285714287,Cup and handle rounded base with shallow handle,rule_candidate,pending
cup_and_handle__2019-03-19__0021457,cup_and_handle,1,confirmed,bullish,0.66,64.0,cup_and_handle/images/confirmed/2019/03/cup_and_handle__2019-03-19__0021457.png,,2019-03-19,21258,21457,2019-03-07T08:00:00+00:00,2019-03-19T22:00:00+00:00,21394.0,21457.0,2019-03-15T05:00:00+00:00,2019-03-19T22:00:00+00:00,21457.0,2019-03-19T22:00:00+00:00,1306.06,1297.4416071428573,1323.2967857142853,2.0,1305.032222222222,1.993571428571418,Cup and handle rounded base with shallow handle,rule_candidate,pending
cup_and_handle__2019-03-20__0021480,cup_and_handle,0,no_pattern,neutral,0.0,,cup_and_handle/images/no_pattern/2019/03/cup_and_handle__2019-03-20__0021480.png,,2019-03-20,21281,21480,2019-03-08T08:00:00+00:00,2019-03-20T22:00:00+00:00,,,,,,,,,,,,,No rule-based candidate at this daily endpoint,rule_candidate,pending
cup_and_handle__2019-03-21__0021503,cup_and_handle,0,no_pattern,neutral,0.0,,cup_and_handle/images/no_pattern/2019/03/cup_and_handle__2019-03-21__0021503.png,,2019-03-21,21304,21503,2019-03-11T07:00:00+00:00,2019-03-21T22:00:00+00:00,,,,,,,,,,,,,No rule-based candidate at this daily endpoint,rule_candidate,pending
cup_and_handle__2019-03-22__0021526,cup_and_handle,1,confirmed,bullish,0.66,80.0,cup_and_handle/images/confirmed/2019/03/cup_and_handle__2019-03-22__0021526.png,,2019-03-22,21327,21526,2019-03-12T07:00:00+00:00,2019-03-22T22:00:00+00:00,21447.0,21526.0,2019-03-19T12:00:00+00:00,2019-03-22T22:00:00+00:00,21526.0,2019-03-22T22:00:00+00:00,1313.06,1299.8182142857142,1339.543571428571,2.0,1309.756666666667,2.567142857142877,Cup and handle rounded base with shallow handle,rule_candidate,pending
cup_and_handle__2019-03-25__0021549,cup_and_handle,0,no_pattern,neutral,0.0,,cup_and_handle/images/no_pattern/2019/03/cup_and_handle__2019-03-25__0021549.png,,2019-03-25,21350,21549,2019-03-13T07:00:00+00:00,2019-03-25T22:00:00+00:00,,,,,,,,,,,,,No rule-based candidate at this daily endpoint,rule_candidate,pending
cup_and_handle__2019-03-26__0021572,cup_and_handle,1,forming,bullish,0.54,100.0,cup_and_handle/images/forming/2019/03/cup_and_handle__2019-03-26__0021572.png,,2019-03-26,21373,21572,2019-03-14T07:00:00+00:00,2019-03-26T22:00:00+00:00,21473.0,21572.0,2019-03-20T15:00:00+00:00,2019-03-26T22:00:00+00:00,,,1318.6133333333332,1299.81625,1356.2074999999995,2.0,1318.6133333333332,2.575000000000013,Cup and handle rounded base with shallow handle,rule_candidate,pending
cup_and_handle__2019-03-27__0021595,cup_and_handle,0,no_pattern,neutral,0.0,,cup_and_handle/images/no_pattern/2019/03/cup_and_handle__2019-03-27__0021595.png,,2019-03-27,21396,21595,2019-03-15T07:00:00+00:00,2019-03-27T22:00:00+00:00,,,,,,,,,,,,,No rule-based candidate at this daily endpoint,rule_candidate,pending
cup_and_handle__2019-03-28__0021618,cup_and_handle,0,no_pattern,neutral,0.0,,cup_and_handle/images/no_pattern/2019/03/cup_and_handle__2019-03-28__0021618.png,,2019-03-28,21419,21618,2019-03-18T07:00:00+00:00,2019-03-28T22:00:00+00:00,,,,,,,,,,,,,No rule-based candidate at this daily endpoint,rule_candidate,pending
cup_and_handle__2019-03-29__0021641,cup_and_handle,0,no_pattern,neutral,0.0,,cup_and_handle/images/no_pattern/2019/03/cup_and_handle__2019-03-29__0021641.png,,2019-03-29,21442,21641,2019-03-19T07:00:00+00:00,2019-03-29T22:00:00+00:00,,,,,,,,,,,,,No rule-based candidate at this daily endpoint,rule_candidate,pending
cup_and_handle__2019-04-01__0021664,cup_and_handle,0,no_pattern,neutral,0.0,,cup_and_handle/images/no_pattern/2019/04/cup_and_handle__2019-04-01__0021664.png,,2019-04-01,21465,21664,2019-03-20T07:00:00+00:00,2019-04-01T23:00:00+00:00,,,,,,,,,,,,,No rule-based candidate at this daily endpoint,rule_candidate,pending
cup_and_handle__2019-04-02__0021687,cup_and_handle,0,no_pattern,neutral,0.0,,cup_and_handle/images/no_pattern/2019/04/cup_and_handle__2019-04-02__0021687.png,,2019-04-02,21488,21687,2019-03-21T07:00:00+00:00,2019-04-02T23:00:00+00:00,,,,,,,,,,,,,No rule-based candidate at this daily endpoint,rule_candidate,pending
cup_and_handle__2019-04-03__0021710,cup_and_handle,0,no_pattern,neutral,0.0,,cup_and_handle/images/no_pattern/2019/04/cup_and_handle__2019-04-03__0021710.png,,2019-04-03,21511,21710,2019-03-22T07:00:00+00:00,2019-04-03T23:00:00+00:00,,,,,,,,,,,,,No rule-based candidate at this daily endpoint,rule_candidate,pending
cup_and_handle__2019-04-04__0021733,cup_and_handle,0,no_pattern,neutral,0.0,,cup_and_handle/images/no_pattern/2019/04/cup_and_handle__2019-04-04__0021733.png,,2019-04-04,21534,21733,2019-03-25T07:00:00+00:00,2019-04-04T23:00:00+00:00,,,,,,,,,,,,,No rule-based candidate at this daily endpoint,rule_candidate,pending
cup_and_handle__2019-04-05__0021756,cup_and_handle,0,no_pattern,neutral,0.0,,cup_and_handle/images/no_pattern/2019/04/cup_and_handle__2019-04-05__0021756.png,,2019-04-05,21557,21756,2019-03-26T07:00:00+00:00,2019-04-05T23:00:00+00:00,,,,,,,,,,,,,No rule-based candidate at this daily endpoint,rule_candidate,pending
cup_and_handle__2019-04-08__0021779,cup_and_handle,0,no_pattern,neutral,0.0,,cup_and_handle/images/no_pattern/2019/04/cup_and_handle__2019-04-08__0021779.png,,2019-04-08,21580,21779,2019-03-27T07:00:00+00:00,2019-04-08T23:00:00+00:00,,,,,,,,,,,,,No rule-based candidate at this daily endpoint,rule_candidate,pending
cup_and_handle__2019-04-09__0021802,cup_and_handle,0,no_pattern,neutral,0.0,,cup_and_handle/images/no_pattern/2019/04/cup_and_handle__2019-04-09__0021802.png,,2019-04-09,21603,21802,2019-03-28T07:00:00+00:00,2019-04-09T23:00:00+00:00,,,,,,,,,,,,,No rule-based candidate at this daily endpoint,rule_candidate,pending
cup_and_handle__2019-04-10__0021825,cup_and_handle,0,no_pattern,neutral,0.0,,cup_and_handle/images/no_pattern/2019/04/cup_and_handle__2019-04-10__0021825.png,,2019-04-10,21626,21825,2019-03-29T07:00:00+00:00,2019-04-10T23:00:00+00:00,,,,,,,,,,,,,No rule-based candidate at this daily endpoint,rule_candidate,pending
cup_and_handle__2019-04-11__0021848,cup_and_handle,0,no_pattern,neutral,0.0,,cup_and_handle/images/no_pattern/2019/04/cup_and_handle__2019-04-11__0021848.png,,2019-04-11,21649,21848,2019-04-01T08:00:00+00:00,2019-04-11T23:00:00+00:00,,,,,,,,,,,,,No rule-based candidate at this daily endpoint,rule_candidate,pending
cup_and_handle__2019-04-12__0021871,cup_and_handle,0,no_pattern,neutral,0.0,,cup_and_handle/images/no_pattern/2019/04/cup_and_handle__2019-04-12__0021871.png,,2019-04-12,21672,21871,2019-04-02T08:00:00+00:00,2019-04-12T23:00:00+00:00,,,,,,,,,,,,,No rule-based candidate at this daily endpoint,rule_candidate,pending
cup_and_handle__2019-04-15__0021894,cup_and_handle,0,no_pattern,neutral,0.0,,cup_and_handle/images/no_pattern/2019/04/cup_and_handle__2019-04-15__0021894.png,,2019-04-15,21695,21894,2019-04-03T08:00:00+00:00,2019-04-15T23:00:00+00:00,,,,,,,,,,,,,No rule-based candidate at this daily endpoint,rule_candidate,pending
cup_and_handle__2019-04-16__0021917,cup_and_handle,0,no_pattern,neutral,0.0,,cup_and_handle/images/no_pattern/2019/04/cup_and_handle__2019-04-16__0021917.png,,2019-04-16,21718,21917,2019-04-04T08:00:00+00:00,2019-04-16T23:00:00+00:00,,,,,,,,,,,,,No rule-based candidate at this daily endpoint,rule_candidate,pending
cup_and_handle__2019-04-17__0021940,cup_and_handle,0,no_pattern,neutral,0.0,,cup_and_handle/images/no_pattern/2019/04/cup_and_handle__2019-04-17__0021940.png,,2019-04-17,21741,21940,2019-04-05T08:00:00+00:00,2019-04-17T23:00:00+00:00,,,,,,,,,,,,,No rule-based candidate at this daily endpoint,rule_candidate,pending
cup_and_handle__2019-04-18__0021963,cup_and_handle,0,no_pattern,neutral,0.0,,cup_and_handle/images/no_pattern/2019/04/cup_and_handle__2019-04-18__0021963.png,,2019-04-18,21764,21963,2019-04-08T08:00:00+00:00,2019-04-18T23:00:00+00:00,,,,,,,,,,,,,No rule-based candidate at this daily endpoint,rule_candidate,pending
cup_and_handle__2019-04-22__0021986,cup_and_handle,0,no_pattern,neutral,0.0,,cup_and_handle/images/no_pattern/2019/04/cup_and_handle__2019-04-22__0021986.png,,2019-04-22,21787,21986,2019-04-09T08:00:00+00:00,2019-04-22T23:00:00+00:00,,,,,,,,,,,,,No rule-based candidate at this daily endpoint,rule_candidate,pending
cup_and_handle__2019-04-23__0022009,cup_and_handle,0,no_pattern,neutral,0.0,,cup_and_handle/images/no_pattern/2019/04/cup_and_handle__2019-04-23__0022009.png,,2019-04-23,21810,22009,2019-04-10T08:00:00+00:00,2019-04-23T23:00:00+00:00,,,,,,,,,,,,,No rule-based candidate at this daily endpoint,rule_candidate,pending
cup_and_handle__2019-04-24__0022032,cup_and_handle,0,no_pattern,neutral,0.0,,cup_and_handle/images/no_pattern/2019/04/cup_and_handle__2019-04-24__0022032.png,,2019-04-24,21833,22032,2019-04-11T08:00:00+00:00,2019-04-24T23:00:00+00:00,,,,,,,,,,,,,No rule-based candidate at this daily endpoint,rule_candidate,pending
cup_and_handle__2019-04-25__0022055,cup_and_handle,0,no_pattern,neutral,0.0,,cup_and_handle/images/no_pattern/2019/04/cup_and_handle__2019-04-25__0022055.png,,2019-04-25,21856,22055,2019-04-12T08:00:00+00:00,2019-04-25T23:00:00+00:00,,,,,,,,,,,,,No rule-based candidate at this daily endpoint,rule_candidate,pending
cup_and_handle__2019-04-26__0022078,cup_and_handle,0,no_pattern,neutral,0.0,,cup_and_handle/images/no_pattern/2019/04/cup_and_handle__2019-04-26__0022078.png,,2019-04-26,21879,22078,2019-04-15T08:00:00+00:00,2019-04-26T23:00:00+00:00,,,,,,,,,,,,,No rule-based candidate at this daily endpoint,rule_candidate,pending
cup_and_handle__2019-04-29__0022101,cup_and_handle,0,no_pattern,neutral,0.0,,cup_and_handle/images/no_pattern/2019/04/cup_and_handle__2019-04-29__0022101.png,,2019-04-29,21902,22101,2019-04-16T08:00:00+00:00,2019-04-29T23:00:00+00:00,,,,,,,,,,,,,No rule-based candidate at this daily endpoint,rule_candidate,pending
cup_and_handle__2019-04-30__0022124,cup_and_handle,1,forming,bullish,0.54,160.0,cup_and_handle/images/forming/2019/04/cup_and_handle__2019-04-30__0022124.png,,2019-04-30,21925,22124,2019-04-17T08:00:00+00:00,2019-04-30T23:00:00+00:00,21965.0,22124.0,2019-04-22T02:00:00+00:00,2019-04-30T23:00:00+00:00,,,1283.99375,1267.172142857143,1317.6369642857137,2.0,1283.99375,1.991428571428547,Cup and handle rounded base with shallow handle,rule_candidate,pending
cup_and_handle__2019-05-01__0022147,cup_and_handle,0,no_pattern,neutral,0.0,,cup_and_handle/images/no_pattern/2019/05/cup_and_handle__2019-05-01__0022147.png,,2019-05-01,21948,22147,2019-04-18T08:00:00+00:00,2019-05-01T23:00:00+00:00,,,,,,,,,,,,,No rule-based candidate at this daily endpoint,rule_candidate,pending
cup_and_handle__2019-05-02__0022170,cup_and_handle,0,no_pattern,neutral,0.0,,cup_and_handle/images/no_pattern/2019/05/cup_and_handle__2019-05-02__0022170.png,,2019-05-02,21971,22170,2019-04-22T08:00:00+00:00,2019-05-02T23:00:00+00:00,,,,,,,,,,,,,No rule-based candidate at this daily endpoint,rule_candidate,pending
cup_and_handle__2019-05-03__0022193,cup_and_handle,0,no_pattern,neutral,0.0,,cup_and_handle/images/no_pattern/2019/05/cup_and_handle__2019-05-03__0022193.png,,2019-05-03,21994,22193,2019-04-23T08:00:00+00:00,2019-05-03T23:00:00+00:00,,,,,,,,,,,,,No rule-based candidate at this daily endpoint,rule_candidate,pending
cup_and_handle__2019-05-06__0022216,cup_and_handle,1,confirmed,bullish,0.66,80.0,cup_and_handle/images/confirmed/2019/05/cup_and_handle__2019-05-06__0022216.png,,2019-05-06,22017,22216,2019-04-24T08:00:00+00:00,2019-05-06T23:00:00+00:00,22137.0,22216.0,2019-05-01T13:00:00+00:00,2019-05-06T23:00:00+00:00,22216.0,2019-05-06T23:00:00+00:00,1280.27,1268.75375,1303.3024999999998,2.0,1280.1875,1.824999999999948,Cup and handle rounded base with shallow handle,rule_candidate,pending
cup_and_handle__2019-05-07__0022239,cup_and_handle,1,confirmed,bullish,0.66,120.0,cup_and_handle/images/confirmed/2019/05/cup_and_handle__2019-05-07__0022239.png,,2019-05-07,22040,22239,2019-04-25T08:00:00+00:00,2019-05-07T23:00:00+00:00,22120.0,22239.0,2019-04-30T19:00:00+00:00,2019-05-07T23:00:00+00:00,22239.0,2019-05-07T23:00:00+00:00,1284.24,1268.7578571428571,1315.2042857142858,2.0,1281.755,1.8085714285714565,Cup and handle rounded base with shallow handle,rule_candidate,pending
cup_and_handle__2019-05-08__0022262,cup_and_handle,0,no_pattern,neutral,0.0,,cup_and_handle/images/no_pattern/2019/05/cup_and_handle__2019-05-08__0022262.png,,2019-05-08,22063,22262,2019-04-26T08:00:00+00:00,2019-05-08T23:00:00+00:00,,,,,,,,,,,,,No rule-based candidate at this daily endpoint,rule_candidate,pending
cup_and_handle__2019-05-09__0022285,cup_and_handle,0,no_pattern,neutral,0.0,,cup_and_handle/images/no_pattern/2019/05/cup_and_handle__2019-05-09__0022285.png,,2019-05-09,22086,22285,2019-04-29T08:00:00+00:00,2019-05-09T23:00:00+00:00,,,,,,,,,,,,,No rule-based candidate at this daily endpoint,rule_candidate,pending
cup_and_handle__2019-05-10__0022308,cup_and_handle,1,confirmed,bullish,0.66,200.0,cup_and_handle/images/confirmed/2019/05/cup_and_handle__2019-05-10__0022308.png,,2019-05-10,22109,22308,2019-04-30T08:00:00+00:00,2019-05-10T23:00:00+00:00,22109.0,22308.0,2019-04-30T08:00:00+00:00,2019-05-10T23:00:00+00:00,22308.0,2019-05-10T23:00:00+00:00,1285.59,1268.6883928571428,1319.393214285714,2.0,1284.8776666666663,2.086428571428541,Cup and handle rounded base with shallow handle,rule_candidate,pending
cup_and_handle__2019-05-13__0022331,cup_and_handle,0,no_pattern,neutral,0.0,,cup_and_handle/images/no_pattern/2019/05/cup_and_handle__2019-05-13__0022331.png,,2019-05-13,22132,22331,2019-05-01T08:00:00+00:00,2019-05-13T23:00:00+00:00,,,,,,,,,,,,,No rule-based candidate at this daily endpoint,rule_candidate,pending
cup_and_handle__2019-05-14__0022354,cup_and_handle,0,no_pattern,neutral,0.0,,cup_and_handle/images/no_pattern/2019/05/cup_and_handle__2019-05-14__0022354.png,,2019-05-14,22155,22354,2019-05-02T08:00:00+00:00,2019-05-14T23:00:00+00:00,,,,,,,,,,,,,No rule-based candidate at this daily endpoint,rule_candidate,pending
cup_and_handle__2019-05-15__0022377,cup_and_handle,1,forming,bullish,0.54,100.0,cup_and_handle/images/forming/2019/05/cup_and_handle__2019-05-15__0022377.png,,2019-05-15,22178,22377,2019-05-03T08:00:00+00:00,2019-05-15T23:00:00+00:00,22278.0,22377.0,2019-05-09T16:00:00+00:00,2019-05-15T23:00:00+00:00,,,1297.3019999999997,1281.8919642857145,1328.1220714285705,2.0,1297.3019999999997,2.1521428571428323,Cup and handle rounded base with shallow handle,rule_candidate,pending
cup_and_handle__2019-05-16__0022400,cup_and_handle,0,no_pattern,neutral,0.0,,cup_and_handle/images/no_pattern/2019/05/cup_and_handle__2019-05-16__0022400.png,,2019-05-16,22201,22400,2019-05-06T08:00:00+00:00,2019-05-16T23:00:00+00:00,,,,,,,,,,,,,No rule-based candidate at this daily endpoint,rule_candidate,pending
cup_and_handle__2019-05-17__0022423,cup_and_handle,0,no_pattern,neutral,0.0,,cup_and_handle/images/no_pattern/2019/05/cup_and_handle__2019-05-17__0022423.png,,2019-05-17,22224,22423,2019-05-07T08:00:00+00:00,2019-05-17T23:00:00+00:00,,,,,,,,,,,,,No rule-based candidate at this daily endpoint,rule_candidate,pending
cup_and_handle__2019-05-20__0022446,cup_and_handle,0,no_pattern,neutral,0.0,,cup_and_handle/images/no_pattern/2019/05/cup_and_handle__2019-05-20__0022446.png,,2019-05-20,22247,22446,2019-05-08T08:00:00+00:00,2019-05-20T23:00:00+00:00,,,,,,,,,,,,,No rule-based candidate at this daily endpoint,rule_candidate,pending
cup_and_handle__2019-05-21__0022469,cup_and_handle,0,no_pattern,neutral,0.0,,cup_and_handle/images/no_pattern/2019/05/cup_and_handle__2019-05-21__0022469.png,,2019-05-21,22270,22469,2019-05-09T08:00:00+00:00,2019-05-21T23:00:00+00:00,,,,,,,,,,,,,No rule-based candidate at this daily endpoint,rule_candidate,pending
cup_and_handle__2019-05-22__0022492,cup_and_handle,0,no_pattern,neutral,0.0,,cup_and_handle/images/no_pattern/2019/05/cup_and_handle__2019-05-22__0022492.png,,2019-05-22,22293,22492,2019-05-10T08:00:00+00:00,2019-05-22T23:00:00+00:00,,,,,,,,,,,,,No rule-based candidate at this daily endpoint,rule_candidate,pending
cup_and_handle__2019-05-23__0022515,cup_and_handle,0,no_pattern,neutral,0.0,,cup_and_handle/images/no_pattern/2019/05/cup_and_handle__2019-05-23__0022515.png,,2019-05-23,22316,22515,2019-05-13T08:00:00+00:00,2019-05-23T23:00:00+00:00,,,,,,,,,,,,,No rule-based candidate at this daily endpoint,rule_candidate,pending
cup_and_handle__2019-05-24__0022538,cup_and_handle,1,confirmed,bullish,0.66,100.0,cup_and_handle/images/confirmed/2019/05/cup_and_handle__2019-05-24__0022538.png,,2019-05-24,22339,22538,2019-05-14T08:00:00+00:00,2019-05-24T23:00:00+00:00,22439.0,22538.0,2019-05-20T16:00:00+00:00,2019-05-24T23:00:00+00:00,22538.0,2019-05-24T23:00:00+00:00,1284.68,1270.4026785714286,1313.234642857143,2.0,1279.656,1.509285714285722,Cup and handle rounded base with shallow handle,rule_candidate,pending
cup_and_handle__2019-05-27__0022558,cup_and_handle,1,confirmed,bullish,0.66,160.0,cup_and_handle/images/confirmed/2019/05/cup_and_handle__2019-05-27__0022558.png,,2019-05-27,22359,22558,2019-05-15T05:00:00+00:00,2019-05-27T20:00:00+00:00,22399.0,22558.0,2019-05-16T22:00:00+00:00,2019-05-27T20:00:00+00:00,22558.0,2019-05-27T20:00:00+00:00,1284.91,1270.5807142857143,1313.5685714285717,2.0,1283.4895833333333,0.797142857142863,Cup and handle rounded base with shallow handle,rule_candidate,pending
cup_and_handle__2019-05-28__0022581,cup_and_handle,0,no_pattern,neutral,0.0,,cup_and_handle/images/no_pattern/2019/05/cup_and_handle__2019-05-28__0022581.png,,2019-05-28,22382,22581,2019-05-16T05:00:00+00:00,2019-05-28T23:00:00+00:00,,,,,,,,,,,,,No rule-based candidate at this daily endpoint,rule_candidate,pending
cup_and_handle__2019-05-29__0022604,cup_and_handle,0,no_pattern,neutral,0.0,,cup_and_handle/images/no_pattern/2019/05/cup_and_handle__2019-05-29__0022604.png,,2019-05-29,22405,22604,2019-05-17T05:00:00+00:00,2019-05-29T23:00:00+00:00,,,,,,,,,,,,,No rule-based candidate at this daily endpoint,rule_candidate,pending
cup_and_handle__2019-05-30__0022627,cup_and_handle,0,no_pattern,neutral,0.0,,cup_and_handle/images/no_pattern/2019/05/cup_and_handle__2019-05-30__0022627.png,,2019-05-30,22428,22627,2019-05-20T05:00:00+00:00,2019-05-30T23:00:00+00:00,,,,,,,,,,,,,No rule-based candidate at this daily endpoint,rule_candidate,pending
cup_and_handle__2019-05-31__0022650,cup_and_handle,0,no_pattern,neutral,0.0,,cup_and_handle/images/no_pattern/2019/05/cup_and_handle__2019-05-31__0022650.png,,2019-05-31,22451,22650,2019-05-21T05:00:00+00:00,2019-05-31T23:00:00+00:00,,,,,,,,,,,,,No rule-based candidate at this daily endpoint,rule_candidate,pending
cup_and_handle__2019-06-03__0022673,cup_and_handle,0,no_pattern,neutral,0.0,,cup_and_handle/images/no_pattern/2019/06/cup_and_handle__2019-06-03__0022673.png,,2019-06-03,22474,22673,2019-05-22T05:00:00+00:00,2019-06-03T23:00:00+00:00,,,,,,,,,,,,,No rule-based candidate at this daily endpoint,rule_candidate,pending
cup_and_handle__2019-06-04__0022696,cup_and_handle,0,no_pattern,neutral,0.0,,cup_and_handle/images/no_pattern/2019/06/cup_and_handle__2019-06-04__0022696.png,,2019-06-04,22497,22696,2019-05-23T05:00:00+00:00,2019-06-04T23:00:00+00:00,,,,,,,,,,,,,No rule-based candidate at this daily endpoint,rule_candidate,pending
cup_and_handle__2019-06-05__0022719,cup_and_handle,0,no_pattern,neutral,0.0,,cup_and_handle/images/no_pattern/2019/06/cup_and_handle__2019-06-05__0022719.png,,2019-06-05,22520,22719,2019-05-24T05:00:00+00:00,2019-06-05T23:00:00+00:00,,,,,,,,,,,,,No rule-based candidate at this daily endpoint,rule_candidate,pending
cup_and_handle__2019-06-06__0022742,cup_and_handle,0,no_pattern,neutral,0.0,,cup_and_handle/images/no_pattern/2019/06/cup_and_handle__2019-06-06__0022742.png,,2019-06-06,22543,22742,2019-05-27T05:00:00+00:00,2019-06-06T23:00:00+00:00,,,,,,,,,,,,,No rule-based candidate at this daily endpoint,rule_candidate,pending
cup_and_handle__2019-06-07__0022765,cup_and_handle,0,no_pattern,neutral,0.0,,cup_and_handle/images/no_pattern/2019/06/cup_and_handle__2019-06-07__0022765.png,,2019-06-07,22566,22765,2019-05-28T08:00:00+00:00,2019-06-07T23:00:00+00:00,,,,,,,,,,,,,No rule-based candidate at this daily endpoint,rule_candidate,pending
cup_and_handle__2019-06-10__0022788,cup_and_handle,0,no_pattern,neutral,0.0,,cup_and_handle/images/no_pattern/2019/06/cup_and_handle__2019-06-10__0022788.png,,2019-06-10,22589,22788,2019-05-29T08:00:00+00:00,2019-06-10T23:00:00+00:00,,,,,,,,,,,,,No rule-based candidate at this daily endpoint,rule_candidate,pending
cup_and_handle__2019-06-11__0022811,cup_and_handle,0,no_pattern,neutral,0.0,,cup_and_handle/images/no_pattern/2019/06/cup_and_handle__2019-06-11__0022811.png,,2019-06-11,22612,22811,2019-05-30T08:00:00+00:00,2019-06-11T23:00:00+00:00,,,,,,,,,,,,,No rule-based candidate at this daily endpoint,rule_candidate,pending
cup_and_handle__2019-06-12__0022834,cup_and_handle,1,forming,bullish,0.54,48.0,cup_and_handle/images/forming/2019/06/cup_and_handle__2019-06-12__0022834.png,,2019-06-12,22635,22834,2019-05-31T08:00:00+00:00,2019-06-12T23:00:00+00:00,22787.0,22834.0,2019-06-10T22:00:00+00:00,2019-06-12T23:00:00+00:00,,,1334.49,1319.7608928571428,1363.9482142857144,2.0,1334.49,2.396428571428536,Cup and handle rounded base with shallow handle,rule_candidate,pending
cup_and_handle__2019-06-13__0022857,cup_and_handle,1,confirmed,bullish,0.66,100.0,cup_and_handle/images/confirmed/2019/06/cup_and_handle__2019-06-13__0022857.png,,2019-06-13,22658,22857,2019-06-03T08:00:00+00:00,2019-06-13T23:00:00+00:00,22758.0,22857.0,2019-06-07T16:00:00+00:00,2019-06-13T23:00:00+00:00,22857.0,2019-06-13T23:00:00+00:00,1341.83,1319.774642857143,1385.9407142857144,2.0,1336.9466666666665,2.3414285714285694,Cup and handle rounded base with shallow handle,rule_candidate,pending
cup_and_handle__2019-06-14__0022880,cup_and_handle,0,no_pattern,neutral,0.0,,cup_and_handle/images/no_pattern/2019/06/cup_and_handle__2019-06-14__0022880.png,,2019-06-14,22681,22880,2019-06-04T08:00:00+00:00,2019-06-14T23:00:00+00:00,,,,,,,,,,,,,No rule-based candidate at this daily endpoint,rule_candidate,pending
cup_and_handle__2019-06-17__0022903,cup_and_handle,0,no_pattern,neutral,0.0,,cup_and_handle/images/no_pattern/2019/06/cup_and_handle__2019-06-17__0022903.png,,2019-06-17,22704,22903,2019-06-05T08:00:00+00:00,2019-06-17T23:00:00+00:00,,,,,,,,,,,,,No rule-based candidate at this daily endpoint,rule_candidate,pending
cup_and_handle__2019-06-18__0022926,cup_and_handle,0,no_pattern,neutral,0.0,,cup_and_handle/images/no_pattern/2019/06/cup_and_handle__2019-06-18__0022926.png,,2019-06-18,22727,22926,2019-06-06T08:00:00+00:00,2019-06-18T23:00:00+00:00,,,,,,,,,,,,,No rule-based candidate at this daily endpoint,rule_candidate,pending
cup_and_handle__2019-06-19__0022949,cup_and_handle,0,no_pattern,neutral,0.0,,cup_and_handle/images/no_pattern/2019/06/cup_and_handle__2019-06-19__0022949.png,,2019-06-19,22750,22949,2019-06-07T08:00:00+00:00,2019-06-19T23:00:00+00:00,,,,,,,,,,,,,No rule-based candidate at this daily endpoint,rule_candidate,pending
cup_and_handle__2019-06-20__0022972,cup_and_handle,0,no_pattern,neutral,0.0,,cup_and_handle/images/no_pattern/2019/06/cup_and_handle__2019-06-20__0022972.png,,2019-06-20,22773,22972,2019-06-10T08:00:00+00:00,2019-06-20T23:00:00+00:00,,,,,,,,,,,,,No rule-based candidate at this daily endpoint,rule_candidate,pending
cup_and_handle__2019-06-21__0022995,cup_and_handle,0,no_pattern,neutral,0.0,,cup_and_handle/images/no_pattern/2019/06/cup_and_handle__2019-06-21__0022995.png,,2019-06-21,22796,22995,2019-06-11T08:00:00+00:00,2019-06-21T23:00:00+00:00,,,,,,,,,,,,,No rule-based candidate at this daily endpoint,rule_candidate,pending
cup_and_handle__2019-06-24__0023018,cup_and_handle,0,no_pattern,neutral,0.0,,cup_and_handle/images/no_pattern/2019/06/cup_and_handle__2019-06-24__0023018.png,,2019-06-24,22819,23018,2019-06-12T08:00:00+00:00,2019-06-24T23:00:00+00:00,,,,,,,,,,,,,No rule-based candidate at this daily endpoint,rule_candidate,pending
cup_and_handle__2019-06-25__0023041,cup_and_handle,0,no_pattern,neutral,0.0,,cup_and_handle/images/no_pattern/2019/06/cup_and_handle__2019-06-25__0023041.png,,2019-06-25,22842,23041,2019-06-13T08:00:00+00:00,2019-06-25T23:00:00+00:00,,,,,,,,,,,,,No rule-based candidate at this daily endpoint,rule_candidate,pending
cup_and_handle__2019-06-26__0023064,cup_and_handle,0,no_pattern,neutral,0.0,,cup_and_handle/images/no_pattern/2019/06/cup_and_handle__2019-06-26__0023064.png,,2019-06-26,22865,23064,2019-06-14T08:00:00+00:00,2019-06-26T23:00:00+00:00,,,,,,,,,,,,,No rule-based candidate at this daily endpoint,rule_candidate,pending
cup_and_handle__2019-06-27__0023087,cup_and_handle,0,no_pattern,neutral,0.0,,cup_and_handle/images/no_pattern/2019/06/cup_and_handle__2019-06-27__0023087.png,,2019-06-27,22888,23087,2019-06-17T08:00:00+00:00,2019-06-27T23:00:00+00:00,,,,,,,,,,,,,No rule-based candidate at this daily endpoint,rule_candidate,pending
cup_and_handle__2019-06-28__0023110,cup_and_handle,0,no_pattern,neutral,0.0,,cup_and_handle/images/no_pattern/2019/06/cup_and_handle__2019-06-28__0023110.png,,2019-06-28,22911,23110,2019-06-18T08:00:00+00:00,2019-06-28T23:00:00+00:00,,,,,,,,,,,,,No rule-based candidate at this daily endpoint,rule_candidate,pending
cup_and_handle__2019-07-01__0023133,cup_and_handle,0,no_pattern,neutral,0.0,,cup_and_handle/images/no_pattern/2019/07/cup_and_handle__2019-07-01__0023133.png,,2019-07-01,22934,23133,2019-06-19T08:00:00+00:00,2019-07-01T23:00:00+00:00,,,,,,,,,,,,,No rule-based candidate at this daily endpoint,rule_candidate,pending
cup_and_handle__2019-07-02__0023156,cup_and_handle,0,no_pattern,neutral,0.0,,cup_and_handle/images/no_pattern/2019/07/cup_and_handle__2019-07-02__0023156.png,,2019-07-02,22957,23156,2019-06-20T08:00:00+00:00,2019-07-02T23:00:00+00:00,,,,,,,,,,,,,No rule-based candidate at this daily endpoint,rule_candidate,pending
cup_and_handle__2019-07-03__0023179,cup_and_handle,0,no_pattern,neutral,0.0,,cup_and_handle/images/no_pattern/2019/07/cup_and_handle__2019-07-03__0023179.png,,2019-07-03,22980,23179,2019-06-21T08:00:00+00:00,2019-07-03T23:00:00+00:00,,,,,,,,,,,,,No rule-based candidate at this daily endpoint,rule_candidate,pending
cup_and_handle__2019-07-04__0023198,cup_and_handle,1,forming,bullish,0.54,120.0,cup_and_handle/images/forming/2019/07/cup_and_handle__2019-07-04__0023198.png,,2019-07-04,22999,23198,2019-06-24T04:00:00+00:00,2019-07-04T19:00:00+00:00,23079.0,23198.0,2019-06-27T15:00:00+00:00,2019-07-04T19:00:00+00:00,,,1420.7399999999998,1382.0680357142858,1498.0839285714278,2.0,1420.7399999999998,2.807857142857123,Cup and handle rounded base with shallow handle,rule_candidate,pending
cup_and_handle__2019-07-05__0023221,cup_and_handle,0,no_pattern,neutral,0.0,,cup_and_handle/images/no_pattern/2019/07/cup_and_handle__2019-07-05__0023221.png,,2019-07-05,23022,23221,2019-06-25T04:00:00+00:00,2019-07-05T23:00:00+00:00,,,,,,,,,,,,,No rule-based candidate at this daily endpoint,rule_candidate,pending
cup_and_handle__2019-07-08__0023244,cup_and_handle,0,no_pattern,neutral,0.0,,cup_and_handle/images/no_pattern/2019/07/cup_and_handle__2019-07-08__0023244.png,,2019-07-08,23045,23244,2019-06-26T04:00:00+00:00,2019-07-08T23:00:00+00:00,,,,,,,,,,,,,No rule-based candidate at this daily endpoint,rule_candidate,pending
cup_and_handle__2019-07-09__0023267,cup_and_handle,0,no_pattern,neutral,0.0,,cup_and_handle/images/no_pattern/2019/07/cup_and_handle__2019-07-09__0023267.png,,2019-07-09,23068,23267,2019-06-27T04:00:00+00:00,2019-07-09T23:00:00+00:00,,,,,,,,,,,,,No rule-based candidate at this daily endpoint,rule_candidate,pending
cup_and_handle__2019-07-10__0023290,cup_and_handle,0,no_pattern,neutral,0.0,,cup_and_handle/images/no_pattern/2019/07/cup_and_handle__2019-07-10__0023290.png,,2019-07-10,23091,23290,2019-06-28T04:00:00+00:00,2019-07-10T23:00:00+00:00,,,,,,,,,,,,,No rule-based candidate at this daily endpoint,rule_candidate,pending
cup_and_handle__2019-07-11__0023313,cup_and_handle,0,no_pattern,neutral,0.0,,cup_and_handle/images/no_pattern/2019/07/cup_and_handle__2019-07-11__0023313.png,,2019-07-11,23114,23313,2019-07-01T04:00:00+00:00,2019-07-11T23:00:00+00:00,,,,,,,,,,,,,No rule-based candidate at this daily endpoint,rule_candidate,pending
cup_and_handle__2019-07-12__0023336,cup_and_handle,0,no_pattern,neutral,0.0,,cup_and_handle/images/no_pattern/2019/07/cup_and_handle__2019-07-12__0023336.png,,2019-07-12,23137,23336,2019-07-02T04:00:00+00:00,2019-07-12T23:00:00+00:00,,,,,,,,,,,,,No rule-based candidate at this daily endpoint,rule_candidate,pending
cup_and_handle__2019-07-15__0023359,cup_and_handle,1,confirmed,bullish,0.66,160.0,cup_and_handle/images/confirmed/2019/07/cup_and_handle__2019-07-15__0023359.png,,2019-07-15,23160,23359,2019-07-03T04:00:00+00:00,2019-07-15T23:00:00+00:00,23200.0,23359.0,2019-07-05T02:00:00+00:00,2019-07-15T23:00:00+00:00,23359.0,2019-07-15T23:00:00+00:00,1413.63,1386.6839285714286,1467.522142857143,2.0,1413.55,3.024285714285708,Cup and handle rounded base with shallow handle,rule_candidate,pending
cup_and_handle__2019-07-16__0023382,cup_and_handle,0,no_pattern,neutral,0.0,,cup_and_handle/images/no_pattern/2019/07/cup_and_handle__2019-07-16__0023382.png,,2019-07-16,23183,23382,2019-07-04T04:00:00+00:00,2019-07-16T23:00:00+00:00,,,,,,,,,,,,,No rule-based candidate at this daily endpoint,rule_candidate,pending
cup_and_handle__2019-07-17__0023405,cup_and_handle,0,no_pattern,neutral,0.0,,cup_and_handle/images/no_pattern/2019/07/cup_and_handle__2019-07-17__0023405.png,,2019-07-17,23206,23405,2019-07-05T08:00:00+00:00,2019-07-17T23:00:00+00:00,,,,,,,,,,,,,No rule-based candidate at this daily endpoint,rule_candidate,pending
cup_and_handle__2019-07-18__0023428,cup_and_handle,0,no_pattern,neutral,0.0,,cup_and_handle/images/no_pattern/2019/07/cup_and_handle__2019-07-18__0023428.png,,2019-07-18,23229,23428,2019-07-08T08:00:00+00:00,2019-07-18T23:00:00+00:00,,,,,,,,,,,,,No rule-based candidate at this daily endpoint,rule_candidate,pending
cup_and_handle__2019-07-19__0023451,cup_and_handle,0,no_pattern,neutral,0.0,,cup_and_handle/images/no_pattern/2019/07/cup_and_handle__2019-07-19__0023451.png,,2019-07-19,23252,23451,2019-07-09T08:00:00+00:00,2019-07-19T23:00:00+00:00,,,,,,,,,,,,,No rule-based candidate at this daily endpoint,rule_candidate,pending
cup_and_handle__2019-07-22__0023474,cup_and_handle,0,no_pattern,neutral,0.0,,cup_and_handle/images/no_pattern/2019/07/cup_and_handle__2019-07-22__0023474.png,,2019-07-22,23275,23474,2019-07-10T08:00:00+00:00,2019-07-22T23:00:00+00:00,,,,,,,,,,,,,No rule-based candidate at this daily endpoint,rule_candidate,pending
cup_and_handle__2019-07-23__0023497,cup_and_handle,0,no_pattern,neutral,0.0,,cup_and_handle/images/no_pattern/2019/07/cup_and_handle__2019-07-23__0023497.png,,2019-07-23,23298,23497,2019-07-11T08:00:00+00:00,2019-07-23T23:00:00+00:00,,,,,,,,,,,,,No rule-based candidate at this daily endpoint,rule_candidate,pending
cup_and_handle__2019-07-24__0023520,cup_and_handle,0,no_pattern,neutral,0.0,,cup_and_handle/images/no_pattern/2019/07/cup_and_handle__2019-07-24__0023520.png,,2019-07-24,23321,23520,2019-07-12T08:00:00+00:00,2019-07-24T23:00:00+00:00,,,,,,,,,,,,,No rule-based candidate at this daily endpoint,rule_candidate,pending
cup_and_handle__2019-07-25__0023543,cup_and_handle,0,no_pattern,neutral,0.0,,cup_and_handle/images/no_pattern/2019/07/cup_and_handle__2019-07-25__0023543.png,,2019-07-25,23344,23543,2019-07-15T08:00:00+00:00,2019-07-25T23:00:00+00:00,,,,,,,,,,,,,No rule-based candidate at this daily endpoint,rule_candidate,pending
cup_and_handle__2019-07-26__0023566,cup_and_handle,0,no_pattern,neutral,0.0,,cup_and_handle/images/no_pattern/2019/07/cup_and_handle__2019-07-26__0023566.png,,2019-07-26,23367,23566,2019-07-16T08:00:00+00:00,2019-07-26T23:00:00+00:00,,,,,,,,,,,,,No rule-based candidate at this daily endpoint,rule_candidate,pending
cup_and_handle__2019-07-29__0023589,cup_and_handle,0,no_pattern,neutral,0.0,,cup_and_handle/images/no_pattern/2019/07/cup_and_handle__2019-07-29__0023589.png,,2019-07-29,23390,23589,2019-07-17T08:00:00+00:00,2019-07-29T23:00:00+00:00,,,,,,,,,,,,,No rule-based candidate at this daily endpoint,rule_candidate,pending
cup_and_handle__2019-07-30__0023612,cup_and_handle,0,no_pattern,neutral,0.0,,cup_and_handle/images/no_pattern/2019/07/cup_and_handle__2019-07-30__0023612.png,,2019-07-30,23413,23612,2019-07-18T08:00:00+00:00,2019-07-30T23:00:00+00:00,,,,,,,,,,,,,No rule-based candidate at this daily endpoint,rule_candidate,pending
cup_and_handle__2019-07-31__0023635,cup_and_handle,0,no_pattern,neutral,0.0,,cup_and_handle/images/no_pattern/2019/07/cup_and_handle__2019-07-31__0023635.png,,2019-07-31,23436,23635,2019-07-19T08:00:00+00:00,2019-07-31T23:00:00+00:00,,,,,,,,,,,,,No rule-based candidate at this daily endpoint,rule_candidate,pending
cup_and_handle__2019-08-01__0023658,cup_and_handle,0,no_pattern,neutral,0.0,,cup_and_handle/images/no_pattern/2019/08/cup_and_handle__2019-08-01__0023658.png,,2019-08-01,23459,23658,2019-07-22T08:00:00+00:00,2019-08-01T23:00:00+00:00,,,,,,,,,,,,,No rule-based candidate at this daily endpoint,rule_candidate,pending
cup_and_handle__2019-08-02__0023681,cup_and_handle,0,no_pattern,neutral,0.0,,cup_and_handle/images/no_pattern/2019/08/cup_and_handle__2019-08-02__0023681.png,,2019-08-02,23482,23681,2019-07-23T08:00:00+00:00,2019-08-02T23:00:00+00:00,,,,,,,,,,,,,No rule-based candidate at this daily endpoint,rule_candidate,pending
cup_and_handle__2019-08-05__0023704,cup_and_handle,0,no_pattern,neutral,0.0,,cup_and_handle/images/no_pattern/2019/08/cup_and_handle__2019-08-05__0023704.png,,2019-08-05,23505,23704,2019-07-24T08:00:00+00:00,2019-08-05T23:00:00+00:00,,,,,,,,,,,,,No rule-based candidate at this daily endpoint,rule_candidate,pending
cup_and_handle__2019-08-06__0023727,cup_and_handle,0,no_pattern,neutral,0.0,,cup_and_handle/images/no_pattern/2019/08/cup_and_handle__2019-08-06__0023727.png,,2019-08-06,23528,23727,2019-07-25T08:00:00+00:00,2019-08-06T23:00:00+00:00,,,,,,,,,,,,,No rule-based candidate at this daily endpoint,rule_candidate,pending
cup_and_handle__2019-08-07__0023750,cup_and_handle,0,no_pattern,neutral,0.0,,cup_and_handle/images/no_pattern/2019/08/cup_and_handle__2019-08-07__0023750.png,,2019-08-07,23551,23750,2019-07-26T08:00:00+00:00,2019-08-07T23:00:00+00:00,,,,,,,,,,,,,No rule-based candidate at this daily endpoint,rule_candidate,pending
cup_and_handle__2019-08-08__0023773,cup_and_handle,0,no_pattern,neutral,0.0,,cup_and_handle/images/no_pattern/2019/08/cup_and_handle__2019-08-08__0023773.png,,2019-08-08,23574,23773,2019-07-29T08:00:00+00:00,2019-08-08T23:00:00+00:00,,,,,,,,,,,,,No rule-based candidate at this daily endpoint,rule_candidate,pending
cup_and_handle__2019-08-09__0023796,cup_and_handle,0,no_pattern,neutral,0.0,,cup_and_handle/images/no_pattern/2019/08/cup_and_handle__2019-08-09__0023796.png,,2019-08-09,23597,23796,2019-07-30T08:00:00+00:00,2019-08-09T23:00:00+00:00,,,,,,,,,,,,,No rule-based candidate at this daily endpoint,rule_candidate,pending
cup_and_handle__2019-08-12__0023819,cup_and_handle,0,no_pattern,neutral,0.0,,cup_and_handle/images/no_pattern/2019/08/cup_and_handle__2019-08-12__0023819.png,,2019-08-12,23620,23819,2019-07-31T08:00:00+00:00,2019-08-12T23:00:00+00:00,,,,,,,,,,,,,No rule-based candidate at this daily endpoint,rule_candidate,pending
cup_and_handle__2019-08-13__0023842,cup_and_handle,0,no_pattern,neutral,0.0,,cup_and_handle/images/no_pattern/2019/08/cup_and_handle__2019-08-13__0023842.png,,2019-08-13,23643,23842,2019-08-01T08:00:00+00:00,2019-08-13T23:00:00+00:00,,,,,,,,,,,,,No rule-based candidate at this daily endpoint,rule_candidate,pending
cup_and_handle__2019-08-14__0023865,cup_and_handle,0,no_pattern,neutral,0.0,,cup_and_handle/images/no_pattern/2019/08/cup_and_handle__2019-08-14__0023865.png,,2019-08-14,23666,23865,2019-08-02T08:00:00+00:00,2019-08-14T23:00:00+00:00,,,,,,,,,,,,,No rule-based candidate at this daily endpoint,rule_candidate,pending
cup_and_handle__2019-08-15__0023888,cup_and_handle,1,forming,bullish,0.54,64.0,cup_and_handle/images/forming/2019/08/cup_and_handle__2019-08-15__0023888.png,,2019-08-15,23689,23888,2019-08-05T08:00:00+00:00,2019-08-15T23:00:00+00:00,23825.0,23888.0,2019-08-13T06:00:00+00:00,2019-08-15T23:00:00+00:00,,,1523.15,1484.6107142857145,1600.228571428571,2.0,1523.15,5.877142857142904,Cup and handle rounded base with shallow handle,rule_candidate,pending
cup_and_handle__2019-08-16__0023911,cup_and_handle,0,no_pattern,neutral,0.0,,cup_and_handle/images/no_pattern/2019/08/cup_and_handle__2019-08-16__0023911.png,,2019-08-16,23712,23911,2019-08-06T08:00:00+00:00,2019-08-16T23:00:00+00:00,,,,,,,,,,,,,No rule-based candidate at this daily endpoint,rule_candidate,pending
cup_and_handle__2019-08-19__0023934,cup_and_handle,0,no_pattern,neutral,0.0,,cup_and_handle/images/no_pattern/2019/08/cup_and_handle__2019-08-19__0023934.png,,2019-08-19,23735,23934,2019-08-07T08:00:00+00:00,2019-08-19T23:00:00+00:00,,,,,,,,,,,,,No rule-based candidate at this daily endpoint,rule_candidate,pending
cup_and_handle__2019-08-20__0023957,cup_and_handle,0,no_pattern,neutral,0.0,,cup_and_handle/images/no_pattern/2019/08/cup_and_handle__2019-08-20__0023957.png,,2019-08-20,23758,23957,2019-08-08T08:00:00+00:00,2019-08-20T23:00:00+00:00,,,,,,,,,,,,,No rule-based candidate at this daily endpoint,rule_candidate,pending
cup_and_handle__2019-08-21__0023980,cup_and_handle,0,no_pattern,neutral,0.0,,cup_and_handle/images/no_pattern/2019/08/cup_and_handle__2019-08-21__0023980.png,,2019-08-21,23781,23980,2019-08-09T08:00:00+00:00,2019-08-21T23:00:00+00:00,,,,,,,,,,,,,No rule-based candidate at this daily endpoint,rule_candidate,pending
cup_and_handle__2019-08-22__0024003,cup_and_handle,0,no_pattern,neutral,0.0,,cup_and_handle/images/no_pattern/2019/08/cup_and_handle__2019-08-22__0024003.png,,2019-08-22,23804,24003,2019-08-12T08:00:00+00:00,2019-08-22T23:00:00+00:00,,,,,,,,,,,,,No rule-based candidate at this daily endpoint,rule_candidate,pending
cup_and_handle__2019-08-23__0024026,cup_and_handle,0,no_pattern,neutral,0.0,,cup_and_handle/images/no_pattern/2019/08/cup_and_handle__2019-08-23__0024026.png,,2019-08-23,23827,24026,2019-08-13T08:00:00+00:00,2019-08-23T23:00:00+00:00,,,,,,,,,,,,,No rule-based candidate at this daily endpoint,rule_candidate,pending
cup_and_handle__2019-08-26__0024049,cup_and_handle,0,no_pattern,neutral,0.0,,cup_and_handle/images/no_pattern/2019/08/cup_and_handle__2019-08-26__0024049.png,,2019-08-26,23850,24049,2019-08-14T08:00:00+00:00,2019-08-26T23:00:00+00:00,,,,,,,,,,,,,No rule-based candidate at this daily endpoint,rule_candidate,pending
cup_and_handle__2019-08-27__0024072,cup_and_handle,0,no_pattern,neutral,0.0,,cup_and_handle/images/no_pattern/2019/08/cup_and_handle__2019-08-27__0024072.png,,2019-08-27,23873,24072,2019-08-15T08:00:00+00:00,2019-08-27T23:00:00+00:00,,,,,,,,,,,,,No rule-based candidate at this daily endpoint,rule_candidate,pending
cup_and_handle__2019-08-28__0024095,cup_and_handle,0,no_pattern,neutral,0.0,,cup_and_handle/images/no_pattern/2019/08/cup_and_handle__2019-08-28__0024095.png,,2019-08-28,23896,24095,2019-08-16T08:00:00+00:00,2019-08-28T23:00:00+00:00,,,,,,,,,,,,,No rule-based candidate at this daily endpoint,rule_candidate,pending
cup_and_handle__2019-08-29__0024118,cup_and_handle,0,no_pattern,neutral,0.0,,cup_and_handle/images/no_pattern/2019/08/cup_and_handle__2019-08-29__0024118.png,,2019-08-29,23919,24118,2019-08-19T08:00:00+00:00,2019-08-29T23:00:00+00:00,,,,,,,,,,,,,No rule-based candidate at this daily endpoint,rule_candidate,pending
cup_and_handle__2019-08-30__0024141,cup_and_handle,0,no_pattern,neutral,0.0,,cup_and_handle/images/no_pattern/2019/08/cup_and_handle__2019-08-30__0024141.png,,2019-08-30,23942,24141,2019-08-20T08:00:00+00:00,2019-08-30T23:00:00+00:00,,,,,,,,,,,,,No rule-based candidate at this daily endpoint,rule_candidate,pending
cup_and_handle__2019-09-02__0024160,cup_and_handle,0,no_pattern,neutral,0.0,,cup_and_handle/images/no_pattern/2019/09/cup_and_handle__2019-09-02__0024160.png,,2019-09-02,23961,24160,2019-08-21T04:00:00+00:00,2019-09-02T19:00:00+00:00,,,,,,,,,,,,,No rule-based candidate at this daily endpoint,rule_candidate,pending
cup_and_handle__2019-09-03__0024183,cup_and_handle,0,no_pattern,neutral,0.0,,cup_and_handle/images/no_pattern/2019/09/cup_and_handle__2019-09-03__0024183.png,,2019-09-03,23984,24183,2019-08-22T04:00:00+00:00,2019-09-03T23:00:00+00:00,,,,,,,,,,,,,No rule-based candidate at this daily endpoint,rule_candidate,pending
cup_and_handle__2019-09-04__0024206,cup_and_handle,0,no_pattern,neutral,0.0,,cup_and_handle/images/no_pattern/2019/09/cup_and_handle__2019-09-04__0024206.png,,2019-09-04,24007,24206,2019-08-23T04:00:00+00:00,2019-09-04T23:00:00+00:00,,,,,,,,,,,,,No rule-based candidate at this daily endpoint,rule_candidate,pending
cup_and_handle__2019-09-05__0024229,cup_and_handle,0,no_pattern,neutral,0.0,,cup_and_handle/images/no_pattern/2019/09/cup_and_handle__2019-09-05__0024229.png,,2019-09-05,24030,24229,2019-08-26T04:00:00+00:00,2019-09-05T23:00:00+00:00,,,,,,,,,,,,,No rule-based candidate at this daily endpoint,rule_candidate,pending
cup_and_handle__2019-09-06__0024252,cup_and_handle,0,no_pattern,neutral,0.0,,cup_and_handle/images/no_pattern/2019/09/cup_and_handle__2019-09-06__0024252.png,,2019-09-06,24053,24252,2019-08-27T04:00:00+00:00,2019-09-06T23:00:00+00:00,,,,,,,,,,,,,No rule-based candidate at this daily endpoint,rule_candidate,pending
cup_and_handle__2019-09-09__0024275,cup_and_handle,0,no_pattern,neutral,0.0,,cup_and_handle/images/no_pattern/2019/09/cup_and_handle__2019-09-09__0024275.png,,2019-09-09,24076,24275,2019-08-28T04:00:00+00:00,2019-09-09T23:00:00+00:00,,,,,,,,,,,,,No rule-based candidate at this daily endpoint,rule_candidate,pending
cup_and_handle__2019-09-10__0024298,cup_and_handle,0,no_pattern,neutral,0.0,,cup_and_handle/images/no_pattern/2019/09/cup_and_handle__2019-09-10__0024298.png,,2019-09-10,24099,24298,2019-08-29T04:00:00+00:00,2019-09-10T23:00:00+00:00,,,,,,,,,,,,,No rule-based candidate at this daily endpoint,rule_candidate,pending
cup_and_handle__2019-09-11__0024321,cup_and_handle,0,no_pattern,neutral,0.0,,cup_and_handle/images/no_pattern/2019/09/cup_and_handle__2019-09-11__0024321.png,,2019-09-11,24122,24321,2019-08-30T04:00:00+00:00,2019-09-11T23:00:00+00:00,,,,,,,,,,,,,No rule-based candidate at this daily endpoint,rule_candidate,pending
cup_and_handle__2019-09-12__0024344,cup_and_handle,0,no_pattern,neutral,0.0,,cup_and_handle/images/no_pattern/2019/09/cup_and_handle__2019-09-12__0024344.png,,2019-09-12,24145,24344,2019-09-02T04:00:00+00:00,2019-09-12T23:00:00+00:00,,,,,,,,,,,,,No rule-based candidate at this daily endpoint,rule_candidate,pending
cup_and_handle__2019-09-13__0024367,cup_and_handle,0,no_pattern,neutral,0.0,,cup_and_handle/images/no_pattern/2019/09/cup_and_handle__2019-09-13__0024367.png,,2019-09-13,24168,24367,2019-09-03T08:00:00+00:00,2019-09-13T23:00:00+00:00,,,,,,,,,,,,,No rule-based candidate at this daily endpoint,rule_candidate,pending
cup_and_handle__2019-09-16__0024390,cup_and_handle,0,no_pattern,neutral,0.0,,cup_and_handle/images/no_pattern/2019/09/cup_and_handle__2019-09-16__0024390.png,,2019-09-16,24191,24390,2019-09-04T08:00:00+00:00,2019-09-16T23:00:00+00:00,,,,,,,,,,,,,No rule-based candidate at this daily endpoint,rule_candidate,pending
cup_and_handle__2019-09-17__0024413,cup_and_handle,0,no_pattern,neutral,0.0,,cup_and_handle/images/no_pattern/2019/09/cup_and_handle__2019-09-17__0024413.png,,2019-09-17,24214,24413,2019-09-05T08:00:00+00:00,2019-09-17T23:00:00+00:00,,,,,,,,,,,,,No rule-based candidate at this daily endpoint,rule_candidate,pending
cup_and_handle__2019-09-18__0024436,cup_and_handle,0,no_pattern,neutral,0.0,,cup_and_handle/images/no_pattern/2019/09/cup_and_handle__2019-09-18__0024436.png,,2019-09-18,24237,24436,2019-09-06T08:00:00+00:00,2019-09-18T23:00:00+00:00,,,,,,,,,,,,,No rule-based candidate at this daily endpoint,rule_candidate,pending
cup_and_handle__2019-09-19__0024459,cup_and_handle,0,no_pattern,neutral,0.0,,cup_and_handle/images/no_pattern/2019/09/cup_and_handle__2019-09-19__0024459.png,,2019-09-19,24260,24459,2019-09-09T08:00:00+00:00,2019-09-19T23:00:00+00:00,,,,,,,,,,,,,No rule-based candidate at this daily endpoint,rule_candidate,pending
cup_and_handle__2019-09-20__0024482,cup_and_handle,0,no_pattern,neutral,0.0,,cup_and_handle/images/no_pattern/2019/09/cup_and_handle__2019-09-20__0024482.png,,2019-09-20,24283,24482,2019-09-10T08:00:00+00:00,2019-09-20T23:00:00+00:00,,,,,,,,,,,,,No rule-based candidate at this daily endpoint,rule_candidate,pending
cup_and_handle__2019-09-23__0024505,cup_and_handle,0,no_pattern,neutral,0.0,,cup_and_handle/images/no_pattern/2019/09/cup_and_handle__2019-09-23__0024505.png,,2019-09-23,24306,24505,2019-09-11T08:00:00+00:00,2019-09-23T23:00:00+00:00,,,,,,,,,,,,,No rule-based candidate at this daily endpoint,rule_candidate,pending
cup_and_handle__2019-09-24__0024528,cup_and_handle,0,no_pattern,neutral,0.0,,cup_and_handle/images/no_pattern/2019/09/cup_and_handle__2019-09-24__0024528.png,,2019-09-24,24329,24528,2019-09-12T08:00:00+00:00,2019-09-24T23:00:00+00:00,,,,,,,,,,,,,No rule-based candidate at this daily endpoint,rule_candidate,pending
cup_and_handle__2019-09-25__0024551,cup_and_handle,0,no_pattern,neutral,0.0,,cup_and_handle/images/no_pattern/2019/09/cup_and_handle__2019-09-25__0024551.png,,2019-09-25,24352,24551,2019-09-13T08:00:00+00:00,2019-09-25T23:00:00+00:00,,,,,,,,,,,,,No rule-based candidate at this daily endpoint,rule_candidate,pending
cup_and_handle__2019-09-26__0024574,cup_and_handle,0,no_pattern,neutral,0.0,,cup_and_handle/images/no_pattern/2019/09/cup_and_handle__2019-09-26__0024574.png,,2019-09-26,24375,24574,2019-09-16T08:00:00+00:00,2019-09-26T23:00:00+00:00,,,,,,,,,,,,,No rule-based candidate at this daily endpoint,rule_candidate,pending
cup_and_handle__2019-09-27__0024597,cup_and_handle,0,no_pattern,neutral,0.0,,cup_and_handle/images/no_pattern/2019/09/cup_and_handle__2019-09-27__0024597.png,,2019-09-27,24398,24597,2019-09-17T08:00:00+00:00,2019-09-27T23:00:00+00:00,,,,,,,,,,,,,No rule-based candidate at this daily endpoint,rule_candidate,pending
cup_and_handle__2019-09-30__0024620,cup_and_handle,0,no_pattern,neutral,0.0,,cup_and_handle/images/no_pattern/2019/09/cup_and_handle__2019-09-30__0024620.png,,2019-09-30,24421,24620,2019-09-18T08:00:00+00:00,2019-09-30T23:00:00+00:00,,,,,,,,,,,,,No rule-based candidate at this daily endpoint,rule_candidate,pending
cup_and_handle__2019-10-01__0024643,cup_and_handle,0,no_pattern,neutral,0.0,,cup_and_handle/images/no_pattern/2019/10/cup_and_handle__2019-10-01__0024643.png,,2019-10-01,24444,24643,2019-09-19T08:00:00+00:00,2019-10-01T23:00:00+00:00,,,,,,,,,,,,,No rule-based candidate at this daily endpoint,rule_candidate,pending
cup_and_handle__2019-10-02__0024666,cup_and_handle,0,no_pattern,neutral,0.0,,cup_and_handle/images/no_pattern/2019/10/cup_and_handle__2019-10-02__0024666.png,,2019-10-02,24467,24666,2019-09-20T08:00:00+00:00,2019-10-02T23:00:00+00:00,,,,,,,,,,,,,No rule-based candidate at this daily endpoint,rule_candidate,pending
cup_and_handle__2019-10-03__0024689,cup_and_handle,0,no_pattern,neutral,0.0,,cup_and_handle/images/no_pattern/2019/10/cup_and_handle__2019-10-03__0024689.png,,2019-10-03,24490,24689,2019-09-23T08:00:00+00:00,2019-10-03T23:00:00+00:00,,,,,,,,,,,,,No rule-based candidate at this daily endpoint,rule_candidate,pending
cup_and_handle__2019-10-04__0024712,cup_and_handle,0,no_pattern,neutral,0.0,,cup_and_handle/images/no_pattern/2019/10/cup_and_handle__2019-10-04__0024712.png,,2019-10-04,24513,24712,2019-09-24T08:00:00+00:00,2019-10-04T23:00:00+00:00,,,,,,,,,,,,,No rule-based candidate at this daily endpoint,rule_candidate,pending
cup_and_handle__2019-10-07__0024735,cup_and_handle,0,no_pattern,neutral,0.0,,cup_and_handle/images/no_pattern/2019/10/cup_and_handle__2019-10-07__0024735.png,,2019-10-07,24536,24735,2019-09-25T08:00:00+00:00,2019-10-07T23:00:00+00:00,,,,,,,,,,,,,No rule-based candidate at this daily endpoint,rule_candidate,pending
cup_and_handle__2019-10-08__0024758,cup_and_handle,1,forming,bullish,0.54,200.0,cup_and_handle/images/forming/2019/10/cup_and_handle__2019-10-08__0024758.png,,2019-10-08,24559,24758,2019-09-26T08:00:00+00:00,2019-10-08T23:00:00+00:00,24559.0,24758.0,2019-09-26T08:00:00+00:00,2019-10-08T23:00:00+00:00,,,1506.440666666667,1460.2692857142858,1598.7834285714296,2.0,1506.440666666667,4.522857142857122,Cup and handle rounded base with shallow handle,rule_candidate,pending
cup_and_handle__2019-10-09__0024781,cup_and_handle,1,confirmed,bullish,0.66,80.0,cup_and_handle/images/confirmed/2019/10/cup_and_handle__2019-10-09__0024781.png,,2019-10-09,24582,24781,2019-09-27T08:00:00+00:00,2019-10-09T23:00:00+00:00,24702.0,24781.0,2019-10-04T13:00:00+00:00,2019-10-09T23:00:00+00:00,24781.0,2019-10-09T23:00:00+00:00,1505.49,1488.0700000000002,1540.3299999999997,2.0,1504.8483333333334,4.319999999999969,Cup and handle rounded base with shallow handle,rule_candidate,pending
cup_and_handle__2019-10-10__0024804,cup_and_handle,0,no_pattern,neutral,0.0,,cup_and_handle/images/no_pattern/2019/10/cup_and_handle__2019-10-10__0024804.png,,2019-10-10,24605,24804,2019-09-30T08:00:00+00:00,2019-10-10T23:00:00+00:00,,,,,,,,,,,,,No rule-based candidate at this daily endpoint,rule_candidate,pending
cup_and_handle__2019-10-11__0024827,cup_and_handle,0,no_pattern,neutral,0.0,,cup_and_handle/images/no_pattern/2019/10/cup_and_handle__2019-10-11__0024827.png,,2019-10-11,24628,24827,2019-10-01T08:00:00+00:00,2019-10-11T23:00:00+00:00,,,,,,,,,,,,,No rule-based candidate at this daily endpoint,rule_candidate,pending
cup_and_handle__2019-10-14__0024850,cup_and_handle,1,forming,bullish,0.54,48.0,cup_and_handle/images/forming/2019/10/cup_and_handle__2019-10-14__0024850.png,,2019-10-14,24651,24850,2019-10-02T08:00:00+00:00,2019-10-14T23:00:00+00:00,24803.0,24850.0,2019-10-10T22:00:00+00:00,2019-10-14T23:00:00+00:00,,,1493.8957142857143,1477.3367857142855,1527.0135714285716,2.0,1493.8957142857143,2.7728571428571382,Cup and handle rounded base with shallow handle,rule_candidate,pending
cup_and_handle__2019-10-15__0024873,cup_and_handle,0,no_pattern,neutral,0.0,,cup_and_handle/images/no_pattern/2019/10/cup_and_handle__2019-10-15__0024873.png,,2019-10-15,24674,24873,2019-10-03T08:00:00+00:00,2019-10-15T23:00:00+00:00,,,,,,,,,,,,,No rule-based candidate at this daily endpoint,rule_candidate,pending
cup_and_handle__2019-10-16__0024896,cup_and_handle,0,no_pattern,neutral,0.0,,cup_and_handle/images/no_pattern/2019/10/cup_and_handle__2019-10-16__0024896.png,,2019-10-16,24697,24896,2019-10-04T08:00:00+00:00,2019-10-16T23:00:00+00:00,,,,,,,,,,,,,No rule-based candidate at this daily endpoint,rule_candidate,pending
cup_and_handle__2019-10-17__0024919,cup_and_handle,0,no_pattern,neutral,0.0,,cup_and_handle/images/no_pattern/2019/10/cup_and_handle__2019-10-17__0024919.png,,2019-10-17,24720,24919,2019-10-07T08:00:00+00:00,2019-10-17T23:00:00+00:00,,,,,,,,,,,,,No rule-based candidate at this daily endpoint,rule_candidate,pending
cup_and_handle__2019-10-18__0024942,cup_and_handle,0,no_pattern,neutral,0.0,,cup_and_handle/images/no_pattern/2019/10/cup_and_handle__2019-10-18__0024942.png,,2019-10-18,24743,24942,2019-10-08T08:00:00+00:00,2019-10-18T23:00:00+00:00,,,,,,,,,,,,,No rule-based candidate at this daily endpoint,rule_candidate,pending
cup_and_handle__2019-10-21__0024965,cup_and_handle,0,no_pattern,neutral,0.0,,cup_and_handle/images/no_pattern/2019/10/cup_and_handle__2019-10-21__0024965.png,,2019-10-21,24766,24965,2019-10-09T08:00:00+00:00,2019-10-21T23:00:00+00:00,,,,,,,,,,,,,No rule-based candidate at this daily endpoint,rule_candidate,pending
cup_and_handle__2019-10-22__0024988,cup_and_handle,0,no_pattern,neutral,0.0,,cup_and_handle/images/no_pattern/2019/10/cup_and_handle__2019-10-22__0024988.png,,2019-10-22,24789,24988,2019-10-10T08:00:00+00:00,2019-10-22T23:00:00+00:00,,,,,,,,,,,,,No rule-based candidate at this daily endpoint,rule_candidate,pending
cup_and_handle__2019-10-23__0025011,cup_and_handle,1,confirmed,bullish,0.66,80.0,cup_and_handle/images/confirmed/2019/10/cup_and_handle__2019-10-23__0025011.png,,2019-10-23,24812,25011,2019-10-11T08:00:00+00:00,2019-10-23T23:00:00+00:00,24932.0,25011.0,2019-10-18T13:00:00+00:00,2019-10-23T23:00:00+00:00,25011.0,2019-10-23T23:00:00+00:00,1491.78,1482.2841071428572,1510.7717857142854,2.0,1490.2575,2.503571428571458,Cup and handle rounded base with shallow handle,rule_candidate,pending
cup_and_handle__2019-10-24__0025034,cup_and_handle,0,no_pattern,neutral,0.0,,cup_and_handle/images/no_pattern/2019/10/cup_and_handle__2019-10-24__0025034.png,,2019-10-24,24835,25034,2019-10-14T08:00:00+00:00,2019-10-24T23:00:00+00:00,,,,,,,,,,,,,No rule-based candidate at this daily endpoint,rule_candidate,pending
cup_and_handle__2019-10-25__0025057,cup_and_handle,0,no_pattern,neutral,0.0,,cup_and_handle/images/no_pattern/2019/10/cup_and_handle__2019-10-25__0025057.png,,2019-10-25,24858,25057,2019-10-15T08:00:00+00:00,2019-10-25T23:00:00+00:00,,,,,,,,,,,,,No rule-based candidate at this daily endpoint,rule_candidate,pending
cup_and_handle__2019-10-28__0025080,cup_and_handle,0,no_pattern,neutral,0.0,,cup_and_handle/images/no_pattern/2019/10/cup_and_handle__2019-10-28__0025080.png,,2019-10-28,24881,25080,2019-10-16T08:00:00+00:00,2019-10-28T22:00:00+00:00,,,,,,,,,,,,,No rule-based candidate at this daily endpoint,rule_candidate,pending
cup_and_handle__2019-10-29__0025103,cup_and_handle,0,no_pattern,neutral,0.0,,cup_and_handle/images/no_pattern/2019/10/cup_and_handle__2019-10-29__0025103.png,,2019-10-29,24904,25103,2019-10-17T08:00:00+00:00,2019-10-29T22:00:00+00:00,,,,,,,,,,,,,No rule-based candidate at this daily endpoint,rule_candidate,pending
cup_and_handle__2019-10-30__0025126,cup_and_handle,0,no_pattern,neutral,0.0,,cup_and_handle/images/no_pattern/2019/10/cup_and_handle__2019-10-30__0025126.png,,2019-10-30,24927,25126,2019-10-18T08:00:00+00:00,2019-10-30T22:00:00+00:00,,,,,,,,,,,,,No rule-based candidate at this daily endpoint,rule_candidate,pending
cup_and_handle__2019-10-31__0025149,cup_and_handle,0,no_pattern,neutral,0.0,,cup_and_handle/images/no_pattern/2019/10/cup_and_handle__2019-10-31__0025149.png,,2019-10-31,24950,25149,2019-10-21T08:00:00+00:00,2019-10-31T22:00:00+00:00,,,,,,,,,,,,,No rule-based candidate at this daily endpoint,rule_candidate,pending
cup_and_handle__2019-11-01__0025172,cup_and_handle,0,no_pattern,neutral,0.0,,cup_and_handle/images/no_pattern/2019/11/cup_and_handle__2019-11-01__0025172.png,,2019-11-01,24973,25172,2019-10-22T08:00:00+00:00,2019-11-01T22:00:00+00:00,,,,,,,,,,,,,No rule-based candidate at this daily endpoint,rule_candidate,pending
cup_and_handle__2019-11-04__0025195,cup_and_handle,0,no_pattern,neutral,0.0,,cup_and_handle/images/no_pattern/2019/11/cup_and_handle__2019-11-04__0025195.png,,2019-11-04,24996,25195,2019-10-23T08:00:00+00:00,2019-11-04T23:00:00+00:00,,,,,,,,,,,,,No rule-based candidate at this daily endpoint,rule_candidate,pending
cup_and_handle__2019-11-05__0025218,cup_and_handle,0,no_pattern,neutral,0.0,,cup_and_handle/images/no_pattern/2019/11/cup_and_handle__2019-11-05__0025218.png,,2019-11-05,25019,25218,2019-10-24T08:00:00+00:00,2019-11-05T23:00:00+00:00,,,,,,,,,,,,,No rule-based candidate at this daily endpoint,rule_candidate,pending
cup_and_handle__2019-11-06__0025241,cup_and_handle,0,no_pattern,neutral,0.0,,cup_and_handle/images/no_pattern/2019/11/cup_and_handle__2019-11-06__0025241.png,,2019-11-06,25042,25241,2019-10-25T08:00:00+00:00,2019-11-06T23:00:00+00:00,,,,,,,,,,,,,No rule-based candidate at this daily endpoint,rule_candidate,pending
cup_and_handle__2019-11-07__0025264,cup_and_handle,0,no_pattern,neutral,0.0,,cup_and_handle/images/no_pattern/2019/11/cup_and_handle__2019-11-07__0025264.png,,2019-11-07,25065,25264,2019-10-28T07:00:00+00:00,2019-11-07T23:00:00+00:00,,,,,,,,,,,,,No rule-based candidate at this daily endpoint,rule_candidate,pending
cup_and_handle__2019-11-08__0025287,cup_and_handle,0,no_pattern,neutral,0.0,,cup_and_handle/images/no_pattern/2019/11/cup_and_handle__2019-11-08__0025287.png,,2019-11-08,25088,25287,2019-10-29T07:00:00+00:00,2019-11-08T23:00:00+00:00,,,,,,,,,,,,,No rule-based candidate at this daily endpoint,rule_candidate,pending
cup_and_handle__2019-11-11__0025310,cup_and_handle,0,no_pattern,neutral,0.0,,cup_and_handle/images/no_pattern/2019/11/cup_and_handle__2019-11-11__0025310.png,,2019-11-11,25111,25310,2019-10-30T07:00:00+00:00,2019-11-11T23:00:00+00:00,,,,,,,,,,,,,No rule-based candidate at this daily endpoint,rule_candidate,pending
cup_and_handle__2019-11-12__0025333,cup_and_handle,0,no_pattern,neutral,0.0,,cup_and_handle/images/no_pattern/2019/11/cup_and_handle__2019-11-12__0025333.png,,2019-11-12,25134,25333,2019-10-31T07:00:00+00:00,2019-11-12T23:00:00+00:00,,,,,,,,,,,,,No rule-based candidate at this daily endpoint,rule_candidate,pending
cup_and_handle__2019-11-13__0025356,cup_and_handle,1,confirmed,bullish,0.66,48.0,cup_and_handle/images/confirmed/2019/11/cup_and_handle__2019-11-13__0025356.png,,2019-11-13,25157,25356,2019-11-01T07:00:00+00:00,2019-11-13T23:00:00+00:00,25309.0,25356.0,2019-11-11T22:00:00+00:00,2019-11-13T23:00:00+00:00,25356.0,2019-11-13T23:00:00+00:00,1463.23,1450.2375,1489.215,2.0,1461.2314285714288,3.2900000000000125,Cup and handle rounded base with shallow handle,rule_candidate,pending
cup_and_handle__2019-11-14__0025379,cup_and_handle,1,confirmed,bullish,0.66,120.0,cup_and_handle/images/confirmed/2019/11/cup_and_handle__2019-11-14__0025379.png,,2019-11-14,25180,25379,2019-11-04T08:00:00+00:00,2019-11-14T23:00:00+00:00,25260.0,25379.0,2019-11-07T19:00:00+00:00,2019-11-14T23:00:00+00:00,25379.0,2019-11-14T23:00:00+00:00,1471.09,1448.145892857143,1516.9782142857136,2.0,1467.6794444444445,2.976428571428528,Cup and handle rounded base with shallow handle,rule_candidate,pending
cup_and_handle__2019-11-15__0025402,cup_and_handle,0,no_pattern,neutral,0.0,,cup_and_handle/images/no_pattern/2019/11/cup_and_handle__2019-11-15__0025402.png,,2019-11-15,25203,25402,2019-11-05T08:00:00+00:00,2019-11-15T23:00:00+00:00,,,,,,,,,,,,,No rule-based candidate at this daily endpoint,rule_candidate,pending
cup_and_handle__2019-11-18__0025425,cup_and_handle,0,no_pattern,neutral,0.0,,cup_and_handle/images/no_pattern/2019/11/cup_and_handle__2019-11-18__0025425.png,,2019-11-18,25226,25425,2019-11-06T08:00:00+00:00,2019-11-18T23:00:00+00:00,,,,,,,,,,,,,No rule-based candidate at this daily endpoint,rule_candidate,pending
cup_and_handle__2019-11-19__0025448,cup_and_handle,0,no_pattern,neutral,0.0,,cup_and_handle/images/no_pattern/2019/11/cup_and_handle__2019-11-19__0025448.png,,2019-11-19,25249,25448,2019-11-07T08:00:00+00:00,2019-11-19T23:00:00+00:00,,,,,,,,,,,,,No rule-based candidate at this daily endpoint,rule_candidate,pending
cup_and_handle__2019-11-20__0025471,cup_and_handle,0,no_pattern,neutral,0.0,,cup_and_handle/images/no_pattern/2019/11/cup_and_handle__2019-11-20__0025471.png,,2019-11-20,25272,25471,2019-11-08T08:00:00+00:00,2019-11-20T23:00:00+00:00,,,,,,,,,,,,,No rule-based candidate at this daily endpoint,rule_candidate,pending
cup_and_handle__2019-11-21__0025494,cup_and_handle,0,no_pattern,neutral,0.0,,cup_and_handle/images/no_pattern/2019/11/cup_and_handle__2019-11-21__0025494.png,,2019-11-21,25295,25494,2019-11-11T08:00:00+00:00,2019-11-21T23:00:00+00:00,,,,,,,,,,,,,No rule-based candidate at this daily endpoint,rule_candidate,pending
cup_and_handle__2019-11-22__0025517,cup_and_handle,0,no_pattern,neutral,0.0,,cup_and_handle/images/no_pattern/2019/11/cup_and_handle__2019-11-22__0025517.png,,2019-11-22,25318,25517,2019-11-12T08:00:00+00:00,2019-11-22T23:00:00+00:00,,,,,,,,,,,,,No rule-based candidate at this daily endpoint,rule_candidate,pending
cup_and_handle__2019-11-25__0025540,cup_and_handle,0,no_pattern,neutral,0.0,,cup_and_handle/images/no_pattern/2019/11/cup_and_handle__2019-11-25__0025540.png,,2019-11-25,25341,25540,2019-11-13T08:00:00+00:00,2019-11-25T23:00:00+00:00,,,,,,,,,,,,,No rule-based candidate at this daily endpoint,rule_candidate,pending
cup_and_handle__2019-11-26__0025563,cup_and_handle,0,no_pattern,neutral,0.0,,cup_and_handle/images/no_pattern/2019/11/cup_and_handle__2019-11-26__0025563.png,,2019-11-26,25364,25563,2019-11-14T08:00:00+00:00,2019-11-26T23:00:00+00:00,,,,,,,,,,,,,No rule-based candidate at this daily endpoint,rule_candidate,pending
cup_and_handle__2019-11-27__0025586,cup_and_handle,0,no_pattern,neutral,0.0,,cup_and_handle/images/no_pattern/2019/11/cup_and_handle__2019-11-27__0025586.png,,2019-11-27,25387,25586,2019-11-15T08:00:00+00:00,2019-11-27T23:00:00+00:00,,,,,,,,,,,,,No rule-based candidate at this daily endpoint,rule_candidate,pending
cup_and_handle__2019-11-28__0025605,cup_and_handle,0,no_pattern,neutral,0.0,,cup_and_handle/images/no_pattern/2019/11/cup_and_handle__2019-11-28__0025605.png,,2019-11-28,25406,25605,2019-11-18T04:00:00+00:00,2019-11-28T19:00:00+00:00,,,,,,,,,,,,,No rule-based candidate at this daily endpoint,rule_candidate,pending
cup_and_handle__2019-11-29__0025625,cup_and_handle,0,no_pattern,neutral,0.0,,cup_and_handle/images/no_pattern/2019/11/cup_and_handle__2019-11-29__0025625.png,,2019-11-29,25426,25625,2019-11-19T01:00:00+00:00,2019-11-29T20:00:00+00:00,,,,,,,,,,,,,No rule-based candidate at this daily endpoint,rule_candidate,pending
cup_and_handle__2019-12-02__0025648,cup_and_handle,0,no_pattern,neutral,0.0,,cup_and_handle/images/no_pattern/2019/12/cup_and_handle__2019-12-02__0025648.png,,2019-12-02,25449,25648,2019-11-20T01:00:00+00:00,2019-12-02T23:00:00+00:00,,,,,,,,,,,,,No rule-based candidate at this daily endpoint,rule_candidate,pending
cup_and_handle__2019-12-03__0025671,cup_and_handle,0,no_pattern,neutral,0.0,,cup_and_handle/images/no_pattern/2019/12/cup_and_handle__2019-12-03__0025671.png,,2019-12-03,25472,25671,2019-11-21T01:00:00+00:00,2019-12-03T23:00:00+00:00,,,,,,,,,,,,,No rule-based candidate at this daily endpoint,rule_candidate,pending
cup_and_handle__2019-12-04__0025694,cup_and_handle,0,no_pattern,neutral,0.0,,cup_and_handle/images/no_pattern/2019/12/cup_and_handle__2019-12-04__0025694.png,,2019-12-04,25495,25694,2019-11-22T01:00:00+00:00,2019-12-04T23:00:00+00:00,,,,,,,,,,,,,No rule-based candidate at this daily endpoint,rule_candidate,pending
cup_and_handle__2019-12-05__0025717,cup_and_handle,0,no_pattern,neutral,0.0,,cup_and_handle/images/no_pattern/2019/12/cup_and_handle__2019-12-05__0025717.png,,2019-12-05,25518,25717,2019-11-25T01:00:00+00:00,2019-12-05T23:00:00+00:00,,,,,,,,,,,,,No rule-based candidate at this daily endpoint,rule_candidate,pending
cup_and_handle__2019-12-06__0025740,cup_and_handle,0,no_pattern,neutral,0.0,,cup_and_handle/images/no_pattern/2019/12/cup_and_handle__2019-12-06__0025740.png,,2019-12-06,25541,25740,2019-11-26T01:00:00+00:00,2019-12-06T23:00:00+00:00,,,,,,,,,,,,,No rule-based candidate at this daily endpoint,rule_candidate,pending
cup_and_handle__2019-12-09__0025763,cup_and_handle,0,no_pattern,neutral,0.0,,cup_and_handle/images/no_pattern/2019/12/cup_and_handle__2019-12-09__0025763.png,,2019-12-09,25564,25763,2019-11-27T01:00:00+00:00,2019-12-09T23:00:00+00:00,,,,,,,,,,,,,No rule-based candidate at this daily endpoint,rule_candidate,pending
cup_and_handle__2019-12-10__0025786,cup_and_handle,0,no_pattern,neutral,0.0,,cup_and_handle/images/no_pattern/2019/12/cup_and_handle__2019-12-10__0025786.png,,2019-12-10,25587,25786,2019-11-28T01:00:00+00:00,2019-12-10T23:00:00+00:00,,,,,,,,,,,,,No rule-based candidate at this daily endpoint,rule_candidate,pending
cup_and_handle__2019-12-11__0025809,cup_and_handle,0,no_pattern,neutral,0.0,,cup_and_handle/images/no_pattern/2019/12/cup_and_handle__2019-12-11__0025809.png,,2019-12-11,25610,25809,2019-11-29T05:00:00+00:00,2019-12-11T23:00:00+00:00,,,,,,,,,,,,,No rule-based candidate at this daily endpoint,rule_candidate,pending
cup_and_handle__2019-12-12__0025832,cup_and_handle,0,no_pattern,neutral,0.0,,cup_and_handle/images/no_pattern/2019/12/cup_and_handle__2019-12-12__0025832.png,,2019-12-12,25633,25832,2019-12-02T08:00:00+00:00,2019-12-12T23:00:00+00:00,,,,,,,,,,,,,No rule-based candidate at this daily endpoint,rule_candidate,pending
cup_and_handle__2019-12-13__0025855,cup_and_handle,0,no_pattern,neutral,0.0,,cup_and_handle/images/no_pattern/2019/12/cup_and_handle__2019-12-13__0025855.png,,2019-12-13,25656,25855,2019-12-03T08:00:00+00:00,2019-12-13T23:00:00+00:00,,,,,,,,,,,,,No rule-based candidate at this daily endpoint,rule_candidate,pending
cup_and_handle__2019-12-16__0025878,cup_and_handle,1,confirmed,bullish,0.66,80.0,cup_and_handle/images/confirmed/2019/12/cup_and_handle__2019-12-16__0025878.png,,2019-12-16,25679,25878,2019-12-04T08:00:00+00:00,2019-12-16T23:00:00+00:00,25799.0,25878.0,2019-12-11T13:00:00+00:00,2019-12-16T23:00:00+00:00,25878.0,2019-12-16T23:00:00+00:00,1476.04,1464.4471428571428,1499.2257142857145,2.0,1474.275,2.0514285714285734,Cup and handle rounded base with shallow handle,rule_candidate,pending
cup_and_handle__2019-12-17__0025901,cup_and_handle,1,confirmed,bullish,0.66,200.0,cup_and_handle/images/confirmed/2019/12/cup_and_handle__2019-12-17__0025901.png,,2019-12-17,25702,25901,2019-12-05T08:00:00+00:00,2019-12-17T23:00:00+00:00,25702.0,25901.0,2019-12-05T08:00:00+00:00,2019-12-17T23:00:00+00:00,25901.0,2019-12-17T23:00:00+00:00,1475.99,1458.837857142857,1510.294285714286,2.0,1475.45,2.0885714285713965,Cup and handle rounded base with shallow handle,rule_candidate,pending
cup_and_handle__2019-12-18__0025924,cup_and_handle,0,no_pattern,neutral,0.0,,cup_and_handle/images/no_pattern/2019/12/cup_and_handle__2019-12-18__0025924.png,,2019-12-18,25725,25924,2019-12-06T08:00:00+00:00,2019-12-18T23:00:00+00:00,,,,,,,,,,,,,No rule-based candidate at this daily endpoint,rule_candidate,pending
cup_and_handle__2019-12-19__0025947,cup_and_handle,0,no_pattern,neutral,0.0,,cup_and_handle/images/no_pattern/2019/12/cup_and_handle__2019-12-19__0025947.png,,2019-12-19,25748,25947,2019-12-09T08:00:00+00:00,2019-12-19T23:00:00+00:00,,,,,,,,,,,,,No rule-based candidate at this daily endpoint,rule_candidate,pending
cup_and_handle__2019-12-20__0025970,cup_and_handle,1,forming,bullish,0.54,80.0,cup_and_handle/images/forming/2019/12/cup_and_handle__2019-12-20__0025970.png,,2019-12-20,25771,25970,2019-12-10T08:00:00+00:00,2019-12-20T23:00:00+00:00,25891.0,25970.0,2019-12-17T13:00:00+00:00,2019-12-20T23:00:00+00:00,,,1478.4583333333333,1471.8519642857143,1491.6710714285712,2.0,1478.4583333333333,1.632142857142883,Cup and handle rounded base with shallow handle,rule_candidate,pending
cup_and_handle__2019-12-23__0025993,cup_and_handle,0,no_pattern,neutral,0.0,,cup_and_handle/images/no_pattern/2019/12/cup_and_handle__2019-12-23__0025993.png,,2019-12-23,25794,25993,2019-12-11T08:00:00+00:00,2019-12-23T23:00:00+00:00,,,,,,,,,,,,,No rule-based candidate at this daily endpoint,rule_candidate,pending
cup_and_handle__2019-12-24__0026011,cup_and_handle,0,no_pattern,neutral,0.0,,cup_and_handle/images/no_pattern/2019/12/cup_and_handle__2019-12-24__0026011.png,,2019-12-24,25812,26011,2019-12-12T03:00:00+00:00,2019-12-24T18:00:00+00:00,,,,,,,,,,,,,No rule-based candidate at this daily endpoint,rule_candidate,pending
cup_and_handle__2019-12-26__0026026,cup_and_handle,0,no_pattern,neutral,0.0,,cup_and_handle/images/no_pattern/2019/12/cup_and_handle__2019-12-26__0026026.png,,2019-12-26,25827,26026,2019-12-12T18:00:00+00:00,2019-12-26T23:00:00+00:00,,,,,,,,,,,,,No rule-based candidate at this daily endpoint,rule_candidate,pending
cup_and_handle__2019-12-27__0026049,cup_and_handle,0,no_pattern,neutral,0.0,,cup_and_handle/images/no_pattern/2019/12/cup_and_handle__2019-12-27__0026049.png,,2019-12-27,25850,26049,2019-12-13T18:00:00+00:00,2019-12-27T23:00:00+00:00,,,,,,,,,,,,,No rule-based candidate at this daily endpoint,rule_candidate,pending
cup_and_handle__2019-12-30__0026072,cup_and_handle,0,no_pattern,neutral,0.0,,cup_and_handle/images/no_pattern/2019/12/cup_and_handle__2019-12-30__0026072.png,,2019-12-30,25873,26072,2019-12-16T18:00:00+00:00,2019-12-30T23:00:00+00:00,,,,,,,,,,,,,No rule-based candidate at this daily endpoint,rule_candidate,pending
cup_and_handle__2019-12-31__0026090,cup_and_handle,1,confirmed,bullish,0.66,48.0,cup_and_handle/images/confirmed/2019/12/cup_and_handle__2019-12-31__0026090.png,,2019-12-31,25891,26090,2019-12-17T13:00:00+00:00,2019-12-31T18:00:00+00:00,26043.0,26090.0,2019-12-27T17:00:00+00:00,2019-12-31T18:00:00+00:00,26090.0,2019-12-31T18:00:00+00:00,1521.85,1510.0957142857144,1545.358571428571,2.0,1518.9771428571428,2.497142857142844,Cup and handle rounded base with shallow handle,rule_candidate,pending
cup_and_handle__2020-01-02__0026105,cup_and_handle,0,no_pattern,neutral,0.0,,cup_and_handle/images/no_pattern/2020/01/cup_and_handle__2020-01-02__0026105.png,,2020-01-02,25906,26105,2019-12-18T05:00:00+00:00,2020-01-02T23:00:00+00:00,,,,,,,,,,,,,No rule-based candidate at this daily endpoint,rule_candidate,pending
cup_and_handle__2020-01-03__0026128,cup_and_handle,0,no_pattern,neutral,0.0,,cup_and_handle/images/no_pattern/2020/01/cup_and_handle__2020-01-03__0026128.png,,2020-01-03,25929,26128,2019-12-19T05:00:00+00:00,2020-01-03T23:00:00+00:00,,,,,,,,,,,,,No rule-based candidate at this daily endpoint,rule_candidate,pending
cup_and_handle__2020-01-06__0026151,cup_and_handle,0,no_pattern,neutral,0.0,,cup_and_handle/images/no_pattern/2020/01/cup_and_handle__2020-01-06__0026151.png,,2020-01-06,25952,26151,2019-12-20T05:00:00+00:00,2020-01-06T23:00:00+00:00,,,,,,,,,,,,,No rule-based candidate at this daily endpoint,rule_candidate,pending
cup_and_handle__2020-01-07__0026174,cup_and_handle,0,no_pattern,neutral,0.0,,cup_and_handle/images/no_pattern/2020/01/cup_and_handle__2020-01-07__0026174.png,,2020-01-07,25975,26174,2019-12-23T05:00:00+00:00,2020-01-07T23:00:00+00:00,,,,,,,,,,,,,No rule-based candidate at this daily endpoint,rule_candidate,pending
cup_and_handle__2020-01-08__0026197,cup_and_handle,0,no_pattern,neutral,0.0,,cup_and_handle/images/no_pattern/2020/01/cup_and_handle__2020-01-08__0026197.png,,2020-01-08,25998,26197,2019-12-24T05:00:00+00:00,2020-01-08T23:00:00+00:00,,,,,,,,,,,,,No rule-based candidate at this daily endpoint,rule_candidate,pending
cup_and_handle__2020-01-09__0026220,cup_and_handle,0,no_pattern,neutral,0.0,,cup_and_handle/images/no_pattern/2020/01/cup_and_handle__2020-01-09__0026220.png,,2020-01-09,26021,26220,2019-12-26T18:00:00+00:00,2020-01-09T23:00:00+00:00,,,,,,,,,,,,,No rule-based candidate at this daily endpoint,rule_candidate,pending
cup_and_handle__2020-01-10__0026243,cup_and_handle,0,no_pattern,neutral,0.0,,cup_and_handle/images/no_pattern/2020/01/cup_and_handle__2020-01-10__0026243.png,,2020-01-10,26044,26243,2019-12-27T18:00:00+00:00,2020-01-10T23:00:00+00:00,,,,,,,,,,,,,No rule-based candidate at this daily endpoint,rule_candidate,pending
cup_and_handle__2020-01-13__0026266,cup_and_handle,0,no_pattern,neutral,0.0,,cup_and_handle/images/no_pattern/2020/01/cup_and_handle__2020-01-13__0026266.png,,2020-01-13,26067,26266,2019-12-30T18:00:00+00:00,2020-01-13T23:00:00+00:00,,,,,,,,,,,,,No rule-based candidate at this daily endpoint,rule_candidate,pending
cup_and_handle__2020-01-14__0026289,cup_and_handle,0,no_pattern,neutral,0.0,,cup_and_handle/images/no_pattern/2020/01/cup_and_handle__2020-01-14__0026289.png,,2020-01-14,26090,26289,2019-12-31T18:00:00+00:00,2020-01-14T23:00:00+00:00,,,,,,,,,,,,,No rule-based candidate at this daily endpoint,rule_candidate,pending
cup_and_handle__2020-01-15__0026312,cup_and_handle,1,confirmed,bullish,0.66,64.0,cup_and_handle/images/confirmed/2020/01/cup_and_handle__2020-01-15__0026312.png,,2020-01-15,26113,26312,2020-01-03T08:00:00+00:00,2020-01-15T23:00:00+00:00,26249.0,26312.0,2020-01-13T06:00:00+00:00,2020-01-15T23:00:00+00:00,26312.0,2020-01-15T23:00:00+00:00,1556.03,1536.69875,1594.6925,2.0,1552.7833333333333,3.325000000000013,Cup and handle rounded base with shallow handle,rule_candidate,pending
cup_and_handle__2020-01-16__0026335,cup_and_handle,1,forming,bullish,0.54,80.0,cup_and_handle/images/forming/2020/01/cup_and_handle__2020-01-16__0026335.png,,2020-01-16,26136,26335,2020-01-06T08:00:00+00:00,2020-01-16T23:00:00+00:00,26256.0,26335.0,2020-01-13T13:00:00+00:00,2020-01-16T23:00:00+00:00,,,1554.2700000000002,1536.8364285714283,1589.1371428571435,2.0,1554.2700000000002,2.7742857142856923,Cup and handle rounded base with shallow handle,rule_candidate,pending
cup_and_handle__2020-01-17__0026358,cup_and_handle,1,confirmed,bullish,0.66,120.0,cup_and_handle/images/confirmed/2020/01/cup_and_handle__2020-01-17__0026358.png,,2020-01-17,26159,26358,2020-01-07T08:00:00+00:00,2020-01-17T23:00:00+00:00,26239.0,26358.0,2020-01-10T19:00:00+00:00,2020-01-17T23:00:00+00:00,26358.0,2020-01-17T23:00:00+00:00,1557.11,1536.8142857142857,1597.7014285714283,2.0,1555.8544444444444,2.862857142857105,Cup and handle rounded base with shallow handle,rule_candidate,pending
cup_and_handle__2020-01-20__0026377,cup_and_handle,1,confirmed,bullish,0.66,64.0,cup_and_handle/images/confirmed/2020/01/cup_and_handle__2020-01-20__0026377.png,,2020-01-20,26178,26377,2020-01-08T04:00:00+00:00,2020-01-20T19:00:00+00:00,26314.0,26377.0,2020-01-16T02:00:00+00:00,2020-01-20T19:00:00+00:00,26377.0,2020-01-20T19:00:00+00:00,1560.72,1549.4467857142856,1583.2664285714288,2.0,1558.04,1.532857142857178,Cup and handle rounded base with shallow handle,rule_candidate,pending
cup_and_handle__2020-01-21__0026400,cup_and_handle,0,no_pattern,neutral,0.0,,cup_and_handle/images/no_pattern/2020/01/cup_and_handle__2020-01-21__0026400.png,,2020-01-21,26201,26400,2020-01-09T04:00:00+00:00,2020-01-21T23:00:00+00:00,,,,,,,,,,,,,No rule-based candidate at this daily endpoint,rule_candidate,pending
cup_and_handle__2020-01-22__0026423,cup_and_handle,0,no_pattern,neutral,0.0,,cup_and_handle/images/no_pattern/2020/01/cup_and_handle__2020-01-22__0026423.png,,2020-01-22,26224,26423,2020-01-10T04:00:00+00:00,2020-01-22T23:00:00+00:00,,,,,,,,,,,,,No rule-based candidate at this daily endpoint,rule_candidate,pending
cup_and_handle__2020-01-23__0026446,cup_and_handle,0,no_pattern,neutral,0.0,,cup_and_handle/images/no_pattern/2020/01/cup_and_handle__2020-01-23__0026446.png,,2020-01-23,26247,26446,2020-01-13T04:00:00+00:00,2020-01-23T23:00:00+00:00,,,,,,,,,,,,,No rule-based candidate at this daily endpoint,rule_candidate,pending
cup_and_handle__2020-01-24__0026469,cup_and_handle,0,no_pattern,neutral,0.0,,cup_and_handle/images/no_pattern/2020/01/cup_and_handle__2020-01-24__0026469.png,,2020-01-24,26270,26469,2020-01-14T04:00:00+00:00,2020-01-24T23:00:00+00:00,,,,,,,,,,,,,No rule-based candidate at this daily endpoint,rule_candidate,pending
cup_and_handle__2020-01-27__0026492,cup_and_handle,0,no_pattern,neutral,0.0,,cup_and_handle/images/no_pattern/2020/01/cup_and_handle__2020-01-27__0026492.png,,2020-01-27,26293,26492,2020-01-15T04:00:00+00:00,2020-01-27T23:00:00+00:00,,,,,,,,,,,,,No rule-based candidate at this daily endpoint,rule_candidate,pending
cup_and_handle__2020-01-28__0026515,cup_and_handle,0,no_pattern,neutral,0.0,,cup_and_handle/images/no_pattern/2020/01/cup_and_handle__2020-01-28__0026515.png,,2020-01-28,26316,26515,2020-01-16T04:00:00+00:00,2020-01-28T23:00:00+00:00,,,,,,,,,,,,,No rule-based candidate at this daily endpoint,rule_candidate,pending
cup_and_handle__2020-01-29__0026538,cup_and_handle,0,no_pattern,neutral,0.0,,cup_and_handle/images/no_pattern/2020/01/cup_and_handle__2020-01-29__0026538.png,,2020-01-29,26339,26538,2020-01-17T04:00:00+00:00,2020-01-29T23:00:00+00:00,,,,,,,,,,,,,No rule-based candidate at this daily endpoint,rule_candidate,pending
cup_and_handle__2020-01-30__0026561,cup_and_handle,1,forming,bullish,0.54,64.0,cup_and_handle/images/forming/2020/01/cup_and_handle__2020-01-30__0026561.png,,2020-01-30,26362,26561,2020-01-20T04:00:00+00:00,2020-01-30T23:00:00+00:00,26498.0,26561.0,2020-01-28T06:00:00+00:00,2020-01-30T23:00:00+00:00,,,1578.3044444444447,1563.2951785714286,1608.322976190477,2.0,1578.3044444444447,4.499285714285731,Cup and handle rounded base with shallow handle,rule_candidate,pending
cup_and_handle__2020-01-31__0026584,cup_and_handle,0,no_pattern,neutral,0.0,,cup_and_handle/images/no_pattern/2020/01/cup_and_handle__2020-01-31__0026584.png,,2020-01-31,26385,26584,2020-01-21T08:00:00+00:00,2020-01-31T23:00:00+00:00,,,,,,,,,,,,,No rule-based candidate at this daily endpoint,rule_candidate,pending
cup_and_handle__2020-02-03__0026607,cup_and_handle,0,no_pattern,neutral,0.0,,cup_and_handle/images/no_pattern/2020/02/cup_and_handle__2020-02-03__0026607.png,,2020-02-03,26408,26607,2020-01-22T08:00:00+00:00,2020-02-03T23:00:00+00:00,,,,,,,,,,,,,No rule-based candidate at this daily endpoint,rule_candidate,pending
cup_and_handle__2020-02-04__0026630,cup_and_handle,0,no_pattern,neutral,0.0,,cup_and_handle/images/no_pattern/2020/02/cup_and_handle__2020-02-04__0026630.png,,2020-02-04,26431,26630,2020-01-23T08:00:00+00:00,2020-02-04T23:00:00+00:00,,,,,,,,,,,,,No rule-based candidate at this daily endpoint,rule_candidate,pending
cup_and_handle__2020-02-05__0026653,cup_and_handle,0,no_pattern,neutral,0.0,,cup_and_handle/images/no_pattern/2020/02/cup_and_handle__2020-02-05__0026653.png,,2020-02-05,26454,26653,2020-01-24T08:00:00+00:00,2020-02-05T23:00:00+00:00,,,,,,,,,,,,,No rule-based candidate at this daily endpoint,rule_candidate,pending
cup_and_handle__2020-02-06__0026676,cup_and_handle,0,no_pattern,neutral,0.0,,cup_and_handle/images/no_pattern/2020/02/cup_and_handle__2020-02-06__0026676.png,,2020-02-06,26477,26676,2020-01-27T08:00:00+00:00,2020-02-06T23:00:00+00:00,,,,,,,,,,,,,No rule-based candidate at this daily endpoint,rule_candidate,pending
cup_and_handle__2020-02-07__0026699,cup_and_handle,0,no_pattern,neutral,0.0,,cup_and_handle/images/no_pattern/2020/02/cup_and_handle__2020-02-07__0026699.png,,2020-02-07,26500,26699,2020-01-28T08:00:00+00:00,2020-02-07T23:00:00+00:00,,,,,,,,,,,,,No rule-based candidate at this daily endpoint,rule_candidate,pending
cup_and_handle__2020-02-10__0026722,cup_and_handle,1,forming,bullish,0.54,120.0,cup_and_handle/images/forming/2020/02/cup_and_handle__2020-02-10__0026722.png,,2020-02-10,26523,26722,2020-01-29T08:00:00+00:00,2020-02-10T23:00:00+00:00,26603.0,26722.0,2020-02-03T19:00:00+00:00,2020-02-10T23:00:00+00:00,,,1574.0677777777776,1547.961607142857,1626.2801190476189,2.0,1574.0677777777776,2.4335714285714567,Cup and handle rounded base with shallow handle,rule_candidate,pending
cup_and_handle__2020-02-11__0026745,cup_and_handle,0,no_pattern,neutral,0.0,,cup_and_handle/images/no_pattern/2020/02/cup_and_handle__2020-02-11__0026745.png,,2020-02-11,26546,26745,2020-01-30T08:00:00+00:00,2020-02-11T23:00:00+00:00,,,,,,,,,,,,,No rule-based candidate at this daily endpoint,rule_candidate,pending
cup_and_handle__2020-02-12__0026768,cup_and_handle,0,no_pattern,neutral,0.0,,cup_and_handle/images/no_pattern/2020/02/cup_and_handle__2020-02-12__0026768.png,,2020-02-12,26569,26768,2020-01-31T08:00:00+00:00,2020-02-12T23:00:00+00:00,,,,,,,,,,,,,No rule-based candidate at this daily endpoint,rule_candidate,pending
cup_and_handle__2020-02-13__0026791,cup_and_handle,1,confirmed,bullish,0.66,64.0,cup_and_handle/images/confirmed/2020/02/cup_and_handle__2020-02-13__0026791.png,,2020-02-13,26592,26791,2020-02-03T08:00:00+00:00,2020-02-13T23:00:00+00:00,26728.0,26791.0,2020-02-11T06:00:00+00:00,2020-02-13T23:00:00+00:00,26791.0,2020-02-13T23:00:00+00:00,1575.85,1561.699821428571,1604.150357142857,2.0,1570.6455555555556,2.400714285714311,Cup and handle rounded base with shallow handle,rule_candidate,pending
cup_and_handle__2020-02-14__0026814,cup_and_handle,0,no_pattern,neutral,0.0,,cup_and_handle/images/no_pattern/2020/02/cup_and_handle__2020-02-14__0026814.png,,2020-02-14,26615,26814,2020-02-04T08:00:00+00:00,2020-02-14T23:00:00+00:00,,,,,,,,,,,,,No rule-based candidate at this daily endpoint,rule_candidate,pending
cup_and_handle__2020-02-17__0026833,cup_and_handle,0,no_pattern,neutral,0.0,,cup_and_handle/images/no_pattern/2020/02/cup_and_handle__2020-02-17__0026833.png,,2020-02-17,26634,26833,2020-02-05T04:00:00+00:00,2020-02-17T19:00:00+00:00,,,,,,,,,,,,,No rule-based candidate at this daily endpoint,rule_candidate,pending
cup_and_handle__2020-02-18__0026856,cup_and_handle,0,no_pattern,neutral,0.0,,cup_and_handle/images/no_pattern/2020/02/cup_and_handle__2020-02-18__0026856.png,,2020-02-18,26657,26856,2020-02-06T04:00:00+00:00,2020-02-18T23:00:00+00:00,,,,,,,,,,,,,No rule-based candidate at this daily endpoint,rule_candidate,pending
cup_and_handle__2020-02-19__0026879,cup_and_handle,0,no_pattern,neutral,0.0,,cup_and_handle/images/no_pattern/2020/02/cup_and_handle__2020-02-19__0026879.png,,2020-02-19,26680,26879,2020-02-07T04:00:00+00:00,2020-02-19T23:00:00+00:00,,,,,,,,,,,,,No rule-based candidate at this daily endpoint,rule_candidate,pending
cup_and_handle__2020-02-20__0026902,cup_and_handle,0,no_pattern,neutral,0.0,,cup_and_handle/images/no_pattern/2020/02/cup_and_handle__2020-02-20__0026902.png,,2020-02-20,26703,26902,2020-02-10T04:00:00+00:00,2020-02-20T23:00:00+00:00,,,,,,,,,,,,,No rule-based candidate at this daily endpoint,rule_candidate,pending
cup_and_handle__2020-02-21__0026925,cup_and_handle,0,no_pattern,neutral,0.0,,cup_and_handle/images/no_pattern/2020/02/cup_and_handle__2020-02-21__0026925.png,,2020-02-21,26726,26925,2020-02-11T04:00:00+00:00,2020-02-21T23:00:00+00:00,,,,,,,,,,,,,No rule-based candidate at this daily endpoint,rule_candidate,pending
cup_and_handle__2020-02-24__0026948,cup_and_handle,0,no_pattern,neutral,0.0,,cup_and_handle/images/no_pattern/2020/02/cup_and_handle__2020-02-24__0026948.png,,2020-02-24,26749,26948,2020-02-12T04:00:00+00:00,2020-02-24T23:00:00+00:00,,,,,,,,,,,,,No rule-based candidate at this daily endpoint,rule_candidate,pending
cup_and_handle__2020-02-25__0026971,cup_and_handle,0,no_pattern,neutral,0.0,,cup_and_handle/images/no_pattern/2020/02/cup_and_handle__2020-02-25__0026971.png,,2020-02-25,26772,26971,2020-02-13T04:00:00+00:00,2020-02-25T23:00:00+00:00,,,,,,,,,,,,,No rule-based candidate at this daily endpoint,rule_candidate,pending
cup_and_handle__2020-02-26__0026994,cup_and_handle,0,no_pattern,neutral,0.0,,cup_and_handle/images/no_pattern/2020/02/cup_and_handle__2020-02-26__0026994.png,,2020-02-26,26795,26994,2020-02-14T04:00:00+00:00,2020-02-26T23:00:00+00:00,,,,,,,,,,,,,No rule-based candidate at this daily endpoint,rule_candidate,pending
cup_and_handle__2020-02-27__0027017,cup_and_handle,0,no_pattern,neutral,0.0,,cup_and_handle/images/no_pattern/2020/02/cup_and_handle__2020-02-27__0027017.png,,2020-02-27,26818,27017,2020-02-17T04:00:00+00:00,2020-02-27T23:00:00+00:00,,,,,,,,,,,,,No rule-based candidate at this daily endpoint,rule_candidate,pending
cup_and_handle__2020-02-28__0027040,cup_and_handle,0,no_pattern,neutral,0.0,,cup_and_handle/images/no_pattern/2020/02/cup_and_handle__2020-02-28__0027040.png,,2020-02-28,26841,27040,2020-02-18T08:00:00+00:00,2020-02-28T23:00:00+00:00,,,,,,,,,,,,,No rule-based candidate at this daily endpoint,rule_candidate,pending
cup_and_handle__2020-03-02__0027063,cup_and_handle,0,no_pattern,neutral,0.0,,cup_and_handle/images/no_pattern/2020/03/cup_and_handle__2020-03-02__0027063.png,,2020-03-02,26864,27063,2020-02-19T08:00:00+00:00,2020-03-02T23:00:00+00:00,,,,,,,,,,,,,No rule-based candidate at this daily endpoint,rule_candidate,pending
cup_and_handle__2020-03-03__0027086,cup_and_handle,0,no_pattern,neutral,0.0,,cup_and_handle/images/no_pattern/2020/03/cup_and_handle__2020-03-03__0027086.png,,2020-03-03,26887,27086,2020-02-20T08:00:00+00:00,2020-03-03T23:00:00+00:00,,,,,,,,,,,,,No rule-based candidate at this daily endpoint,rule_candidate,pending
cup_and_handle__2020-03-04__0027109,cup_and_handle,0,no_pattern,neutral,0.0,,cup_and_handle/images/no_pattern/2020/03/cup_and_handle__2020-03-04__0027109.png,,2020-03-04,26910,27109,2020-02-21T08:00:00+00:00,2020-03-04T23:00:00+00:00,,,,,,,,,,,,,No rule-based candidate at this daily endpoint,rule_candidate,pending
cup_and_handle__2020-03-05__0027132,cup_and_handle,0,no_pattern,neutral,0.0,,cup_and_handle/images/no_pattern/2020/03/cup_and_handle__2020-03-05__0027132.png,,2020-03-05,26933,27132,2020-02-24T08:00:00+00:00,2020-03-05T23:00:00+00:00,,,,,,,,,,,,,No rule-based candidate at this daily endpoint,rule_candidate,pending
cup_and_handle__2020-03-06__0027155,cup_and_handle,0,no_pattern,neutral,0.0,,cup_and_handle/images/no_pattern/2020/03/cup_and_handle__2020-03-06__0027155.png,,2020-03-06,26956,27155,2020-02-25T08:00:00+00:00,2020-03-06T23:00:00+00:00,,,,,,,,,,,,,No rule-based candidate at this daily endpoint,rule_candidate,pending
cup_and_handle__2020-03-09__0027178,cup_and_handle,0,no_pattern,neutral,0.0,,cup_and_handle/images/no_pattern/2020/03/cup_and_handle__2020-03-09__0027178.png,,2020-03-09,26979,27178,2020-02-26T08:00:00+00:00,2020-03-09T22:00:00+00:00,,,,,,,,,,,,,No rule-based candidate at this daily endpoint,rule_candidate,pending
cup_and_handle__2020-03-10__0027201,cup_and_handle,0,no_pattern,neutral,0.0,,cup_and_handle/images/no_pattern/2020/03/cup_and_handle__2020-03-10__0027201.png,,2020-03-10,27002,27201,2020-02-27T08:00:00+00:00,2020-03-10T22:00:00+00:00,,,,,,,,,,,,,No rule-based candidate at this daily endpoint,rule_candidate,pending
cup_and_handle__2020-03-11__0027224,cup_and_handle,0,no_pattern,neutral,0.0,,cup_and_handle/images/no_pattern/2020/03/cup_and_handle__2020-03-11__0027224.png,,2020-03-11,27025,27224,2020-02-28T08:00:00+00:00,2020-03-11T22:00:00+00:00,,,,,,,,,,,,,No rule-based candidate at this daily endpoint,rule_candidate,pending
cup_and_handle__2020-03-12__0027247,cup_and_handle,0,no_pattern,neutral,0.0,,cup_and_handle/images/no_pattern/2020/03/cup_and_handle__2020-03-12__0027247.png,,2020-03-12,27048,27247,2020-03-02T08:00:00+00:00,2020-03-12T22:00:00+00:00,,,,,,,,,,,,,No rule-based candidate at this daily endpoint,rule_candidate,pending
cup_and_handle__2020-03-13__0027270,cup_and_handle,0,no_pattern,neutral,0.0,,cup_and_handle/images/no_pattern/2020/03/cup_and_handle__2020-03-13__0027270.png,,2020-03-13,27071,27270,2020-03-03T08:00:00+00:00,2020-03-13T22:00:00+00:00,,,,,,,,,,,,,No rule-based candidate at this daily endpoint,rule_candidate,pending
cup_and_handle__2020-03-16__0027293,cup_and_handle,0,no_pattern,neutral,0.0,,cup_and_handle/images/no_pattern/2020/03/cup_and_handle__2020-03-16__0027293.png,,2020-03-16,27094,27293,2020-03-04T08:00:00+00:00,2020-03-16T22:00:00+00:00,,,,,,,,,,,,,No rule-based candidate at this daily endpoint,rule_candidate,pending
cup_and_handle__2020-03-17__0027316,cup_and_handle,0,no_pattern,neutral,0.0,,cup_and_handle/images/no_pattern/2020/03/cup_and_handle__2020-03-17__0027316.png,,2020-03-17,27117,27316,2020-03-05T08:00:00+00:00,2020-03-17T22:00:00+00:00,,,,,,,,,,,,,No rule-based candidate at this daily endpoint,rule_candidate,pending
cup_and_handle__2020-03-18__0027339,cup_and_handle,0,no_pattern,neutral,0.0,,cup_and_handle/images/no_pattern/2020/03/cup_and_handle__2020-03-18__0027339.png,,2020-03-18,27140,27339,2020-03-06T08:00:00+00:00,2020-03-18T22:00:00+00:00,,,,,,,,,,,,,No rule-based candidate at this daily endpoint,rule_candidate,pending
cup_and_handle__2020-03-19__0027362,cup_and_handle,0,no_pattern,neutral,0.0,,cup_and_handle/images/no_pattern/2020/03/cup_and_handle__2020-03-19__0027362.png,,2020-03-19,27163,27362,2020-03-09T07:00:00+00:00,2020-03-19T22:00:00+00:00,,,,,,,,,,,,,No rule-based candidate at this daily endpoint,rule_candidate,pending
cup_and_handle__2020-03-20__0027385,cup_and_handle,0,no_pattern,neutral,0.0,,cup_and_handle/images/no_pattern/2020/03/cup_and_handle__2020-03-20__0027385.png,,2020-03-20,27186,27385,2020-03-10T07:00:00+00:00,2020-03-20T22:00:00+00:00,,,,,,,,,,,,,No rule-based candidate at this daily endpoint,rule_candidate,pending
cup_and_handle__2020-03-23__0027408,cup_and_handle,0,no_pattern,neutral,0.0,,cup_and_handle/images/no_pattern/2020/03/cup_and_handle__2020-03-23__0027408.png,,2020-03-23,27209,27408,2020-03-11T07:00:00+00:00,2020-03-23T22:00:00+00:00,,,,,,,,,,,,,No rule-based candidate at this daily endpoint,rule_candidate,pending
cup_and_handle__2020-03-24__0027431,cup_and_handle,0,no_pattern,neutral,0.0,,cup_and_handle/images/no_pattern/2020/03/cup_and_handle__2020-03-24__0027431.png,,2020-03-24,27232,27431,2020-03-12T07:00:00+00:00,2020-03-24T22:00:00+00:00,,,,,,,,,,,,,No rule-based candidate at this daily endpoint,rule_candidate,pending
cup_and_handle__2020-03-25__0027454,cup_and_handle,0,no_pattern,neutral,0.0,,cup_and_handle/images/no_pattern/2020/03/cup_and_handle__2020-03-25__0027454.png,,2020-03-25,27255,27454,2020-03-13T07:00:00+00:00,2020-03-25T22:00:00+00:00,,,,,,,,,,,,,No rule-based candidate at this daily endpoint,rule_candidate,pending
cup_and_handle__2020-03-26__0027477,cup_and_handle,0,no_pattern,neutral,0.0,,cup_and_handle/images/no_pattern/2020/03/cup_and_handle__2020-03-26__0027477.png,,2020-03-26,27278,27477,2020-03-16T07:00:00+00:00,2020-03-26T22:00:00+00:00,,,,,,,,,,,,,No rule-based candidate at this daily endpoint,rule_candidate,pending
cup_and_handle__2020-03-27__0027500,cup_and_handle,0,no_pattern,neutral,0.0,,cup_and_handle/images/no_pattern/2020/03/cup_and_handle__2020-03-27__0027500.png,,2020-03-27,27301,27500,2020-03-17T07:00:00+00:00,2020-03-27T22:00:00+00:00,,,,,,,,,,,,,No rule-based candidate at this daily endpoint,rule_candidate,pending
cup_and_handle__2020-03-30__0027523,cup_and_handle,0,no_pattern,neutral,0.0,,cup_and_handle/images/no_pattern/2020/03/cup_and_handle__2020-03-30__0027523.png,,2020-03-30,27324,27523,2020-03-18T07:00:00+00:00,2020-03-30T23:00:00+00:00,,,,,,,,,,,,,No rule-based candidate at this daily endpoint,rule_candidate,pending
cup_and_handle__2020-03-31__0027546,cup_and_handle,0,no_pattern,neutral,0.0,,cup_and_handle/images/no_pattern/2020/03/cup_and_handle__2020-03-31__0027546.png,,2020-03-31,27347,27546,2020-03-19T07:00:00+00:00,2020-03-31T23:00:00+00:00,,,,,,,,,,,,,No rule-based candidate at this daily endpoint,rule_candidate,pending
cup_and_handle__2020-04-01__0027569,cup_and_handle,0,no_pattern,neutral,0.0,,cup_and_handle/images/no_pattern/2020/04/cup_and_handle__2020-04-01__0027569.png,,2020-04-01,27370,27569,2020-03-20T07:00:00+00:00,2020-04-01T23:00:00+00:00,,,,,,,,,,,,,No rule-based candidate at this daily endpoint,rule_candidate,pending
cup_and_handle__2020-04-02__0027592,cup_and_handle,0,no_pattern,neutral,0.0,,cup_and_handle/images/no_pattern/2020/04/cup_and_handle__2020-04-02__0027592.png,,2020-04-02,27393,27592,2020-03-23T07:00:00+00:00,2020-04-02T23:00:00+00:00,,,,,,,,,,,,,No rule-based candidate at this daily endpoint,rule_candidate,pending
cup_and_handle__2020-04-03__0027615,cup_and_handle,0,no_pattern,neutral,0.0,,cup_and_handle/images/no_pattern/2020/04/cup_and_handle__2020-04-03__0027615.png,,2020-04-03,27416,27615,2020-03-24T07:00:00+00:00,2020-04-03T23:00:00+00:00,,,,,,,,,,,,,No rule-based candidate at this daily endpoint,rule_candidate,pending
cup_and_handle__2020-04-06__0027638,cup_and_handle,0,no_pattern,neutral,0.0,,cup_and_handle/images/no_pattern/2020/04/cup_and_handle__2020-04-06__0027638.png,,2020-04-06,27439,27638,2020-03-25T07:00:00+00:00,2020-04-06T23:00:00+00:00,,,,,,,,,,,,,No rule-based candidate at this daily endpoint,rule_candidate,pending
cup_and_handle__2020-04-07__0027661,cup_and_handle,0,no_pattern,neutral,0.0,,cup_and_handle/images/no_pattern/2020/04/cup_and_handle__2020-04-07__0027661.png,,2020-04-07,27462,27661,2020-03-26T07:00:00+00:00,2020-04-07T23:00:00+00:00,,,,,,,,,,,,,No rule-based candidate at this daily endpoint,rule_candidate,pending
cup_and_handle__2020-04-08__0027684,cup_and_handle,0,no_pattern,neutral,0.0,,cup_and_handle/images/no_pattern/2020/04/cup_and_handle__2020-04-08__0027684.png,,2020-04-08,27485,27684,2020-03-27T07:00:00+00:00,2020-04-08T23:00:00+00:00,,,,,,,,,,,,,No rule-based candidate at this daily endpoint,rule_candidate,pending
cup_and_handle__2020-04-09__0027707,cup_and_handle,0,no_pattern,neutral,0.0,,cup_and_handle/images/no_pattern/2020/04/cup_and_handle__2020-04-09__0027707.png,,2020-04-09,27508,27707,2020-03-30T08:00:00+00:00,2020-04-09T23:00:00+00:00,,,,,,,,,,,,,No rule-based candidate at this daily endpoint,rule_candidate,pending
cup_and_handle__2020-04-13__0027730,cup_and_handle,0,no_pattern,neutral,0.0,,cup_and_handle/images/no_pattern/2020/04/cup_and_handle__2020-04-13__0027730.png,,2020-04-13,27531,27730,2020-03-31T08:00:00+00:00,2020-04-13T23:00:00+00:00,,,,,,,,,,,,,No rule-based candidate at this daily endpoint,rule_candidate,pending
cup_and_handle__2020-04-14__0027753,cup_and_handle,0,no_pattern,neutral,0.0,,cup_and_handle/images/no_pattern/2020/04/cup_and_handle__2020-04-14__0027753.png,,2020-04-14,27554,27753,2020-04-01T08:00:00+00:00,2020-04-14T23:00:00+00:00,,,,,,,,,,,,,No rule-based candidate at this daily endpoint,rule_candidate,pending
cup_and_handle__2020-04-15__0027776,cup_and_handle,0,no_pattern,neutral,0.0,,cup_and_handle/images/no_pattern/2020/04/cup_and_handle__2020-04-15__0027776.png,,2020-04-15,27577,27776,2020-04-02T08:00:00+00:00,2020-04-15T23:00:00+00:00,,,,,,,,,,,,,No rule-based candidate at this daily endpoint,rule_candidate,pending
cup_and_handle__2020-04-16__0027799,cup_and_handle,0,no_pattern,neutral,0.0,,cup_and_handle/images/no_pattern/2020/04/cup_and_handle__2020-04-16__0027799.png,,2020-04-16,27600,27799,2020-04-03T08:00:00+00:00,2020-04-16T23:00:00+00:00,,,,,,,,,,,,,No rule-based candidate at this daily endpoint,rule_candidate,pending
cup_and_handle__2020-04-17__0027822,cup_and_handle,0,no_pattern,neutral,0.0,,cup_and_handle/images/no_pattern/2020/04/cup_and_handle__2020-04-17__0027822.png,,2020-04-17,27623,27822,2020-04-06T08:00:00+00:00,2020-04-17T23:00:00+00:00,,,,,,,,,,,,,No rule-based candidate at this daily endpoint,rule_candidate,pending
cup_and_handle__2020-04-20__0027845,cup_and_handle,0,no_pattern,neutral,0.0,,cup_and_handle/images/no_pattern/2020/04/cup_and_handle__2020-04-20__0027845.png,,2020-04-20,27646,27845,2020-04-07T08:00:00+00:00,2020-04-20T23:00:00+00:00,,,,,,,,,,,,,No rule-based candidate at this daily endpoint,rule_candidate,pending
cup_and_handle__2020-04-21__0027868,cup_and_handle,0,no_pattern,neutral,0.0,,cup_and_handle/images/no_pattern/2020/04/cup_and_handle__2020-04-21__0027868.png,,2020-04-21,27669,27868,2020-04-08T08:00:00+00:00,2020-04-21T23:00:00+00:00,,,,,,,,,,,,,No rule-based candidate at this daily endpoint,rule_candidate,pending
cup_and_handle__2020-04-22__0027891,cup_and_handle,0,no_pattern,neutral,0.0,,cup_and_handle/images/no_pattern/2020/04/cup_and_handle__2020-04-22__0027891.png,,2020-04-22,27692,27891,2020-04-09T08:00:00+00:00,2020-04-22T23:00:00+00:00,,,,,,,,,,,,,No rule-based candidate at this daily endpoint,rule_candidate,pending
cup_and_handle__2020-04-23__0027914,cup_and_handle,0,no_pattern,neutral,0.0,,cup_and_handle/images/no_pattern/2020/04/cup_and_handle__2020-04-23__0027914.png,,2020-04-23,27715,27914,2020-04-13T08:00:00+00:00,2020-04-23T23:00:00+00:00,,,,,,,,,,,,,No rule-based candidate at this daily endpoint,rule_candidate,pending
cup_and_handle__2020-04-24__0027937,cup_and_handle,0,no_pattern,neutral,0.0,,cup_and_handle/images/no_pattern/2020/04/cup_and_handle__2020-04-24__0027937.png,,2020-04-24,27738,27937,2020-04-14T08:00:00+00:00,2020-04-24T23:00:00+00:00,,,,,,,,,,,,,No rule-based candidate at this daily endpoint,rule_candidate,pending
cup_and_handle__2020-04-27__0027960,cup_and_handle,0,no_pattern,neutral,0.0,,cup_and_handle/images/no_pattern/2020/04/cup_and_handle__2020-04-27__0027960.png,,2020-04-27,27761,27960,2020-04-15T08:00:00+00:00,2020-04-27T23:00:00+00:00,,,,,,,,,,,,,No rule-based candidate at this daily endpoint,rule_candidate,pending
cup_and_handle__2020-04-28__0027983,cup_and_handle,0,no_pattern,neutral,0.0,,cup_and_handle/images/no_pattern/2020/04/cup_and_handle__2020-04-28__0027983.png,,2020-04-28,27784,27983,2020-04-16T08:00:00+00:00,2020-04-28T23:00:00+00:00,,,,,,,,,,,,,No rule-based candidate at this daily endpoint,rule_candidate,pending
cup_and_handle__2020-04-29__0028006,cup_and_handle,0,no_pattern,neutral,0.0,,cup_and_handle/images/no_pattern/2020/04/cup_and_handle__2020-04-29__0028006.png,,2020-04-29,27807,28006,2020-04-17T08:00:00+00:00,2020-04-29T23:00:00+00:00,,,,,,,,,,,,,No rule-based candidate at this daily endpoint,rule_candidate,pending
cup_and_handle__2020-04-30__0028029,cup_and_handle,0,no_pattern,neutral,0.0,,cup_and_handle/images/no_pattern/2020/04/cup_and_handle__2020-04-30__0028029.png,,2020-04-30,27830,28029,2020-04-20T08:00:00+00:00,2020-04-30T23:00:00+00:00,,,,,,,,,,,,,No rule-based candidate at this daily endpoint,rule_candidate,pending
cup_and_handle__2020-05-01__0028052,cup_and_handle,0,no_pattern,neutral,0.0,,cup_and_handle/images/no_pattern/2020/05/cup_and_handle__2020-05-01__0028052.png,,2020-05-01,27853,28052,2020-04-21T08:00:00+00:00,2020-05-01T23:00:00+00:00,,,,,,,,,,,,,No rule-based candidate at this daily endpoint,rule_candidate,pending
cup_and_handle__2020-05-04__0028075,cup_and_handle,1,forming,bullish,0.54,80.0,cup_and_handle/images/forming/2020/05/cup_and_handle__2020-05-04__0028075.png,,2020-05-04,27876,28075,2020-04-22T08:00:00+00:00,2020-05-04T23:00:00+00:00,27996.0,28075.0,2020-04-29T13:00:00+00:00,2020-05-04T23:00:00+00:00,,,1705.9308333333336,1670.3642857142856,1777.0639285714294,2.0,1705.9308333333336,7.022857142857155,Cup and handle rounded base with shallow handle,rule_candidate,pending
cup_and_handle__2020-05-05__0028098,cup_and_handle,0,no_pattern,neutral,0.0,,cup_and_handle/images/no_pattern/2020/05/cup_and_handle__2020-05-05__0028098.png,,2020-05-05,27899,28098,2020-04-23T08:00:00+00:00,2020-05-05T23:00:00+00:00,,,,,,,,,,,,,No rule-based candidate at this daily endpoint,rule_candidate,pending
cup_and_handle__2020-05-06__0028121,cup_and_handle,0,no_pattern,neutral,0.0,,cup_and_handle/images/no_pattern/2020/05/cup_and_handle__2020-05-06__0028121.png,,2020-05-06,27922,28121,2020-04-24T08:00:00+00:00,2020-05-06T23:00:00+00:00,,,,,,,,,,,,,No rule-based candidate at this daily endpoint,rule_candidate,pending
cup_and_handle__2020-05-07__0028144,cup_and_handle,0,no_pattern,neutral,0.0,,cup_and_handle/images/no_pattern/2020/05/cup_and_handle__2020-05-07__0028144.png,,2020-05-07,27945,28144,2020-04-27T08:00:00+00:00,2020-05-07T23:00:00+00:00,,,,,,,,,,,,,No rule-based candidate at this daily endpoint,rule_candidate,pending
cup_and_handle__2020-05-08__0028167,cup_and_handle,0,no_pattern,neutral,0.0,,cup_and_handle/images/no_pattern/2020/05/cup_and_handle__2020-05-08__0028167.png,,2020-05-08,27968,28167,2020-04-28T08:00:00+00:00,2020-05-08T23:00:00+00:00,,,,,,,,,,,,,No rule-based candidate at this daily endpoint,rule_candidate,pending
cup_and_handle__2020-05-11__0028190,cup_and_handle,0,no_pattern,neutral,0.0,,cup_and_handle/images/no_pattern/2020/05/cup_and_handle__2020-05-11__0028190.png,,2020-05-11,27991,28190,2020-04-29T08:00:00+00:00,2020-05-11T23:00:00+00:00,,,,,,,,,,,,,No rule-based candidate at this daily endpoint,rule_candidate,pending
cup_and_handle__2020-05-12__0028213,cup_and_handle,0,no_pattern,neutral,0.0,,cup_and_handle/images/no_pattern/2020/05/cup_and_handle__2020-05-12__0028213.png,,2020-05-12,28014,28213,2020-04-30T08:00:00+00:00,2020-05-12T23:00:00+00:00,,,,,,,,,,,,,No rule-based candidate at this daily endpoint,rule_candidate,pending
cup_and_handle__2020-05-13__0028236,cup_and_handle,0,no_pattern,neutral,0.0,,cup_and_handle/images/no_pattern/2020/05/cup_and_handle__2020-05-13__0028236.png,,2020-05-13,28037,28236,2020-05-01T08:00:00+00:00,2020-05-13T23:00:00+00:00,,,,,,,,,,,,,No rule-based candidate at this daily endpoint,rule_candidate,pending
cup_and_handle__2020-05-14__0028259,cup_and_handle,0,no_pattern,neutral,0.0,,cup_and_handle/images/no_pattern/2020/05/cup_and_handle__2020-05-14__0028259.png,,2020-05-14,28060,28259,2020-05-04T08:00:00+00:00,2020-05-14T23:00:00+00:00,,,,,,,,,,,,,No rule-based candidate at this daily endpoint,rule_candidate,pending
cup_and_handle__2020-05-15__0028282,cup_and_handle,0,no_pattern,neutral,0.0,,cup_and_handle/images/no_pattern/2020/05/cup_and_handle__2020-05-15__0028282.png,,2020-05-15,28083,28282,2020-05-05T08:00:00+00:00,2020-05-15T23:00:00+00:00,,,,,,,,,,,,,No rule-based candidate at this daily endpoint,rule_candidate,pending
cup_and_handle__2020-05-18__0028305,cup_and_handle,0,no_pattern,neutral,0.0,,cup_and_handle/images/no_pattern/2020/05/cup_and_handle__2020-05-18__0028305.png,,2020-05-18,28106,28305,2020-05-06T08:00:00+00:00,2020-05-18T23:00:00+00:00,,,,,,,,,,,,,No rule-based candidate at this daily endpoint,rule_candidate,pending
cup_and_handle__2020-05-19__0028328,cup_and_handle,0,no_pattern,neutral,0.0,,cup_and_handle/images/no_pattern/2020/05/cup_and_handle__2020-05-19__0028328.png,,2020-05-19,28129,28328,2020-05-07T08:00:00+00:00,2020-05-19T23:00:00+00:00,,,,,,,,,,,,,No rule-based candidate at this daily endpoint,rule_candidate,pending
cup_and_handle__2020-05-20__0028351,cup_and_handle,0,no_pattern,neutral,0.0,,cup_and_handle/images/no_pattern/2020/05/cup_and_handle__2020-05-20__0028351.png,,2020-05-20,28152,28351,2020-05-08T08:00:00+00:00,2020-05-20T23:00:00+00:00,,,,,,,,,,,,,No rule-based candidate at this daily endpoint,rule_candidate,pending
cup_and_handle__2020-05-21__0028374,cup_and_handle,0,no_pattern,neutral,0.0,,cup_and_handle/images/no_pattern/2020/05/cup_and_handle__2020-05-21__0028374.png,,2020-05-21,28175,28374,2020-05-11T08:00:00+00:00,2020-05-21T23:00:00+00:00,,,,,,,,,,,,,No rule-based candidate at this daily endpoint,rule_candidate,pending
cup_and_handle__2020-05-22__0028397,cup_and_handle,0,no_pattern,neutral,0.0,,cup_and_handle/images/no_pattern/2020/05/cup_and_handle__2020-05-22__0028397.png,,2020-05-22,28198,28397,2020-05-12T08:00:00+00:00,2020-05-22T23:00:00+00:00,,,,,,,,,,,,,No rule-based candidate at this daily endpoint,rule_candidate,pending
cup_and_handle__2020-05-25__0028416,cup_and_handle,0,no_pattern,neutral,0.0,,cup_and_handle/images/no_pattern/2020/05/cup_and_handle__2020-05-25__0028416.png,,2020-05-25,28217,28416,2020-05-13T04:00:00+00:00,2020-05-25T19:00:00+00:00,,,,,,,,,,,,,No rule-based candidate at this daily endpoint,rule_candidate,pending
cup_and_handle__2020-05-26__0028439,cup_and_handle,0,no_pattern,neutral,0.0,,cup_and_handle/images/no_pattern/2020/05/cup_and_handle__2020-05-26__0028439.png,,2020-05-26,28240,28439,2020-05-14T04:00:00+00:00,2020-05-26T23:00:00+00:00,,,,,,,,,,,,,No rule-based candidate at this daily endpoint,rule_candidate,pending
cup_and_handle__2020-05-27__0028462,cup_and_handle,0,no_pattern,neutral,0.0,,cup_and_handle/images/no_pattern/2020/05/cup_and_handle__2020-05-27__0028462.png,,2020-05-27,28263,28462,2020-05-15T04:00:00+00:00,2020-05-27T23:00:00+00:00,,,,,,,,,,,,,No rule-based candidate at this daily endpoint,rule_candidate,pending
cup_and_handle__2020-05-28__0028485,cup_and_handle,0,no_pattern,neutral,0.0,,cup_and_handle/images/no_pattern/2020/05/cup_and_handle__2020-05-28__0028485.png,,2020-05-28,28286,28485,2020-05-18T04:00:00+00:00,2020-05-28T23:00:00+00:00,,,,,,,,,,,,,No rule-based candidate at this daily endpoint,rule_candidate,pending
cup_and_handle__2020-05-29__0028508,cup_and_handle,0,no_pattern,neutral,0.0,,cup_and_handle/images/no_pattern/2020/05/cup_and_handle__2020-05-29__0028508.png,,2020-05-29,28309,28508,2020-05-19T04:00:00+00:00,2020-05-29T23:00:00+00:00,,,,,,,,,,,,,No rule-based candidate at this daily endpoint,rule_candidate,pending
cup_and_handle__2020-06-01__0028531,cup_and_handle,0,no_pattern,neutral,0.0,,cup_and_handle/images/no_pattern/2020/06/cup_and_handle__2020-06-01__0028531.png,,2020-06-01,28332,28531,2020-05-20T04:00:00+00:00,2020-06-01T23:00:00+00:00,,,,,,,,,,,,,No rule-based candidate at this daily endpoint,rule_candidate,pending
cup_and_handle__2020-06-02__0028554,cup_and_handle,0,no_pattern,neutral,0.0,,cup_and_handle/images/no_pattern/2020/06/cup_and_handle__2020-06-02__0028554.png,,2020-06-02,28355,28554,2020-05-21T04:00:00+00:00,2020-06-02T23:00:00+00:00,,,,,,,,,,,,,No rule-based candidate at this daily endpoint,rule_candidate,pending
cup_and_handle__2020-06-03__0028577,cup_and_handle,0,no_pattern,neutral,0.0,,cup_and_handle/images/no_pattern/2020/06/cup_and_handle__2020-06-03__0028577.png,,2020-06-03,28378,28577,2020-05-22T04:00:00+00:00,2020-06-03T23:00:00+00:00,,,,,,,,,,,,,No rule-based candidate at this daily endpoint,rule_candidate,pending
cup_and_handle__2020-06-04__0028600,cup_and_handle,0,no_pattern,neutral,0.0,,cup_and_handle/images/no_pattern/2020/06/cup_and_handle__2020-06-04__0028600.png,,2020-06-04,28401,28600,2020-05-25T04:00:00+00:00,2020-06-04T23:00:00+00:00,,,,,,,,,,,,,No rule-based candidate at this daily endpoint,rule_candidate,pending
cup_and_handle__2020-06-05__0028623,cup_and_handle,0,no_pattern,neutral,0.0,,cup_and_handle/images/no_pattern/2020/06/cup_and_handle__2020-06-05__0028623.png,,2020-06-05,28424,28623,2020-05-26T08:00:00+00:00,2020-06-05T23:00:00+00:00,,,,,,,,,,,,,No rule-based candidate at this daily endpoint,rule_candidate,pending
cup_and_handle__2020-06-08__0028646,cup_and_handle,0,no_pattern,neutral,0.0,,cup_and_handle/images/no_pattern/2020/06/cup_and_handle__2020-06-08__0028646.png,,2020-06-08,28447,28646,2020-05-27T08:00:00+00:00,2020-06-08T23:00:00+00:00,,,,,,,,,,,,,No rule-based candidate at this daily endpoint,rule_candidate,pending
cup_and_handle__2020-06-09__0028669,cup_and_handle,0,no_pattern,neutral,0.0,,cup_and_handle/images/no_pattern/2020/06/cup_and_handle__2020-06-09__0028669.png,,2020-06-09,28470,28669,2020-05-28T08:00:00+00:00,2020-06-09T23:00:00+00:00,,,,,,,,,,,,,No rule-based candidate at this daily endpoint,rule_candidate,pending
cup_and_handle__2020-06-10__0028692,cup_and_handle,0,no_pattern,neutral,0.0,,cup_and_handle/images/no_pattern/2020/06/cup_and_handle__2020-06-10__0028692.png,,2020-06-10,28493,28692,2020-05-29T08:00:00+00:00,2020-06-10T23:00:00+00:00,,,,,,,,,,,,,No rule-based candidate at this daily endpoint,rule_candidate,pending
cup_and_handle__2020-06-11__0028715,cup_and_handle,0,no_pattern,neutral,0.0,,cup_and_handle/images/no_pattern/2020/06/cup_and_handle__2020-06-11__0028715.png,,2020-06-11,28516,28715,2020-06-01T08:00:00+00:00,2020-06-11T23:00:00+00:00,,,,,,,,,,,,,No rule-based candidate at this daily endpoint,rule_candidate,pending
cup_and_handle__2020-06-12__0028738,cup_and_handle,0,no_pattern,neutral,0.0,,cup_and_handle/images/no_pattern/2020/06/cup_and_handle__2020-06-12__0028738.png,,2020-06-12,28539,28738,2020-06-02T08:00:00+00:00,2020-06-12T23:00:00+00:00,,,,,,,,,,,,,No rule-based candidate at this daily endpoint,rule_candidate,pending
cup_and_handle__2020-06-15__0028761,cup_and_handle,0,no_pattern,neutral,0.0,,cup_and_handle/images/no_pattern/2020/06/cup_and_handle__2020-06-15__0028761.png,,2020-06-15,28562,28761,2020-06-03T08:00:00+00:00,2020-06-15T23:00:00+00:00,,,,,,,,,,,,,No rule-based candidate at this daily endpoint,rule_candidate,pending
cup_and_handle__2020-06-16__0028784,cup_and_handle,0,no_pattern,neutral,0.0,,cup_and_handle/images/no_pattern/2020/06/cup_and_handle__2020-06-16__0028784.png,,2020-06-16,28585,28784,2020-06-04T08:00:00+00:00,2020-06-16T23:00:00+00:00,,,,,,,,,,,,,No rule-based candidate at this daily endpoint,rule_candidate,pending
cup_and_handle__2020-06-17__0028807,cup_and_handle,0,no_pattern,neutral,0.0,,cup_and_handle/images/no_pattern/2020/06/cup_and_handle__2020-06-17__0028807.png,,2020-06-17,28608,28807,2020-06-05T08:00:00+00:00,2020-06-17T23:00:00+00:00,,,,,,,,,,,,,No rule-based candidate at this daily endpoint,rule_candidate,pending
cup_and_handle__2020-06-18__0028830,cup_and_handle,0,no_pattern,neutral,0.0,,cup_and_handle/images/no_pattern/2020/06/cup_and_handle__2020-06-18__0028830.png,,2020-06-18,28631,28830,2020-06-08T08:00:00+00:00,2020-06-18T23:00:00+00:00,,,,,,,,,,,,,No rule-based candidate at this daily endpoint,rule_candidate,pending
cup_and_handle__2020-06-19__0028853,cup_and_handle,0,no_pattern,neutral,0.0,,cup_and_handle/images/no_pattern/2020/06/cup_and_handle__2020-06-19__0028853.png,,2020-06-19,28654,28853,2020-06-09T08:00:00+00:00,2020-06-19T23:00:00+00:00,,,,,,,,,,,,,No rule-based candidate at this daily endpoint,rule_candidate,pending
cup_and_handle__2020-06-22__0028876,cup_and_handle,0,no_pattern,neutral,0.0,,cup_and_handle/images/no_pattern/2020/06/cup_and_handle__2020-06-22__0028876.png,,2020-06-22,28677,28876,2020-06-10T08:00:00+00:00,2020-06-22T23:00:00+00:00,,,,,,,,,,,,,No rule-based candidate at this daily endpoint,rule_candidate,pending
cup_and_handle__2020-06-23__0028899,cup_and_handle,0,no_pattern,neutral,0.0,,cup_and_handle/images/no_pattern/2020/06/cup_and_handle__2020-06-23__0028899.png,,2020-06-23,28700,28899,2020-06-11T08:00:00+00:00,2020-06-23T23:00:00+00:00,,,,,,,,,,,,,No rule-based candidate at this daily endpoint,rule_candidate,pending
cup_and_handle__2020-06-24__0028922,cup_and_handle,0,no_pattern,neutral,0.0,,cup_and_handle/images/no_pattern/2020/06/cup_and_handle__2020-06-24__0028922.png,,2020-06-24,28723,28922,2020-06-12T08:00:00+00:00,2020-06-24T23:00:00+00:00,,,,,,,,,,,,,No rule-based candidate at this daily endpoint,rule_candidate,pending
cup_and_handle__2020-06-25__0028945,cup_and_handle,0,no_pattern,neutral,0.0,,cup_and_handle/images/no_pattern/2020/06/cup_and_handle__2020-06-25__0028945.png,,2020-06-25,28746,28945,2020-06-15T08:00:00+00:00,2020-06-25T23:00:00+00:00,,,,,,,,,,,,,No rule-based candidate at this daily endpoint,rule_candidate,pending
cup_and_handle__2020-06-26__0028968,cup_and_handle,0,no_pattern,neutral,0.0,,cup_and_handle/images/no_pattern/2020/06/cup_and_handle__2020-06-26__0028968.png,,2020-06-26,28769,28968,2020-06-16T08:00:00+00:00,2020-06-26T23:00:00+00:00,,,,,,,,,,,,,No rule-based candidate at this daily endpoint,rule_candidate,pending
cup_and_handle__2020-06-29__0028991,cup_and_handle,1,confirmed,bullish,0.66,48.0,cup_and_handle/images/confirmed/2020/06/cup_and_handle__2020-06-29__0028991.png,,2020-06-29,28792,28991,2020-06-17T08:00:00+00:00,2020-06-29T23:00:00+00:00,28944.0,28991.0,2020-06-25T22:00:00+00:00,2020-06-29T23:00:00+00:00,28991.0,2020-06-29T23:00:00+00:00,1772.18,1748.9301785714283,1818.679642857143,2.0,1771.857142857143,3.759285714285722,Cup and handle rounded base with shallow handle,rule_candidate,pending
cup_and_handle__2020-06-30__0029014,cup_and_handle,0,no_pattern,neutral,0.0,,cup_and_handle/images/no_pattern/2020/06/cup_and_handle__2020-06-30__0029014.png,,2020-06-30,28815,29014,2020-06-18T08:00:00+00:00,2020-06-30T23:00:00+00:00,,,,,,,,,,,,,No rule-based candidate at this daily endpoint,rule_candidate,pending
cup_and_handle__2020-07-01__0029037,cup_and_handle,0,no_pattern,neutral,0.0,,cup_and_handle/images/no_pattern/2020/07/cup_and_handle__2020-07-01__0029037.png,,2020-07-01,28838,29037,2020-06-19T08:00:00+00:00,2020-07-01T23:00:00+00:00,,,,,,,,,,,,,No rule-based candidate at this daily endpoint,rule_candidate,pending
cup_and_handle__2020-07-02__0029060,cup_and_handle,0,no_pattern,neutral,0.0,,cup_and_handle/images/no_pattern/2020/07/cup_and_handle__2020-07-02__0029060.png,,2020-07-02,28861,29060,2020-06-22T08:00:00+00:00,2020-07-02T23:00:00+00:00,,,,,,,,,,,,,No rule-based candidate at this daily endpoint,rule_candidate,pending
cup_and_handle__2020-07-03__0029079,cup_and_handle,1,confirmed,bullish,0.66,80.0,cup_and_handle/images/confirmed/2020/07/cup_and_handle__2020-07-03__0029079.png,,2020-07-03,28880,29079,2020-06-23T04:00:00+00:00,2020-07-03T19:00:00+00:00,29000.0,29079.0,2020-06-30T09:00:00+00:00,2020-07-03T19:00:00+00:00,29079.0,2020-07-03T19:00:00+00:00,1775.49,1759.4060714285715,1807.657857142857,2.0,1774.3133333333333,2.3757142857142526,Cup and handle rounded base with shallow handle,rule_candidate,pending
cup_and_handle__2020-07-06__0029102,cup_and_handle,0,no_pattern,neutral,0.0,,cup_and_handle/images/no_pattern/2020/07/cup_and_handle__2020-07-06__0029102.png,,2020-07-06,28903,29102,2020-06-24T04:00:00+00:00,2020-07-06T23:00:00+00:00,,,,,,,,,,,,,No rule-based candidate at this daily endpoint,rule_candidate,pending
cup_and_handle__2020-07-07__0029125,cup_and_handle,0,no_pattern,neutral,0.0,,cup_and_handle/images/no_pattern/2020/07/cup_and_handle__2020-07-07__0029125.png,,2020-07-07,28926,29125,2020-06-25T04:00:00+00:00,2020-07-07T23:00:00+00:00,,,,,,,,,,,,,No rule-based candidate at this daily endpoint,rule_candidate,pending
cup_and_handle__2020-07-08__0029148,cup_and_handle,0,no_pattern,neutral,0.0,,cup_and_handle/images/no_pattern/2020/07/cup_and_handle__2020-07-08__0029148.png,,2020-07-08,28949,29148,2020-06-26T04:00:00+00:00,2020-07-08T23:00:00+00:00,,,,,,,,,,,,,No rule-based candidate at this daily endpoint,rule_candidate,pending
cup_and_handle__2020-07-09__0029171,cup_and_handle,0,no_pattern,neutral,0.0,,cup_and_handle/images/no_pattern/2020/07/cup_and_handle__2020-07-09__0029171.png,,2020-07-09,28972,29171,2020-06-29T04:00:00+00:00,2020-07-09T23:00:00+00:00,,,,,,,,,,,,,No rule-based candidate at this daily endpoint,rule_candidate,pending
cup_and_handle__2020-07-10__0029194,cup_and_handle,0,no_pattern,neutral,0.0,,cup_and_handle/images/no_pattern/2020/07/cup_and_handle__2020-07-10__0029194.png,,2020-07-10,28995,29194,2020-06-30T04:00:00+00:00,2020-07-10T23:00:00+00:00,,,,,,,,,,,,,No rule-based candidate at this daily endpoint,rule_candidate,pending
cup_and_handle__2020-07-13__0029217,cup_and_handle,0,no_pattern,neutral,0.0,,cup_and_handle/images/no_pattern/2020/07/cup_and_handle__2020-07-13__0029217.png,,2020-07-13,29018,29217,2020-07-01T04:00:00+00:00,2020-07-13T23:00:00+00:00,,,,,,,,,,,,,No rule-based candidate at this daily endpoint,rule_candidate,pending
cup_and_handle__2020-07-14__0029240,cup_and_handle,0,no_pattern,neutral,0.0,,cup_and_handle/images/no_pattern/2020/07/cup_and_handle__2020-07-14__0029240.png,,2020-07-14,29041,29240,2020-07-02T04:00:00+00:00,2020-07-14T23:00:00+00:00,,,,,,,,,,,,,No rule-based candidate at this daily endpoint,rule_candidate,pending
cup_and_handle__2020-07-15__0029263,cup_and_handle,1,confirmed,bullish,0.66,64.0,cup_and_handle/images/confirmed/2020/07/cup_and_handle__2020-07-15__0029263.png,,2020-07-15,29064,29263,2020-07-03T04:00:00+00:00,2020-07-15T23:00:00+00:00,29200.0,29263.0,2020-07-13T06:00:00+00:00,2020-07-15T23:00:00+00:00,29263.0,2020-07-15T23:00:00+00:00,1809.91,1792.8283928571427,1844.0732142857148,2.0,1808.6322222222225,3.926428571428573,Cup and handle rounded base with shallow handle,rule_candidate,pending
cup_and_handle__2020-07-16__0029286,cup_and_handle,0,no_pattern,neutral,0.0,,cup_and_handle/images/no_pattern/2020/07/cup_and_handle__2020-07-16__0029286.png,,2020-07-16,29087,29286,2020-07-06T08:00:00+00:00,2020-07-16T23:00:00+00:00,,,,,,,,,,,,,No rule-based candidate at this daily endpoint,rule_candidate,pending
cup_and_handle__2020-07-17__0029309,cup_and_handle,0,no_pattern,neutral,0.0,,cup_and_handle/images/no_pattern/2020/07/cup_and_handle__2020-07-17__0029309.png,,2020-07-17,29110,29309,2020-07-07T08:00:00+00:00,2020-07-17T23:00:00+00:00,,,,,,,,,,,,,No rule-based candidate at this daily endpoint,rule_candidate,pending
cup_and_handle__2020-07-20__0029332,cup_and_handle,0,no_pattern,neutral,0.0,,cup_and_handle/images/no_pattern/2020/07/cup_and_handle__2020-07-20__0029332.png,,2020-07-20,29133,29332,2020-07-08T08:00:00+00:00,2020-07-20T23:00:00+00:00,,,,,,,,,,,,,No rule-based candidate at this daily endpoint,rule_candidate,pending
cup_and_handle__2020-07-21__0029355,cup_and_handle,0,no_pattern,neutral,0.0,,cup_and_handle/images/no_pattern/2020/07/cup_and_handle__2020-07-21__0029355.png,,2020-07-21,29156,29355,2020-07-09T08:00:00+00:00,2020-07-21T23:00:00+00:00,,,,,,,,,,,,,No rule-based candidate at this daily endpoint,rule_candidate,pending
cup_and_handle__2020-07-22__0029378,cup_and_handle,0,no_pattern,neutral,0.0,,cup_and_handle/images/no_pattern/2020/07/cup_and_handle__2020-07-22__0029378.png,,2020-07-22,29179,29378,2020-07-10T08:00:00+00:00,2020-07-22T23:00:00+00:00,,,,,,,,,,,,,No rule-based candidate at this daily endpoint,rule_candidate,pending
cup_and_handle__2020-07-23__0029401,cup_and_handle,0,no_pattern,neutral,0.0,,cup_and_handle/images/no_pattern/2020/07/cup_and_handle__2020-07-23__0029401.png,,2020-07-23,29202,29401,2020-07-13T08:00:00+00:00,2020-07-23T23:00:00+00:00,,,,,,,,,,,,,No rule-based candidate at this daily endpoint,rule_candidate,pending
cup_and_handle__2020-07-24__0029424,cup_and_handle,0,no_pattern,neutral,0.0,,cup_and_handle/images/no_pattern/2020/07/cup_and_handle__2020-07-24__0029424.png,,2020-07-24,29225,29424,2020-07-14T08:00:00+00:00,2020-07-24T23:00:00+00:00,,,,,,,,,,,,,No rule-based candidate at this daily endpoint,rule_candidate,pending
cup_and_handle__2020-07-27__0029447,cup_and_handle,0,no_pattern,neutral,0.0,,cup_and_handle/images/no_pattern/2020/07/cup_and_handle__2020-07-27__0029447.png,,2020-07-27,29248,29447,2020-07-15T08:00:00+00:00,2020-07-27T23:00:00+00:00,,,,,,,,,,,,,No rule-based candidate at this daily endpoint,rule_candidate,pending
cup_and_handle__2020-07-28__0029470,cup_and_handle,0,no_pattern,neutral,0.0,,cup_and_handle/images/no_pattern/2020/07/cup_and_handle__2020-07-28__0029470.png,,2020-07-28,29271,29470,2020-07-16T08:00:00+00:00,2020-07-28T23:00:00+00:00,,,,,,,,,,,,,No rule-based candidate at this daily endpoint,rule_candidate,pending
cup_and_handle__2020-07-29__0029493,cup_and_handle,0,no_pattern,neutral,0.0,,cup_and_handle/images/no_pattern/2020/07/cup_and_handle__2020-07-29__0029493.png,,2020-07-29,29294,29493,2020-07-17T08:00:00+00:00,2020-07-29T23:00:00+00:00,,,,,,,,,,,,,No rule-based candidate at this daily endpoint,rule_candidate,pending
cup_and_handle__2020-07-30__0029516,cup_and_handle,0,no_pattern,neutral,0.0,,cup_and_handle/images/no_pattern/2020/07/cup_and_handle__2020-07-30__0029516.png,,2020-07-30,29317,29516,2020-07-20T08:00:00+00:00,2020-07-30T23:00:00+00:00,,,,,,,,,,,,,No rule-based candidate at this daily endpoint,rule_candidate,pending
cup_and_handle__2020-07-31__0029539,cup_and_handle,1,confirmed,bullish,0.66,48.0,cup_and_handle/images/confirmed/2020/07/cup_and_handle__2020-07-31__0029539.png,,2020-07-31,29340,29539,2020-07-21T08:00:00+00:00,2020-07-31T23:00:00+00:00,29492.0,29539.0,2020-07-29T22:00:00+00:00,2020-07-31T23:00:00+00:00,29539.0,2020-07-31T23:00:00+00:00,1973.93,1942.851071428572,2036.0878571428573,2.0,1972.148571428572,6.7957142857142925,Cup and handle rounded base with shallow handle,rule_candidate,pending
cup_and_handle__2020-08-03__0029562,cup_and_handle,0,no_pattern,neutral,0.0,,cup_and_handle/images/no_pattern/2020/08/cup_and_handle__2020-08-03__0029562.png,,2020-08-03,29363,29562,2020-07-22T08:00:00+00:00,2020-08-03T23:00:00+00:00,,,,,,,,,,,,,No rule-based candidate at this daily endpoint,rule_candidate,pending
cup_and_handle__2020-08-04__0029585,cup_and_handle,0,no_pattern,neutral,0.0,,cup_and_handle/images/no_pattern/2020/08/cup_and_handle__2020-08-04__0029585.png,,2020-08-04,29386,29585,2020-07-23T08:00:00+00:00,2020-08-04T23:00:00+00:00,,,,,,,,,,,,,No rule-based candidate at this daily endpoint,rule_candidate,pending
cup_and_handle__2020-08-05__0029608,cup_and_handle,0,no_pattern,neutral,0.0,,cup_and_handle/images/no_pattern/2020/08/cup_and_handle__2020-08-05__0029608.png,,2020-08-05,29409,29608,2020-07-24T08:00:00+00:00,2020-08-05T23:00:00+00:00,,,,,,,,,,,,,No rule-based candidate at this daily endpoint,rule_candidate,pending
cup_and_handle__2020-08-06__0029631,cup_and_handle,0,no_pattern,neutral,0.0,,cup_and_handle/images/no_pattern/2020/08/cup_and_handle__2020-08-06__0029631.png,,2020-08-06,29432,29631,2020-07-27T08:00:00+00:00,2020-08-06T23:00:00+00:00,,,,,,,,,,,,,No rule-based candidate at this daily endpoint,rule_candidate,pending
cup_and_handle__2020-08-07__0029654,cup_and_handle,0,no_pattern,neutral,0.0,,cup_and_handle/images/no_pattern/2020/08/cup_and_handle__2020-08-07__0029654.png,,2020-08-07,29455,29654,2020-07-28T08:00:00+00:00,2020-08-07T23:00:00+00:00,,,,,,,,,,,,,No rule-based candidate at this daily endpoint,rule_candidate,pending
cup_and_handle__2020-08-10__0029677,cup_and_handle,0,no_pattern,neutral,0.0,,cup_and_handle/images/no_pattern/2020/08/cup_and_handle__2020-08-10__0029677.png,,2020-08-10,29478,29677,2020-07-29T08:00:00+00:00,2020-08-10T23:00:00+00:00,,,,,,,,,,,,,No rule-based candidate at this daily endpoint,rule_candidate,pending
cup_and_handle__2020-08-11__0029700,cup_and_handle,0,no_pattern,neutral,0.0,,cup_and_handle/images/no_pattern/2020/08/cup_and_handle__2020-08-11__0029700.png,,2020-08-11,29501,29700,2020-07-30T08:00:00+00:00,2020-08-11T23:00:00+00:00,,,,,,,,,,,,,No rule-based candidate at this daily endpoint,rule_candidate,pending
cup_and_handle__2020-08-12__0029723,cup_and_handle,0,no_pattern,neutral,0.0,,cup_and_handle/images/no_pattern/2020/08/cup_and_handle__2020-08-12__0029723.png,,2020-08-12,29524,29723,2020-07-31T08:00:00+00:00,2020-08-12T23:00:00+00:00,,,,,,,,,,,,,No rule-based candidate at this daily endpoint,rule_candidate,pending
cup_and_handle__2020-08-13__0029746,cup_and_handle,0,no_pattern,neutral,0.0,,cup_and_handle/images/no_pattern/2020/08/cup_and_handle__2020-08-13__0029746.png,,2020-08-13,29547,29746,2020-08-03T08:00:00+00:00,2020-08-13T23:00:00+00:00,,,,,,,,,,,,,No rule-based candidate at this daily endpoint,rule_candidate,pending
cup_and_handle__2020-08-14__0029769,cup_and_handle,0,no_pattern,neutral,0.0,,cup_and_handle/images/no_pattern/2020/08/cup_and_handle__2020-08-14__0029769.png,,2020-08-14,29570,29769,2020-08-04T08:00:00+00:00,2020-08-14T23:00:00+00:00,,,,,,,,,,,,,No rule-based candidate at this daily endpoint,rule_candidate,pending
cup_and_handle__2020-08-17__0029792,cup_and_handle,0,no_pattern,neutral,0.0,,cup_and_handle/images/no_pattern/2020/08/cup_and_handle__2020-08-17__0029792.png,,2020-08-17,29593,29792,2020-08-05T08:00:00+00:00,2020-08-17T23:00:00+00:00,,,,,,,,,,,,,No rule-based candidate at this daily endpoint,rule_candidate,pending
cup_and_handle__2020-08-18__0029815,cup_and_handle,0,no_pattern,neutral,0.0,,cup_and_handle/images/no_pattern/2020/08/cup_and_handle__2020-08-18__0029815.png,,2020-08-18,29616,29815,2020-08-06T08:00:00+00:00,2020-08-18T23:00:00+00:00,,,,,,,,,,,,,No rule-based candidate at this daily endpoint,rule_candidate,pending
cup_and_handle__2020-08-19__0029838,cup_and_handle,0,no_pattern,neutral,0.0,,cup_and_handle/images/no_pattern/2020/08/cup_and_handle__2020-08-19__0029838.png,,2020-08-19,29639,29838,2020-08-07T08:00:00+00:00,2020-08-19T23:00:00+00:00,,,,,,,,,,,,,No rule-based candidate at this daily endpoint,rule_candidate,pending
cup_and_handle__2020-08-20__0029861,cup_and_handle,0,no_pattern,neutral,0.0,,cup_and_handle/images/no_pattern/2020/08/cup_and_handle__2020-08-20__0029861.png,,2020-08-20,29662,29861,2020-08-10T08:00:00+00:00,2020-08-20T23:00:00+00:00,,,,,,,,,,,,,No rule-based candidate at this daily endpoint,rule_candidate,pending
cup_and_handle__2020-08-21__0029884,cup_and_handle,0,no_pattern,neutral,0.0,,cup_and_handle/images/no_pattern/2020/08/cup_and_handle__2020-08-21__0029884.png,,2020-08-21,29685,29884,2020-08-11T08:00:00+00:00,2020-08-21T23:00:00+00:00,,,,,,,,,,,,,No rule-based candidate at this daily endpoint,rule_candidate,pending
cup_and_handle__2020-08-24__0029907,cup_and_handle,0,no_pattern,neutral,0.0,,cup_and_handle/images/no_pattern/2020/08/cup_and_handle__2020-08-24__0029907.png,,2020-08-24,29708,29907,2020-08-12T08:00:00+00:00,2020-08-24T23:00:00+00:00,,,,,,,,,,,,,No rule-based candidate at this daily endpoint,rule_candidate,pending
cup_and_handle__2020-08-25__0029930,cup_and_handle,0,no_pattern,neutral,0.0,,cup_and_handle/images/no_pattern/2020/08/cup_and_handle__2020-08-25__0029930.png,,2020-08-25,29731,29930,2020-08-13T08:00:00+00:00,2020-08-25T23:00:00+00:00,,,,,,,,,,,,,No rule-based candidate at this daily endpoint,rule_candidate,pending
cup_and_handle__2020-08-26__0029953,cup_and_handle,0,no_pattern,neutral,0.0,,cup_and_handle/images/no_pattern/2020/08/cup_and_handle__2020-08-26__0029953.png,,2020-08-26,29754,29953,2020-08-14T08:00:00+00:00,2020-08-26T23:00:00+00:00,,,,,,,,,,,,,No rule-based candidate at this daily endpoint,rule_candidate,pending
cup_and_handle__2020-08-27__0029976,cup_and_handle,0,no_pattern,neutral,0.0,,cup_and_handle/images/no_pattern/2020/08/cup_and_handle__2020-08-27__0029976.png,,2020-08-27,29777,29976,2020-08-17T08:00:00+00:00,2020-08-27T23:00:00+00:00,,,,,,,,,,,,,No rule-based candidate at this daily endpoint,rule_candidate,pending
cup_and_handle__2020-08-28__0029999,cup_and_handle,0,no_pattern,neutral,0.0,,cup_and_handle/images/no_pattern/2020/08/cup_and_handle__2020-08-28__0029999.png,,2020-08-28,29800,29999,2020-08-18T08:00:00+00:00,2020-08-28T23:00:00+00:00,,,,,,,,,,,,,No rule-based candidate at this daily endpoint,rule_candidate,pending
cup_and_handle__2020-08-31__0030022,cup_and_handle,0,no_pattern,neutral,0.0,,cup_and_handle/images/no_pattern/2020/08/cup_and_handle__2020-08-31__0030022.png,,2020-08-31,29823,30022,2020-08-19T08:00:00+00:00,2020-08-31T23:00:00+00:00,,,,,,,,,,,,,No rule-based candidate at this daily endpoint,rule_candidate,pending
cup_and_handle__2020-09-01__0030045,cup_and_handle,0,no_pattern,neutral,0.0,,cup_and_handle/images/no_pattern/2020/09/cup_and_handle__2020-09-01__0030045.png,,2020-09-01,29846,30045,2020-08-20T08:00:00+00:00,2020-09-01T23:00:00+00:00,,,,,,,,,,,,,No rule-based candidate at this daily endpoint,rule_candidate,pending
cup_and_handle__2020-09-02__0030068,cup_and_handle,0,no_pattern,neutral,0.0,,cup_and_handle/images/no_pattern/2020/09/cup_and_handle__2020-09-02__0030068.png,,2020-09-02,29869,30068,2020-08-21T08:00:00+00:00,2020-09-02T23:00:00+00:00,,,,,,,,,,,,,No rule-based candidate at this daily endpoint,rule_candidate,pending
cup_and_handle__2020-09-03__0030091,cup_and_handle,0,no_pattern,neutral,0.0,,cup_and_handle/images/no_pattern/2020/09/cup_and_handle__2020-09-03__0030091.png,,2020-09-03,29892,30091,2020-08-24T08:00:00+00:00,2020-09-03T23:00:00+00:00,,,,,,,,,,,,,No rule-based candidate at this daily endpoint,rule_candidate,pending
cup_and_handle__2020-09-04__0030114,cup_and_handle,0,no_pattern,neutral,0.0,,cup_and_handle/images/no_pattern/2020/09/cup_and_handle__2020-09-04__0030114.png,,2020-09-04,29915,30114,2020-08-25T08:00:00+00:00,2020-09-04T23:00:00+00:00,,,,,,,,,,,,,No rule-based candidate at this daily endpoint,rule_candidate,pending
cup_and_handle__2020-09-07__0030133,cup_and_handle,0,no_pattern,neutral,0.0,,cup_and_handle/images/no_pattern/2020/09/cup_and_handle__2020-09-07__0030133.png,,2020-09-07,29934,30133,2020-08-26T04:00:00+00:00,2020-09-07T19:00:00+00:00,,,,,,,,,,,,,No rule-based candidate at this daily endpoint,rule_candidate,pending
cup_and_handle__2020-09-08__0030156,cup_and_handle,0,no_pattern,neutral,0.0,,cup_and_handle/images/no_pattern/2020/09/cup_and_handle__2020-09-08__0030156.png,,2020-09-08,29957,30156,2020-08-27T04:00:00+00:00,2020-09-08T23:00:00+00:00,,,,,,,,,,,,,No rule-based candidate at this daily endpoint,rule_candidate,pending
cup_and_handle__2020-09-09__0030179,cup_and_handle,0,no_pattern,neutral,0.0,,cup_and_handle/images/no_pattern/2020/09/cup_and_handle__2020-09-09__0030179.png,,2020-09-09,29980,30179,2020-08-28T04:00:00+00:00,2020-09-09T23:00:00+00:00,,,,,,,,,,,,,No rule-based candidate at this daily endpoint,rule_candidate,pending
cup_and_handle__2020-09-10__0030202,cup_and_handle,0,no_pattern,neutral,0.0,,cup_and_handle/images/no_pattern/2020/09/cup_and_handle__2020-09-10__0030202.png,,2020-09-10,30003,30202,2020-08-31T04:00:00+00:00,2020-09-10T23:00:00+00:00,,,,,,,,,,,,,No rule-based candidate at this daily endpoint,rule_candidate,pending
cup_and_handle__2020-09-11__0030225,cup_and_handle,0,no_pattern,neutral,0.0,,cup_and_handle/images/no_pattern/2020/09/cup_and_handle__2020-09-11__0030225.png,,2020-09-11,30026,30225,2020-09-01T04:00:00+00:00,2020-09-11T23:00:00+00:00,,,,,,,,,,,,,No rule-based candidate at this daily endpoint,rule_candidate,pending
cup_and_handle__2020-09-14__0030248,cup_and_handle,0,no_pattern,neutral,0.0,,cup_and_handle/images/no_pattern/2020/09/cup_and_handle__2020-09-14__0030248.png,,2020-09-14,30049,30248,2020-09-02T04:00:00+00:00,2020-09-14T23:00:00+00:00,,,,,,,,,,,,,No rule-based candidate at this daily endpoint,rule_candidate,pending
cup_and_handle__2020-09-15__0030271,cup_and_handle,0,no_pattern,neutral,0.0,,cup_and_handle/images/no_pattern/2020/09/cup_and_handle__2020-09-15__0030271.png,,2020-09-15,30072,30271,2020-09-03T04:00:00+00:00,2020-09-15T23:00:00+00:00,,,,,,,,,,,,,No rule-based candidate at this daily endpoint,rule_candidate,pending
cup_and_handle__2020-09-16__0030294,cup_and_handle,0,no_pattern,neutral,0.0,,cup_and_handle/images/no_pattern/2020/09/cup_and_handle__2020-09-16__0030294.png,,2020-09-16,30095,30294,2020-09-04T04:00:00+00:00,2020-09-16T23:00:00+00:00,,,,,,,,,,,,,No rule-based candidate at this daily endpoint,rule_candidate,pending
cup_and_handle__2020-09-17__0030317,cup_and_handle,0,no_pattern,neutral,0.0,,cup_and_handle/images/no_pattern/2020/09/cup_and_handle__2020-09-17__0030317.png,,2020-09-17,30118,30317,2020-09-07T04:00:00+00:00,2020-09-17T23:00:00+00:00,,,,,,,,,,,,,No rule-based candidate at this daily endpoint,rule_candidate,pending
cup_and_handle__2020-09-18__0030340,cup_and_handle,0,no_pattern,neutral,0.0,,cup_and_handle/images/no_pattern/2020/09/cup_and_handle__2020-09-18__0030340.png,,2020-09-18,30141,30340,2020-09-08T08:00:00+00:00,2020-09-18T23:00:00+00:00,,,,,,,,,,,,,No rule-based candidate at this daily endpoint,rule_candidate,pending
cup_and_handle__2020-09-21__0030363,cup_and_handle,0,no_pattern,neutral,0.0,,cup_and_handle/images/no_pattern/2020/09/cup_and_handle__2020-09-21__0030363.png,,2020-09-21,30164,30363,2020-09-09T08:00:00+00:00,2020-09-21T23:00:00+00:00,,,,,,,,,,,,,No rule-based candidate at this daily endpoint,rule_candidate,pending
cup_and_handle__2020-09-22__0030386,cup_and_handle,0,no_pattern,neutral,0.0,,cup_and_handle/images/no_pattern/2020/09/cup_and_handle__2020-09-22__0030386.png,,2020-09-22,30187,30386,2020-09-10T08:00:00+00:00,2020-09-22T23:00:00+00:00,,,,,,,,,,,,,No rule-based candidate at this daily endpoint,rule_candidate,pending
cup_and_handle__2020-09-23__0030409,cup_and_handle,0,no_pattern,neutral,0.0,,cup_and_handle/images/no_pattern/2020/09/cup_and_handle__2020-09-23__0030409.png,,2020-09-23,30210,30409,2020-09-11T08:00:00+00:00,2020-09-23T23:00:00+00:00,,,,,,,,,,,,,No rule-based candidate at this daily endpoint,rule_candidate,pending
cup_and_handle__2020-09-24__0030432,cup_and_handle,0,no_pattern,neutral,0.0,,cup_and_handle/images/no_pattern/2020/09/cup_and_handle__2020-09-24__0030432.png,,2020-09-24,30233,30432,2020-09-14T08:00:00+00:00,2020-09-24T23:00:00+00:00,,,,,,,,,,,,,No rule-based candidate at this daily endpoint,rule_candidate,pending
cup_and_handle__2020-09-25__0030455,cup_and_handle,0,no_pattern,neutral,0.0,,cup_and_handle/images/no_pattern/2020/09/cup_and_handle__2020-09-25__0030455.png,,2020-09-25,30256,30455,2020-09-15T08:00:00+00:00,2020-09-25T23:00:00+00:00,,,,,,,,,,,,,No rule-based candidate at this daily endpoint,rule_candidate,pending
cup_and_handle__2020-09-28__0030478,cup_and_handle,0,no_pattern,neutral,0.0,,cup_and_handle/images/no_pattern/2020/09/cup_and_handle__2020-09-28__0030478.png,,2020-09-28,30279,30478,2020-09-16T08:00:00+00:00,2020-09-28T23:00:00+00:00,,,,,,,,,,,,,No rule-based candidate at this daily endpoint,rule_candidate,pending
cup_and_handle__2020-09-29__0030501,cup_and_handle,0,no_pattern,neutral,0.0,,cup_and_handle/images/no_pattern/2020/09/cup_and_handle__2020-09-29__0030501.png,,2020-09-29,30302,30501,2020-09-17T08:00:00+00:00,2020-09-29T23:00:00+00:00,,,,,,,,,,,,,No rule-based candidate at this daily endpoint,rule_candidate,pending
cup_and_handle__2020-09-30__0030524,cup_and_handle,0,no_pattern,neutral,0.0,,cup_and_handle/images/no_pattern/2020/09/cup_and_handle__2020-09-30__0030524.png,,2020-09-30,30325,30524,2020-09-18T08:00:00+00:00,2020-09-30T23:00:00+00:00,,,,,,,,,,,,,No rule-based candidate at this daily endpoint,rule_candidate,pending
cup_and_handle__2020-10-01__0030547,cup_and_handle,0,no_pattern,neutral,0.0,,cup_and_handle/images/no_pattern/2020/10/cup_and_handle__2020-10-01__0030547.png,,2020-10-01,30348,30547,2020-09-21T08:00:00+00:00,2020-10-01T23:00:00+00:00,,,,,,,,,,,,,No rule-based candidate at this daily endpoint,rule_candidate,pending
cup_and_handle__2020-10-02__0030570,cup_and_handle,0,no_pattern,neutral,0.0,,cup_and_handle/images/no_pattern/2020/10/cup_and_handle__2020-10-02__0030570.png,,2020-10-02,30371,30570,2020-09-22T08:00:00+00:00,2020-10-02T23:00:00+00:00,,,,,,,,,,,,,No rule-based candidate at this daily endpoint,rule_candidate,pending
cup_and_handle__2020-10-05__0030593,cup_and_handle,0,no_pattern,neutral,0.0,,cup_and_handle/images/no_pattern/2020/10/cup_and_handle__2020-10-05__0030593.png,,2020-10-05,30394,30593,2020-09-23T08:00:00+00:00,2020-10-05T23:00:00+00:00,,,,,,,,,,,,,No rule-based candidate at this daily endpoint,rule_candidate,pending
cup_and_handle__2020-10-06__0030616,cup_and_handle,0,no_pattern,neutral,0.0,,cup_and_handle/images/no_pattern/2020/10/cup_and_handle__2020-10-06__0030616.png,,2020-10-06,30417,30616,2020-09-24T08:00:00+00:00,2020-10-06T23:00:00+00:00,,,,,,,,,,,,,No rule-based candidate at this daily endpoint,rule_candidate,pending
cup_and_handle__2020-10-07__0030639,cup_and_handle,0,no_pattern,neutral,0.0,,cup_and_handle/images/no_pattern/2020/10/cup_and_handle__2020-10-07__0030639.png,,2020-10-07,30440,30639,2020-09-25T08:00:00+00:00,2020-10-07T23:00:00+00:00,,,,,,,,,,,,,No rule-based candidate at this daily endpoint,rule_candidate,pending
cup_and_handle__2020-10-08__0030662,cup_and_handle,0,no_pattern,neutral,0.0,,cup_and_handle/images/no_pattern/2020/10/cup_and_handle__2020-10-08__0030662.png,,2020-10-08,30463,30662,2020-09-28T08:00:00+00:00,2020-10-08T23:00:00+00:00,,,,,,,,,,,,,No rule-based candidate at this daily endpoint,rule_candidate,pending
cup_and_handle__2020-10-09__0030685,cup_and_handle,0,no_pattern,neutral,0.0,,cup_and_handle/images/no_pattern/2020/10/cup_and_handle__2020-10-09__0030685.png,,2020-10-09,30486,30685,2020-09-29T08:00:00+00:00,2020-10-09T23:00:00+00:00,,,,,,,,,,,,,No rule-based candidate at this daily endpoint,rule_candidate,pending
cup_and_handle__2020-10-12__0030708,cup_and_handle,0,no_pattern,neutral,0.0,,cup_and_handle/images/no_pattern/2020/10/cup_and_handle__2020-10-12__0030708.png,,2020-10-12,30509,30708,2020-09-30T08:00:00+00:00,2020-10-12T23:00:00+00:00,,,,,,,,,,,,,No rule-based candidate at this daily endpoint,rule_candidate,pending
cup_and_handle__2020-10-13__0030731,cup_and_handle,0,no_pattern,neutral,0.0,,cup_and_handle/images/no_pattern/2020/10/cup_and_handle__2020-10-13__0030731.png,,2020-10-13,30532,30731,2020-10-01T08:00:00+00:00,2020-10-13T23:00:00+00:00,,,,,,,,,,,,,No rule-based candidate at this daily endpoint,rule_candidate,pending
cup_and_handle__2020-10-14__0030754,cup_and_handle,0,no_pattern,neutral,0.0,,cup_and_handle/images/no_pattern/2020/10/cup_and_handle__2020-10-14__0030754.png,,2020-10-14,30555,30754,2020-10-02T08:00:00+00:00,2020-10-14T23:00:00+00:00,,,,,,,,,,,,,No rule-based candidate at this daily endpoint,rule_candidate,pending
cup_and_handle__2020-10-15__0030777,cup_and_handle,0,no_pattern,neutral,0.0,,cup_and_handle/images/no_pattern/2020/10/cup_and_handle__2020-10-15__0030777.png,,2020-10-15,30578,30777,2020-10-05T08:00:00+00:00,2020-10-15T23:00:00+00:00,,,,,,,,,,,,,No rule-based candidate at this daily endpoint,rule_candidate,pending
cup_and_handle__2020-10-16__0030800,cup_and_handle,0,no_pattern,neutral,0.0,,cup_and_handle/images/no_pattern/2020/10/cup_and_handle__2020-10-16__0030800.png,,2020-10-16,30601,30800,2020-10-06T08:00:00+00:00,2020-10-16T23:00:00+00:00,,,,,,,,,,,,,No rule-based candidate at this daily endpoint,rule_candidate,pending
cup_and_handle__2020-10-19__0030823,cup_and_handle,0,no_pattern,neutral,0.0,,cup_and_handle/images/no_pattern/2020/10/cup_and_handle__2020-10-19__0030823.png,,2020-10-19,30624,30823,2020-10-07T08:00:00+00:00,2020-10-19T23:00:00+00:00,,,,,,,,,,,,,No rule-based candidate at this daily endpoint,rule_candidate,pending
cup_and_handle__2020-10-20__0030846,cup_and_handle,0,no_pattern,neutral,0.0,,cup_and_handle/images/no_pattern/2020/10/cup_and_handle__2020-10-20__0030846.png,,2020-10-20,30647,30846,2020-10-08T08:00:00+00:00,2020-10-20T23:00:00+00:00,,,,,,,,,,,,,No rule-based candidate at this daily endpoint,rule_candidate,pending
cup_and_handle__2020-10-21__0030869,cup_and_handle,0,no_pattern,neutral,0.0,,cup_and_handle/images/no_pattern/2020/10/cup_and_handle__2020-10-21__0030869.png,,2020-10-21,30670,30869,2020-10-09T08:00:00+00:00,2020-10-21T23:00:00+00:00,,,,,,,,,,,,,No rule-based candidate at this daily endpoint,rule_candidate,pending
cup_and_handle__2020-10-22__0030892,cup_and_handle,0,no_pattern,neutral,0.0,,cup_and_handle/images/no_pattern/2020/10/cup_and_handle__2020-10-22__0030892.png,,2020-10-22,30693,30892,2020-10-12T08:00:00+00:00,2020-10-22T23:00:00+00:00,,,,,,,,,,,,,No rule-based candidate at this daily endpoint,rule_candidate,pending
cup_and_handle__2020-10-23__0030915,cup_and_handle,0,no_pattern,neutral,0.0,,cup_and_handle/images/no_pattern/2020/10/cup_and_handle__2020-10-23__0030915.png,,2020-10-23,30716,30915,2020-10-13T08:00:00+00:00,2020-10-23T23:00:00+00:00,,,,,,,,,,,,,No rule-based candidate at this daily endpoint,rule_candidate,pending
cup_and_handle__2020-10-26__0030938,cup_and_handle,0,no_pattern,neutral,0.0,,cup_and_handle/images/no_pattern/2020/10/cup_and_handle__2020-10-26__0030938.png,,2020-10-26,30739,30938,2020-10-14T08:00:00+00:00,2020-10-26T22:00:00+00:00,,,,,,,,,,,,,No rule-based candidate at this daily endpoint,rule_candidate,pending
cup_and_handle__2020-10-27__0030961,cup_and_handle,0,no_pattern,neutral,0.0,,cup_and_handle/images/no_pattern/2020/10/cup_and_handle__2020-10-27__0030961.png,,2020-10-27,30762,30961,2020-10-15T08:00:00+00:00,2020-10-27T22:00:00+00:00,,,,,,,,,,,,,No rule-based candidate at this daily endpoint,rule_candidate,pending
cup_and_handle__2020-10-28__0030984,cup_and_handle,0,no_pattern,neutral,0.0,,cup_and_handle/images/no_pattern/2020/10/cup_and_handle__2020-10-28__0030984.png,,2020-10-28,30785,30984,2020-10-16T08:00:00+00:00,2020-10-28T22:00:00+00:00,,,,,,,,,,,,,No rule-based candidate at this daily endpoint,rule_candidate,pending
cup_and_handle__2020-10-29__0031007,cup_and_handle,0,no_pattern,neutral,0.0,,cup_and_handle/images/no_pattern/2020/10/cup_and_handle__2020-10-29__0031007.png,,2020-10-29,30808,31007,2020-10-19T08:00:00+00:00,2020-10-29T22:00:00+00:00,,,,,,,,,,,,,No rule-based candidate at this daily endpoint,rule_candidate,pending
cup_and_handle__2020-10-30__0031030,cup_and_handle,0,no_pattern,neutral,0.0,,cup_and_handle/images/no_pattern/2020/10/cup_and_handle__2020-10-30__0031030.png,,2020-10-30,30831,31030,2020-10-20T08:00:00+00:00,2020-10-30T22:00:00+00:00,,,,,,,,,,,,,No rule-based candidate at this daily endpoint,rule_candidate,pending
cup_and_handle__2020-11-02__0031053,cup_and_handle,0,no_pattern,neutral,0.0,,cup_and_handle/images/no_pattern/2020/11/cup_and_handle__2020-11-02__0031053.png,,2020-11-02,30854,31053,2020-10-21T08:00:00+00:00,2020-11-02T23:00:00+00:00,,,,,,,,,,,,,No rule-based candidate at this daily endpoint,rule_candidate,pending
cup_and_handle__2020-11-03__0031076,cup_and_handle,0,no_pattern,neutral,0.0,,cup_and_handle/images/no_pattern/2020/11/cup_and_handle__2020-11-03__0031076.png,,2020-11-03,30877,31076,2020-10-22T08:00:00+00:00,2020-11-03T23:00:00+00:00,,,,,,,,,,,,,No rule-based candidate at this daily endpoint,rule_candidate,pending
cup_and_handle__2020-11-04__0031099,cup_and_handle,0,no_pattern,neutral,0.0,,cup_and_handle/images/no_pattern/2020/11/cup_and_handle__2020-11-04__0031099.png,,2020-11-04,30900,31099,2020-10-23T08:00:00+00:00,2020-11-04T23:00:00+00:00,,,,,,,,,,,,,No rule-based candidate at this daily endpoint,rule_candidate,pending
cup_and_handle__2020-11-05__0031122,cup_and_handle,0,no_pattern,neutral,0.0,,cup_and_handle/images/no_pattern/2020/11/cup_and_handle__2020-11-05__0031122.png,,2020-11-05,30923,31122,2020-10-26T07:00:00+00:00,2020-11-05T23:00:00+00:00,,,,,,,,,,,,,No rule-based candidate at this daily endpoint,rule_candidate,pending
cup_and_handle__2020-11-06__0031145,cup_and_handle,0,no_pattern,neutral,0.0,,cup_and_handle/images/no_pattern/2020/11/cup_and_handle__2020-11-06__0031145.png,,2020-11-06,30946,31145,2020-10-27T07:00:00+00:00,2020-11-06T23:00:00+00:00,,,,,,,,,,,,,No rule-based candidate at this daily endpoint,rule_candidate,pending
cup_and_handle__2020-11-09__0031168,cup_and_handle,0,no_pattern,neutral,0.0,,cup_and_handle/images/no_pattern/2020/11/cup_and_handle__2020-11-09__0031168.png,,2020-11-09,30969,31168,2020-10-28T07:00:00+00:00,2020-11-09T23:00:00+00:00,,,,,,,,,,,,,No rule-based candidate at this daily endpoint,rule_candidate,pending
cup_and_handle__2020-11-10__0031191,cup_and_handle,0,no_pattern,neutral,0.0,,cup_and_handle/images/no_pattern/2020/11/cup_and_handle__2020-11-10__0031191.png,,2020-11-10,30992,31191,2020-10-29T07:00:00+00:00,2020-11-10T23:00:00+00:00,,,,,,,,,,,,,No rule-based candidate at this daily endpoint,rule_candidate,pending
cup_and_handle__2020-11-11__0031214,cup_and_handle,0,no_pattern,neutral,0.0,,cup_and_handle/images/no_pattern/2020/11/cup_and_handle__2020-11-11__0031214.png,,2020-11-11,31015,31214,2020-10-30T07:00:00+00:00,2020-11-11T23:00:00+00:00,,,,,,,,,,,,,No rule-based candidate at this daily endpoint,rule_candidate,pending
cup_and_handle__2020-11-12__0031237,cup_and_handle,0,no_pattern,neutral,0.0,,cup_and_handle/images/no_pattern/2020/11/cup_and_handle__2020-11-12__0031237.png,,2020-11-12,31038,31237,2020-11-02T08:00:00+00:00,2020-11-12T23:00:00+00:00,,,,,,,,,,,,,No rule-based candidate at this daily endpoint,rule_candidate,pending
cup_and_handle__2020-11-13__0031260,cup_and_handle,0,no_pattern,neutral,0.0,,cup_and_handle/images/no_pattern/2020/11/cup_and_handle__2020-11-13__0031260.png,,2020-11-13,31061,31260,2020-11-03T08:00:00+00:00,2020-11-13T23:00:00+00:00,,,,,,,,,,,,,No rule-based candidate at this daily endpoint,rule_candidate,pending
cup_and_handle__2020-11-16__0031283,cup_and_handle,0,no_pattern,neutral,0.0,,cup_and_handle/images/no_pattern/2020/11/cup_and_handle__2020-11-16__0031283.png,,2020-11-16,31084,31283,2020-11-04T08:00:00+00:00,2020-11-16T23:00:00+00:00,,,,,,,,,,,,,No rule-based candidate at this daily endpoint,rule_candidate,pending
cup_and_handle__2020-11-17__0031306,cup_and_handle,0,no_pattern,neutral,0.0,,cup_and_handle/images/no_pattern/2020/11/cup_and_handle__2020-11-17__0031306.png,,2020-11-17,31107,31306,2020-11-05T08:00:00+00:00,2020-11-17T23:00:00+00:00,,,,,,,,,,,,,No rule-based candidate at this daily endpoint,rule_candidate,pending
cup_and_handle__2020-11-18__0031329,cup_and_handle,0,no_pattern,neutral,0.0,,cup_and_handle/images/no_pattern/2020/11/cup_and_handle__2020-11-18__0031329.png,,2020-11-18,31130,31329,2020-11-06T08:00:00+00:00,2020-11-18T23:00:00+00:00,,,,,,,,,,,,,No rule-based candidate at this daily endpoint,rule_candidate,pending
cup_and_handle__2020-11-19__0031352,cup_and_handle,0,no_pattern,neutral,0.0,,cup_and_handle/images/no_pattern/2020/11/cup_and_handle__2020-11-19__0031352.png,,2020-11-19,31153,31352,2020-11-09T08:00:00+00:00,2020-11-19T23:00:00+00:00,,,,,,,,,,,,,No rule-based candidate at this daily endpoint,rule_candidate,pending
cup_and_handle__2020-11-20__0031375,cup_and_handle,0,no_pattern,neutral,0.0,,cup_and_handle/images/no_pattern/2020/11/cup_and_handle__2020-11-20__0031375.png,,2020-11-20,31176,31375,2020-11-10T08:00:00+00:00,2020-11-20T23:00:00+00:00,,,,,,,,,,,,,No rule-based candidate at this daily endpoint,rule_candidate,pending
cup_and_handle__2020-11-23__0031398,cup_and_handle,0,no_pattern,neutral,0.0,,cup_and_handle/images/no_pattern/2020/11/cup_and_handle__2020-11-23__0031398.png,,2020-11-23,31199,31398,2020-11-11T08:00:00+00:00,2020-11-23T23:00:00+00:00,,,,,,,,,,,,,No rule-based candidate at this daily endpoint,rule_candidate,pending
cup_and_handle__2020-11-24__0031421,cup_and_handle,0,no_pattern,neutral,0.0,,cup_and_handle/images/no_pattern/2020/11/cup_and_handle__2020-11-24__0031421.png,,2020-11-24,31222,31421,2020-11-12T08:00:00+00:00,2020-11-24T23:00:00+00:00,,,,,,,,,,,,,No rule-based candidate at this daily endpoint,rule_candidate,pending
cup_and_handle__2020-11-25__0031444,cup_and_handle,0,no_pattern,neutral,0.0,,cup_and_handle/images/no_pattern/2020/11/cup_and_handle__2020-11-25__0031444.png,,2020-11-25,31245,31444,2020-11-13T08:00:00+00:00,2020-11-25T23:00:00+00:00,,,,,,,,,,,,,No rule-based candidate at this daily endpoint,rule_candidate,pending
cup_and_handle__2020-11-26__0031463,cup_and_handle,0,no_pattern,neutral,0.0,,cup_and_handle/images/no_pattern/2020/11/cup_and_handle__2020-11-26__0031463.png,,2020-11-26,31264,31463,2020-11-16T04:00:00+00:00,2020-11-26T19:00:00+00:00,,,,,,,,,,,,,No rule-based candidate at this daily endpoint,rule_candidate,pending
cup_and_handle__2020-11-27__0031483,cup_and_handle,0,no_pattern,neutral,0.0,,cup_and_handle/images/no_pattern/2020/11/cup_and_handle__2020-11-27__0031483.png,,2020-11-27,31284,31483,2020-11-17T01:00:00+00:00,2020-11-27T20:00:00+00:00,,,,,,,,,,,,,No rule-based candidate at this daily endpoint,rule_candidate,pending
cup_and_handle__2020-11-30__0031506,cup_and_handle,0,no_pattern,neutral,0.0,,cup_and_handle/images/no_pattern/2020/11/cup_and_handle__2020-11-30__0031506.png,,2020-11-30,31307,31506,2020-11-18T01:00:00+00:00,2020-11-30T23:00:00+00:00,,,,,,,,,,,,,No rule-based candidate at this daily endpoint,rule_candidate,pending
cup_and_handle__2020-12-01__0031529,cup_and_handle,0,no_pattern,neutral,0.0,,cup_and_handle/images/no_pattern/2020/12/cup_and_handle__2020-12-01__0031529.png,,2020-12-01,31330,31529,2020-11-19T01:00:00+00:00,2020-12-01T23:00:00+00:00,,,,,,,,,,,,,No rule-based candidate at this daily endpoint,rule_candidate,pending
cup_and_handle__2020-12-02__0031552,cup_and_handle,0,no_pattern,neutral,0.0,,cup_and_handle/images/no_pattern/2020/12/cup_and_handle__2020-12-02__0031552.png,,2020-12-02,31353,31552,2020-11-20T01:00:00+00:00,2020-12-02T23:00:00+00:00,,,,,,,,,,,,,No rule-based candidate at this daily endpoint,rule_candidate,pending
cup_and_handle__2020-12-03__0031575,cup_and_handle,0,no_pattern,neutral,0.0,,cup_and_handle/images/no_pattern/2020/12/cup_and_handle__2020-12-03__0031575.png,,2020-12-03,31376,31575,2020-11-23T01:00:00+00:00,2020-12-03T23:00:00+00:00,,,,,,,,,,,,,No rule-based candidate at this daily endpoint,rule_candidate,pending
cup_and_handle__2020-12-04__0031598,cup_and_handle,0,no_pattern,neutral,0.0,,cup_and_handle/images/no_pattern/2020/12/cup_and_handle__2020-12-04__0031598.png,,2020-12-04,31399,31598,2020-11-24T01:00:00+00:00,2020-12-04T23:00:00+00:00,,,,,,,,,,,,,No rule-based candidate at this daily endpoint,rule_candidate,pending
cup_and_handle__2020-12-07__0031621,cup_and_handle,0,no_pattern,neutral,0.0,,cup_and_handle/images/no_pattern/2020/12/cup_and_handle__2020-12-07__0031621.png,,2020-12-07,31422,31621,2020-11-25T01:00:00+00:00,2020-12-07T23:00:00+00:00,,,,,,,,,,,,,No rule-based candidate at this daily endpoint,rule_candidate,pending
cup_and_handle__2020-12-08__0031644,cup_and_handle,0,no_pattern,neutral,0.0,,cup_and_handle/images/no_pattern/2020/12/cup_and_handle__2020-12-08__0031644.png,,2020-12-08,31445,31644,2020-11-26T01:00:00+00:00,2020-12-08T23:00:00+00:00,,,,,,,,,,,,,No rule-based candidate at this daily endpoint,rule_candidate,pending
cup_and_handle__2020-12-09__0031667,cup_and_handle,0,no_pattern,neutral,0.0,,cup_and_handle/images/no_pattern/2020/12/cup_and_handle__2020-12-09__0031667.png,,2020-12-09,31468,31667,2020-11-27T05:00:00+00:00,2020-12-09T23:00:00+00:00,,,,,,,,,,,,,No rule-based candidate at this daily endpoint,rule_candidate,pending
cup_and_handle__2020-12-10__0031690,cup_and_handle,0,no_pattern,neutral,0.0,,cup_and_handle/images/no_pattern/2020/12/cup_and_handle__2020-12-10__0031690.png,,2020-12-10,31491,31690,2020-11-30T08:00:00+00:00,2020-12-10T23:00:00+00:00,,,,,,,,,,,,,No rule-based candidate at this daily endpoint,rule_candidate,pending
cup_and_handle__2020-12-11__0031713,cup_and_handle,0,no_pattern,neutral,0.0,,cup_and_handle/images/no_pattern/2020/12/cup_and_handle__2020-12-11__0031713.png,,2020-12-11,31514,31713,2020-12-01T08:00:00+00:00,2020-12-11T23:00:00+00:00,,,,,,,,,,,,,No rule-based candidate at this daily endpoint,rule_candidate,pending
cup_and_handle__2020-12-14__0031736,cup_and_handle,0,no_pattern,neutral,0.0,,cup_and_handle/images/no_pattern/2020/12/cup_and_handle__2020-12-14__0031736.png,,2020-12-14,31537,31736,2020-12-02T08:00:00+00:00,2020-12-14T23:00:00+00:00,,,,,,,,,,,,,No rule-based candidate at this daily endpoint,rule_candidate,pending
cup_and_handle__2020-12-15__0031759,cup_and_handle,0,no_pattern,neutral,0.0,,cup_and_handle/images/no_pattern/2020/12/cup_and_handle__2020-12-15__0031759.png,,2020-12-15,31560,31759,2020-12-03T08:00:00+00:00,2020-12-15T23:00:00+00:00,,,,,,,,,,,,,No rule-based candidate at this daily endpoint,rule_candidate,pending
cup_and_handle__2020-12-16__0031782,cup_and_handle,0,no_pattern,neutral,0.0,,cup_and_handle/images/no_pattern/2020/12/cup_and_handle__2020-12-16__0031782.png,,2020-12-16,31583,31782,2020-12-04T08:00:00+00:00,2020-12-16T23:00:00+00:00,,,,,,,,,,,,,No rule-based candidate at this daily endpoint,rule_candidate,pending
cup_and_handle__2020-12-17__0031805,cup_and_handle,0,no_pattern,neutral,0.0,,cup_and_handle/images/no_pattern/2020/12/cup_and_handle__2020-12-17__0031805.png,,2020-12-17,31606,31805,2020-12-07T08:00:00+00:00,2020-12-17T23:00:00+00:00,,,,,,,,,,,,,No rule-based candidate at this daily endpoint,rule_candidate,pending
cup_and_handle__2020-12-18__0031828,cup_and_handle,0,no_pattern,neutral,0.0,,cup_and_handle/images/no_pattern/2020/12/cup_and_handle__2020-12-18__0031828.png,,2020-12-18,31629,31828,2020-12-08T08:00:00+00:00,2020-12-18T23:00:00+00:00,,,,,,,,,,,,,No rule-based candidate at this daily endpoint,rule_candidate,pending
cup_and_handle__2020-12-21__0031851,cup_and_handle,0,no_pattern,neutral,0.0,,cup_and_handle/images/no_pattern/2020/12/cup_and_handle__2020-12-21__0031851.png,,2020-12-21,31652,31851,2020-12-09T08:00:00+00:00,2020-12-21T23:00:00+00:00,,,,,,,,,,,,,No rule-based candidate at this daily endpoint,rule_candidate,pending
cup_and_handle__2020-12-22__0031874,cup_and_handle,0,no_pattern,neutral,0.0,,cup_and_handle/images/no_pattern/2020/12/cup_and_handle__2020-12-22__0031874.png,,2020-12-22,31675,31874,2020-12-10T08:00:00+00:00,2020-12-22T23:00:00+00:00,,,,,,,,,,,,,No rule-based candidate at this daily endpoint,rule_candidate,pending
cup_and_handle__2020-12-23__0031897,cup_and_handle,0,no_pattern,neutral,0.0,,cup_and_handle/images/no_pattern/2020/12/cup_and_handle__2020-12-23__0031897.png,,2020-12-23,31698,31897,2020-12-11T08:00:00+00:00,2020-12-23T23:00:00+00:00,,,,,,,,,,,,,No rule-based candidate at this daily endpoint,rule_candidate,pending
cup_and_handle__2020-12-24__0031915,cup_and_handle,1,confirmed,bullish,0.66,64.0,cup_and_handle/images/confirmed/2020/12/cup_and_handle__2020-12-24__0031915.png,,2020-12-24,31716,31915,2020-12-14T03:00:00+00:00,2020-12-24T18:00:00+00:00,31852.0,31915.0,2020-12-22T01:00:00+00:00,2020-12-24T18:00:00+00:00,31915.0,2020-12-24T18:00:00+00:00,1879.31,1858.7719642857144,1920.386071428571,2.0,1877.6066666666663,3.952142857142852,Cup and handle rounded base with shallow handle,rule_candidate,pending
cup_and_handle__2020-12-28__0031938,cup_and_handle,0,no_pattern,neutral,0.0,,cup_and_handle/images/no_pattern/2020/12/cup_and_handle__2020-12-28__0031938.png,,2020-12-28,31739,31938,2020-12-15T03:00:00+00:00,2020-12-28T23:00:00+00:00,,,,,,,,,,,,,No rule-based candidate at this daily endpoint,rule_candidate,pending
cup_and_handle__2020-12-29__0031961,cup_and_handle,0,no_pattern,neutral,0.0,,cup_and_handle/images/no_pattern/2020/12/cup_and_handle__2020-12-29__0031961.png,,2020-12-29,31762,31961,2020-12-16T03:00:00+00:00,2020-12-29T23:00:00+00:00,,,,,,,,,,,,,No rule-based candidate at this daily endpoint,rule_candidate,pending
cup_and_handle__2020-12-30__0031984,cup_and_handle,0,no_pattern,neutral,0.0,,cup_and_handle/images/no_pattern/2020/12/cup_and_handle__2020-12-30__0031984.png,,2020-12-30,31785,31984,2020-12-17T03:00:00+00:00,2020-12-30T23:00:00+00:00,,,,,,,,,,,,,No rule-based candidate at this daily endpoint,rule_candidate,pending
cup_and_handle__2020-12-31__0032002,cup_and_handle,0,no_pattern,neutral,0.0,,cup_and_handle/images/no_pattern/2020/12/cup_and_handle__2020-12-31__0032002.png,,2020-12-31,31803,32002,2020-12-17T21:00:00+00:00,2020-12-31T18:00:00+00:00,,,,,,,,,,,,,No rule-based candidate at this daily endpoint,rule_candidate,pending
cup_and_handle__2021-01-04__0032025,cup_and_handle,0,no_pattern,neutral,0.0,,cup_and_handle/images/no_pattern/2021/01/cup_and_handle__2021-01-04__0032025.png,,2021-01-04,31826,32025,2020-12-18T21:00:00+00:00,2021-01-04T23:00:00+00:00,,,,,,,,,,,,,No rule-based candidate at this daily endpoint,rule_candidate,pending
cup_and_handle__2021-01-05__0032048,cup_and_handle,0,no_pattern,neutral,0.0,,cup_and_handle/images/no_pattern/2021/01/cup_and_handle__2021-01-05__0032048.png,,2021-01-05,31849,32048,2020-12-21T21:00:00+00:00,2021-01-05T23:00:00+00:00,,,,,,,,,,,,,No rule-based candidate at this daily endpoint,rule_candidate,pending
cup_and_handle__2021-01-06__0032071,cup_and_handle,0,no_pattern,neutral,0.0,,cup_and_handle/images/no_pattern/2021/01/cup_and_handle__2021-01-06__0032071.png,,2021-01-06,31872,32071,2020-12-22T21:00:00+00:00,2021-01-06T23:00:00+00:00,,,,,,,,,,,,,No rule-based candidate at this daily endpoint,rule_candidate,pending
cup_and_handle__2021-01-07__0032094,cup_and_handle,0,no_pattern,neutral,0.0,,cup_and_handle/images/no_pattern/2021/01/cup_and_handle__2021-01-07__0032094.png,,2021-01-07,31895,32094,2020-12-23T21:00:00+00:00,2021-01-07T23:00:00+00:00,,,,,,,,,,,,,No rule-based candidate at this daily endpoint,rule_candidate,pending
cup_and_handle__2021-01-08__0032117,cup_and_handle,0,no_pattern,neutral,0.0,,cup_and_handle/images/no_pattern/2021/01/cup_and_handle__2021-01-08__0032117.png,,2021-01-08,31918,32117,2020-12-28T03:00:00+00:00,2021-01-08T23:00:00+00:00,,,,,,,,,,,,,No rule-based candidate at this daily endpoint,rule_candidate,pending
cup_and_handle__2021-01-11__0032140,cup_and_handle,0,no_pattern,neutral,0.0,,cup_and_handle/images/no_pattern/2021/01/cup_and_handle__2021-01-11__0032140.png,,2021-01-11,31941,32140,2020-12-29T03:00:00+00:00,2021-01-11T23:00:00+00:00,,,,,,,,,,,,,No rule-based candidate at this daily endpoint,rule_candidate,pending
cup_and_handle__2021-01-12__0032163,cup_and_handle,0,no_pattern,neutral,0.0,,cup_and_handle/images/no_pattern/2021/01/cup_and_handle__2021-01-12__0032163.png,,2021-01-12,31964,32163,2020-12-30T03:00:00+00:00,2021-01-12T23:00:00+00:00,,,,,,,,,,,,,No rule-based candidate at this daily endpoint,rule_candidate,pending
cup_and_handle__2021-01-13__0032186,cup_and_handle,0,no_pattern,neutral,0.0,,cup_and_handle/images/no_pattern/2021/01/cup_and_handle__2021-01-13__0032186.png,,2021-01-13,31987,32186,2020-12-31T03:00:00+00:00,2021-01-13T23:00:00+00:00,,,,,,,,,,,,,No rule-based candidate at this daily endpoint,rule_candidate,pending
cup_and_handle__2021-01-14__0032209,cup_and_handle,0,no_pattern,neutral,0.0,,cup_and_handle/images/no_pattern/2021/01/cup_and_handle__2021-01-14__0032209.png,,2021-01-14,32010,32209,2021-01-04T08:00:00+00:00,2021-01-14T23:00:00+00:00,,,,,,,,,,,,,No rule-based candidate at this daily endpoint,rule_candidate,pending
cup_and_handle__2021-01-15__0032232,cup_and_handle,0,no_pattern,neutral,0.0,,cup_and_handle/images/no_pattern/2021/01/cup_and_handle__2021-01-15__0032232.png,,2021-01-15,32033,32232,2021-01-05T08:00:00+00:00,2021-01-15T23:00:00+00:00,,,,,,,,,,,,,No rule-based candidate at this daily endpoint,rule_candidate,pending
cup_and_handle__2021-01-18__0032251,cup_and_handle,0,no_pattern,neutral,0.0,,cup_and_handle/images/no_pattern/2021/01/cup_and_handle__2021-01-18__0032251.png,,2021-01-18,32052,32251,2021-01-06T04:00:00+00:00,2021-01-18T19:00:00+00:00,,,,,,,,,,,,,No rule-based candidate at this daily endpoint,rule_candidate,pending
cup_and_handle__2021-01-19__0032274,cup_and_handle,1,forming,bullish,0.54,64.0,cup_and_handle/images/forming/2021/01/cup_and_handle__2021-01-19__0032274.png,,2021-01-19,32075,32274,2021-01-07T04:00:00+00:00,2021-01-19T23:00:00+00:00,32211.0,32274.0,2021-01-15T02:00:00+00:00,2021-01-19T23:00:00+00:00,,,1851.5044444444443,1809.2580357142856,1935.997261904762,2.0,1851.5044444444443,4.527857142857134,Cup and handle rounded base with shallow handle,rule_candidate,pending
cup_and_handle__2021-01-20__0032297,cup_and_handle,0,no_pattern,neutral,0.0,,cup_and_handle/images/no_pattern/2021/01/cup_and_handle__2021-01-20__0032297.png,,2021-01-20,32098,32297,2021-01-08T04:00:00+00:00,2021-01-20T23:00:00+00:00,,,,,,,,,,,,,No rule-based candidate at this daily endpoint,rule_candidate,pending
cup_and_handle__2021-01-21__0032320,cup_and_handle,0,no_pattern,neutral,0.0,,cup_and_handle/images/no_pattern/2021/01/cup_and_handle__2021-01-21__0032320.png,,2021-01-21,32121,32320,2021-01-11T04:00:00+00:00,2021-01-21T23:00:00+00:00,,,,,,,,,,,,,No rule-based candidate at this daily endpoint,rule_candidate,pending
cup_and_handle__2021-01-22__0032343,cup_and_handle,0,no_pattern,neutral,0.0,,cup_and_handle/images/no_pattern/2021/01/cup_and_handle__2021-01-22__0032343.png,,2021-01-22,32144,32343,2021-01-12T04:00:00+00:00,2021-01-22T23:00:00+00:00,,,,,,,,,,,,,No rule-based candidate at this daily endpoint,rule_candidate,pending
cup_and_handle__2021-01-25__0032366,cup_and_handle,0,no_pattern,neutral,0.0,,cup_and_handle/images/no_pattern/2021/01/cup_and_handle__2021-01-25__0032366.png,,2021-01-25,32167,32366,2021-01-13T04:00:00+00:00,2021-01-25T23:00:00+00:00,,,,,,,,,,,,,No rule-based candidate at this daily endpoint,rule_candidate,pending
cup_and_handle__2021-01-26__0032389,cup_and_handle,0,no_pattern,neutral,0.0,,cup_and_handle/images/no_pattern/2021/01/cup_and_handle__2021-01-26__0032389.png,,2021-01-26,32190,32389,2021-01-14T04:00:00+00:00,2021-01-26T23:00:00+00:00,,,,,,,,,,,,,No rule-based candidate at this daily endpoint,rule_candidate,pending
cup_and_handle__2021-01-27__0032412,cup_and_handle,0,no_pattern,neutral,0.0,,cup_and_handle/images/no_pattern/2021/01/cup_and_handle__2021-01-27__0032412.png,,2021-01-27,32213,32412,2021-01-15T04:00:00+00:00,2021-01-27T23:00:00+00:00,,,,,,,,,,,,,No rule-based candidate at this daily endpoint,rule_candidate,pending
cup_and_handle__2021-01-28__0032435,cup_and_handle,0,no_pattern,neutral,0.0,,cup_and_handle/images/no_pattern/2021/01/cup_and_handle__2021-01-28__0032435.png,,2021-01-28,32236,32435,2021-01-18T04:00:00+00:00,2021-01-28T23:00:00+00:00,,,,,,,,,,,,,No rule-based candidate at this daily endpoint,rule_candidate,pending
cup_and_handle__2021-01-29__0032458,cup_and_handle,0,no_pattern,neutral,0.0,,cup_and_handle/images/no_pattern/2021/01/cup_and_handle__2021-01-29__0032458.png,,2021-01-29,32259,32458,2021-01-19T08:00:00+00:00,2021-01-29T23:00:00+00:00,,,,,,,,,,,,,No rule-based candidate at this daily endpoint,rule_candidate,pending
cup_and_handle__2021-02-01__0032481,cup_and_handle,0,no_pattern,neutral,0.0,,cup_and_handle/images/no_pattern/2021/02/cup_and_handle__2021-02-01__0032481.png,,2021-02-01,32282,32481,2021-01-20T08:00:00+00:00,2021-02-01T23:00:00+00:00,,,,,,,,,,,,,No rule-based candidate at this daily endpoint,rule_candidate,pending
cup_and_handle__2021-02-02__0032504,cup_and_handle,0,no_pattern,neutral,0.0,,cup_and_handle/images/no_pattern/2021/02/cup_and_handle__2021-02-02__0032504.png,,2021-02-02,32305,32504,2021-01-21T08:00:00+00:00,2021-02-02T23:00:00+00:00,,,,,,,,,,,,,No rule-based candidate at this daily endpoint,rule_candidate,pending
cup_and_handle__2021-02-03__0032527,cup_and_handle,0,no_pattern,neutral,0.0,,cup_and_handle/images/no_pattern/2021/02/cup_and_handle__2021-02-03__0032527.png,,2021-02-03,32328,32527,2021-01-22T08:00:00+00:00,2021-02-03T23:00:00+00:00,,,,,,,,,,,,,No rule-based candidate at this daily endpoint,rule_candidate,pending
cup_and_handle__2021-02-04__0032550,cup_and_handle,0,no_pattern,neutral,0.0,,cup_and_handle/images/no_pattern/2021/02/cup_and_handle__2021-02-04__0032550.png,,2021-02-04,32351,32550,2021-01-25T08:00:00+00:00,2021-02-04T23:00:00+00:00,,,,,,,,,,,,,No rule-based candidate at this daily endpoint,rule_candidate,pending
cup_and_handle__2021-02-05__0032573,cup_and_handle,0,no_pattern,neutral,0.0,,cup_and_handle/images/no_pattern/2021/02/cup_and_handle__2021-02-05__0032573.png,,2021-02-05,32374,32573,2021-01-26T08:00:00+00:00,2021-02-05T23:00:00+00:00,,,,,,,,,,,,,No rule-based candidate at this daily endpoint,rule_candidate,pending
cup_and_handle__2021-02-08__0032596,cup_and_handle,0,no_pattern,neutral,0.0,,cup_and_handle/images/no_pattern/2021/02/cup_and_handle__2021-02-08__0032596.png,,2021-02-08,32397,32596,2021-01-27T08:00:00+00:00,2021-02-08T23:00:00+00:00,,,,,,,,,,,,,No rule-based candidate at this daily endpoint,rule_candidate,pending
cup_and_handle__2021-02-09__0032619,cup_and_handle,0,no_pattern,neutral,0.0,,cup_and_handle/images/no_pattern/2021/02/cup_and_handle__2021-02-09__0032619.png,,2021-02-09,32420,32619,2021-01-28T08:00:00+00:00,2021-02-09T23:00:00+00:00,,,,,,,,,,,,,No rule-based candidate at this daily endpoint,rule_candidate,pending
cup_and_handle__2021-02-10__0032642,cup_and_handle,0,no_pattern,neutral,0.0,,cup_and_handle/images/no_pattern/2021/02/cup_and_handle__2021-02-10__0032642.png,,2021-02-10,32443,32642,2021-01-29T08:00:00+00:00,2021-02-10T23:00:00+00:00,,,,,,,,,,,,,No rule-based candidate at this daily endpoint,rule_candidate,pending
cup_and_handle__2021-02-11__0032665,cup_and_handle,0,no_pattern,neutral,0.0,,cup_and_handle/images/no_pattern/2021/02/cup_and_handle__2021-02-11__0032665.png,,2021-02-11,32466,32665,2021-02-01T08:00:00+00:00,2021-02-11T23:00:00+00:00,,,,,,,,,,,,,No rule-based candidate at this daily endpoint,rule_candidate,pending
cup_and_handle__2021-02-12__0032688,cup_and_handle,0,no_pattern,neutral,0.0,,cup_and_handle/images/no_pattern/2021/02/cup_and_handle__2021-02-12__0032688.png,,2021-02-12,32489,32688,2021-02-02T08:00:00+00:00,2021-02-12T23:00:00+00:00,,,,,,,,,,,,,No rule-based candidate at this daily endpoint,rule_candidate,pending
cup_and_handle__2021-02-15__0032707,cup_and_handle,0,no_pattern,neutral,0.0,,cup_and_handle/images/no_pattern/2021/02/cup_and_handle__2021-02-15__0032707.png,,2021-02-15,32508,32707,2021-02-03T04:00:00+00:00,2021-02-15T19:00:00+00:00,,,,,,,,,,,,,No rule-based candidate at this daily endpoint,rule_candidate,pending
cup_and_handle__2021-02-16__0032730,cup_and_handle,0,no_pattern,neutral,0.0,,cup_and_handle/images/no_pattern/2021/02/cup_and_handle__2021-02-16__0032730.png,,2021-02-16,32531,32730,2021-02-04T04:00:00+00:00,2021-02-16T23:00:00+00:00,,,,,,,,,,,,,No rule-based candidate at this daily endpoint,rule_candidate,pending
cup_and_handle__2021-02-17__0032753,cup_and_handle,0,no_pattern,neutral,0.0,,cup_and_handle/images/no_pattern/2021/02/cup_and_handle__2021-02-17__0032753.png,,2021-02-17,32554,32753,2021-02-05T04:00:00+00:00,2021-02-17T23:00:00+00:00,,,,,,,,,,,,,No rule-based candidate at this daily endpoint,rule_candidate,pending
cup_and_handle__2021-02-18__0032776,cup_and_handle,0,no_pattern,neutral,0.0,,cup_and_handle/images/no_pattern/2021/02/cup_and_handle__2021-02-18__0032776.png,,2021-02-18,32577,32776,2021-02-08T04:00:00+00:00,2021-02-18T23:00:00+00:00,,,,,,,,,,,,,No rule-based candidate at this daily endpoint,rule_candidate,pending
cup_and_handle__2021-02-19__0032799,cup_and_handle,0,no_pattern,neutral,0.0,,cup_and_handle/images/no_pattern/2021/02/cup_and_handle__2021-02-19__0032799.png,,2021-02-19,32600,32799,2021-02-09T04:00:00+00:00,2021-02-19T23:00:00+00:00,,,,,,,,,,,,,No rule-based candidate at this daily endpoint,rule_candidate,pending
cup_and_handle__2021-02-22__0032822,cup_and_handle,0,no_pattern,neutral,0.0,,cup_and_handle/images/no_pattern/2021/02/cup_and_handle__2021-02-22__0032822.png,,2021-02-22,32623,32822,2021-02-10T04:00:00+00:00,2021-02-22T23:00:00+00:00,,,,,,,,,,,,,No rule-based candidate at this daily endpoint,rule_candidate,pending
cup_and_handle__2021-02-23__0032845,cup_and_handle,0,no_pattern,neutral,0.0,,cup_and_handle/images/no_pattern/2021/02/cup_and_handle__2021-02-23__0032845.png,,2021-02-23,32646,32845,2021-02-11T04:00:00+00:00,2021-02-23T23:00:00+00:00,,,,,,,,,,,,,No rule-based candidate at this daily endpoint,rule_candidate,pending
cup_and_handle__2021-02-24__0032868,cup_and_handle,0,no_pattern,neutral,0.0,,cup_and_handle/images/no_pattern/2021/02/cup_and_handle__2021-02-24__0032868.png,,2021-02-24,32669,32868,2021-02-12T04:00:00+00:00,2021-02-24T23:00:00+00:00,,,,,,,,,,,,,No rule-based candidate at this daily endpoint,rule_candidate,pending
cup_and_handle__2021-02-25__0032891,cup_and_handle,0,no_pattern,neutral,0.0,,cup_and_handle/images/no_pattern/2021/02/cup_and_handle__2021-02-25__0032891.png,,2021-02-25,32692,32891,2021-02-15T04:00:00+00:00,2021-02-25T23:00:00+00:00,,,,,,,,,,,,,No rule-based candidate at this daily endpoint,rule_candidate,pending
cup_and_handle__2021-02-26__0032914,cup_and_handle,0,no_pattern,neutral,0.0,,cup_and_handle/images/no_pattern/2021/02/cup_and_handle__2021-02-26__0032914.png,,2021-02-26,32715,32914,2021-02-16T08:00:00+00:00,2021-02-26T23:00:00+00:00,,,,,,,,,,,,,No rule-based candidate at this daily endpoint,rule_candidate,pending
cup_and_handle__2021-03-01__0032937,cup_and_handle,0,no_pattern,neutral,0.0,,cup_and_handle/images/no_pattern/2021/03/cup_and_handle__2021-03-01__0032937.png,,2021-03-01,32738,32937,2021-02-17T08:00:00+00:00,2021-03-01T23:00:00+00:00,,,,,,,,,,,,,No rule-based candidate at this daily endpoint,rule_candidate,pending
cup_and_handle__2021-03-02__0032960,cup_and_handle,0,no_pattern,neutral,0.0,,cup_and_handle/images/no_pattern/2021/03/cup_and_handle__2021-03-02__0032960.png,,2021-03-02,32761,32960,2021-02-18T08:00:00+00:00,2021-03-02T23:00:00+00:00,,,,,,,,,,,,,No rule-based candidate at this daily endpoint,rule_candidate,pending
cup_and_handle__2021-03-03__0032983,cup_and_handle,0,no_pattern,neutral,0.0,,cup_and_handle/images/no_pattern/2021/03/cup_and_handle__2021-03-03__0032983.png,,2021-03-03,32784,32983,2021-02-19T08:00:00+00:00,2021-03-03T23:00:00+00:00,,,,,,,,,,,,,No rule-based candidate at this daily endpoint,rule_candidate,pending
cup_and_handle__2021-03-04__0033006,cup_and_handle,0,no_pattern,neutral,0.0,,cup_and_handle/images/no_pattern/2021/03/cup_and_handle__2021-03-04__0033006.png,,2021-03-04,32807,33006,2021-02-22T08:00:00+00:00,2021-03-04T23:00:00+00:00,,,,,,,,,,,,,No rule-based candidate at this daily endpoint,rule_candidate,pending
cup_and_handle__2021-03-05__0033029,cup_and_handle,0,no_pattern,neutral,0.0,,cup_and_handle/images/no_pattern/2021/03/cup_and_handle__2021-03-05__0033029.png,,2021-03-05,32830,33029,2021-02-23T08:00:00+00:00,2021-03-05T23:00:00+00:00,,,,,,,,,,,,,No rule-based candidate at this daily endpoint,rule_candidate,pending
cup_and_handle__2021-03-08__0033052,cup_and_handle,0,no_pattern,neutral,0.0,,cup_and_handle/images/no_pattern/2021/03/cup_and_handle__2021-03-08__0033052.png,,2021-03-08,32853,33052,2021-02-24T08:00:00+00:00,2021-03-08T23:00:00+00:00,,,,,,,,,,,,,No rule-based candidate at this daily endpoint,rule_candidate,pending
cup_and_handle__2021-03-09__0033075,cup_and_handle,0,no_pattern,neutral,0.0,,cup_and_handle/images/no_pattern/2021/03/cup_and_handle__2021-03-09__0033075.png,,2021-03-09,32876,33075,2021-02-25T08:00:00+00:00,2021-03-09T23:00:00+00:00,,,,,,,,,,,,,No rule-based candidate at this daily endpoint,rule_candidate,pending
cup_and_handle__2021-03-10__0033098,cup_and_handle,0,no_pattern,neutral,0.0,,cup_and_handle/images/no_pattern/2021/03/cup_and_handle__2021-03-10__0033098.png,,2021-03-10,32899,33098,2021-02-26T08:00:00+00:00,2021-03-10T23:00:00+00:00,,,,,,,,,,,,,No rule-based candidate at this daily endpoint,rule_candidate,pending
cup_and_handle__2021-03-11__0033121,cup_and_handle,0,no_pattern,neutral,0.0,,cup_and_handle/images/no_pattern/2021/03/cup_and_handle__2021-03-11__0033121.png,,2021-03-11,32922,33121,2021-03-01T08:00:00+00:00,2021-03-11T23:00:00+00:00,,,,,,,,,,,,,No rule-based candidate at this daily endpoint,rule_candidate,pending
cup_and_handle__2021-03-12__0033144,cup_and_handle,0,no_pattern,neutral,0.0,,cup_and_handle/images/no_pattern/2021/03/cup_and_handle__2021-03-12__0033144.png,,2021-03-12,32945,33144,2021-03-02T08:00:00+00:00,2021-03-12T23:00:00+00:00,,,,,,,,,,,,,No rule-based candidate at this daily endpoint,rule_candidate,pending
cup_and_handle__2021-03-15__0033167,cup_and_handle,0,no_pattern,neutral,0.0,,cup_and_handle/images/no_pattern/2021/03/cup_and_handle__2021-03-15__0033167.png,,2021-03-15,32968,33167,2021-03-03T08:00:00+00:00,2021-03-15T22:00:00+00:00,,,,,,,,,,,,,No rule-based candidate at this daily endpoint,rule_candidate,pending
cup_and_handle__2021-03-16__0033190,cup_and_handle,0,no_pattern,neutral,0.0,,cup_and_handle/images/no_pattern/2021/03/cup_and_handle__2021-03-16__0033190.png,,2021-03-16,32991,33190,2021-03-04T08:00:00+00:00,2021-03-16T22:00:00+00:00,,,,,,,,,,,,,No rule-based candidate at this daily endpoint,rule_candidate,pending
cup_and_handle__2021-03-17__0033213,cup_and_handle,0,no_pattern,neutral,0.0,,cup_and_handle/images/no_pattern/2021/03/cup_and_handle__2021-03-17__0033213.png,,2021-03-17,33014,33213,2021-03-05T08:00:00+00:00,2021-03-17T22:00:00+00:00,,,,,,,,,,,,,No rule-based candidate at this daily endpoint,rule_candidate,pending
cup_and_handle__2021-03-18__0033236,cup_and_handle,0,no_pattern,neutral,0.0,,cup_and_handle/images/no_pattern/2021/03/cup_and_handle__2021-03-18__0033236.png,,2021-03-18,33037,33236,2021-03-08T08:00:00+00:00,2021-03-18T22:00:00+00:00,,,,,,,,,,,,,No rule-based candidate at this daily endpoint,rule_candidate,pending
cup_and_handle__2021-03-19__0033259,cup_and_handle,0,no_pattern,neutral,0.0,,cup_and_handle/images/no_pattern/2021/03/cup_and_handle__2021-03-19__0033259.png,,2021-03-19,33060,33259,2021-03-09T08:00:00+00:00,2021-03-19T22:00:00+00:00,,,,,,,,,,,,,No rule-based candidate at this daily endpoint,rule_candidate,pending
cup_and_handle__2021-03-22__0033282,cup_and_handle,0,no_pattern,neutral,0.0,,cup_and_handle/images/no_pattern/2021/03/cup_and_handle__2021-03-22__0033282.png,,2021-03-22,33083,33282,2021-03-10T08:00:00+00:00,2021-03-22T22:00:00+00:00,,,,,,,,,,,,,No rule-based candidate at this daily endpoint,rule_candidate,pending
cup_and_handle__2021-03-23__0033305,cup_and_handle,0,no_pattern,neutral,0.0,,cup_and_handle/images/no_pattern/2021/03/cup_and_handle__2021-03-23__0033305.png,,2021-03-23,33106,33305,2021-03-11T08:00:00+00:00,2021-03-23T22:00:00+00:00,,,,,,,,,,,,,No rule-based candidate at this daily endpoint,rule_candidate,pending
cup_and_handle__2021-03-24__0033328,cup_and_handle,0,no_pattern,neutral,0.0,,cup_and_handle/images/no_pattern/2021/03/cup_and_handle__2021-03-24__0033328.png,,2021-03-24,33129,33328,2021-03-12T08:00:00+00:00,2021-03-24T22:00:00+00:00,,,,,,,,,,,,,No rule-based candidate at this daily endpoint,rule_candidate,pending
cup_and_handle__2021-03-25__0033351,cup_and_handle,0,no_pattern,neutral,0.0,,cup_and_handle/images/no_pattern/2021/03/cup_and_handle__2021-03-25__0033351.png,,2021-03-25,33152,33351,2021-03-15T07:00:00+00:00,2021-03-25T22:00:00+00:00,,,,,,,,,,,,,No rule-based candidate at this daily endpoint,rule_candidate,pending
cup_and_handle__2021-03-26__0033374,cup_and_handle,0,no_pattern,neutral,0.0,,cup_and_handle/images/no_pattern/2021/03/cup_and_handle__2021-03-26__0033374.png,,2021-03-26,33175,33374,2021-03-16T07:00:00+00:00,2021-03-26T22:00:00+00:00,,,,,,,,,,,,,No rule-based candidate at this daily endpoint,rule_candidate,pending
cup_and_handle__2021-03-29__0033397,cup_and_handle,0,no_pattern,neutral,0.0,,cup_and_handle/images/no_pattern/2021/03/cup_and_handle__2021-03-29__0033397.png,,2021-03-29,33198,33397,2021-03-17T07:00:00+00:00,2021-03-29T23:00:00+00:00,,,,,,,,,,,,,No rule-based candidate at this daily endpoint,rule_candidate,pending
cup_and_handle__2021-03-30__0033420,cup_and_handle,0,no_pattern,neutral,0.0,,cup_and_handle/images/no_pattern/2021/03/cup_and_handle__2021-03-30__0033420.png,,2021-03-30,33221,33420,2021-03-18T07:00:00+00:00,2021-03-30T23:00:00+00:00,,,,,,,,,,,,,No rule-based candidate at this daily endpoint,rule_candidate,pending
cup_and_handle__2021-03-31__0033443,cup_and_handle,0,no_pattern,neutral,0.0,,cup_and_handle/images/no_pattern/2021/03/cup_and_handle__2021-03-31__0033443.png,,2021-03-31,33244,33443,2021-03-19T07:00:00+00:00,2021-03-31T23:00:00+00:00,,,,,,,,,,,,,No rule-based candidate at this daily endpoint,rule_candidate,pending
cup_and_handle__2021-04-01__0033466,cup_and_handle,0,no_pattern,neutral,0.0,,cup_and_handle/images/no_pattern/2021/04/cup_and_handle__2021-04-01__0033466.png,,2021-04-01,33267,33466,2021-03-22T07:00:00+00:00,2021-04-01T23:00:00+00:00,,,,,,,,,,,,,No rule-based candidate at this daily endpoint,rule_candidate,pending
cup_and_handle__2021-04-05__0033489,cup_and_handle,1,forming,bullish,0.54,120.0,cup_and_handle/images/forming/2021/04/cup_and_handle__2021-04-05__0033489.png,,2021-04-05,33290,33489,2021-03-23T07:00:00+00:00,2021-04-05T23:00:00+00:00,33370.0,33489.0,2021-03-26T18:00:00+00:00,2021-04-05T23:00:00+00:00,,,1729.3583333333331,1677.3207142857143,1833.433571428572,2.0,1729.3583333333331,3.717142857142871,Cup and handle rounded base with shallow handle,rule_candidate,pending
cup_and_handle__2021-04-06__0033512,cup_and_handle,0,no_pattern,neutral,0.0,,cup_and_handle/images/no_pattern/2021/04/cup_and_handle__2021-04-06__0033512.png,,2021-04-06,33313,33512,2021-03-24T07:00:00+00:00,2021-04-06T23:00:00+00:00,,,,,,,,,,,,,No rule-based candidate at this daily endpoint,rule_candidate,pending
cup_and_handle__2021-04-07__0033535,cup_and_handle,0,no_pattern,neutral,0.0,,cup_and_handle/images/no_pattern/2021/04/cup_and_handle__2021-04-07__0033535.png,,2021-04-07,33336,33535,2021-03-25T07:00:00+00:00,2021-04-07T23:00:00+00:00,,,,,,,,,,,,,No rule-based candidate at this daily endpoint,rule_candidate,pending
cup_and_handle__2021-04-08__0033558,cup_and_handle,0,no_pattern,neutral,0.0,,cup_and_handle/images/no_pattern/2021/04/cup_and_handle__2021-04-08__0033558.png,,2021-04-08,33359,33558,2021-03-26T07:00:00+00:00,2021-04-08T23:00:00+00:00,,,,,,,,,,,,,No rule-based candidate at this daily endpoint,rule_candidate,pending
cup_and_handle__2021-04-09__0033581,cup_and_handle,0,no_pattern,neutral,0.0,,cup_and_handle/images/no_pattern/2021/04/cup_and_handle__2021-04-09__0033581.png,,2021-04-09,33382,33581,2021-03-29T08:00:00+00:00,2021-04-09T23:00:00+00:00,,,,,,,,,,,,,No rule-based candidate at this daily endpoint,rule_candidate,pending
cup_and_handle__2021-04-12__0033604,cup_and_handle,0,no_pattern,neutral,0.0,,cup_and_handle/images/no_pattern/2021/04/cup_and_handle__2021-04-12__0033604.png,,2021-04-12,33405,33604,2021-03-30T08:00:00+00:00,2021-04-12T23:00:00+00:00,,,,,,,,,,,,,No rule-based candidate at this daily endpoint,rule_candidate,pending
cup_and_handle__2021-04-13__0033627,cup_and_handle,0,no_pattern,neutral,0.0,,cup_and_handle/images/no_pattern/2021/04/cup_and_handle__2021-04-13__0033627.png,,2021-04-13,33428,33627,2021-03-31T08:00:00+00:00,2021-04-13T23:00:00+00:00,,,,,,,,,,,,,No rule-based candidate at this daily endpoint,rule_candidate,pending
cup_and_handle__2021-04-14__0033650,cup_and_handle,0,no_pattern,neutral,0.0,,cup_and_handle/images/no_pattern/2021/04/cup_and_handle__2021-04-14__0033650.png,,2021-04-14,33451,33650,2021-04-01T08:00:00+00:00,2021-04-14T23:00:00+00:00,,,,,,,,,,,,,No rule-based candidate at this daily endpoint,rule_candidate,pending
cup_and_handle__2021-04-15__0033673,cup_and_handle,0,no_pattern,neutral,0.0,,cup_and_handle/images/no_pattern/2021/04/cup_and_handle__2021-04-15__0033673.png,,2021-04-15,33474,33673,2021-04-05T08:00:00+00:00,2021-04-15T23:00:00+00:00,,,,,,,,,,,,,No rule-based candidate at this daily endpoint,rule_candidate,pending
cup_and_handle__2021-04-16__0033696,cup_and_handle,0,no_pattern,neutral,0.0,,cup_and_handle/images/no_pattern/2021/04/cup_and_handle__2021-04-16__0033696.png,,2021-04-16,33497,33696,2021-04-06T08:00:00+00:00,2021-04-16T23:00:00+00:00,,,,,,,,,,,,,No rule-based candidate at this daily endpoint,rule_candidate,pending
cup_and_handle__2021-04-19__0033719,cup_and_handle,0,no_pattern,neutral,0.0,,cup_and_handle/images/no_pattern/2021/04/cup_and_handle__2021-04-19__0033719.png,,2021-04-19,33520,33719,2021-04-07T08:00:00+00:00,2021-04-19T23:00:00+00:00,,,,,,,,,,,,,No rule-based candidate at this daily endpoint,rule_candidate,pending
cup_and_handle__2021-04-20__0033742,cup_and_handle,0,no_pattern,neutral,0.0,,cup_and_handle/images/no_pattern/2021/04/cup_and_handle__2021-04-20__0033742.png,,2021-04-20,33543,33742,2021-04-08T08:00:00+00:00,2021-04-20T23:00:00+00:00,,,,,,,,,,,,,No rule-based candidate at this daily endpoint,rule_candidate,pending
cup_and_handle__2021-04-21__0033765,cup_and_handle,0,no_pattern,neutral,0.0,,cup_and_handle/images/no_pattern/2021/04/cup_and_handle__2021-04-21__0033765.png,,2021-04-21,33566,33765,2021-04-09T08:00:00+00:00,2021-04-21T23:00:00+00:00,,,,,,,,,,,,,No rule-based candidate at this daily endpoint,rule_candidate,pending
cup_and_handle__2021-04-22__0033788,cup_and_handle,0,no_pattern,neutral,0.0,,cup_and_handle/images/no_pattern/2021/04/cup_and_handle__2021-04-22__0033788.png,,2021-04-22,33589,33788,2021-04-12T08:00:00+00:00,2021-04-22T23:00:00+00:00,,,,,,,,,,,,,No rule-based candidate at this daily endpoint,rule_candidate,pending
cup_and_handle__2021-04-23__0033811,cup_and_handle,0,no_pattern,neutral,0.0,,cup_and_handle/images/no_pattern/2021/04/cup_and_handle__2021-04-23__0033811.png,,2021-04-23,33612,33811,2021-04-13T08:00:00+00:00,2021-04-23T23:00:00+00:00,,,,,,,,,,,,,No rule-based candidate at this daily endpoint,rule_candidate,pending
cup_and_handle__2021-04-26__0033834,cup_and_handle,0,no_pattern,neutral,0.0,,cup_and_handle/images/no_pattern/2021/04/cup_and_handle__2021-04-26__0033834.png,,2021-04-26,33635,33834,2021-04-14T08:00:00+00:00,2021-04-26T23:00:00+00:00,,,,,,,,,,,,,No rule-based candidate at this daily endpoint,rule_candidate,pending
cup_and_handle__2021-04-27__0033857,cup_and_handle,0,no_pattern,neutral,0.0,,cup_and_handle/images/no_pattern/2021/04/cup_and_handle__2021-04-27__0033857.png,,2021-04-27,33658,33857,2021-04-15T08:00:00+00:00,2021-04-27T23:00:00+00:00,,,,,,,,,,,,,No rule-based candidate at this daily endpoint,rule_candidate,pending
cup_and_handle__2021-04-28__0033880,cup_and_handle,0,no_pattern,neutral,0.0,,cup_and_handle/images/no_pattern/2021/04/cup_and_handle__2021-04-28__0033880.png,,2021-04-28,33681,33880,2021-04-16T08:00:00+00:00,2021-04-28T23:00:00+00:00,,,,,,,,,,,,,No rule-based candidate at this daily endpoint,rule_candidate,pending
cup_and_handle__2021-04-29__0033903,cup_and_handle,0,no_pattern,neutral,0.0,,cup_and_handle/images/no_pattern/2021/04/cup_and_handle__2021-04-29__0033903.png,,2021-04-29,33704,33903,2021-04-19T08:00:00+00:00,2021-04-29T23:00:00+00:00,,,,,,,,,,,,,No rule-based candidate at this daily endpoint,rule_candidate,pending
cup_and_handle__2021-04-30__0033926,cup_and_handle,0,no_pattern,neutral,0.0,,cup_and_handle/images/no_pattern/2021/04/cup_and_handle__2021-04-30__0033926.png,,2021-04-30,33727,33926,2021-04-20T08:00:00+00:00,2021-04-30T23:00:00+00:00,,,,,,,,,,,,,No rule-based candidate at this daily endpoint,rule_candidate,pending
cup_and_handle__2021-05-03__0033949,cup_and_handle,0,no_pattern,neutral,0.0,,cup_and_handle/images/no_pattern/2021/05/cup_and_handle__2021-05-03__0033949.png,,2021-05-03,33750,33949,2021-04-21T08:00:00+00:00,2021-05-03T23:00:00+00:00,,,,,,,,,,,,,No rule-based candidate at this daily endpoint,rule_candidate,pending
cup_and_handle__2021-05-04__0033972,cup_and_handle,0,no_pattern,neutral,0.0,,cup_and_handle/images/no_pattern/2021/05/cup_and_handle__2021-05-04__0033972.png,,2021-05-04,33773,33972,2021-04-22T08:00:00+00:00,2021-05-04T23:00:00+00:00,,,,,,,,,,,,,No rule-based candidate at this daily endpoint,rule_candidate,pending
cup_and_handle__2021-05-05__0033995,cup_and_handle,0,no_pattern,neutral,0.0,,cup_and_handle/images/no_pattern/2021/05/cup_and_handle__2021-05-05__0033995.png,,2021-05-05,33796,33995,2021-04-23T08:00:00+00:00,2021-05-05T23:00:00+00:00,,,,,,,,,,,,,No rule-based candidate at this daily endpoint,rule_candidate,pending
cup_and_handle__2021-05-06__0034018,cup_and_handle,0,no_pattern,neutral,0.0,,cup_and_handle/images/no_pattern/2021/05/cup_and_handle__2021-05-06__0034018.png,,2021-05-06,33819,34018,2021-04-26T08:00:00+00:00,2021-05-06T23:00:00+00:00,,,,,,,,,,,,,No rule-based candidate at this daily endpoint,rule_candidate,pending
cup_and_handle__2021-05-07__0034041,cup_and_handle,0,no_pattern,neutral,0.0,,cup_and_handle/images/no_pattern/2021/05/cup_and_handle__2021-05-07__0034041.png,,2021-05-07,33842,34041,2021-04-27T08:00:00+00:00,2021-05-07T23:00:00+00:00,,,,,,,,,,,,,No rule-based candidate at this daily endpoint,rule_candidate,pending
cup_and_handle__2021-05-10__0034064,cup_and_handle,0,no_pattern,neutral,0.0,,cup_and_handle/images/no_pattern/2021/05/cup_and_handle__2021-05-10__0034064.png,,2021-05-10,33865,34064,2021-04-28T08:00:00+00:00,2021-05-10T23:00:00+00:00,,,,,,,,,,,,,No rule-based candidate at this daily endpoint,rule_candidate,pending
cup_and_handle__2021-05-11__0034087,cup_and_handle,0,no_pattern,neutral,0.0,,cup_and_handle/images/no_pattern/2021/05/cup_and_handle__2021-05-11__0034087.png,,2021-05-11,33888,34087,2021-04-29T08:00:00+00:00,2021-05-11T23:00:00+00:00,,,,,,,,,,,,,No rule-based candidate at this daily endpoint,rule_candidate,pending
cup_and_handle__2021-05-12__0034110,cup_and_handle,0,no_pattern,neutral,0.0,,cup_and_handle/images/no_pattern/2021/05/cup_and_handle__2021-05-12__0034110.png,,2021-05-12,33911,34110,2021-04-30T08:00:00+00:00,2021-05-12T23:00:00+00:00,,,,,,,,,,,,,No rule-based candidate at this daily endpoint,rule_candidate,pending
cup_and_handle__2021-05-13__0034133,cup_and_handle,0,no_pattern,neutral,0.0,,cup_and_handle/images/no_pattern/2021/05/cup_and_handle__2021-05-13__0034133.png,,2021-05-13,33934,34133,2021-05-03T08:00:00+00:00,2021-05-13T23:00:00+00:00,,,,,,,,,,,,,No rule-based candidate at this daily endpoint,rule_candidate,pending
cup_and_handle__2021-05-14__0034156,cup_and_handle,0,no_pattern,neutral,0.0,,cup_and_handle/images/no_pattern/2021/05/cup_and_handle__2021-05-14__0034156.png,,2021-05-14,33957,34156,2021-05-04T08:00:00+00:00,2021-05-14T23:00:00+00:00,,,,,,,,,,,,,No rule-based candidate at this daily endpoint,rule_candidate,pending
cup_and_handle__2021-05-17__0034179,cup_and_handle,0,no_pattern,neutral,0.0,,cup_and_handle/images/no_pattern/2021/05/cup_and_handle__2021-05-17__0034179.png,,2021-05-17,33980,34179,2021-05-05T08:00:00+00:00,2021-05-17T23:00:00+00:00,,,,,,,,,,,,,No rule-based candidate at this daily endpoint,rule_candidate,pending
cup_and_handle__2021-05-18__0034202,cup_and_handle,0,no_pattern,neutral,0.0,,cup_and_handle/images/no_pattern/2021/05/cup_and_handle__2021-05-18__0034202.png,,2021-05-18,34003,34202,2021-05-06T08:00:00+00:00,2021-05-18T23:00:00+00:00,,,,,,,,,,,,,No rule-based candidate at this daily endpoint,rule_candidate,pending
cup_and_handle__2021-05-19__0034225,cup_and_handle,0,no_pattern,neutral,0.0,,cup_and_handle/images/no_pattern/2021/05/cup_and_handle__2021-05-19__0034225.png,,2021-05-19,34026,34225,2021-05-07T08:00:00+00:00,2021-05-19T23:00:00+00:00,,,,,,,,,,,,,No rule-based candidate at this daily endpoint,rule_candidate,pending
cup_and_handle__2021-05-20__0034248,cup_and_handle,0,no_pattern,neutral,0.0,,cup_and_handle/images/no_pattern/2021/05/cup_and_handle__2021-05-20__0034248.png,,2021-05-20,34049,34248,2021-05-10T08:00:00+00:00,2021-05-20T23:00:00+00:00,,,,,,,,,,,,,No rule-based candidate at this daily endpoint,rule_candidate,pending
cup_and_handle__2021-05-21__0034271,cup_and_handle,0,no_pattern,neutral,0.0,,cup_and_handle/images/no_pattern/2021/05/cup_and_handle__2021-05-21__0034271.png,,2021-05-21,34072,34271,2021-05-11T08:00:00+00:00,2021-05-21T23:00:00+00:00,,,,,,,,,,,,,No rule-based candidate at this daily endpoint,rule_candidate,pending
cup_and_handle__2021-05-24__0034294,cup_and_handle,0,no_pattern,neutral,0.0,,cup_and_handle/images/no_pattern/2021/05/cup_and_handle__2021-05-24__0034294.png,,2021-05-24,34095,34294,2021-05-12T08:00:00+00:00,2021-05-24T23:00:00+00:00,,,,,,,,,,,,,No rule-based candidate at this daily endpoint,rule_candidate,pending
cup_and_handle__2021-05-25__0034317,cup_and_handle,0,no_pattern,neutral,0.0,,cup_and_handle/images/no_pattern/2021/05/cup_and_handle__2021-05-25__0034317.png,,2021-05-25,34118,34317,2021-05-13T08:00:00+00:00,2021-05-25T23:00:00+00:00,,,,,,,,,,,,,No rule-based candidate at this daily endpoint,rule_candidate,pending
cup_and_handle__2021-05-26__0034340,cup_and_handle,0,no_pattern,neutral,0.0,,cup_and_handle/images/no_pattern/2021/05/cup_and_handle__2021-05-26__0034340.png,,2021-05-26,34141,34340,2021-05-14T08:00:00+00:00,2021-05-26T23:00:00+00:00,,,,,,,,,,,,,No rule-based candidate at this daily endpoint,rule_candidate,pending
cup_and_handle__2021-05-27__0034363,cup_and_handle,0,no_pattern,neutral,0.0,,cup_and_handle/images/no_pattern/2021/05/cup_and_handle__2021-05-27__0034363.png,,2021-05-27,34164,34363,2021-05-17T08:00:00+00:00,2021-05-27T23:00:00+00:00,,,,,,,,,,,,,No rule-based candidate at this daily endpoint,rule_candidate,pending
cup_and_handle__2021-05-28__0034386,cup_and_handle,0,no_pattern,neutral,0.0,,cup_and_handle/images/no_pattern/2021/05/cup_and_handle__2021-05-28__0034386.png,,2021-05-28,34187,34386,2021-05-18T08:00:00+00:00,2021-05-28T23:00:00+00:00,,,,,,,,,,,,,No rule-based candidate at this daily endpoint,rule_candidate,pending
cup_and_handle__2021-05-31__0034405,cup_and_handle,1,confirmed,bullish,0.66,80.0,cup_and_handle/images/confirmed/2021/05/cup_and_handle__2021-05-31__0034405.png,,2021-05-31,34206,34405,2021-05-19T04:00:00+00:00,2021-05-31T19:00:00+00:00,34326.0,34405.0,2021-05-26T09:00:00+00:00,2021-05-31T19:00:00+00:00,34405.0,2021-05-31T19:00:00+00:00,1906.32,1888.8280357142853,1941.3039285714283,2.0,1903.8608333333327,2.567857142857162,Cup and handle rounded base with shallow handle,rule_candidate,pending
cup_and_handle__2021-06-01__0034428,cup_and_handle,0,no_pattern,neutral,0.0,,cup_and_handle/images/no_pattern/2021/06/cup_and_handle__2021-06-01__0034428.png,,2021-06-01,34229,34428,2021-05-20T04:00:00+00:00,2021-06-01T23:00:00+00:00,,,,,,,,,,,,,No rule-based candidate at this daily endpoint,rule_candidate,pending
cup_and_handle__2021-06-02__0034451,cup_and_handle,0,no_pattern,neutral,0.0,,cup_and_handle/images/no_pattern/2021/06/cup_and_handle__2021-06-02__0034451.png,,2021-06-02,34252,34451,2021-05-21T04:00:00+00:00,2021-06-02T23:00:00+00:00,,,,,,,,,,,,,No rule-based candidate at this daily endpoint,rule_candidate,pending
cup_and_handle__2021-06-03__0034474,cup_and_handle,0,no_pattern,neutral,0.0,,cup_and_handle/images/no_pattern/2021/06/cup_and_handle__2021-06-03__0034474.png,,2021-06-03,34275,34474,2021-05-24T04:00:00+00:00,2021-06-03T23:00:00+00:00,,,,,,,,,,,,,No rule-based candidate at this daily endpoint,rule_candidate,pending
cup_and_handle__2021-06-04__0034497,cup_and_handle,0,no_pattern,neutral,0.0,,cup_and_handle/images/no_pattern/2021/06/cup_and_handle__2021-06-04__0034497.png,,2021-06-04,34298,34497,2021-05-25T04:00:00+00:00,2021-06-04T23:00:00+00:00,,,,,,,,,,,,,No rule-based candidate at this daily endpoint,rule_candidate,pending
cup_and_handle__2021-06-07__0034520,cup_and_handle,1,confirmed,bullish,0.66,64.0,cup_and_handle/images/confirmed/2021/06/cup_and_handle__2021-06-07__0034520.png,,2021-06-07,34321,34520,2021-05-26T04:00:00+00:00,2021-06-07T23:00:00+00:00,34457.0,34520.0,2021-06-03T06:00:00+00:00,2021-06-07T23:00:00+00:00,34520.0,2021-06-07T23:00:00+00:00,1898.75,1858.7917857142857,1978.6664285714287,2.0,1897.1066666666663,3.1928571428571297,Cup and handle rounded base with shallow handle,rule_candidate,pending
cup_and_handle__2021-06-08__0034543,cup_and_handle,1,forming,bullish,0.54,120.0,cup_and_handle/images/forming/2021/06/cup_and_handle__2021-06-08__0034543.png,,2021-06-08,34344,34543,2021-05-27T04:00:00+00:00,2021-06-08T23:00:00+00:00,34424.0,34543.0,2021-06-01T19:00:00+00:00,2021-06-08T23:00:00+00:00,,,1898.7872222222225,1858.3014285714285,1979.7588095238093,2.0,1898.7872222222225,5.154285714285785,Cup and handle rounded base with shallow handle,rule_candidate,pending
cup_and_handle__2021-06-09__0034566,cup_and_handle,0,no_pattern,neutral,0.0,,cup_and_handle/images/no_pattern/2021/06/cup_and_handle__2021-06-09__0034566.png,,2021-06-09,34367,34566,2021-05-28T04:00:00+00:00,2021-06-09T23:00:00+00:00,,,,,,,,,,,,,No rule-based candidate at this daily endpoint,rule_candidate,pending
cup_and_handle__2021-06-10__0034589,cup_and_handle,0,no_pattern,neutral,0.0,,cup_and_handle/images/no_pattern/2021/06/cup_and_handle__2021-06-10__0034589.png,,2021-06-10,34390,34589,2021-05-31T04:00:00+00:00,2021-06-10T23:00:00+00:00,,,,,,,,,,,,,No rule-based candidate at this daily endpoint,rule_candidate,pending
cup_and_handle__2021-06-11__0034612,cup_and_handle,0,no_pattern,neutral,0.0,,cup_and_handle/images/no_pattern/2021/06/cup_and_handle__2021-06-11__0034612.png,,2021-06-11,34413,34612,2021-06-01T08:00:00+00:00,2021-06-11T23:00:00+00:00,,,,,,,,,,,,,No rule-based candidate at this daily endpoint,rule_candidate,pending
cup_and_handle__2021-06-14__0034635,cup_and_handle,0,no_pattern,neutral,0.0,,cup_and_handle/images/no_pattern/2021/06/cup_and_handle__2021-06-14__0034635.png,,2021-06-14,34436,34635,2021-06-02T08:00:00+00:00,2021-06-14T23:00:00+00:00,,,,,,,,,,,,,No rule-based candidate at this daily endpoint,rule_candidate,pending
cup_and_handle__2021-06-15__0034658,cup_and_handle,0,no_pattern,neutral,0.0,,cup_and_handle/images/no_pattern/2021/06/cup_and_handle__2021-06-15__0034658.png,,2021-06-15,34459,34658,2021-06-03T08:00:00+00:00,2021-06-15T23:00:00+00:00,,,,,,,,,,,,,No rule-based candidate at this daily endpoint,rule_candidate,pending
cup_and_handle__2021-06-16__0034681,cup_and_handle,0,no_pattern,neutral,0.0,,cup_and_handle/images/no_pattern/2021/06/cup_and_handle__2021-06-16__0034681.png,,2021-06-16,34482,34681,2021-06-04T08:00:00+00:00,2021-06-16T23:00:00+00:00,,,,,,,,,,,,,No rule-based candidate at this daily endpoint,rule_candidate,pending
cup_and_handle__2021-06-17__0034704,cup_and_handle,0,no_pattern,neutral,0.0,,cup_and_handle/images/no_pattern/2021/06/cup_and_handle__2021-06-17__0034704.png,,2021-06-17,34505,34704,2021-06-07T08:00:00+00:00,2021-06-17T23:00:00+00:00,,,,,,,,,,,,,No rule-based candidate at this daily endpoint,rule_candidate,pending
cup_and_handle__2021-06-18__0034727,cup_and_handle,0,no_pattern,neutral,0.0,,cup_and_handle/images/no_pattern/2021/06/cup_and_handle__2021-06-18__0034727.png,,2021-06-18,34528,34727,2021-06-08T08:00:00+00:00,2021-06-18T23:00:00+00:00,,,,,,,,,,,,,No rule-based candidate at this daily endpoint,rule_candidate,pending
cup_and_handle__2021-06-21__0034750,cup_and_handle,0,no_pattern,neutral,0.0,,cup_and_handle/images/no_pattern/2021/06/cup_and_handle__2021-06-21__0034750.png,,2021-06-21,34551,34750,2021-06-09T08:00:00+00:00,2021-06-21T23:00:00+00:00,,,,,,,,,,,,,No rule-based candidate at this daily endpoint,rule_candidate,pending
cup_and_handle__2021-06-22__0034773,cup_and_handle,0,no_pattern,neutral,0.0,,cup_and_handle/images/no_pattern/2021/06/cup_and_handle__2021-06-22__0034773.png,,2021-06-22,34574,34773,2021-06-10T08:00:00+00:00,2021-06-22T23:00:00+00:00,,,,,,,,,,,,,No rule-based candidate at this daily endpoint,rule_candidate,pending
cup_and_handle__2021-06-23__0034796,cup_and_handle,0,no_pattern,neutral,0.0,,cup_and_handle/images/no_pattern/2021/06/cup_and_handle__2021-06-23__0034796.png,,2021-06-23,34597,34796,2021-06-11T08:00:00+00:00,2021-06-23T23:00:00+00:00,,,,,,,,,,,,,No rule-based candidate at this daily endpoint,rule_candidate,pending
cup_and_handle__2021-06-24__0034819,cup_and_handle,0,no_pattern,neutral,0.0,,cup_and_handle/images/no_pattern/2021/06/cup_and_handle__2021-06-24__0034819.png,,2021-06-24,34620,34819,2021-06-14T08:00:00+00:00,2021-06-24T23:00:00+00:00,,,,,,,,,,,,,No rule-based candidate at this daily endpoint,rule_candidate,pending
cup_and_handle__2021-06-25__0034842,cup_and_handle,0,no_pattern,neutral,0.0,,cup_and_handle/images/no_pattern/2021/06/cup_and_handle__2021-06-25__0034842.png,,2021-06-25,34643,34842,2021-06-15T08:00:00+00:00,2021-06-25T23:00:00+00:00,,,,,,,,,,,,,No rule-based candidate at this daily endpoint,rule_candidate,pending
cup_and_handle__2021-06-28__0034865,cup_and_handle,0,no_pattern,neutral,0.0,,cup_and_handle/images/no_pattern/2021/06/cup_and_handle__2021-06-28__0034865.png,,2021-06-28,34666,34865,2021-06-16T08:00:00+00:00,2021-06-28T23:00:00+00:00,,,,,,,,,,,,,No rule-based candidate at this daily endpoint,rule_candidate,pending
cup_and_handle__2021-06-29__0034888,cup_and_handle,0,no_pattern,neutral,0.0,,cup_and_handle/images/no_pattern/2021/06/cup_and_handle__2021-06-29__0034888.png,,2021-06-29,34689,34888,2021-06-17T08:00:00+00:00,2021-06-29T23:00:00+00:00,,,,,,,,,,,,,No rule-based candidate at this daily endpoint,rule_candidate,pending
cup_and_handle__2021-06-30__0034911,cup_and_handle,0,no_pattern,neutral,0.0,,cup_and_handle/images/no_pattern/2021/06/cup_and_handle__2021-06-30__0034911.png,,2021-06-30,34712,34911,2021-06-18T08:00:00+00:00,2021-06-30T23:00:00+00:00,,,,,,,,,,,,,No rule-based candidate at this daily endpoint,rule_candidate,pending
cup_and_handle__2021-07-01__0034934,cup_and_handle,0,no_pattern,neutral,0.0,,cup_and_handle/images/no_pattern/2021/07/cup_and_handle__2021-07-01__0034934.png,,2021-07-01,34735,34934,2021-06-21T08:00:00+00:00,2021-07-01T23:00:00+00:00,,,,,,,,,,,,,No rule-based candidate at this daily endpoint,rule_candidate,pending
cup_and_handle__2021-07-02__0034957,cup_and_handle,0,no_pattern,neutral,0.0,,cup_and_handle/images/no_pattern/2021/07/cup_and_handle__2021-07-02__0034957.png,,2021-07-02,34758,34957,2021-06-22T08:00:00+00:00,2021-07-02T23:00:00+00:00,,,,,,,,,,,,,No rule-based candidate at this daily endpoint,rule_candidate,pending
cup_and_handle__2021-07-05__0034976,cup_and_handle,0,no_pattern,neutral,0.0,,cup_and_handle/images/no_pattern/2021/07/cup_and_handle__2021-07-05__0034976.png,,2021-07-05,34777,34976,2021-06-23T04:00:00+00:00,2021-07-05T19:00:00+00:00,,,,,,,,,,,,,No rule-based candidate at this daily endpoint,rule_candidate,pending
cup_and_handle__2021-07-06__0034999,cup_and_handle,0,no_pattern,neutral,0.0,,cup_and_handle/images/no_pattern/2021/07/cup_and_handle__2021-07-06__0034999.png,,2021-07-06,34800,34999,2021-06-24T04:00:00+00:00,2021-07-06T23:00:00+00:00,,,,,,,,,,,,,No rule-based candidate at this daily endpoint,rule_candidate,pending
cup_and_handle__2021-07-07__0035022,cup_and_handle,0,no_pattern,neutral,0.0,,cup_and_handle/images/no_pattern/2021/07/cup_and_handle__2021-07-07__0035022.png,,2021-07-07,34823,35022,2021-06-25T04:00:00+00:00,2021-07-07T23:00:00+00:00,,,,,,,,,,,,,No rule-based candidate at this daily endpoint,rule_candidate,pending
cup_and_handle__2021-07-08__0035045,cup_and_handle,0,no_pattern,neutral,0.0,,cup_and_handle/images/no_pattern/2021/07/cup_and_handle__2021-07-08__0035045.png,,2021-07-08,34846,35045,2021-06-28T04:00:00+00:00,2021-07-08T23:00:00+00:00,,,,,,,,,,,,,No rule-based candidate at this daily endpoint,rule_candidate,pending
cup_and_handle__2021-07-09__0035068,cup_and_handle,0,no_pattern,neutral,0.0,,cup_and_handle/images/no_pattern/2021/07/cup_and_handle__2021-07-09__0035068.png,,2021-07-09,34869,35068,2021-06-29T04:00:00+00:00,2021-07-09T23:00:00+00:00,,,,,,,,,,,,,No rule-based candidate at this daily endpoint,rule_candidate,pending
cup_and_handle__2021-07-12__0035091,cup_and_handle,0,no_pattern,neutral,0.0,,cup_and_handle/images/no_pattern/2021/07/cup_and_handle__2021-07-12__0035091.png,,2021-07-12,34892,35091,2021-06-30T04:00:00+00:00,2021-07-12T23:00:00+00:00,,,,,,,,,,,,,No rule-based candidate at this daily endpoint,rule_candidate,pending
cup_and_handle__2021-07-13__0035114,cup_and_handle,0,no_pattern,neutral,0.0,,cup_and_handle/images/no_pattern/2021/07/cup_and_handle__2021-07-13__0035114.png,,2021-07-13,34915,35114,2021-07-01T04:00:00+00:00,2021-07-13T23:00:00+00:00,,,,,,,,,,,,,No rule-based candidate at this daily endpoint,rule_candidate,pending
cup_and_handle__2021-07-14__0035137,cup_and_handle,0,no_pattern,neutral,0.0,,cup_and_handle/images/no_pattern/2021/07/cup_and_handle__2021-07-14__0035137.png,,2021-07-14,34938,35137,2021-07-02T04:00:00+00:00,2021-07-14T23:00:00+00:00,,,,,,,,,,,,,No rule-based candidate at this daily endpoint,rule_candidate,pending
cup_and_handle__2021-07-15__0035160,cup_and_handle,0,no_pattern,neutral,0.0,,cup_and_handle/images/no_pattern/2021/07/cup_and_handle__2021-07-15__0035160.png,,2021-07-15,34961,35160,2021-07-05T04:00:00+00:00,2021-07-15T23:00:00+00:00,,,,,,,,,,,,,No rule-based candidate at this daily endpoint,rule_candidate,pending
cup_and_handle__2021-07-16__0035183,cup_and_handle,0,no_pattern,neutral,0.0,,cup_and_handle/images/no_pattern/2021/07/cup_and_handle__2021-07-16__0035183.png,,2021-07-16,34984,35183,2021-07-06T08:00:00+00:00,2021-07-16T23:00:00+00:00,,,,,,,,,,,,,No rule-based candidate at this daily endpoint,rule_candidate,pending
cup_and_handle__2021-07-19__0035206,cup_and_handle,0,no_pattern,neutral,0.0,,cup_and_handle/images/no_pattern/2021/07/cup_and_handle__2021-07-19__0035206.png,,2021-07-19,35007,35206,2021-07-07T08:00:00+00:00,2021-07-19T23:00:00+00:00,,,,,,,,,,,,,No rule-based candidate at this daily endpoint,rule_candidate,pending
cup_and_handle__2021-07-20__0035229,cup_and_handle,0,no_pattern,neutral,0.0,,cup_and_handle/images/no_pattern/2021/07/cup_and_handle__2021-07-20__0035229.png,,2021-07-20,35030,35229,2021-07-08T08:00:00+00:00,2021-07-20T23:00:00+00:00,,,,,,,,,,,,,No rule-based candidate at this daily endpoint,rule_candidate,pending
cup_and_handle__2021-07-21__0035252,cup_and_handle,0,no_pattern,neutral,0.0,,cup_and_handle/images/no_pattern/2021/07/cup_and_handle__2021-07-21__0035252.png,,2021-07-21,35053,35252,2021-07-09T08:00:00+00:00,2021-07-21T23:00:00+00:00,,,,,,,,,,,,,No rule-based candidate at this daily endpoint,rule_candidate,pending
cup_and_handle__2021-07-22__0035275,cup_and_handle,0,no_pattern,neutral,0.0,,cup_and_handle/images/no_pattern/2021/07/cup_and_handle__2021-07-22__0035275.png,,2021-07-22,35076,35275,2021-07-12T08:00:00+00:00,2021-07-22T23:00:00+00:00,,,,,,,,,,,,,No rule-based candidate at this daily endpoint,rule_candidate,pending
cup_and_handle__2021-07-23__0035298,cup_and_handle,0,no_pattern,neutral,0.0,,cup_and_handle/images/no_pattern/2021/07/cup_and_handle__2021-07-23__0035298.png,,2021-07-23,35099,35298,2021-07-13T08:00:00+00:00,2021-07-23T23:00:00+00:00,,,,,,,,,,,,,No rule-based candidate at this daily endpoint,rule_candidate,pending
cup_and_handle__2021-07-26__0035321,cup_and_handle,0,no_pattern,neutral,0.0,,cup_and_handle/images/no_pattern/2021/07/cup_and_handle__2021-07-26__0035321.png,,2021-07-26,35122,35321,2021-07-14T08:00:00+00:00,2021-07-26T23:00:00+00:00,,,,,,,,,,,,,No rule-based candidate at this daily endpoint,rule_candidate,pending
cup_and_handle__2021-07-27__0035344,cup_and_handle,0,no_pattern,neutral,0.0,,cup_and_handle/images/no_pattern/2021/07/cup_and_handle__2021-07-27__0035344.png,,2021-07-27,35145,35344,2021-07-15T08:00:00+00:00,2021-07-27T23:00:00+00:00,,,,,,,,,,,,,No rule-based candidate at this daily endpoint,rule_candidate,pending
cup_and_handle__2021-07-28__0035367,cup_and_handle,0,no_pattern,neutral,0.0,,cup_and_handle/images/no_pattern/2021/07/cup_and_handle__2021-07-28__0035367.png,,2021-07-28,35168,35367,2021-07-16T08:00:00+00:00,2021-07-28T23:00:00+00:00,,,,,,,,,,,,,No rule-based candidate at this daily endpoint,rule_candidate,pending
cup_and_handle__2021-07-29__0035390,cup_and_handle,0,no_pattern,neutral,0.0,,cup_and_handle/images/no_pattern/2021/07/cup_and_handle__2021-07-29__0035390.png,,2021-07-29,35191,35390,2021-07-19T08:00:00+00:00,2021-07-29T23:00:00+00:00,,,,,,,,,,,,,No rule-based candidate at this daily endpoint,rule_candidate,pending
cup_and_handle__2021-07-30__0035413,cup_and_handle,0,no_pattern,neutral,0.0,,cup_and_handle/images/no_pattern/2021/07/cup_and_handle__2021-07-30__0035413.png,,2021-07-30,35214,35413,2021-07-20T08:00:00+00:00,2021-07-30T23:00:00+00:00,,,,,,,,,,,,,No rule-based candidate at this daily endpoint,rule_candidate,pending
cup_and_handle__2021-08-02__0035436,cup_and_handle,0,no_pattern,neutral,0.0,,cup_and_handle/images/no_pattern/2021/08/cup_and_handle__2021-08-02__0035436.png,,2021-08-02,35237,35436,2021-07-21T08:00:00+00:00,2021-08-02T23:00:00+00:00,,,,,,,,,,,,,No rule-based candidate at this daily endpoint,rule_candidate,pending
cup_and_handle__2021-08-03__0035459,cup_and_handle,0,no_pattern,neutral,0.0,,cup_and_handle/images/no_pattern/2021/08/cup_and_handle__2021-08-03__0035459.png,,2021-08-03,35260,35459,2021-07-22T08:00:00+00:00,2021-08-03T23:00:00+00:00,,,,,,,,,,,,,No rule-based candidate at this daily endpoint,rule_candidate,pending
cup_and_handle__2021-08-04__0035482,cup_and_handle,0,no_pattern,neutral,0.0,,cup_and_handle/images/no_pattern/2021/08/cup_and_handle__2021-08-04__0035482.png,,2021-08-04,35283,35482,2021-07-23T08:00:00+00:00,2021-08-04T23:00:00+00:00,,,,,,,,,,,,,No rule-based candidate at this daily endpoint,rule_candidate,pending
cup_and_handle__2021-08-05__0035505,cup_and_handle,0,no_pattern,neutral,0.0,,cup_and_handle/images/no_pattern/2021/08/cup_and_handle__2021-08-05__0035505.png,,2021-08-05,35306,35505,2021-07-26T08:00:00+00:00,2021-08-05T23:00:00+00:00,,,,,,,,,,,,,No rule-based candidate at this daily endpoint,rule_candidate,pending
cup_and_handle__2021-08-06__0035528,cup_and_handle,0,no_pattern,neutral,0.0,,cup_and_handle/images/no_pattern/2021/08/cup_and_handle__2021-08-06__0035528.png,,2021-08-06,35329,35528,2021-07-27T08:00:00+00:00,2021-08-06T23:00:00+00:00,,,,,,,,,,,,,No rule-based candidate at this daily endpoint,rule_candidate,pending
cup_and_handle__2021-08-09__0035551,cup_and_handle,0,no_pattern,neutral,0.0,,cup_and_handle/images/no_pattern/2021/08/cup_and_handle__2021-08-09__0035551.png,,2021-08-09,35352,35551,2021-07-28T08:00:00+00:00,2021-08-09T23:00:00+00:00,,,,,,,,,,,,,No rule-based candidate at this daily endpoint,rule_candidate,pending
cup_and_handle__2021-08-10__0035574,cup_and_handle,0,no_pattern,neutral,0.0,,cup_and_handle/images/no_pattern/2021/08/cup_and_handle__2021-08-10__0035574.png,,2021-08-10,35375,35574,2021-07-29T08:00:00+00:00,2021-08-10T23:00:00+00:00,,,,,,,,,,,,,No rule-based candidate at this daily endpoint,rule_candidate,pending
cup_and_handle__2021-08-11__0035597,cup_and_handle,0,no_pattern,neutral,0.0,,cup_and_handle/images/no_pattern/2021/08/cup_and_handle__2021-08-11__0035597.png,,2021-08-11,35398,35597,2021-07-30T08:00:00+00:00,2021-08-11T23:00:00+00:00,,,,,,,,,,,,,No rule-based candidate at this daily endpoint,rule_candidate,pending
cup_and_handle__2021-08-12__0035620,cup_and_handle,1,confirmed,bullish,0.66,80.0,cup_and_handle/images/confirmed/2021/08/cup_and_handle__2021-08-12__0035620.png,,2021-08-12,35421,35620,2021-08-02T08:00:00+00:00,2021-08-12T23:00:00+00:00,35541.0,35620.0,2021-08-09T13:00:00+00:00,2021-08-12T23:00:00+00:00,35620.0,2021-08-12T23:00:00+00:00,1752.55,1720.845,1815.96,2.0,1749.4899999999998,4.139999999999986,Cup and handle rounded base with shallow handle,rule_candidate,pending
cup_and_handle__2021-08-13__0035643,cup_and_handle,0,no_pattern,neutral,0.0,,cup_and_handle/images/no_pattern/2021/08/cup_and_handle__2021-08-13__0035643.png,,2021-08-13,35444,35643,2021-08-03T08:00:00+00:00,2021-08-13T23:00:00+00:00,,,,,,,,,,,,,No rule-based candidate at this daily endpoint,rule_candidate,pending
cup_and_handle__2021-08-16__0035666,cup_and_handle,0,no_pattern,neutral,0.0,,cup_and_handle/images/no_pattern/2021/08/cup_and_handle__2021-08-16__0035666.png,,2021-08-16,35467,35666,2021-08-04T08:00:00+00:00,2021-08-16T23:00:00+00:00,,,,,,,,,,,,,No rule-based candidate at this daily endpoint,rule_candidate,pending
cup_and_handle__2021-08-17__0035689,cup_and_handle,0,no_pattern,neutral,0.0,,cup_and_handle/images/no_pattern/2021/08/cup_and_handle__2021-08-17__0035689.png,,2021-08-17,35490,35689,2021-08-05T08:00:00+00:00,2021-08-17T23:00:00+00:00,,,,,,,,,,,,,No rule-based candidate at this daily endpoint,rule_candidate,pending
cup_and_handle__2021-08-18__0035712,cup_and_handle,0,no_pattern,neutral,0.0,,cup_and_handle/images/no_pattern/2021/08/cup_and_handle__2021-08-18__0035712.png,,2021-08-18,35513,35712,2021-08-06T08:00:00+00:00,2021-08-18T23:00:00+00:00,,,,,,,,,,,,,No rule-based candidate at this daily endpoint,rule_candidate,pending
cup_and_handle__2021-08-19__0035735,cup_and_handle,0,no_pattern,neutral,0.0,,cup_and_handle/images/no_pattern/2021/08/cup_and_handle__2021-08-19__0035735.png,,2021-08-19,35536,35735,2021-08-09T08:00:00+00:00,2021-08-19T23:00:00+00:00,,,,,,,,,,,,,No rule-based candidate at this daily endpoint,rule_candidate,pending
cup_and_handle__2021-08-20__0035758,cup_and_handle,0,no_pattern,neutral,0.0,,cup_and_handle/images/no_pattern/2021/08/cup_and_handle__2021-08-20__0035758.png,,2021-08-20,35559,35758,2021-08-10T08:00:00+00:00,2021-08-20T23:00:00+00:00,,,,,,,,,,,,,No rule-based candidate at this daily endpoint,rule_candidate,pending
cup_and_handle__2021-08-23__0035781,cup_and_handle,0,no_pattern,neutral,0.0,,cup_and_handle/images/no_pattern/2021/08/cup_and_handle__2021-08-23__0035781.png,,2021-08-23,35582,35781,2021-08-11T08:00:00+00:00,2021-08-23T23:00:00+00:00,,,,,,,,,,,,,No rule-based candidate at this daily endpoint,rule_candidate,pending
cup_and_handle__2021-08-24__0035804,cup_and_handle,0,no_pattern,neutral,0.0,,cup_and_handle/images/no_pattern/2021/08/cup_and_handle__2021-08-24__0035804.png,,2021-08-24,35605,35804,2021-08-12T08:00:00+00:00,2021-08-24T23:00:00+00:00,,,,,,,,,,,,,No rule-based candidate at this daily endpoint,rule_candidate,pending
cup_and_handle__2021-08-25__0035827,cup_and_handle,0,no_pattern,neutral,0.0,,cup_and_handle/images/no_pattern/2021/08/cup_and_handle__2021-08-25__0035827.png,,2021-08-25,35628,35827,2021-08-13T08:00:00+00:00,2021-08-25T23:00:00+00:00,,,,,,,,,,,,,No rule-based candidate at this daily endpoint,rule_candidate,pending
cup_and_handle__2021-08-26__0035850,cup_and_handle,0,no_pattern,neutral,0.0,,cup_and_handle/images/no_pattern/2021/08/cup_and_handle__2021-08-26__0035850.png,,2021-08-26,35651,35850,2021-08-16T08:00:00+00:00,2021-08-26T23:00:00+00:00,,,,,,,,,,,,,No rule-based candidate at this daily endpoint,rule_candidate,pending
cup_and_handle__2021-08-27__0035873,cup_and_handle,0,no_pattern,neutral,0.0,,cup_and_handle/images/no_pattern/2021/08/cup_and_handle__2021-08-27__0035873.png,,2021-08-27,35674,35873,2021-08-17T08:00:00+00:00,2021-08-27T23:00:00+00:00,,,,,,,,,,,,,No rule-based candidate at this daily endpoint,rule_candidate,pending
cup_and_handle__2021-08-30__0035896,cup_and_handle,0,no_pattern,neutral,0.0,,cup_and_handle/images/no_pattern/2021/08/cup_and_handle__2021-08-30__0035896.png,,2021-08-30,35697,35896,2021-08-18T08:00:00+00:00,2021-08-30T23:00:00+00:00,,,,,,,,,,,,,No rule-based candidate at this daily endpoint,rule_candidate,pending
cup_and_handle__2021-08-31__0035919,cup_and_handle,0,no_pattern,neutral,0.0,,cup_and_handle/images/no_pattern/2021/08/cup_and_handle__2021-08-31__0035919.png,,2021-08-31,35720,35919,2021-08-19T08:00:00+00:00,2021-08-31T23:00:00+00:00,,,,,,,,,,,,,No rule-based candidate at this daily endpoint,rule_candidate,pending
cup_and_handle__2021-09-01__0035942,cup_and_handle,1,confirmed,bullish,0.66,160.0,cup_and_handle/images/confirmed/2021/09/cup_and_handle__2021-09-01__0035942.png,,2021-09-01,35743,35942,2021-08-20T08:00:00+00:00,2021-09-01T23:00:00+00:00,35783.0,35942.0,2021-08-24T02:00:00+00:00,2021-09-01T23:00:00+00:00,35942.0,2021-09-01T23:00:00+00:00,1814.03,1783.204107142857,1875.6817857142853,2.0,1813.088333333333,3.983571428571444,Cup and handle rounded base with shallow handle,rule_candidate,pending
cup_and_handle__2021-09-02__0035965,cup_and_handle,1,forming,bullish,0.54,200.0,cup_and_handle/images/forming/2021/09/cup_and_handle__2021-09-02__0035965.png,,2021-09-02,35766,35965,2021-08-23T08:00:00+00:00,2021-09-02T23:00:00+00:00,35766.0,35965.0,2021-08-23T08:00:00+00:00,2021-09-02T23:00:00+00:00,,,1812.422666666666,1783.357142857143,1870.5537142857129,2.0,1812.422666666666,3.3714285714285586,Cup and handle rounded base with shallow handle,rule_candidate,pending
cup_and_handle__2021-09-03__0035988,cup_and_handle,0,no_pattern,neutral,0.0,,cup_and_handle/images/no_pattern/2021/09/cup_and_handle__2021-09-03__0035988.png,,2021-09-03,35789,35988,2021-08-24T08:00:00+00:00,2021-09-03T23:00:00+00:00,,,,,,,,,,,,,No rule-based candidate at this daily endpoint,rule_candidate,pending
cup_and_handle__2021-09-06__0036007,cup_and_handle,1,forming,bullish,0.54,80.0,cup_and_handle/images/forming/2021/09/cup_and_handle__2021-09-06__0036007.png,,2021-09-06,35808,36007,2021-08-25T04:00:00+00:00,2021-09-06T19:00:00+00:00,35928.0,36007.0,2021-09-01T09:00:00+00:00,2021-09-06T19:00:00+00:00,,,1823.3625,1808.474285714285,1853.138928571429,2.0,1823.3625,2.0228571428571382,Cup and handle rounded base with shallow handle,rule_candidate,pending
cup_and_handle__2021-09-07__0036030,cup_and_handle,0,no_pattern,neutral,0.0,,cup_and_handle/images/no_pattern/2021/09/cup_and_handle__2021-09-07__0036030.png,,2021-09-07,35831,36030,2021-08-26T04:00:00+00:00,2021-09-07T23:00:00+00:00,,,,,,,,,,,,,No rule-based candidate at this daily endpoint,rule_candidate,pending
cup_and_handle__2021-09-08__0036053,cup_and_handle,0,no_pattern,neutral,0.0,,cup_and_handle/images/no_pattern/2021/09/cup_and_handle__2021-09-08__0036053.png,,2021-09-08,35854,36053,2021-08-27T04:00:00+00:00,2021-09-08T23:00:00+00:00,,,,,,,,,,,,,No rule-based candidate at this daily endpoint,rule_candidate,pending
cup_and_handle__2021-09-09__0036076,cup_and_handle,0,no_pattern,neutral,0.0,,cup_and_handle/images/no_pattern/2021/09/cup_and_handle__2021-09-09__0036076.png,,2021-09-09,35877,36076,2021-08-30T04:00:00+00:00,2021-09-09T23:00:00+00:00,,,,,,,,,,,,,No rule-based candidate at this daily endpoint,rule_candidate,pending
cup_and_handle__2021-09-10__0036099,cup_and_handle,0,no_pattern,neutral,0.0,,cup_and_handle/images/no_pattern/2021/09/cup_and_handle__2021-09-10__0036099.png,,2021-09-10,35900,36099,2021-08-31T04:00:00+00:00,2021-09-10T23:00:00+00:00,,,,,,,,,,,,,No rule-based candidate at this daily endpoint,rule_candidate,pending
cup_and_handle__2021-09-13__0036122,cup_and_handle,0,no_pattern,neutral,0.0,,cup_and_handle/images/no_pattern/2021/09/cup_and_handle__2021-09-13__0036122.png,,2021-09-13,35923,36122,2021-09-01T04:00:00+00:00,2021-09-13T23:00:00+00:00,,,,,,,,,,,,,No rule-based candidate at this daily endpoint,rule_candidate,pending
cup_and_handle__2021-09-14__0036145,cup_and_handle,0,no_pattern,neutral,0.0,,cup_and_handle/images/no_pattern/2021/09/cup_and_handle__2021-09-14__0036145.png,,2021-09-14,35946,36145,2021-09-02T04:00:00+00:00,2021-09-14T23:00:00+00:00,,,,,,,,,,,,,No rule-based candidate at this daily endpoint,rule_candidate,pending
cup_and_handle__2021-09-15__0036168,cup_and_handle,0,no_pattern,neutral,0.0,,cup_and_handle/images/no_pattern/2021/09/cup_and_handle__2021-09-15__0036168.png,,2021-09-15,35969,36168,2021-09-03T04:00:00+00:00,2021-09-15T23:00:00+00:00,,,,,,,,,,,,,No rule-based candidate at this daily endpoint,rule_candidate,pending
cup_and_handle__2021-09-16__0036191,cup_and_handle,0,no_pattern,neutral,0.0,,cup_and_handle/images/no_pattern/2021/09/cup_and_handle__2021-09-16__0036191.png,,2021-09-16,35992,36191,2021-09-06T04:00:00+00:00,2021-09-16T23:00:00+00:00,,,,,,,,,,,,,No rule-based candidate at this daily endpoint,rule_candidate,pending
cup_and_handle__2021-09-17__0036214,cup_and_handle,0,no_pattern,neutral,0.0,,cup_and_handle/images/no_pattern/2021/09/cup_and_handle__2021-09-17__0036214.png,,2021-09-17,36015,36214,2021-09-07T08:00:00+00:00,2021-09-17T23:00:00+00:00,,,,,,,,,,,,,No rule-based candidate at this daily endpoint,rule_candidate,pending
cup_and_handle__2021-09-20__0036237,cup_and_handle,0,no_pattern,neutral,0.0,,cup_and_handle/images/no_pattern/2021/09/cup_and_handle__2021-09-20__0036237.png,,2021-09-20,36038,36237,2021-09-08T08:00:00+00:00,2021-09-20T23:00:00+00:00,,,,,,,,,,,,,No rule-based candidate at this daily endpoint,rule_candidate,pending
cup_and_handle__2021-09-21__0036260,cup_and_handle,0,no_pattern,neutral,0.0,,cup_and_handle/images/no_pattern/2021/09/cup_and_handle__2021-09-21__0036260.png,,2021-09-21,36061,36260,2021-09-09T08:00:00+00:00,2021-09-21T23:00:00+00:00,,,,,,,,,,,,,No rule-based candidate at this daily endpoint,rule_candidate,pending
cup_and_handle__2021-09-22__0036283,cup_and_handle,0,no_pattern,neutral,0.0,,cup_and_handle/images/no_pattern/2021/09/cup_and_handle__2021-09-22__0036283.png,,2021-09-22,36084,36283,2021-09-10T08:00:00+00:00,2021-09-22T23:00:00+00:00,,,,,,,,,,,,,No rule-based candidate at this daily endpoint,rule_candidate,pending
cup_and_handle__2021-09-23__0036306,cup_and_handle,0,no_pattern,neutral,0.0,,cup_and_handle/images/no_pattern/2021/09/cup_and_handle__2021-09-23__0036306.png,,2021-09-23,36107,36306,2021-09-13T08:00:00+00:00,2021-09-23T23:00:00+00:00,,,,,,,,,,,,,No rule-based candidate at this daily endpoint,rule_candidate,pending
cup_and_handle__2021-09-24__0036329,cup_and_handle,0,no_pattern,neutral,0.0,,cup_and_handle/images/no_pattern/2021/09/cup_and_handle__2021-09-24__0036329.png,,2021-09-24,36130,36329,2021-09-14T08:00:00+00:00,2021-09-24T23:00:00+00:00,,,,,,,,,,,,,No rule-based candidate at this daily endpoint,rule_candidate,pending
cup_and_handle__2021-09-27__0036352,cup_and_handle,0,no_pattern,neutral,0.0,,cup_and_handle/images/no_pattern/2021/09/cup_and_handle__2021-09-27__0036352.png,,2021-09-27,36153,36352,2021-09-15T08:00:00+00:00,2021-09-27T23:00:00+00:00,,,,,,,,,,,,,No rule-based candidate at this daily endpoint,rule_candidate,pending
cup_and_handle__2021-09-28__0036375,cup_and_handle,0,no_pattern,neutral,0.0,,cup_and_handle/images/no_pattern/2021/09/cup_and_handle__2021-09-28__0036375.png,,2021-09-28,36176,36375,2021-09-16T08:00:00+00:00,2021-09-28T23:00:00+00:00,,,,,,,,,,,,,No rule-based candidate at this daily endpoint,rule_candidate,pending
cup_and_handle__2021-09-29__0036398,cup_and_handle,0,no_pattern,neutral,0.0,,cup_and_handle/images/no_pattern/2021/09/cup_and_handle__2021-09-29__0036398.png,,2021-09-29,36199,36398,2021-09-17T08:00:00+00:00,2021-09-29T23:00:00+00:00,,,,,,,,,,,,,No rule-based candidate at this daily endpoint,rule_candidate,pending
cup_and_handle__2021-09-30__0036421,cup_and_handle,0,no_pattern,neutral,0.0,,cup_and_handle/images/no_pattern/2021/09/cup_and_handle__2021-09-30__0036421.png,,2021-09-30,36222,36421,2021-09-20T08:00:00+00:00,2021-09-30T23:00:00+00:00,,,,,,,,,,,,,No rule-based candidate at this daily endpoint,rule_candidate,pending
cup_and_handle__2021-10-01__0036444,cup_and_handle,0,no_pattern,neutral,0.0,,cup_and_handle/images/no_pattern/2021/10/cup_and_handle__2021-10-01__0036444.png,,2021-10-01,36245,36444,2021-09-21T08:00:00+00:00,2021-10-01T23:00:00+00:00,,,,,,,,,,,,,No rule-based candidate at this daily endpoint,rule_candidate,pending
cup_and_handle__2021-10-04__0036467,cup_and_handle,0,no_pattern,neutral,0.0,,cup_and_handle/images/no_pattern/2021/10/cup_and_handle__2021-10-04__0036467.png,,2021-10-04,36268,36467,2021-09-22T08:00:00+00:00,2021-10-04T23:00:00+00:00,,,,,,,,,,,,,No rule-based candidate at this daily endpoint,rule_candidate,pending
cup_and_handle__2021-10-05__0036490,cup_and_handle,0,no_pattern,neutral,0.0,,cup_and_handle/images/no_pattern/2021/10/cup_and_handle__2021-10-05__0036490.png,,2021-10-05,36291,36490,2021-09-23T08:00:00+00:00,2021-10-05T23:00:00+00:00,,,,,,,,,,,,,No rule-based candidate at this daily endpoint,rule_candidate,pending
cup_and_handle__2021-10-06__0036513,cup_and_handle,0,no_pattern,neutral,0.0,,cup_and_handle/images/no_pattern/2021/10/cup_and_handle__2021-10-06__0036513.png,,2021-10-06,36314,36513,2021-09-24T08:00:00+00:00,2021-10-06T23:00:00+00:00,,,,,,,,,,,,,No rule-based candidate at this daily endpoint,rule_candidate,pending
cup_and_handle__2021-10-07__0036536,cup_and_handle,1,forming,bullish,0.54,200.0,cup_and_handle/images/forming/2021/10/cup_and_handle__2021-10-07__0036536.png,,2021-10-07,36337,36536,2021-09-27T08:00:00+00:00,2021-10-07T23:00:00+00:00,36337.0,36536.0,2021-09-27T08:00:00+00:00,2021-10-07T23:00:00+00:00,,,1760.247,1721.7183928571428,1837.3042142857144,2.0,1760.247,4.326428571428551,Cup and handle rounded base with shallow handle,rule_candidate,pending
cup_and_handle__2021-10-08__0036559,cup_and_handle,0,no_pattern,neutral,0.0,,cup_and_handle/images/no_pattern/2021/10/cup_and_handle__2021-10-08__0036559.png,,2021-10-08,36360,36559,2021-09-28T08:00:00+00:00,2021-10-08T23:00:00+00:00,,,,,,,,,,,,,No rule-based candidate at this daily endpoint,rule_candidate,pending
cup_and_handle__2021-10-11__0036582,cup_and_handle,0,no_pattern,neutral,0.0,,cup_and_handle/images/no_pattern/2021/10/cup_and_handle__2021-10-11__0036582.png,,2021-10-11,36383,36582,2021-09-29T08:00:00+00:00,2021-10-11T23:00:00+00:00,,,,,,,,,,,,,No rule-based candidate at this daily endpoint,rule_candidate,pending
cup_and_handle__2021-10-12__0036605,cup_and_handle,0,no_pattern,neutral,0.0,,cup_and_handle/images/no_pattern/2021/10/cup_and_handle__2021-10-12__0036605.png,,2021-10-12,36406,36605,2021-09-30T08:00:00+00:00,2021-10-12T23:00:00+00:00,,,,,,,,,,,,,No rule-based candidate at this daily endpoint,rule_candidate,pending
cup_and_handle__2021-10-13__0036628,cup_and_handle,0,no_pattern,neutral,0.0,,cup_and_handle/images/no_pattern/2021/10/cup_and_handle__2021-10-13__0036628.png,,2021-10-13,36429,36628,2021-10-01T08:00:00+00:00,2021-10-13T23:00:00+00:00,,,,,,,,,,,,,No rule-based candidate at this daily endpoint,rule_candidate,pending
cup_and_handle__2021-10-14__0036651,cup_and_handle,0,no_pattern,neutral,0.0,,cup_and_handle/images/no_pattern/2021/10/cup_and_handle__2021-10-14__0036651.png,,2021-10-14,36452,36651,2021-10-04T08:00:00+00:00,2021-10-14T23:00:00+00:00,,,,,,,,,,,,,No rule-based candidate at this daily endpoint,rule_candidate,pending
cup_and_handle__2021-10-15__0036674,cup_and_handle,0,no_pattern,neutral,0.0,,cup_and_handle/images/no_pattern/2021/10/cup_and_handle__2021-10-15__0036674.png,,2021-10-15,36475,36674,2021-10-05T08:00:00+00:00,2021-10-15T23:00:00+00:00,,,,,,,,,,,,,No rule-based candidate at this daily endpoint,rule_candidate,pending
cup_and_handle__2021-10-18__0036697,cup_and_handle,0,no_pattern,neutral,0.0,,cup_and_handle/images/no_pattern/2021/10/cup_and_handle__2021-10-18__0036697.png,,2021-10-18,36498,36697,2021-10-06T08:00:00+00:00,2021-10-18T23:00:00+00:00,,,,,,,,,,,,,No rule-based candidate at this daily endpoint,rule_candidate,pending
cup_and_handle__2021-10-19__0036720,cup_and_handle,0,no_pattern,neutral,0.0,,cup_and_handle/images/no_pattern/2021/10/cup_and_handle__2021-10-19__0036720.png,,2021-10-19,36521,36720,2021-10-07T08:00:00+00:00,2021-10-19T23:00:00+00:00,,,,,,,,,,,,,No rule-based candidate at this daily endpoint,rule_candidate,pending
cup_and_handle__2021-10-20__0036743,cup_and_handle,0,no_pattern,neutral,0.0,,cup_and_handle/images/no_pattern/2021/10/cup_and_handle__2021-10-20__0036743.png,,2021-10-20,36544,36743,2021-10-08T08:00:00+00:00,2021-10-20T23:00:00+00:00,,,,,,,,,,,,,No rule-based candidate at this daily endpoint,rule_candidate,pending
cup_and_handle__2021-10-21__0036766,cup_and_handle,0,no_pattern,neutral,0.0,,cup_and_handle/images/no_pattern/2021/10/cup_and_handle__2021-10-21__0036766.png,,2021-10-21,36567,36766,2021-10-11T08:00:00+00:00,2021-10-21T23:00:00+00:00,,,,,,,,,,,,,No rule-based candidate at this daily endpoint,rule_candidate,pending
cup_and_handle__2021-10-22__0036789,cup_and_handle,0,no_pattern,neutral,0.0,,cup_and_handle/images/no_pattern/2021/10/cup_and_handle__2021-10-22__0036789.png,,2021-10-22,36590,36789,2021-10-12T08:00:00+00:00,2021-10-22T23:00:00+00:00,,,,,,,,,,,,,No rule-based candidate at this daily endpoint,rule_candidate,pending
cup_and_handle__2021-10-25__0036812,cup_and_handle,0,no_pattern,neutral,0.0,,cup_and_handle/images/no_pattern/2021/10/cup_and_handle__2021-10-25__0036812.png,,2021-10-25,36613,36812,2021-10-13T08:00:00+00:00,2021-10-25T23:00:00+00:00,,,,,,,,,,,,,No rule-based candidate at this daily endpoint,rule_candidate,pending
cup_and_handle__2021-10-26__0036835,cup_and_handle,0,no_pattern,neutral,0.0,,cup_and_handle/images/no_pattern/2021/10/cup_and_handle__2021-10-26__0036835.png,,2021-10-26,36636,36835,2021-10-14T08:00:00+00:00,2021-10-26T23:00:00+00:00,,,,,,,,,,,,,No rule-based candidate at this daily endpoint,rule_candidate,pending
cup_and_handle__2021-10-27__0036858,cup_and_handle,0,no_pattern,neutral,0.0,,cup_and_handle/images/no_pattern/2021/10/cup_and_handle__2021-10-27__0036858.png,,2021-10-27,36659,36858,2021-10-15T08:00:00+00:00,2021-10-27T23:00:00+00:00,,,,,,,,,,,,,No rule-based candidate at this daily endpoint,rule_candidate,pending
cup_and_handle__2021-10-28__0036881,cup_and_handle,0,no_pattern,neutral,0.0,,cup_and_handle/images/no_pattern/2021/10/cup_and_handle__2021-10-28__0036881.png,,2021-10-28,36682,36881,2021-10-18T08:00:00+00:00,2021-10-28T23:00:00+00:00,,,,,,,,,,,,,No rule-based candidate at this daily endpoint,rule_candidate,pending
cup_and_handle__2021-10-29__0036904,cup_and_handle,0,no_pattern,neutral,0.0,,cup_and_handle/images/no_pattern/2021/10/cup_and_handle__2021-10-29__0036904.png,,2021-10-29,36705,36904,2021-10-19T08:00:00+00:00,2021-10-29T23:00:00+00:00,,,,,,,,,,,,,No rule-based candidate at this daily endpoint,rule_candidate,pending
cup_and_handle__2021-11-01__0036927,cup_and_handle,0,no_pattern,neutral,0.0,,cup_and_handle/images/no_pattern/2021/11/cup_and_handle__2021-11-01__0036927.png,,2021-11-01,36728,36927,2021-10-20T08:00:00+00:00,2021-11-01T22:00:00+00:00,,,,,,,,,,,,,No rule-based candidate at this daily endpoint,rule_candidate,pending
cup_and_handle__2021-11-02__0036950,cup_and_handle,1,forming,bullish,0.54,64.0,cup_and_handle/images/forming/2021/11/cup_and_handle__2021-11-02__0036950.png,,2021-11-02,36751,36950,2021-10-21T08:00:00+00:00,2021-11-02T22:00:00+00:00,36887.0,36950.0,2021-10-29T06:00:00+00:00,2021-11-02T22:00:00+00:00,,,1795.082222222222,1773.2375,1838.7716666666663,2.0,1795.082222222222,3.4499999999999806,Cup and handle rounded base with shallow handle,rule_candidate,pending
cup_and_handle__2021-11-03__0036973,cup_and_handle,0,no_pattern,neutral,0.0,,cup_and_handle/images/no_pattern/2021/11/cup_and_handle__2021-11-03__0036973.png,,2021-11-03,36774,36973,2021-10-22T08:00:00+00:00,2021-11-03T22:00:00+00:00,,,,,,,,,,,,,No rule-based candidate at this daily endpoint,rule_candidate,pending
cup_and_handle__2021-11-04__0036996,cup_and_handle,0,no_pattern,neutral,0.0,,cup_and_handle/images/no_pattern/2021/11/cup_and_handle__2021-11-04__0036996.png,,2021-11-04,36797,36996,2021-10-25T08:00:00+00:00,2021-11-04T22:00:00+00:00,,,,,,,,,,,,,No rule-based candidate at this daily endpoint,rule_candidate,pending
cup_and_handle__2021-11-05__0037019,cup_and_handle,0,no_pattern,neutral,0.0,,cup_and_handle/images/no_pattern/2021/11/cup_and_handle__2021-11-05__0037019.png,,2021-11-05,36820,37019,2021-10-26T08:00:00+00:00,2021-11-05T22:00:00+00:00,,,,,,,,,,,,,No rule-based candidate at this daily endpoint,rule_candidate,pending
cup_and_handle__2021-11-08__0037042,cup_and_handle,0,no_pattern,neutral,0.0,,cup_and_handle/images/no_pattern/2021/11/cup_and_handle__2021-11-08__0037042.png,,2021-11-08,36843,37042,2021-10-27T08:00:00+00:00,2021-11-08T23:00:00+00:00,,,,,,,,,,,,,No rule-based candidate at this daily endpoint,rule_candidate,pending
cup_and_handle__2021-11-09__0037065,cup_and_handle,0,no_pattern,neutral,0.0,,cup_and_handle/images/no_pattern/2021/11/cup_and_handle__2021-11-09__0037065.png,,2021-11-09,36866,37065,2021-10-28T08:00:00+00:00,2021-11-09T23:00:00+00:00,,,,,,,,,,,,,No rule-based candidate at this daily endpoint,rule_candidate,pending
cup_and_handle__2021-11-10__0037088,cup_and_handle,0,no_pattern,neutral,0.0,,cup_and_handle/images/no_pattern/2021/11/cup_and_handle__2021-11-10__0037088.png,,2021-11-10,36889,37088,2021-10-29T08:00:00+00:00,2021-11-10T23:00:00+00:00,,,,,,,,,,,,,No rule-based candidate at this daily endpoint,rule_candidate,pending
cup_and_handle__2021-11-11__0037111,cup_and_handle,0,no_pattern,neutral,0.0,,cup_and_handle/images/no_pattern/2021/11/cup_and_handle__2021-11-11__0037111.png,,2021-11-11,36912,37111,2021-11-01T07:00:00+00:00,2021-11-11T23:00:00+00:00,,,,,,,,,,,,,No rule-based candidate at this daily endpoint,rule_candidate,pending
cup_and_handle__2021-11-12__0037134,cup_and_handle,0,no_pattern,neutral,0.0,,cup_and_handle/images/no_pattern/2021/11/cup_and_handle__2021-11-12__0037134.png,,2021-11-12,36935,37134,2021-11-02T07:00:00+00:00,2021-11-12T23:00:00+00:00,,,,,,,,,,,,,No rule-based candidate at this daily endpoint,rule_candidate,pending
cup_and_handle__2021-11-15__0037157,cup_and_handle,0,no_pattern,neutral,0.0,,cup_and_handle/images/no_pattern/2021/11/cup_and_handle__2021-11-15__0037157.png,,2021-11-15,36958,37157,2021-11-03T07:00:00+00:00,2021-11-15T23:00:00+00:00,,,,,,,,,,,,,No rule-based candidate at this daily endpoint,rule_candidate,pending
cup_and_handle__2021-11-16__0037180,cup_and_handle,0,no_pattern,neutral,0.0,,cup_and_handle/images/no_pattern/2021/11/cup_and_handle__2021-11-16__0037180.png,,2021-11-16,36981,37180,2021-11-04T07:00:00+00:00,2021-11-16T23:00:00+00:00,,,,,,,,,,,,,No rule-based candidate at this daily endpoint,rule_candidate,pending
cup_and_handle__2021-11-17__0037203,cup_and_handle,0,no_pattern,neutral,0.0,,cup_and_handle/images/no_pattern/2021/11/cup_and_handle__2021-11-17__0037203.png,,2021-11-17,37004,37203,2021-11-05T07:00:00+00:00,2021-11-17T23:00:00+00:00,,,,,,,,,,,,,No rule-based candidate at this daily endpoint,rule_candidate,pending
cup_and_handle__2021-11-18__0037226,cup_and_handle,0,no_pattern,neutral,0.0,,cup_and_handle/images/no_pattern/2021/11/cup_and_handle__2021-11-18__0037226.png,,2021-11-18,37027,37226,2021-11-08T08:00:00+00:00,2021-11-18T23:00:00+00:00,,,,,,,,,,,,,No rule-based candidate at this daily endpoint,rule_candidate,pending
cup_and_handle__2021-11-19__0037249,cup_and_handle,0,no_pattern,neutral,0.0,,cup_and_handle/images/no_pattern/2021/11/cup_and_handle__2021-11-19__0037249.png,,2021-11-19,37050,37249,2021-11-09T08:00:00+00:00,2021-11-19T23:00:00+00:00,,,,,,,,,,,,,No rule-based candidate at this daily endpoint,rule_candidate,pending
cup_and_handle__2021-11-22__0037272,cup_and_handle,0,no_pattern,neutral,0.0,,cup_and_handle/images/no_pattern/2021/11/cup_and_handle__2021-11-22__0037272.png,,2021-11-22,37073,37272,2021-11-10T08:00:00+00:00,2021-11-22T23:00:00+00:00,,,,,,,,,,,,,No rule-based candidate at this daily endpoint,rule_candidate,pending
cup_and_handle__2021-11-23__0037295,cup_and_handle,0,no_pattern,neutral,0.0,,cup_and_handle/images/no_pattern/2021/11/cup_and_handle__2021-11-23__0037295.png,,2021-11-23,37096,37295,2021-11-11T08:00:00+00:00,2021-11-23T23:00:00+00:00,,,,,,,,,,,,,No rule-based candidate at this daily endpoint,rule_candidate,pending
cup_and_handle__2021-11-24__0037318,cup_and_handle,0,no_pattern,neutral,0.0,,cup_and_handle/images/no_pattern/2021/11/cup_and_handle__2021-11-24__0037318.png,,2021-11-24,37119,37318,2021-11-12T08:00:00+00:00,2021-11-24T23:00:00+00:00,,,,,,,,,,,,,No rule-based candidate at this daily endpoint,rule_candidate,pending
cup_and_handle__2021-11-25__0037337,cup_and_handle,0,no_pattern,neutral,0.0,,cup_and_handle/images/no_pattern/2021/11/cup_and_handle__2021-11-25__0037337.png,,2021-11-25,37138,37337,2021-11-15T04:00:00+00:00,2021-11-25T19:00:00+00:00,,,,,,,,,,,,,No rule-based candidate at this daily endpoint,rule_candidate,pending
cup_and_handle__2021-11-26__0037357,cup_and_handle,0,no_pattern,neutral,0.0,,cup_and_handle/images/no_pattern/2021/11/cup_and_handle__2021-11-26__0037357.png,,2021-11-26,37158,37357,2021-11-16T01:00:00+00:00,2021-11-26T20:00:00+00:00,,,,,,,,,,,,,No rule-based candidate at this daily endpoint,rule_candidate,pending
cup_and_handle__2021-11-29__0037380,cup_and_handle,0,no_pattern,neutral,0.0,,cup_and_handle/images/no_pattern/2021/11/cup_and_handle__2021-11-29__0037380.png,,2021-11-29,37181,37380,2021-11-17T01:00:00+00:00,2021-11-29T23:00:00+00:00,,,,,,,,,,,,,No rule-based candidate at this daily endpoint,rule_candidate,pending
cup_and_handle__2021-11-30__0037403,cup_and_handle,0,no_pattern,neutral,0.0,,cup_and_handle/images/no_pattern/2021/11/cup_and_handle__2021-11-30__0037403.png,,2021-11-30,37204,37403,2021-11-18T01:00:00+00:00,2021-11-30T23:00:00+00:00,,,,,,,,,,,,,No rule-based candidate at this daily endpoint,rule_candidate,pending
cup_and_handle__2021-12-01__0037426,cup_and_handle,0,no_pattern,neutral,0.0,,cup_and_handle/images/no_pattern/2021/12/cup_and_handle__2021-12-01__0037426.png,,2021-12-01,37227,37426,2021-11-19T01:00:00+00:00,2021-12-01T23:00:00+00:00,,,,,,,,,,,,,No rule-based candidate at this daily endpoint,rule_candidate,pending
cup_and_handle__2021-12-02__0037449,cup_and_handle,0,no_pattern,neutral,0.0,,cup_and_handle/images/no_pattern/2021/12/cup_and_handle__2021-12-02__0037449.png,,2021-12-02,37250,37449,2021-11-22T01:00:00+00:00,2021-12-02T23:00:00+00:00,,,,,,,,,,,,,No rule-based candidate at this daily endpoint,rule_candidate,pending
cup_and_handle__2021-12-03__0037472,cup_and_handle,0,no_pattern,neutral,0.0,,cup_and_handle/images/no_pattern/2021/12/cup_and_handle__2021-12-03__0037472.png,,2021-12-03,37273,37472,2021-11-23T01:00:00+00:00,2021-12-03T23:00:00+00:00,,,,,,,,,,,,,No rule-based candidate at this daily endpoint,rule_candidate,pending
cup_and_handle__2021-12-06__0037495,cup_and_handle,1,forming,bullish,0.54,80.0,cup_and_handle/images/forming/2021/12/cup_and_handle__2021-12-06__0037495.png,,2021-12-06,37296,37495,2021-11-24T01:00:00+00:00,2021-12-06T23:00:00+00:00,37416.0,37495.0,2021-12-01T13:00:00+00:00,2021-12-06T23:00:00+00:00,,,1784.1591666666666,1762.206428571429,1828.0646428571424,2.0,1784.1591666666666,3.8542857142857008,Cup and handle rounded base with shallow handle,rule_candidate,pending
cup_and_handle__2021-12-07__0037518,cup_and_handle,0,no_pattern,neutral,0.0,,cup_and_handle/images/no_pattern/2021/12/cup_and_handle__2021-12-07__0037518.png,,2021-12-07,37319,37518,2021-11-25T01:00:00+00:00,2021-12-07T23:00:00+00:00,,,,,,,,,,,,,No rule-based candidate at this daily endpoint,rule_candidate,pending
cup_and_handle__2021-12-08__0037541,cup_and_handle,0,no_pattern,neutral,0.0,,cup_and_handle/images/no_pattern/2021/12/cup_and_handle__2021-12-08__0037541.png,,2021-12-08,37342,37541,2021-11-26T05:00:00+00:00,2021-12-08T23:00:00+00:00,,,,,,,,,,,,,No rule-based candidate at this daily endpoint,rule_candidate,pending
cup_and_handle__2021-12-09__0037564,cup_and_handle,0,no_pattern,neutral,0.0,,cup_and_handle/images/no_pattern/2021/12/cup_and_handle__2021-12-09__0037564.png,,2021-12-09,37365,37564,2021-11-29T08:00:00+00:00,2021-12-09T23:00:00+00:00,,,,,,,,,,,,,No rule-based candidate at this daily endpoint,rule_candidate,pending
cup_and_handle__2021-12-10__0037587,cup_and_handle,0,no_pattern,neutral,0.0,,cup_and_handle/images/no_pattern/2021/12/cup_and_handle__2021-12-10__0037587.png,,2021-12-10,37388,37587,2021-11-30T08:00:00+00:00,2021-12-10T23:00:00+00:00,,,,,,,,,,,,,No rule-based candidate at this daily endpoint,rule_candidate,pending
cup_and_handle__2021-12-13__0037610,cup_and_handle,1,confirmed,bullish,0.66,64.0,cup_and_handle/images/confirmed/2021/12/cup_and_handle__2021-12-13__0037610.png,,2021-12-13,37411,37610,2021-12-01T08:00:00+00:00,2021-12-13T23:00:00+00:00,37547.0,37610.0,2021-12-09T06:00:00+00:00,2021-12-13T23:00:00+00:00,37610.0,2021-12-13T23:00:00+00:00,1786.5,1769.8232142857144,1819.8535714285715,2.0,1784.4722222222222,3.347142857142817,Cup and handle rounded base with shallow handle,rule_candidate,pending
cup_and_handle__2021-12-14__0037633,cup_and_handle,0,no_pattern,neutral,0.0,,cup_and_handle/images/no_pattern/2021/12/cup_and_handle__2021-12-14__0037633.png,,2021-12-14,37434,37633,2021-12-02T08:00:00+00:00,2021-12-14T23:00:00+00:00,,,,,,,,,,,,,No rule-based candidate at this daily endpoint,rule_candidate,pending
cup_and_handle__2021-12-15__0037656,cup_and_handle,0,no_pattern,neutral,0.0,,cup_and_handle/images/no_pattern/2021/12/cup_and_handle__2021-12-15__0037656.png,,2021-12-15,37457,37656,2021-12-03T08:00:00+00:00,2021-12-15T23:00:00+00:00,,,,,,,,,,,,,No rule-based candidate at this daily endpoint,rule_candidate,pending
cup_and_handle__2021-12-16__0037679,cup_and_handle,0,no_pattern,neutral,0.0,,cup_and_handle/images/no_pattern/2021/12/cup_and_handle__2021-12-16__0037679.png,,2021-12-16,37480,37679,2021-12-06T08:00:00+00:00,2021-12-16T23:00:00+00:00,,,,,,,,,,,,,No rule-based candidate at this daily endpoint,rule_candidate,pending
cup_and_handle__2021-12-17__0037702,cup_and_handle,0,no_pattern,neutral,0.0,,cup_and_handle/images/no_pattern/2021/12/cup_and_handle__2021-12-17__0037702.png,,2021-12-17,37503,37702,2021-12-07T08:00:00+00:00,2021-12-17T23:00:00+00:00,,,,,,,,,,,,,No rule-based candidate at this daily endpoint,rule_candidate,pending
cup_and_handle__2021-12-20__0037725,cup_and_handle,0,no_pattern,neutral,0.0,,cup_and_handle/images/no_pattern/2021/12/cup_and_handle__2021-12-20__0037725.png,,2021-12-20,37526,37725,2021-12-08T08:00:00+00:00,2021-12-20T23:00:00+00:00,,,,,,,,,,,,,No rule-based candidate at this daily endpoint,rule_candidate,pending
cup_and_handle__2021-12-21__0037748,cup_and_handle,0,no_pattern,neutral,0.0,,cup_and_handle/images/no_pattern/2021/12/cup_and_handle__2021-12-21__0037748.png,,2021-12-21,37549,37748,2021-12-09T08:00:00+00:00,2021-12-21T23:00:00+00:00,,,,,,,,,,,,,No rule-based candidate at this daily endpoint,rule_candidate,pending
cup_and_handle__2021-12-22__0037771,cup_and_handle,0,no_pattern,neutral,0.0,,cup_and_handle/images/no_pattern/2021/12/cup_and_handle__2021-12-22__0037771.png,,2021-12-22,37572,37771,2021-12-10T08:00:00+00:00,2021-12-22T23:00:00+00:00,,,,,,,,,,,,,No rule-based candidate at this daily endpoint,rule_candidate,pending
cup_and_handle__2021-12-23__0037794,cup_and_handle,1,confirmed,bullish,0.66,64.0,cup_and_handle/images/confirmed/2021/12/cup_and_handle__2021-12-23__0037794.png,,2021-12-23,37595,37794,2021-12-13T08:00:00+00:00,2021-12-23T23:00:00+00:00,37731.0,37794.0,2021-12-21T06:00:00+00:00,2021-12-23T23:00:00+00:00,37794.0,2021-12-23T23:00:00+00:00,1808.27,1785.190892857143,1854.428214285714,2.0,1805.1822222222224,3.116428571428579,Cup and handle rounded base with shallow handle,rule_candidate,pending
cup_and_handle__2021-12-27__0037817,cup_and_handle,1,confirmed,bullish,0.66,120.0,cup_and_handle/images/confirmed/2021/12/cup_and_handle__2021-12-27__0037817.png,,2021-12-27,37618,37817,2021-12-14T08:00:00+00:00,2021-12-27T23:00:00+00:00,37698.0,37817.0,2021-12-17T19:00:00+00:00,2021-12-27T23:00:00+00:00,37817.0,2021-12-27T23:00:00+00:00,1811.78,1785.2130357142858,1864.9139285714284,2.0,1805.448333333333,3.0278571428571825,Cup and handle rounded base with shallow handle,rule_candidate,pending
cup_and_handle__2021-12-28__0037840,cup_and_handle,0,no_pattern,neutral,0.0,,cup_and_handle/images/no_pattern/2021/12/cup_and_handle__2021-12-28__0037840.png,,2021-12-28,37641,37840,2021-12-15T08:00:00+00:00,2021-12-28T23:00:00+00:00,,,,,,,,,,,,,No rule-based candidate at this daily endpoint,rule_candidate,pending
cup_and_handle__2021-12-29__0037863,cup_and_handle,0,no_pattern,neutral,0.0,,cup_and_handle/images/no_pattern/2021/12/cup_and_handle__2021-12-29__0037863.png,,2021-12-29,37664,37863,2021-12-16T08:00:00+00:00,2021-12-29T23:00:00+00:00,,,,,,,,,,,,,No rule-based candidate at this daily endpoint,rule_candidate,pending
cup_and_handle__2021-12-30__0037886,cup_and_handle,0,no_pattern,neutral,0.0,,cup_and_handle/images/no_pattern/2021/12/cup_and_handle__2021-12-30__0037886.png,,2021-12-30,37687,37886,2021-12-17T08:00:00+00:00,2021-12-30T23:00:00+00:00,,,,,,,,,,,,,No rule-based candidate at this daily endpoint,rule_candidate,pending
cup_and_handle__2021-12-31__0037904,cup_and_handle,0,no_pattern,neutral,0.0,,cup_and_handle/images/no_pattern/2021/12/cup_and_handle__2021-12-31__0037904.png,,2021-12-31,37705,37904,2021-12-20T03:00:00+00:00,2021-12-31T18:00:00+00:00,,,,,,,,,,,,,No rule-based candidate at this daily endpoint,rule_candidate,pending
cup_and_handle__2022-01-03__0037927,cup_and_handle,0,no_pattern,neutral,0.0,,cup_and_handle/images/no_pattern/2022/01/cup_and_handle__2022-01-03__0037927.png,,2022-01-03,37728,37927,2021-12-21T03:00:00+00:00,2022-01-03T23:00:00+00:00,,,,,,,,,,,,,No rule-based candidate at this daily endpoint,rule_candidate,pending
cup_and_handle__2022-01-04__0037950,cup_and_handle,0,no_pattern,neutral,0.0,,cup_and_handle/images/no_pattern/2022/01/cup_and_handle__2022-01-04__0037950.png,,2022-01-04,37751,37950,2021-12-22T03:00:00+00:00,2022-01-04T23:00:00+00:00,,,,,,,,,,,,,No rule-based candidate at this daily endpoint,rule_candidate,pending
cup_and_handle__2022-01-05__0037973,cup_and_handle,0,no_pattern,neutral,0.0,,cup_and_handle/images/no_pattern/2022/01/cup_and_handle__2022-01-05__0037973.png,,2022-01-05,37774,37973,2021-12-23T03:00:00+00:00,2022-01-05T23:00:00+00:00,,,,,,,,,,,,,No rule-based candidate at this daily endpoint,rule_candidate,pending
cup_and_handle__2022-01-06__0037996,cup_and_handle,0,no_pattern,neutral,0.0,,cup_and_handle/images/no_pattern/2022/01/cup_and_handle__2022-01-06__0037996.png,,2022-01-06,37797,37996,2021-12-27T03:00:00+00:00,2022-01-06T23:00:00+00:00,,,,,,,,,,,,,No rule-based candidate at this daily endpoint,rule_candidate,pending
cup_and_handle__2022-01-07__0038019,cup_and_handle,0,no_pattern,neutral,0.0,,cup_and_handle/images/no_pattern/2022/01/cup_and_handle__2022-01-07__0038019.png,,2022-01-07,37820,38019,2021-12-28T03:00:00+00:00,2022-01-07T23:00:00+00:00,,,,,,,,,,,,,No rule-based candidate at this daily endpoint,rule_candidate,pending
cup_and_handle__2022-01-10__0038042,cup_and_handle,0,no_pattern,neutral,0.0,,cup_and_handle/images/no_pattern/2022/01/cup_and_handle__2022-01-10__0038042.png,,2022-01-10,37843,38042,2021-12-29T03:00:00+00:00,2022-01-10T23:00:00+00:00,,,,,,,,,,,,,No rule-based candidate at this daily endpoint,rule_candidate,pending
cup_and_handle__2022-01-11__0038065,cup_and_handle,0,no_pattern,neutral,0.0,,cup_and_handle/images/no_pattern/2022/01/cup_and_handle__2022-01-11__0038065.png,,2022-01-11,37866,38065,2021-12-30T03:00:00+00:00,2022-01-11T23:00:00+00:00,,,,,,,,,,,,,No rule-based candidate at this daily endpoint,rule_candidate,pending
cup_and_handle__2022-01-12__0038088,cup_and_handle,0,no_pattern,neutral,0.0,,cup_and_handle/images/no_pattern/2022/01/cup_and_handle__2022-01-12__0038088.png,,2022-01-12,37889,38088,2021-12-31T03:00:00+00:00,2022-01-12T23:00:00+00:00,,,,,,,,,,,,,No rule-based candidate at this daily endpoint,rule_candidate,pending
cup_and_handle__2022-01-13__0038111,cup_and_handle,0,no_pattern,neutral,0.0,,cup_and_handle/images/no_pattern/2022/01/cup_and_handle__2022-01-13__0038111.png,,2022-01-13,37912,38111,2022-01-03T08:00:00+00:00,2022-01-13T23:00:00+00:00,,,,,,,,,,,,,No rule-based candidate at this daily endpoint,rule_candidate,pending
cup_and_handle__2022-01-14__0038134,cup_and_handle,0,no_pattern,neutral,0.0,,cup_and_handle/images/no_pattern/2022/01/cup_and_handle__2022-01-14__0038134.png,,2022-01-14,37935,38134,2022-01-04T08:00:00+00:00,2022-01-14T23:00:00+00:00,,,,,,,,,,,,,No rule-based candidate at this daily endpoint,rule_candidate,pending
cup_and_handle__2022-01-17__0038155,cup_and_handle,1,forming,bullish,0.54,200.0,cup_and_handle/images/forming/2022/01/cup_and_handle__2022-01-17__0038155.png,,2022-01-17,37956,38155,2022-01-05T06:00:00+00:00,2022-01-17T21:00:00+00:00,37956.0,38155.0,2022-01-05T06:00:00+00:00,2022-01-17T21:00:00+00:00,,,1822.9883333333328,1787.0639285714285,1894.837142857144,2.0,1822.9883333333328,1.9042857142857528,Cup and handle rounded base with shallow handle,rule_candidate,pending
cup_and_handle__2022-01-18__0038178,cup_and_handle,0,no_pattern,neutral,0.0,,cup_and_handle/images/no_pattern/2022/01/cup_and_handle__2022-01-18__0038178.png,,2022-01-18,37979,38178,2022-01-06T06:00:00+00:00,2022-01-18T23:00:00+00:00,,,,,,,,,,,,,No rule-based candidate at this daily endpoint,rule_candidate,pending
cup_and_handle__2022-01-19__0038201,cup_and_handle,0,no_pattern,neutral,0.0,,cup_and_handle/images/no_pattern/2022/01/cup_and_handle__2022-01-19__0038201.png,,2022-01-19,38002,38201,2022-01-07T06:00:00+00:00,2022-01-19T23:00:00+00:00,,,,,,,,,,,,,No rule-based candidate at this daily endpoint,rule_candidate,pending
cup_and_handle__2022-01-20__0038224,cup_and_handle,0,no_pattern,neutral,0.0,,cup_and_handle/images/no_pattern/2022/01/cup_and_handle__2022-01-20__0038224.png,,2022-01-20,38025,38224,2022-01-10T06:00:00+00:00,2022-01-20T23:00:00+00:00,,,,,,,,,,,,,No rule-based candidate at this daily endpoint,rule_candidate,pending
cup_and_handle__2022-01-21__0038247,cup_and_handle,0,no_pattern,neutral,0.0,,cup_and_handle/images/no_pattern/2022/01/cup_and_handle__2022-01-21__0038247.png,,2022-01-21,38048,38247,2022-01-11T06:00:00+00:00,2022-01-21T23:00:00+00:00,,,,,,,,,,,,,No rule-based candidate at this daily endpoint,rule_candidate,pending
cup_and_handle__2022-01-24__0038270,cup_and_handle,1,confirmed,bullish,0.66,200.0,cup_and_handle/images/confirmed/2022/01/cup_and_handle__2022-01-24__0038270.png,,2022-01-24,38071,38270,2022-01-12T06:00:00+00:00,2022-01-24T23:00:00+00:00,38071.0,38270.0,2022-01-12T06:00:00+00:00,2022-01-24T23:00:00+00:00,38270.0,2022-01-24T23:00:00+00:00,1842.83,1808.831071428572,1910.8278571428568,2.0,1838.272333333333,4.875714285714269,Cup and handle rounded base with shallow handle,rule_candidate,pending
cup_and_handle__2022-01-25__0038293,cup_and_handle,0,no_pattern,neutral,0.0,,cup_and_handle/images/no_pattern/2022/01/cup_and_handle__2022-01-25__0038293.png,,2022-01-25,38094,38293,2022-01-13T06:00:00+00:00,2022-01-25T23:00:00+00:00,,,,,,,,,,,,,No rule-based candidate at this daily endpoint,rule_candidate,pending
cup_and_handle__2022-01-26__0038316,cup_and_handle,0,no_pattern,neutral,0.0,,cup_and_handle/images/no_pattern/2022/01/cup_and_handle__2022-01-26__0038316.png,,2022-01-26,38117,38316,2022-01-14T06:00:00+00:00,2022-01-26T23:00:00+00:00,,,,,,,,,,,,,No rule-based candidate at this daily endpoint,rule_candidate,pending
cup_and_handle__2022-01-27__0038339,cup_and_handle,0,no_pattern,neutral,0.0,,cup_and_handle/images/no_pattern/2022/01/cup_and_handle__2022-01-27__0038339.png,,2022-01-27,38140,38339,2022-01-17T06:00:00+00:00,2022-01-27T23:00:00+00:00,,,,,,,,,,,,,No rule-based candidate at this daily endpoint,rule_candidate,pending
cup_and_handle__2022-01-28__0038362,cup_and_handle,0,no_pattern,neutral,0.0,,cup_and_handle/images/no_pattern/2022/01/cup_and_handle__2022-01-28__0038362.png,,2022-01-28,38163,38362,2022-01-18T08:00:00+00:00,2022-01-28T23:00:00+00:00,,,,,,,,,,,,,No rule-based candidate at this daily endpoint,rule_candidate,pending
cup_and_handle__2022-01-31__0038385,cup_and_handle,0,no_pattern,neutral,0.0,,cup_and_handle/images/no_pattern/2022/01/cup_and_handle__2022-01-31__0038385.png,,2022-01-31,38186,38385,2022-01-19T08:00:00+00:00,2022-01-31T23:00:00+00:00,,,,,,,,,,,,,No rule-based candidate at this daily endpoint,rule_candidate,pending
cup_and_handle__2022-02-01__0038408,cup_and_handle,0,no_pattern,neutral,0.0,,cup_and_handle/images/no_pattern/2022/02/cup_and_handle__2022-02-01__0038408.png,,2022-02-01,38209,38408,2022-01-20T08:00:00+00:00,2022-02-01T23:00:00+00:00,,,,,,,,,,,,,No rule-based candidate at this daily endpoint,rule_candidate,pending
cup_and_handle__2022-02-02__0038431,cup_and_handle,1,confirmed,bullish,0.66,100.0,cup_and_handle/images/confirmed/2022/02/cup_and_handle__2022-02-02__0038431.png,,2022-02-02,38232,38431,2022-01-21T08:00:00+00:00,2022-02-02T23:00:00+00:00,38332.0,38431.0,2022-01-27T16:00:00+00:00,2022-02-02T23:00:00+00:00,38431.0,2022-02-02T23:00:00+00:00,1806.67,1781.8433928571428,1856.3232142857144,2.0,1803.4806666666664,3.4664285714285694,Cup and handle rounded base with shallow handle,rule_candidate,pending
cup_and_handle__2022-02-03__0038454,cup_and_handle,0,no_pattern,neutral,0.0,,cup_and_handle/images/no_pattern/2022/02/cup_and_handle__2022-02-03__0038454.png,,2022-02-03,38255,38454,2022-01-24T08:00:00+00:00,2022-02-03T23:00:00+00:00,,,,,,,,,,,,,No rule-based candidate at this daily endpoint,rule_candidate,pending
cup_and_handle__2022-02-04__0038477,cup_and_handle,0,no_pattern,neutral,0.0,,cup_and_handle/images/no_pattern/2022/02/cup_and_handle__2022-02-04__0038477.png,,2022-02-04,38278,38477,2022-01-25T08:00:00+00:00,2022-02-04T23:00:00+00:00,,,,,,,,,,,,,No rule-based candidate at this daily endpoint,rule_candidate,pending
cup_and_handle__2022-02-07__0038500,cup_and_handle,0,no_pattern,neutral,0.0,,cup_and_handle/images/no_pattern/2022/02/cup_and_handle__2022-02-07__0038500.png,,2022-02-07,38301,38500,2022-01-26T08:00:00+00:00,2022-02-07T23:00:00+00:00,,,,,,,,,,,,,No rule-based candidate at this daily endpoint,rule_candidate,pending
cup_and_handle__2022-02-08__0038523,cup_and_handle,0,no_pattern,neutral,0.0,,cup_and_handle/images/no_pattern/2022/02/cup_and_handle__2022-02-08__0038523.png,,2022-02-08,38324,38523,2022-01-27T08:00:00+00:00,2022-02-08T23:00:00+00:00,,,,,,,,,,,,,No rule-based candidate at this daily endpoint,rule_candidate,pending
cup_and_handle__2022-02-09__0038546,cup_and_handle,0,no_pattern,neutral,0.0,,cup_and_handle/images/no_pattern/2022/02/cup_and_handle__2022-02-09__0038546.png,,2022-02-09,38347,38546,2022-01-28T08:00:00+00:00,2022-02-09T23:00:00+00:00,,,,,,,,,,,,,No rule-based candidate at this daily endpoint,rule_candidate,pending
cup_and_handle__2022-02-10__0038569,cup_and_handle,0,no_pattern,neutral,0.0,,cup_and_handle/images/no_pattern/2022/02/cup_and_handle__2022-02-10__0038569.png,,2022-02-10,38370,38569,2022-01-31T08:00:00+00:00,2022-02-10T23:00:00+00:00,,,,,,,,,,,,,No rule-based candidate at this daily endpoint,rule_candidate,pending
cup_and_handle__2022-02-11__0038592,cup_and_handle,0,no_pattern,neutral,0.0,,cup_and_handle/images/no_pattern/2022/02/cup_and_handle__2022-02-11__0038592.png,,2022-02-11,38393,38592,2022-02-01T08:00:00+00:00,2022-02-11T23:00:00+00:00,,,,,,,,,,,,,No rule-based candidate at this daily endpoint,rule_candidate,pending
cup_and_handle__2022-02-14__0038615,cup_and_handle,0,no_pattern,neutral,0.0,,cup_and_handle/images/no_pattern/2022/02/cup_and_handle__2022-02-14__0038615.png,,2022-02-14,38416,38615,2022-02-02T08:00:00+00:00,2022-02-14T23:00:00+00:00,,,,,,,,,,,,,No rule-based candidate at this daily endpoint,rule_candidate,pending
cup_and_handle__2022-02-15__0038638,cup_and_handle,0,no_pattern,neutral,0.0,,cup_and_handle/images/no_pattern/2022/02/cup_and_handle__2022-02-15__0038638.png,,2022-02-15,38439,38638,2022-02-03T08:00:00+00:00,2022-02-15T23:00:00+00:00,,,,,,,,,,,,,No rule-based candidate at this daily endpoint,rule_candidate,pending
cup_and_handle__2022-02-16__0038661,cup_and_handle,0,no_pattern,neutral,0.0,,cup_and_handle/images/no_pattern/2022/02/cup_and_handle__2022-02-16__0038661.png,,2022-02-16,38462,38661,2022-02-04T08:00:00+00:00,2022-02-16T23:00:00+00:00,,,,,,,,,,,,,No rule-based candidate at this daily endpoint,rule_candidate,pending
cup_and_handle__2022-02-17__0038684,cup_and_handle,0,no_pattern,neutral,0.0,,cup_and_handle/images/no_pattern/2022/02/cup_and_handle__2022-02-17__0038684.png,,2022-02-17,38485,38684,2022-02-07T08:00:00+00:00,2022-02-17T23:00:00+00:00,,,,,,,,,,,,,No rule-based candidate at this daily endpoint,rule_candidate,pending
cup_and_handle__2022-02-18__0038707,cup_and_handle,0,no_pattern,neutral,0.0,,cup_and_handle/images/no_pattern/2022/02/cup_and_handle__2022-02-18__0038707.png,,2022-02-18,38508,38707,2022-02-08T08:00:00+00:00,2022-02-18T23:00:00+00:00,,,,,,,,,,,,,No rule-based candidate at this daily endpoint,rule_candidate,pending
cup_and_handle__2022-02-21__0038728,cup_and_handle,0,no_pattern,neutral,0.0,,cup_and_handle/images/no_pattern/2022/02/cup_and_handle__2022-02-21__0038728.png,,2022-02-21,38529,38728,2022-02-09T06:00:00+00:00,2022-02-21T21:00:00+00:00,,,,,,,,,,,,,No rule-based candidate at this daily endpoint,rule_candidate,pending
cup_and_handle__2022-02-22__0038751,cup_and_handle,0,no_pattern,neutral,0.0,,cup_and_handle/images/no_pattern/2022/02/cup_and_handle__2022-02-22__0038751.png,,2022-02-22,38552,38751,2022-02-10T06:00:00+00:00,2022-02-22T23:00:00+00:00,,,,,,,,,,,,,No rule-based candidate at this daily endpoint,rule_candidate,pending
cup_and_handle__2022-02-23__0038774,cup_and_handle,0,no_pattern,neutral,0.0,,cup_and_handle/images/no_pattern/2022/02/cup_and_handle__2022-02-23__0038774.png,,2022-02-23,38575,38774,2022-02-11T06:00:00+00:00,2022-02-23T23:00:00+00:00,,,,,,,,,,,,,No rule-based candidate at this daily endpoint,rule_candidate,pending
cup_and_handle__2022-02-24__0038797,cup_and_handle,0,no_pattern,neutral,0.0,,cup_and_handle/images/no_pattern/2022/02/cup_and_handle__2022-02-24__0038797.png,,2022-02-24,38598,38797,2022-02-14T06:00:00+00:00,2022-02-24T23:00:00+00:00,,,,,,,,,,,,,No rule-based candidate at this daily endpoint,rule_candidate,pending
cup_and_handle__2022-02-25__0038820,cup_and_handle,0,no_pattern,neutral,0.0,,cup_and_handle/images/no_pattern/2022/02/cup_and_handle__2022-02-25__0038820.png,,2022-02-25,38621,38820,2022-02-15T06:00:00+00:00,2022-02-25T23:00:00+00:00,,,,,,,,,,,,,No rule-based candidate at this daily endpoint,rule_candidate,pending
cup_and_handle__2022-02-28__0038843,cup_and_handle,0,no_pattern,neutral,0.0,,cup_and_handle/images/no_pattern/2022/02/cup_and_handle__2022-02-28__0038843.png,,2022-02-28,38644,38843,2022-02-16T06:00:00+00:00,2022-02-28T23:00:00+00:00,,,,,,,,,,,,,No rule-based candidate at this daily endpoint,rule_candidate,pending
cup_and_handle__2022-03-01__0038866,cup_and_handle,0,no_pattern,neutral,0.0,,cup_and_handle/images/no_pattern/2022/03/cup_and_handle__2022-03-01__0038866.png,,2022-03-01,38667,38866,2022-02-17T06:00:00+00:00,2022-03-01T23:00:00+00:00,,,,,,,,,,,,,No rule-based candidate at this daily endpoint,rule_candidate,pending
cup_and_handle__2022-03-02__0038889,cup_and_handle,0,no_pattern,neutral,0.0,,cup_and_handle/images/no_pattern/2022/03/cup_and_handle__2022-03-02__0038889.png,,2022-03-02,38690,38889,2022-02-18T06:00:00+00:00,2022-03-02T23:00:00+00:00,,,,,,,,,,,,,No rule-based candidate at this daily endpoint,rule_candidate,pending
cup_and_handle__2022-03-03__0038912,cup_and_handle,0,no_pattern,neutral,0.0,,cup_and_handle/images/no_pattern/2022/03/cup_and_handle__2022-03-03__0038912.png,,2022-03-03,38713,38912,2022-02-21T06:00:00+00:00,2022-03-03T23:00:00+00:00,,,,,,,,,,,,,No rule-based candidate at this daily endpoint,rule_candidate,pending
cup_and_handle__2022-03-04__0038935,cup_and_handle,0,no_pattern,neutral,0.0,,cup_and_handle/images/no_pattern/2022/03/cup_and_handle__2022-03-04__0038935.png,,2022-03-04,38736,38935,2022-02-22T08:00:00+00:00,2022-03-04T23:00:00+00:00,,,,,,,,,,,,,No rule-based candidate at this daily endpoint,rule_candidate,pending
cup_and_handle__2022-03-07__0038958,cup_and_handle,0,no_pattern,neutral,0.0,,cup_and_handle/images/no_pattern/2022/03/cup_and_handle__2022-03-07__0038958.png,,2022-03-07,38759,38958,2022-02-23T08:00:00+00:00,2022-03-07T23:00:00+00:00,,,,,,,,,,,,,No rule-based candidate at this daily endpoint,rule_candidate,pending
cup_and_handle__2022-03-08__0038981,cup_and_handle,0,no_pattern,neutral,0.0,,cup_and_handle/images/no_pattern/2022/03/cup_and_handle__2022-03-08__0038981.png,,2022-03-08,38782,38981,2022-02-24T08:00:00+00:00,2022-03-08T23:00:00+00:00,,,,,,,,,,,,,No rule-based candidate at this daily endpoint,rule_candidate,pending
cup_and_handle__2022-03-09__0039004,cup_and_handle,0,no_pattern,neutral,0.0,,cup_and_handle/images/no_pattern/2022/03/cup_and_handle__2022-03-09__0039004.png,,2022-03-09,38805,39004,2022-02-25T08:00:00+00:00,2022-03-09T23:00:00+00:00,,,,,,,,,,,,,No rule-based candidate at this daily endpoint,rule_candidate,pending
cup_and_handle__2022-03-10__0039027,cup_and_handle,0,no_pattern,neutral,0.0,,cup_and_handle/images/no_pattern/2022/03/cup_and_handle__2022-03-10__0039027.png,,2022-03-10,38828,39027,2022-02-28T08:00:00+00:00,2022-03-10T23:00:00+00:00,,,,,,,,,,,,,No rule-based candidate at this daily endpoint,rule_candidate,pending
cup_and_handle__2022-03-11__0039050,cup_and_handle,0,no_pattern,neutral,0.0,,cup_and_handle/images/no_pattern/2022/03/cup_and_handle__2022-03-11__0039050.png,,2022-03-11,38851,39050,2022-03-01T08:00:00+00:00,2022-03-11T23:00:00+00:00,,,,,,,,,,,,,No rule-based candidate at this daily endpoint,rule_candidate,pending
cup_and_handle__2022-03-14__0039073,cup_and_handle,0,no_pattern,neutral,0.0,,cup_and_handle/images/no_pattern/2022/03/cup_and_handle__2022-03-14__0039073.png,,2022-03-14,38874,39073,2022-03-02T08:00:00+00:00,2022-03-14T22:00:00+00:00,,,,,,,,,,,,,No rule-based candidate at this daily endpoint,rule_candidate,pending
cup_and_handle__2022-03-15__0039096,cup_and_handle,0,no_pattern,neutral,0.0,,cup_and_handle/images/no_pattern/2022/03/cup_and_handle__2022-03-15__0039096.png,,2022-03-15,38897,39096,2022-03-03T08:00:00+00:00,2022-03-15T22:00:00+00:00,,,,,,,,,,,,,No rule-based candidate at this daily endpoint,rule_candidate,pending
cup_and_handle__2022-03-16__0039119,cup_and_handle,0,no_pattern,neutral,0.0,,cup_and_handle/images/no_pattern/2022/03/cup_and_handle__2022-03-16__0039119.png,,2022-03-16,38920,39119,2022-03-04T08:00:00+00:00,2022-03-16T22:00:00+00:00,,,,,,,,,,,,,No rule-based candidate at this daily endpoint,rule_candidate,pending
cup_and_handle__2022-03-17__0039142,cup_and_handle,0,no_pattern,neutral,0.0,,cup_and_handle/images/no_pattern/2022/03/cup_and_handle__2022-03-17__0039142.png,,2022-03-17,38943,39142,2022-03-07T08:00:00+00:00,2022-03-17T22:00:00+00:00,,,,,,,,,,,,,No rule-based candidate at this daily endpoint,rule_candidate,pending
cup_and_handle__2022-03-18__0039165,cup_and_handle,0,no_pattern,neutral,0.0,,cup_and_handle/images/no_pattern/2022/03/cup_and_handle__2022-03-18__0039165.png,,2022-03-18,38966,39165,2022-03-08T08:00:00+00:00,2022-03-18T22:00:00+00:00,,,,,,,,,,,,,No rule-based candidate at this daily endpoint,rule_candidate,pending
cup_and_handle__2022-03-21__0039188,cup_and_handle,0,no_pattern,neutral,0.0,,cup_and_handle/images/no_pattern/2022/03/cup_and_handle__2022-03-21__0039188.png,,2022-03-21,38989,39188,2022-03-09T08:00:00+00:00,2022-03-21T22:00:00+00:00,,,,,,,,,,,,,No rule-based candidate at this daily endpoint,rule_candidate,pending
cup_and_handle__2022-03-22__0039211,cup_and_handle,0,no_pattern,neutral,0.0,,cup_and_handle/images/no_pattern/2022/03/cup_and_handle__2022-03-22__0039211.png,,2022-03-22,39012,39211,2022-03-10T08:00:00+00:00,2022-03-22T22:00:00+00:00,,,,,,,,,,,,,No rule-based candidate at this daily endpoint,rule_candidate,pending
cup_and_handle__2022-03-23__0039234,cup_and_handle,0,no_pattern,neutral,0.0,,cup_and_handle/images/no_pattern/2022/03/cup_and_handle__2022-03-23__0039234.png,,2022-03-23,39035,39234,2022-03-11T08:00:00+00:00,2022-03-23T22:00:00+00:00,,,,,,,,,,,,,No rule-based candidate at this daily endpoint,rule_candidate,pending
cup_and_handle__2022-03-24__0039257,cup_and_handle,0,no_pattern,neutral,0.0,,cup_and_handle/images/no_pattern/2022/03/cup_and_handle__2022-03-24__0039257.png,,2022-03-24,39058,39257,2022-03-14T07:00:00+00:00,2022-03-24T22:00:00+00:00,,,,,,,,,,,,,No rule-based candidate at this daily endpoint,rule_candidate,pending
cup_and_handle__2022-03-25__0039280,cup_and_handle,0,no_pattern,neutral,0.0,,cup_and_handle/images/no_pattern/2022/03/cup_and_handle__2022-03-25__0039280.png,,2022-03-25,39081,39280,2022-03-15T07:00:00+00:00,2022-03-25T22:00:00+00:00,,,,,,,,,,,,,No rule-based candidate at this daily endpoint,rule_candidate,pending
cup_and_handle__2022-03-28__0039303,cup_and_handle,0,no_pattern,neutral,0.0,,cup_and_handle/images/no_pattern/2022/03/cup_and_handle__2022-03-28__0039303.png,,2022-03-28,39104,39303,2022-03-16T07:00:00+00:00,2022-03-28T23:00:00+00:00,,,,,,,,,,,,,No rule-based candidate at this daily endpoint,rule_candidate,pending
cup_and_handle__2022-03-29__0039326,cup_and_handle,0,no_pattern,neutral,0.0,,cup_and_handle/images/no_pattern/2022/03/cup_and_handle__2022-03-29__0039326.png,,2022-03-29,39127,39326,2022-03-17T07:00:00+00:00,2022-03-29T23:00:00+00:00,,,,,,,,,,,,,No rule-based candidate at this daily endpoint,rule_candidate,pending
cup_and_handle__2022-03-30__0039349,cup_and_handle,0,no_pattern,neutral,0.0,,cup_and_handle/images/no_pattern/2022/03/cup_and_handle__2022-03-30__0039349.png,,2022-03-30,39150,39349,2022-03-18T07:00:00+00:00,2022-03-30T23:00:00+00:00,,,,,,,,,,,,,No rule-based candidate at this daily endpoint,rule_candidate,pending
cup_and_handle__2022-03-31__0039372,cup_and_handle,0,no_pattern,neutral,0.0,,cup_and_handle/images/no_pattern/2022/03/cup_and_handle__2022-03-31__0039372.png,,2022-03-31,39173,39372,2022-03-21T07:00:00+00:00,2022-03-31T23:00:00+00:00,,,,,,,,,,,,,No rule-based candidate at this daily endpoint,rule_candidate,pending
cup_and_handle__2022-04-01__0039395,cup_and_handle,0,no_pattern,neutral,0.0,,cup_and_handle/images/no_pattern/2022/04/cup_and_handle__2022-04-01__0039395.png,,2022-04-01,39196,39395,2022-03-22T07:00:00+00:00,2022-04-01T23:00:00+00:00,,,,,,,,,,,,,No rule-based candidate at this daily endpoint,rule_candidate,pending
cup_and_handle__2022-04-04__0039418,cup_and_handle,0,no_pattern,neutral,0.0,,cup_and_handle/images/no_pattern/2022/04/cup_and_handle__2022-04-04__0039418.png,,2022-04-04,39219,39418,2022-03-23T07:00:00+00:00,2022-04-04T23:00:00+00:00,,,,,,,,,,,,,No rule-based candidate at this daily endpoint,rule_candidate,pending
cup_and_handle__2022-04-05__0039441,cup_and_handle,0,no_pattern,neutral,0.0,,cup_and_handle/images/no_pattern/2022/04/cup_and_handle__2022-04-05__0039441.png,,2022-04-05,39242,39441,2022-03-24T07:00:00+00:00,2022-04-05T23:00:00+00:00,,,,,,,,,,,,,No rule-based candidate at this daily endpoint,rule_candidate,pending
cup_and_handle__2022-04-06__0039464,cup_and_handle,0,no_pattern,neutral,0.0,,cup_and_handle/images/no_pattern/2022/04/cup_and_handle__2022-04-06__0039464.png,,2022-04-06,39265,39464,2022-03-25T07:00:00+00:00,2022-04-06T23:00:00+00:00,,,,,,,,,,,,,No rule-based candidate at this daily endpoint,rule_candidate,pending
cup_and_handle__2022-04-07__0039487,cup_and_handle,0,no_pattern,neutral,0.0,,cup_and_handle/images/no_pattern/2022/04/cup_and_handle__2022-04-07__0039487.png,,2022-04-07,39288,39487,2022-03-28T08:00:00+00:00,2022-04-07T23:00:00+00:00,,,,,,,,,,,,,No rule-based candidate at this daily endpoint,rule_candidate,pending
cup_and_handle__2022-04-08__0039510,cup_and_handle,0,no_pattern,neutral,0.0,,cup_and_handle/images/no_pattern/2022/04/cup_and_handle__2022-04-08__0039510.png,,2022-04-08,39311,39510,2022-03-29T08:00:00+00:00,2022-04-08T23:00:00+00:00,,,,,,,,,,,,,No rule-based candidate at this daily endpoint,rule_candidate,pending
cup_and_handle__2022-04-11__0039533,cup_and_handle,0,no_pattern,neutral,0.0,,cup_and_handle/images/no_pattern/2022/04/cup_and_handle__2022-04-11__0039533.png,,2022-04-11,39334,39533,2022-03-30T08:00:00+00:00,2022-04-11T23:00:00+00:00,,,,,,,,,,,,,No rule-based candidate at this daily endpoint,rule_candidate,pending
cup_and_handle__2022-04-12__0039556,cup_and_handle,0,no_pattern,neutral,0.0,,cup_and_handle/images/no_pattern/2022/04/cup_and_handle__2022-04-12__0039556.png,,2022-04-12,39357,39556,2022-03-31T08:00:00+00:00,2022-04-12T23:00:00+00:00,,,,,,,,,,,,,No rule-based candidate at this daily endpoint,rule_candidate,pending
cup_and_handle__2022-04-13__0039579,cup_and_handle,0,no_pattern,neutral,0.0,,cup_and_handle/images/no_pattern/2022/04/cup_and_handle__2022-04-13__0039579.png,,2022-04-13,39380,39579,2022-04-01T08:00:00+00:00,2022-04-13T23:00:00+00:00,,,,,,,,,,,,,No rule-based candidate at this daily endpoint,rule_candidate,pending
cup_and_handle__2022-04-14__0039602,cup_and_handle,0,no_pattern,neutral,0.0,,cup_and_handle/images/no_pattern/2022/04/cup_and_handle__2022-04-14__0039602.png,,2022-04-14,39403,39602,2022-04-04T08:00:00+00:00,2022-04-14T23:00:00+00:00,,,,,,,,,,,,,No rule-based candidate at this daily endpoint,rule_candidate,pending
cup_and_handle__2022-04-18__0039625,cup_and_handle,0,no_pattern,neutral,0.0,,cup_and_handle/images/no_pattern/2022/04/cup_and_handle__2022-04-18__0039625.png,,2022-04-18,39426,39625,2022-04-05T08:00:00+00:00,2022-04-18T23:00:00+00:00,,,,,,,,,,,,,No rule-based candidate at this daily endpoint,rule_candidate,pending
cup_and_handle__2022-04-19__0039648,cup_and_handle,0,no_pattern,neutral,0.0,,cup_and_handle/images/no_pattern/2022/04/cup_and_handle__2022-04-19__0039648.png,,2022-04-19,39449,39648,2022-04-06T08:00:00+00:00,2022-04-19T23:00:00+00:00,,,,,,,,,,,,,No rule-based candidate at this daily endpoint,rule_candidate,pending
cup_and_handle__2022-04-20__0039671,cup_and_handle,0,no_pattern,neutral,0.0,,cup_and_handle/images/no_pattern/2022/04/cup_and_handle__2022-04-20__0039671.png,,2022-04-20,39472,39671,2022-04-07T08:00:00+00:00,2022-04-20T23:00:00+00:00,,,,,,,,,,,,,No rule-based candidate at this daily endpoint,rule_candidate,pending
cup_and_handle__2022-04-21__0039694,cup_and_handle,0,no_pattern,neutral,0.0,,cup_and_handle/images/no_pattern/2022/04/cup_and_handle__2022-04-21__0039694.png,,2022-04-21,39495,39694,2022-04-08T08:00:00+00:00,2022-04-21T23:00:00+00:00,,,,,,,,,,,,,No rule-based candidate at this daily endpoint,rule_candidate,pending
cup_and_handle__2022-04-22__0039717,cup_and_handle,0,no_pattern,neutral,0.0,,cup_and_handle/images/no_pattern/2022/04/cup_and_handle__2022-04-22__0039717.png,,2022-04-22,39518,39717,2022-04-11T08:00:00+00:00,2022-04-22T23:00:00+00:00,,,,,,,,,,,,,No rule-based candidate at this daily endpoint,rule_candidate,pending
cup_and_handle__2022-04-25__0039740,cup_and_handle,0,no_pattern,neutral,0.0,,cup_and_handle/images/no_pattern/2022/04/cup_and_handle__2022-04-25__0039740.png,,2022-04-25,39541,39740,2022-04-12T08:00:00+00:00,2022-04-25T23:00:00+00:00,,,,,,,,,,,,,No rule-based candidate at this daily endpoint,rule_candidate,pending
cup_and_handle__2022-04-26__0039763,cup_and_handle,0,no_pattern,neutral,0.0,,cup_and_handle/images/no_pattern/2022/04/cup_and_handle__2022-04-26__0039763.png,,2022-04-26,39564,39763,2022-04-13T08:00:00+00:00,2022-04-26T23:00:00+00:00,,,,,,,,,,,,,No rule-based candidate at this daily endpoint,rule_candidate,pending
cup_and_handle__2022-04-27__0039786,cup_and_handle,0,no_pattern,neutral,0.0,,cup_and_handle/images/no_pattern/2022/04/cup_and_handle__2022-04-27__0039786.png,,2022-04-27,39587,39786,2022-04-14T08:00:00+00:00,2022-04-27T23:00:00+00:00,,,,,,,,,,,,,No rule-based candidate at this daily endpoint,rule_candidate,pending
cup_and_handle__2022-04-28__0039809,cup_and_handle,0,no_pattern,neutral,0.0,,cup_and_handle/images/no_pattern/2022/04/cup_and_handle__2022-04-28__0039809.png,,2022-04-28,39610,39809,2022-04-18T08:00:00+00:00,2022-04-28T23:00:00+00:00,,,,,,,,,,,,,No rule-based candidate at this daily endpoint,rule_candidate,pending
cup_and_handle__2022-04-29__0039832,cup_and_handle,0,no_pattern,neutral,0.0,,cup_and_handle/images/no_pattern/2022/04/cup_and_handle__2022-04-29__0039832.png,,2022-04-29,39633,39832,2022-04-19T08:00:00+00:00,2022-04-29T23:00:00+00:00,,,,,,,,,,,,,No rule-based candidate at this daily endpoint,rule_candidate,pending
cup_and_handle__2022-05-02__0039855,cup_and_handle,0,no_pattern,neutral,0.0,,cup_and_handle/images/no_pattern/2022/05/cup_and_handle__2022-05-02__0039855.png,,2022-05-02,39656,39855,2022-04-20T08:00:00+00:00,2022-05-02T23:00:00+00:00,,,,,,,,,,,,,No rule-based candidate at this daily endpoint,rule_candidate,pending
cup_and_handle__2022-05-03__0039878,cup_and_handle,0,no_pattern,neutral,0.0,,cup_and_handle/images/no_pattern/2022/05/cup_and_handle__2022-05-03__0039878.png,,2022-05-03,39679,39878,2022-04-21T08:00:00+00:00,2022-05-03T23:00:00+00:00,,,,,,,,,,,,,No rule-based candidate at this daily endpoint,rule_candidate,pending
cup_and_handle__2022-05-04__0039901,cup_and_handle,0,no_pattern,neutral,0.0,,cup_and_handle/images/no_pattern/2022/05/cup_and_handle__2022-05-04__0039901.png,,2022-05-04,39702,39901,2022-04-22T08:00:00+00:00,2022-05-04T23:00:00+00:00,,,,,,,,,,,,,No rule-based candidate at this daily endpoint,rule_candidate,pending
cup_and_handle__2022-05-05__0039924,cup_and_handle,0,no_pattern,neutral,0.0,,cup_and_handle/images/no_pattern/2022/05/cup_and_handle__2022-05-05__0039924.png,,2022-05-05,39725,39924,2022-04-25T08:00:00+00:00,2022-05-05T23:00:00+00:00,,,,,,,,,,,,,No rule-based candidate at this daily endpoint,rule_candidate,pending
cup_and_handle__2022-05-06__0039947,cup_and_handle,0,no_pattern,neutral,0.0,,cup_and_handle/images/no_pattern/2022/05/cup_and_handle__2022-05-06__0039947.png,,2022-05-06,39748,39947,2022-04-26T08:00:00+00:00,2022-05-06T23:00:00+00:00,,,,,,,,,,,,,No rule-based candidate at this daily endpoint,rule_candidate,pending
cup_and_handle__2022-05-09__0039970,cup_and_handle,0,no_pattern,neutral,0.0,,cup_and_handle/images/no_pattern/2022/05/cup_and_handle__2022-05-09__0039970.png,,2022-05-09,39771,39970,2022-04-27T08:00:00+00:00,2022-05-09T23:00:00+00:00,,,,,,,,,,,,,No rule-based candidate at this daily endpoint,rule_candidate,pending
cup_and_handle__2022-05-10__0039993,cup_and_handle,0,no_pattern,neutral,0.0,,cup_and_handle/images/no_pattern/2022/05/cup_and_handle__2022-05-10__0039993.png,,2022-05-10,39794,39993,2022-04-28T08:00:00+00:00,2022-05-10T23:00:00+00:00,,,,,,,,,,,,,No rule-based candidate at this daily endpoint,rule_candidate,pending
cup_and_handle__2022-05-11__0040016,cup_and_handle,0,no_pattern,neutral,0.0,,cup_and_handle/images/no_pattern/2022/05/cup_and_handle__2022-05-11__0040016.png,,2022-05-11,39817,40016,2022-04-29T08:00:00+00:00,2022-05-11T23:00:00+00:00,,,,,,,,,,,,,No rule-based candidate at this daily endpoint,rule_candidate,pending
cup_and_handle__2022-05-12__0040039,cup_and_handle,0,no_pattern,neutral,0.0,,cup_and_handle/images/no_pattern/2022/05/cup_and_handle__2022-05-12__0040039.png,,2022-05-12,39840,40039,2022-05-02T08:00:00+00:00,2022-05-12T23:00:00+00:00,,,,,,,,,,,,,No rule-based candidate at this daily endpoint,rule_candidate,pending
cup_and_handle__2022-05-13__0040062,cup_and_handle,0,no_pattern,neutral,0.0,,cup_and_handle/images/no_pattern/2022/05/cup_and_handle__2022-05-13__0040062.png,,2022-05-13,39863,40062,2022-05-03T08:00:00+00:00,2022-05-13T23:00:00+00:00,,,,,,,,,,,,,No rule-based candidate at this daily endpoint,rule_candidate,pending
cup_and_handle__2022-05-16__0040085,cup_and_handle,0,no_pattern,neutral,0.0,,cup_and_handle/images/no_pattern/2022/05/cup_and_handle__2022-05-16__0040085.png,,2022-05-16,39886,40085,2022-05-04T08:00:00+00:00,2022-05-16T23:00:00+00:00,,,,,,,,,,,,,No rule-based candidate at this daily endpoint,rule_candidate,pending
cup_and_handle__2022-05-17__0040108,cup_and_handle,0,no_pattern,neutral,0.0,,cup_and_handle/images/no_pattern/2022/05/cup_and_handle__2022-05-17__0040108.png,,2022-05-17,39909,40108,2022-05-05T08:00:00+00:00,2022-05-17T23:00:00+00:00,,,,,,,,,,,,,No rule-based candidate at this daily endpoint,rule_candidate,pending
cup_and_handle__2022-05-18__0040131,cup_and_handle,0,no_pattern,neutral,0.0,,cup_and_handle/images/no_pattern/2022/05/cup_and_handle__2022-05-18__0040131.png,,2022-05-18,39932,40131,2022-05-06T08:00:00+00:00,2022-05-18T23:00:00+00:00,,,,,,,,,,,,,No rule-based candidate at this daily endpoint,rule_candidate,pending
cup_and_handle__2022-05-19__0040154,cup_and_handle,0,no_pattern,neutral,0.0,,cup_and_handle/images/no_pattern/2022/05/cup_and_handle__2022-05-19__0040154.png,,2022-05-19,39955,40154,2022-05-09T08:00:00+00:00,2022-05-19T23:00:00+00:00,,,,,,,,,,,,,No rule-based candidate at this daily endpoint,rule_candidate,pending
cup_and_handle__2022-05-20__0040177,cup_and_handle,0,no_pattern,neutral,0.0,,cup_and_handle/images/no_pattern/2022/05/cup_and_handle__2022-05-20__0040177.png,,2022-05-20,39978,40177,2022-05-10T08:00:00+00:00,2022-05-20T23:00:00+00:00,,,,,,,,,,,,,No rule-based candidate at this daily endpoint,rule_candidate,pending
cup_and_handle__2022-05-23__0040200,cup_and_handle,0,no_pattern,neutral,0.0,,cup_and_handle/images/no_pattern/2022/05/cup_and_handle__2022-05-23__0040200.png,,2022-05-23,40001,40200,2022-05-11T08:00:00+00:00,2022-05-23T23:00:00+00:00,,,,,,,,,,,,,No rule-based candidate at this daily endpoint,rule_candidate,pending
cup_and_handle__2022-05-24__0040223,cup_and_handle,0,no_pattern,neutral,0.0,,cup_and_handle/images/no_pattern/2022/05/cup_and_handle__2022-05-24__0040223.png,,2022-05-24,40024,40223,2022-05-12T08:00:00+00:00,2022-05-24T23:00:00+00:00,,,,,,,,,,,,,No rule-based candidate at this daily endpoint,rule_candidate,pending
cup_and_handle__2022-05-25__0040246,cup_and_handle,0,no_pattern,neutral,0.0,,cup_and_handle/images/no_pattern/2022/05/cup_and_handle__2022-05-25__0040246.png,,2022-05-25,40047,40246,2022-05-13T08:00:00+00:00,2022-05-25T23:00:00+00:00,,,,,,,,,,,,,No rule-based candidate at this daily endpoint,rule_candidate,pending
cup_and_handle__2022-05-26__0040269,cup_and_handle,0,no_pattern,neutral,0.0,,cup_and_handle/images/no_pattern/2022/05/cup_and_handle__2022-05-26__0040269.png,,2022-05-26,40070,40269,2022-05-16T08:00:00+00:00,2022-05-26T23:00:00+00:00,,,,,,,,,,,,,No rule-based candidate at this daily endpoint,rule_candidate,pending
cup_and_handle__2022-05-27__0040292,cup_and_handle,1,forming,bullish,0.54,48.0,cup_and_handle/images/forming/2022/05/cup_and_handle__2022-05-27__0040292.png,,2022-05-27,40093,40292,2022-05-17T08:00:00+00:00,2022-05-27T23:00:00+00:00,40245.0,40292.0,2022-05-25T22:00:00+00:00,2022-05-27T23:00:00+00:00,,,1854.85,1842.194107142857,1880.161785714285,2.0,1854.85,4.023571428571407,Cup and handle rounded base with shallow handle,rule_candidate,pending
cup_and_handle__2022-05-30__0040313,cup_and_handle,0,no_pattern,neutral,0.0,,cup_and_handle/images/no_pattern/2022/05/cup_and_handle__2022-05-30__0040313.png,,2022-05-30,40114,40313,2022-05-18T06:00:00+00:00,2022-05-30T21:00:00+00:00,,,,,,,,,,,,,No rule-based candidate at this daily endpoint,rule_candidate,pending
cup_and_handle__2022-05-31__0040336,cup_and_handle,0,no_pattern,neutral,0.0,,cup_and_handle/images/no_pattern/2022/05/cup_and_handle__2022-05-31__0040336.png,,2022-05-31,40137,40336,2022-05-19T06:00:00+00:00,2022-05-31T23:00:00+00:00,,,,,,,,,,,,,No rule-based candidate at this daily endpoint,rule_candidate,pending
cup_and_handle__2022-06-01__0040359,cup_and_handle,0,no_pattern,neutral,0.0,,cup_and_handle/images/no_pattern/2022/06/cup_and_handle__2022-06-01__0040359.png,,2022-06-01,40160,40359,2022-05-20T06:00:00+00:00,2022-06-01T23:00:00+00:00,,,,,,,,,,,,,No rule-based candidate at this daily endpoint,rule_candidate,pending
cup_and_handle__2022-06-02__0040382,cup_and_handle,0,no_pattern,neutral,0.0,,cup_and_handle/images/no_pattern/2022/06/cup_and_handle__2022-06-02__0040382.png,,2022-06-02,40183,40382,2022-05-23T06:00:00+00:00,2022-06-02T23:00:00+00:00,,,,,,,,,,,,,No rule-based candidate at this daily endpoint,rule_candidate,pending
cup_and_handle__2022-06-03__0040405,cup_and_handle,0,no_pattern,neutral,0.0,,cup_and_handle/images/no_pattern/2022/06/cup_and_handle__2022-06-03__0040405.png,,2022-06-03,40206,40405,2022-05-24T06:00:00+00:00,2022-06-03T23:00:00+00:00,,,,,,,,,,,,,No rule-based candidate at this daily endpoint,rule_candidate,pending
cup_and_handle__2022-06-06__0040428,cup_and_handle,0,no_pattern,neutral,0.0,,cup_and_handle/images/no_pattern/2022/06/cup_and_handle__2022-06-06__0040428.png,,2022-06-06,40229,40428,2022-05-25T06:00:00+00:00,2022-06-06T23:00:00+00:00,,,,,,,,,,,,,No rule-based candidate at this daily endpoint,rule_candidate,pending
cup_and_handle__2022-06-07__0040451,cup_and_handle,0,no_pattern,neutral,0.0,,cup_and_handle/images/no_pattern/2022/06/cup_and_handle__2022-06-07__0040451.png,,2022-06-07,40252,40451,2022-05-26T06:00:00+00:00,2022-06-07T23:00:00+00:00,,,,,,,,,,,,,No rule-based candidate at this daily endpoint,rule_candidate,pending
cup_and_handle__2022-06-08__0040474,cup_and_handle,0,no_pattern,neutral,0.0,,cup_and_handle/images/no_pattern/2022/06/cup_and_handle__2022-06-08__0040474.png,,2022-06-08,40275,40474,2022-05-27T06:00:00+00:00,2022-06-08T23:00:00+00:00,,,,,,,,,,,,,No rule-based candidate at this daily endpoint,rule_candidate,pending
cup_and_handle__2022-06-09__0040497,cup_and_handle,0,no_pattern,neutral,0.0,,cup_and_handle/images/no_pattern/2022/06/cup_and_handle__2022-06-09__0040497.png,,2022-06-09,40298,40497,2022-05-30T06:00:00+00:00,2022-06-09T23:00:00+00:00,,,,,,,,,,,,,No rule-based candidate at this daily endpoint,rule_candidate,pending
cup_and_handle__2022-06-10__0040520,cup_and_handle,0,no_pattern,neutral,0.0,,cup_and_handle/images/no_pattern/2022/06/cup_and_handle__2022-06-10__0040520.png,,2022-06-10,40321,40520,2022-05-31T08:00:00+00:00,2022-06-10T23:00:00+00:00,,,,,,,,,,,,,No rule-based candidate at this daily endpoint,rule_candidate,pending
cup_and_handle__2022-06-13__0040543,cup_and_handle,0,no_pattern,neutral,0.0,,cup_and_handle/images/no_pattern/2022/06/cup_and_handle__2022-06-13__0040543.png,,2022-06-13,40344,40543,2022-06-01T08:00:00+00:00,2022-06-13T23:00:00+00:00,,,,,,,,,,,,,No rule-based candidate at this daily endpoint,rule_candidate,pending
cup_and_handle__2022-06-14__0040566,cup_and_handle,0,no_pattern,neutral,0.0,,cup_and_handle/images/no_pattern/2022/06/cup_and_handle__2022-06-14__0040566.png,,2022-06-14,40367,40566,2022-06-02T08:00:00+00:00,2022-06-14T23:00:00+00:00,,,,,,,,,,,,,No rule-based candidate at this daily endpoint,rule_candidate,pending
cup_and_handle__2022-06-15__0040589,cup_and_handle,0,no_pattern,neutral,0.0,,cup_and_handle/images/no_pattern/2022/06/cup_and_handle__2022-06-15__0040589.png,,2022-06-15,40390,40589,2022-06-03T08:00:00+00:00,2022-06-15T23:00:00+00:00,,,,,,,,,,,,,No rule-based candidate at this daily endpoint,rule_candidate,pending
cup_and_handle__2022-06-16__0040612,cup_and_handle,0,no_pattern,neutral,0.0,,cup_and_handle/images/no_pattern/2022/06/cup_and_handle__2022-06-16__0040612.png,,2022-06-16,40413,40612,2022-06-06T08:00:00+00:00,2022-06-16T23:00:00+00:00,,,,,,,,,,,,,No rule-based candidate at this daily endpoint,rule_candidate,pending
cup_and_handle__2022-06-17__0040635,cup_and_handle,0,no_pattern,neutral,0.0,,cup_and_handle/images/no_pattern/2022/06/cup_and_handle__2022-06-17__0040635.png,,2022-06-17,40436,40635,2022-06-07T08:00:00+00:00,2022-06-17T23:00:00+00:00,,,,,,,,,,,,,No rule-based candidate at this daily endpoint,rule_candidate,pending
cup_and_handle__2022-06-20__0040656,cup_and_handle,1,forming,bullish,0.54,160.0,cup_and_handle/images/forming/2022/06/cup_and_handle__2022-06-20__0040656.png,,2022-06-20,40457,40656,2022-06-08T06:00:00+00:00,2022-06-20T21:00:00+00:00,40497.0,40656.0,2022-06-09T23:00:00+00:00,2022-06-20T21:00:00+00:00,,,1850.840416666667,1806.3730357142856,1939.7751785714283,2.0,1850.840416666667,3.1878571428571183,Cup and handle rounded base with shallow handle,rule_candidate,pending
cup_and_handle__2022-06-21__0040679,cup_and_handle,1,forming,bullish,0.54,200.0,cup_and_handle/images/forming/2022/06/cup_and_handle__2022-06-21__0040679.png,,2022-06-21,40480,40679,2022-06-09T06:00:00+00:00,2022-06-21T23:00:00+00:00,40480.0,40679.0,2022-06-09T06:00:00+00:00,2022-06-21T23:00:00+00:00,,,1847.4346666666663,1805.9373214285715,1930.4293571428568,2.0,1847.4346666666663,4.930714285714283,Cup and handle rounded base with shallow handle,rule_candidate,pending
cup_and_handle__2022-06-22__0040702,cup_and_handle,0,no_pattern,neutral,0.0,,cup_and_handle/images/no_pattern/2022/06/cup_and_handle__2022-06-22__0040702.png,,2022-06-22,40503,40702,2022-06-10T06:00:00+00:00,2022-06-22T23:00:00+00:00,,,,,,,,,,,,,No rule-based candidate at this daily endpoint,rule_candidate,pending
cup_and_handle__2022-06-23__0040725,cup_and_handle,0,no_pattern,neutral,0.0,,cup_and_handle/images/no_pattern/2022/06/cup_and_handle__2022-06-23__0040725.png,,2022-06-23,40526,40725,2022-06-13T06:00:00+00:00,2022-06-23T23:00:00+00:00,,,,,,,,,,,,,No rule-based candidate at this daily endpoint,rule_candidate,pending
cup_and_handle__2022-06-24__0040748,cup_and_handle,0,no_pattern,neutral,0.0,,cup_and_handle/images/no_pattern/2022/06/cup_and_handle__2022-06-24__0040748.png,,2022-06-24,40549,40748,2022-06-14T06:00:00+00:00,2022-06-24T23:00:00+00:00,,,,,,,,,,,,,No rule-based candidate at this daily endpoint,rule_candidate,pending
cup_and_handle__2022-06-27__0040771,cup_and_handle,0,no_pattern,neutral,0.0,,cup_and_handle/images/no_pattern/2022/06/cup_and_handle__2022-06-27__0040771.png,,2022-06-27,40572,40771,2022-06-15T06:00:00+00:00,2022-06-27T23:00:00+00:00,,,,,,,,,,,,,No rule-based candidate at this daily endpoint,rule_candidate,pending
cup_and_handle__2022-06-28__0040794,cup_and_handle,0,no_pattern,neutral,0.0,,cup_and_handle/images/no_pattern/2022/06/cup_and_handle__2022-06-28__0040794.png,,2022-06-28,40595,40794,2022-06-16T06:00:00+00:00,2022-06-28T23:00:00+00:00,,,,,,,,,,,,,No rule-based candidate at this daily endpoint,rule_candidate,pending
cup_and_handle__2022-06-29__0040817,cup_and_handle,0,no_pattern,neutral,0.0,,cup_and_handle/images/no_pattern/2022/06/cup_and_handle__2022-06-29__0040817.png,,2022-06-29,40618,40817,2022-06-17T06:00:00+00:00,2022-06-29T23:00:00+00:00,,,,,,,,,,,,,No rule-based candidate at this daily endpoint,rule_candidate,pending
cup_and_handle__2022-06-30__0040840,cup_and_handle,0,no_pattern,neutral,0.0,,cup_and_handle/images/no_pattern/2022/06/cup_and_handle__2022-06-30__0040840.png,,2022-06-30,40641,40840,2022-06-20T06:00:00+00:00,2022-06-30T23:00:00+00:00,,,,,,,,,,,,,No rule-based candidate at this daily endpoint,rule_candidate,pending
cup_and_handle__2022-07-01__0040863,cup_and_handle,0,no_pattern,neutral,0.0,,cup_and_handle/images/no_pattern/2022/07/cup_and_handle__2022-07-01__0040863.png,,2022-07-01,40664,40863,2022-06-21T08:00:00+00:00,2022-07-01T23:00:00+00:00,,,,,,,,,,,,,No rule-based candidate at this daily endpoint,rule_candidate,pending
cup_and_handle__2022-07-04__0040884,cup_and_handle,1,forming,bullish,0.54,48.0,cup_and_handle/images/forming/2022/07/cup_and_handle__2022-07-04__0040884.png,,2022-07-04,40685,40884,2022-06-22T06:00:00+00:00,2022-07-04T21:00:00+00:00,40837.0,40884.0,2022-06-30T20:00:00+00:00,2022-07-04T21:00:00+00:00,,,1810.2942857142857,1788.8285714285714,1853.2257142857145,2.0,1810.2942857142857,2.965714285714301,Cup and handle rounded base with shallow handle,rule_candidate,pending
cup_and_handle__2022-07-05__0040907,cup_and_handle,0,no_pattern,neutral,0.0,,cup_and_handle/images/no_pattern/2022/07/cup_and_handle__2022-07-05__0040907.png,,2022-07-05,40708,40907,2022-06-23T06:00:00+00:00,2022-07-05T23:00:00+00:00,,,,,,,,,,,,,No rule-based candidate at this daily endpoint,rule_candidate,pending
cup_and_handle__2022-07-06__0040930,cup_and_handle,0,no_pattern,neutral,0.0,,cup_and_handle/images/no_pattern/2022/07/cup_and_handle__2022-07-06__0040930.png,,2022-07-06,40731,40930,2022-06-24T06:00:00+00:00,2022-07-06T23:00:00+00:00,,,,,,,,,,,,,No rule-based candidate at this daily endpoint,rule_candidate,pending
cup_and_handle__2022-07-07__0040953,cup_and_handle,0,no_pattern,neutral,0.0,,cup_and_handle/images/no_pattern/2022/07/cup_and_handle__2022-07-07__0040953.png,,2022-07-07,40754,40953,2022-06-27T06:00:00+00:00,2022-07-07T23:00:00+00:00,,,,,,,,,,,,,No rule-based candidate at this daily endpoint,rule_candidate,pending
cup_and_handle__2022-07-08__0040976,cup_and_handle,0,no_pattern,neutral,0.0,,cup_and_handle/images/no_pattern/2022/07/cup_and_handle__2022-07-08__0040976.png,,2022-07-08,40777,40976,2022-06-28T06:00:00+00:00,2022-07-08T23:00:00+00:00,,,,,,,,,,,,,No rule-based candidate at this daily endpoint,rule_candidate,pending
cup_and_handle__2022-07-11__0040999,cup_and_handle,0,no_pattern,neutral,0.0,,cup_and_handle/images/no_pattern/2022/07/cup_and_handle__2022-07-11__0040999.png,,2022-07-11,40800,40999,2022-06-29T06:00:00+00:00,2022-07-11T23:00:00+00:00,,,,,,,,,,,,,No rule-based candidate at this daily endpoint,rule_candidate,pending
cup_and_handle__2022-07-12__0041022,cup_and_handle,0,no_pattern,neutral,0.0,,cup_and_handle/images/no_pattern/2022/07/cup_and_handle__2022-07-12__0041022.png,,2022-07-12,40823,41022,2022-06-30T06:00:00+00:00,2022-07-12T23:00:00+00:00,,,,,,,,,,,,,No rule-based candidate at this daily endpoint,rule_candidate,pending
cup_and_handle__2022-07-13__0041045,cup_and_handle,0,no_pattern,neutral,0.0,,cup_and_handle/images/no_pattern/2022/07/cup_and_handle__2022-07-13__0041045.png,,2022-07-13,40846,41045,2022-07-01T06:00:00+00:00,2022-07-13T23:00:00+00:00,,,,,,,,,,,,,No rule-based candidate at this daily endpoint,rule_candidate,pending
cup_and_handle__2022-07-14__0041068,cup_and_handle,0,no_pattern,neutral,0.0,,cup_and_handle/images/no_pattern/2022/07/cup_and_handle__2022-07-14__0041068.png,,2022-07-14,40869,41068,2022-07-04T06:00:00+00:00,2022-07-14T23:00:00+00:00,,,,,,,,,,,,,No rule-based candidate at this daily endpoint,rule_candidate,pending
cup_and_handle__2022-07-15__0041091,cup_and_handle,0,no_pattern,neutral,0.0,,cup_and_handle/images/no_pattern/2022/07/cup_and_handle__2022-07-15__0041091.png,,2022-07-15,40892,41091,2022-07-05T08:00:00+00:00,2022-07-15T23:00:00+00:00,,,,,,,,,,,,,No rule-based candidate at this daily endpoint,rule_candidate,pending
cup_and_handle__2022-07-18__0041114,cup_and_handle,0,no_pattern,neutral,0.0,,cup_and_handle/images/no_pattern/2022/07/cup_and_handle__2022-07-18__0041114.png,,2022-07-18,40915,41114,2022-07-06T08:00:00+00:00,2022-07-18T23:00:00+00:00,,,,,,,,,,,,,No rule-based candidate at this daily endpoint,rule_candidate,pending
cup_and_handle__2022-07-19__0041137,cup_and_handle,0,no_pattern,neutral,0.0,,cup_and_handle/images/no_pattern/2022/07/cup_and_handle__2022-07-19__0041137.png,,2022-07-19,40938,41137,2022-07-07T08:00:00+00:00,2022-07-19T23:00:00+00:00,,,,,,,,,,,,,No rule-based candidate at this daily endpoint,rule_candidate,pending
cup_and_handle__2022-07-20__0041160,cup_and_handle,0,no_pattern,neutral,0.0,,cup_and_handle/images/no_pattern/2022/07/cup_and_handle__2022-07-20__0041160.png,,2022-07-20,40961,41160,2022-07-08T08:00:00+00:00,2022-07-20T23:00:00+00:00,,,,,,,,,,,,,No rule-based candidate at this daily endpoint,rule_candidate,pending
cup_and_handle__2022-07-21__0041183,cup_and_handle,0,no_pattern,neutral,0.0,,cup_and_handle/images/no_pattern/2022/07/cup_and_handle__2022-07-21__0041183.png,,2022-07-21,40984,41183,2022-07-11T08:00:00+00:00,2022-07-21T23:00:00+00:00,,,,,,,,,,,,,No rule-based candidate at this daily endpoint,rule_candidate,pending
cup_and_handle__2022-07-22__0041206,cup_and_handle,0,no_pattern,neutral,0.0,,cup_and_handle/images/no_pattern/2022/07/cup_and_handle__2022-07-22__0041206.png,,2022-07-22,41007,41206,2022-07-12T08:00:00+00:00,2022-07-22T23:00:00+00:00,,,,,,,,,,,,,No rule-based candidate at this daily endpoint,rule_candidate,pending
cup_and_handle__2022-07-25__0041229,cup_and_handle,0,no_pattern,neutral,0.0,,cup_and_handle/images/no_pattern/2022/07/cup_and_handle__2022-07-25__0041229.png,,2022-07-25,41030,41229,2022-07-13T08:00:00+00:00,2022-07-25T23:00:00+00:00,,,,,,,,,,,,,No rule-based candidate at this daily endpoint,rule_candidate,pending
cup_and_handle__2022-07-26__0041252,cup_and_handle,0,no_pattern,neutral,0.0,,cup_and_handle/images/no_pattern/2022/07/cup_and_handle__2022-07-26__0041252.png,,2022-07-26,41053,41252,2022-07-14T08:00:00+00:00,2022-07-26T23:00:00+00:00,,,,,,,,,,,,,No rule-based candidate at this daily endpoint,rule_candidate,pending
cup_and_handle__2022-07-27__0041275,cup_and_handle,0,no_pattern,neutral,0.0,,cup_and_handle/images/no_pattern/2022/07/cup_and_handle__2022-07-27__0041275.png,,2022-07-27,41076,41275,2022-07-15T08:00:00+00:00,2022-07-27T23:00:00+00:00,,,,,,,,,,,,,No rule-based candidate at this daily endpoint,rule_candidate,pending
cup_and_handle__2022-07-28__0041298,cup_and_handle,0,no_pattern,neutral,0.0,,cup_and_handle/images/no_pattern/2022/07/cup_and_handle__2022-07-28__0041298.png,,2022-07-28,41099,41298,2022-07-18T08:00:00+00:00,2022-07-28T23:00:00+00:00,,,,,,,,,,,,,No rule-based candidate at this daily endpoint,rule_candidate,pending
cup_and_handle__2022-07-29__0041321,cup_and_handle,0,no_pattern,neutral,0.0,,cup_and_handle/images/no_pattern/2022/07/cup_and_handle__2022-07-29__0041321.png,,2022-07-29,41122,41321,2022-07-19T08:00:00+00:00,2022-07-29T23:00:00+00:00,,,,,,,,,,,,,No rule-based candidate at this daily endpoint,rule_candidate,pending
cup_and_handle__2022-08-01__0041344,cup_and_handle,0,no_pattern,neutral,0.0,,cup_and_handle/images/no_pattern/2022/08/cup_and_handle__2022-08-01__0041344.png,,2022-08-01,41145,41344,2022-07-20T08:00:00+00:00,2022-08-01T23:00:00+00:00,,,,,,,,,,,,,No rule-based candidate at this daily endpoint,rule_candidate,pending
cup_and_handle__2022-08-02__0041367,cup_and_handle,0,no_pattern,neutral,0.0,,cup_and_handle/images/no_pattern/2022/08/cup_and_handle__2022-08-02__0041367.png,,2022-08-02,41168,41367,2022-07-21T08:00:00+00:00,2022-08-02T23:00:00+00:00,,,,,,,,,,,,,No rule-based candidate at this daily endpoint,rule_candidate,pending
cup_and_handle__2022-08-03__0041390,cup_and_handle,0,no_pattern,neutral,0.0,,cup_and_handle/images/no_pattern/2022/08/cup_and_handle__2022-08-03__0041390.png,,2022-08-03,41191,41390,2022-07-22T08:00:00+00:00,2022-08-03T23:00:00+00:00,,,,,,,,,,,,,No rule-based candidate at this daily endpoint,rule_candidate,pending
cup_and_handle__2022-08-04__0041413,cup_and_handle,0,no_pattern,neutral,0.0,,cup_and_handle/images/no_pattern/2022/08/cup_and_handle__2022-08-04__0041413.png,,2022-08-04,41214,41413,2022-07-25T08:00:00+00:00,2022-08-04T23:00:00+00:00,,,,,,,,,,,,,No rule-based candidate at this daily endpoint,rule_candidate,pending
cup_and_handle__2022-08-05__0041436,cup_and_handle,0,no_pattern,neutral,0.0,,cup_and_handle/images/no_pattern/2022/08/cup_and_handle__2022-08-05__0041436.png,,2022-08-05,41237,41436,2022-07-26T08:00:00+00:00,2022-08-05T23:00:00+00:00,,,,,,,,,,,,,No rule-based candidate at this daily endpoint,rule_candidate,pending
cup_and_handle__2022-08-08__0041459,cup_and_handle,0,no_pattern,neutral,0.0,,cup_and_handle/images/no_pattern/2022/08/cup_and_handle__2022-08-08__0041459.png,,2022-08-08,41260,41459,2022-07-27T08:00:00+00:00,2022-08-08T23:00:00+00:00,,,,,,,,,,,,,No rule-based candidate at this daily endpoint,rule_candidate,pending
cup_and_handle__2022-08-09__0041482,cup_and_handle,0,no_pattern,neutral,0.0,,cup_and_handle/images/no_pattern/2022/08/cup_and_handle__2022-08-09__0041482.png,,2022-08-09,41283,41482,2022-07-28T08:00:00+00:00,2022-08-09T23:00:00+00:00,,,,,,,,,,,,,No rule-based candidate at this daily endpoint,rule_candidate,pending
cup_and_handle__2022-08-10__0041505,cup_and_handle,0,no_pattern,neutral,0.0,,cup_and_handle/images/no_pattern/2022/08/cup_and_handle__2022-08-10__0041505.png,,2022-08-10,41306,41505,2022-07-29T08:00:00+00:00,2022-08-10T23:00:00+00:00,,,,,,,,,,,,,No rule-based candidate at this daily endpoint,rule_candidate,pending
cup_and_handle__2022-08-11__0041528,cup_and_handle,0,no_pattern,neutral,0.0,,cup_and_handle/images/no_pattern/2022/08/cup_and_handle__2022-08-11__0041528.png,,2022-08-11,41329,41528,2022-08-01T08:00:00+00:00,2022-08-11T23:00:00+00:00,,,,,,,,,,,,,No rule-based candidate at this daily endpoint,rule_candidate,pending
cup_and_handle__2022-08-12__0041551,cup_and_handle,0,no_pattern,neutral,0.0,,cup_and_handle/images/no_pattern/2022/08/cup_and_handle__2022-08-12__0041551.png,,2022-08-12,41352,41551,2022-08-02T08:00:00+00:00,2022-08-12T23:00:00+00:00,,,,,,,,,,,,,No rule-based candidate at this daily endpoint,rule_candidate,pending
cup_and_handle__2022-08-15__0041574,cup_and_handle,0,no_pattern,neutral,0.0,,cup_and_handle/images/no_pattern/2022/08/cup_and_handle__2022-08-15__0041574.png,,2022-08-15,41375,41574,2022-08-03T08:00:00+00:00,2022-08-15T23:00:00+00:00,,,,,,,,,,,,,No rule-based candidate at this daily endpoint,rule_candidate,pending
cup_and_handle__2022-08-16__0041597,cup_and_handle,0,no_pattern,neutral,0.0,,cup_and_handle/images/no_pattern/2022/08/cup_and_handle__2022-08-16__0041597.png,,2022-08-16,41398,41597,2022-08-04T08:00:00+00:00,2022-08-16T23:00:00+00:00,,,,,,,,,,,,,No rule-based candidate at this daily endpoint,rule_candidate,pending
cup_and_handle__2022-08-17__0041620,cup_and_handle,0,no_pattern,neutral,0.0,,cup_and_handle/images/no_pattern/2022/08/cup_and_handle__2022-08-17__0041620.png,,2022-08-17,41421,41620,2022-08-05T08:00:00+00:00,2022-08-17T23:00:00+00:00,,,,,,,,,,,,,No rule-based candidate at this daily endpoint,rule_candidate,pending
cup_and_handle__2022-08-18__0041643,cup_and_handle,0,no_pattern,neutral,0.0,,cup_and_handle/images/no_pattern/2022/08/cup_and_handle__2022-08-18__0041643.png,,2022-08-18,41444,41643,2022-08-08T08:00:00+00:00,2022-08-18T23:00:00+00:00,,,,,,,,,,,,,No rule-based candidate at this daily endpoint,rule_candidate,pending
cup_and_handle__2022-08-19__0041666,cup_and_handle,0,no_pattern,neutral,0.0,,cup_and_handle/images/no_pattern/2022/08/cup_and_handle__2022-08-19__0041666.png,,2022-08-19,41467,41666,2022-08-09T08:00:00+00:00,2022-08-19T23:00:00+00:00,,,,,,,,,,,,,No rule-based candidate at this daily endpoint,rule_candidate,pending
cup_and_handle__2022-08-22__0041689,cup_and_handle,0,no_pattern,neutral,0.0,,cup_and_handle/images/no_pattern/2022/08/cup_and_handle__2022-08-22__0041689.png,,2022-08-22,41490,41689,2022-08-10T08:00:00+00:00,2022-08-22T23:00:00+00:00,,,,,,,,,,,,,No rule-based candidate at this daily endpoint,rule_candidate,pending
cup_and_handle__2022-08-23__0041712,cup_and_handle,0,no_pattern,neutral,0.0,,cup_and_handle/images/no_pattern/2022/08/cup_and_handle__2022-08-23__0041712.png,,2022-08-23,41513,41712,2022-08-11T08:00:00+00:00,2022-08-23T23:00:00+00:00,,,,,,,,,,,,,No rule-based candidate at this daily endpoint,rule_candidate,pending
cup_and_handle__2022-08-24__0041735,cup_and_handle,1,confirmed,bullish,0.66,80.0,cup_and_handle/images/confirmed/2022/08/cup_and_handle__2022-08-24__0041735.png,,2022-08-24,41536,41735,2022-08-12T08:00:00+00:00,2022-08-24T23:00:00+00:00,41656.0,41735.0,2022-08-19T13:00:00+00:00,2022-08-24T23:00:00+00:00,41735.0,2022-08-24T23:00:00+00:00,1751.13,1729.301785714286,1794.7864285714286,2.0,1749.5991666666666,4.312857142857183,Cup and handle rounded base with shallow handle,rule_candidate,pending
cup_and_handle__2022-08-25__0041758,cup_and_handle,0,no_pattern,neutral,0.0,,cup_and_handle/images/no_pattern/2022/08/cup_and_handle__2022-08-25__0041758.png,,2022-08-25,41559,41758,2022-08-15T08:00:00+00:00,2022-08-25T23:00:00+00:00,,,,,,,,,,,,,No rule-based candidate at this daily endpoint,rule_candidate,pending
cup_and_handle__2022-08-26__0041781,cup_and_handle,0,no_pattern,neutral,0.0,,cup_and_handle/images/no_pattern/2022/08/cup_and_handle__2022-08-26__0041781.png,,2022-08-26,41582,41781,2022-08-16T08:00:00+00:00,2022-08-26T23:00:00+00:00,,,,,,,,,,,,,No rule-based candidate at this daily endpoint,rule_candidate,pending
cup_and_handle__2022-08-29__0041804,cup_and_handle,0,no_pattern,neutral,0.0,,cup_and_handle/images/no_pattern/2022/08/cup_and_handle__2022-08-29__0041804.png,,2022-08-29,41605,41804,2022-08-17T08:00:00+00:00,2022-08-29T23:00:00+00:00,,,,,,,,,,,,,No rule-based candidate at this daily endpoint,rule_candidate,pending
cup_and_handle__2022-08-30__0041827,cup_and_handle,0,no_pattern,neutral,0.0,,cup_and_handle/images/no_pattern/2022/08/cup_and_handle__2022-08-30__0041827.png,,2022-08-30,41628,41827,2022-08-18T08:00:00+00:00,2022-08-30T23:00:00+00:00,,,,,,,,,,,,,No rule-based candidate at this daily endpoint,rule_candidate,pending
cup_and_handle__2022-08-31__0041850,cup_and_handle,0,no_pattern,neutral,0.0,,cup_and_handle/images/no_pattern/2022/08/cup_and_handle__2022-08-31__0041850.png,,2022-08-31,41651,41850,2022-08-19T08:00:00+00:00,2022-08-31T23:00:00+00:00,,,,,,,,,,,,,No rule-based candidate at this daily endpoint,rule_candidate,pending
cup_and_handle__2022-09-01__0041873,cup_and_handle,0,no_pattern,neutral,0.0,,cup_and_handle/images/no_pattern/2022/09/cup_and_handle__2022-09-01__0041873.png,,2022-09-01,41674,41873,2022-08-22T08:00:00+00:00,2022-09-01T23:00:00+00:00,,,,,,,,,,,,,No rule-based candidate at this daily endpoint,rule_candidate,pending
cup_and_handle__2022-09-02__0041896,cup_and_handle,0,no_pattern,neutral,0.0,,cup_and_handle/images/no_pattern/2022/09/cup_and_handle__2022-09-02__0041896.png,,2022-09-02,41697,41896,2022-08-23T08:00:00+00:00,2022-09-02T23:00:00+00:00,,,,,,,,,,,,,No rule-based candidate at this daily endpoint,rule_candidate,pending
cup_and_handle__2022-09-05__0041917,cup_and_handle,1,forming,bullish,0.54,80.0,cup_and_handle/images/forming/2022/09/cup_and_handle__2022-09-05__0041917.png,,2022-09-05,41718,41917,2022-08-24T06:00:00+00:00,2022-09-05T21:00:00+00:00,41838.0,41917.0,2022-08-31T11:00:00+00:00,2022-09-05T21:00:00+00:00,,,1713.9825,1691.536607142857,1758.874285714286,2.0,1713.9825,2.693571428571431,Cup and handle rounded base with shallow handle,rule_candidate,pending
cup_and_handle__2022-09-06__0041940,cup_and_handle,0,no_pattern,neutral,0.0,,cup_and_handle/images/no_pattern/2022/09/cup_and_handle__2022-09-06__0041940.png,,2022-09-06,41741,41940,2022-08-25T06:00:00+00:00,2022-09-06T23:00:00+00:00,,,,,,,,,,,,,No rule-based candidate at this daily endpoint,rule_candidate,pending
cup_and_handle__2022-09-07__0041963,cup_and_handle,0,no_pattern,neutral,0.0,,cup_and_handle/images/no_pattern/2022/09/cup_and_handle__2022-09-07__0041963.png,,2022-09-07,41764,41963,2022-08-26T06:00:00+00:00,2022-09-07T23:00:00+00:00,,,,,,,,,,,,,No rule-based candidate at this daily endpoint,rule_candidate,pending
cup_and_handle__2022-09-08__0041986,cup_and_handle,0,no_pattern,neutral,0.0,,cup_and_handle/images/no_pattern/2022/09/cup_and_handle__2022-09-08__0041986.png,,2022-09-08,41787,41986,2022-08-29T06:00:00+00:00,2022-09-08T23:00:00+00:00,,,,,,,,,,,,,No rule-based candidate at this daily endpoint,rule_candidate,pending
cup_and_handle__2022-09-09__0042009,cup_and_handle,0,no_pattern,neutral,0.0,,cup_and_handle/images/no_pattern/2022/09/cup_and_handle__2022-09-09__0042009.png,,2022-09-09,41810,42009,2022-08-30T06:00:00+00:00,2022-09-09T23:00:00+00:00,,,,,,,,,,,,,No rule-based candidate at this daily endpoint,rule_candidate,pending
cup_and_handle__2022-09-12__0042032,cup_and_handle,0,no_pattern,neutral,0.0,,cup_and_handle/images/no_pattern/2022/09/cup_and_handle__2022-09-12__0042032.png,,2022-09-12,41833,42032,2022-08-31T06:00:00+00:00,2022-09-12T23:00:00+00:00,,,,,,,,,,,,,No rule-based candidate at this daily endpoint,rule_candidate,pending
cup_and_handle__2022-09-13__0042055,cup_and_handle,0,no_pattern,neutral,0.0,,cup_and_handle/images/no_pattern/2022/09/cup_and_handle__2022-09-13__0042055.png,,2022-09-13,41856,42055,2022-09-01T06:00:00+00:00,2022-09-13T23:00:00+00:00,,,,,,,,,,,,,No rule-based candidate at this daily endpoint,rule_candidate,pending
cup_and_handle__2022-09-14__0042078,cup_and_handle,0,no_pattern,neutral,0.0,,cup_and_handle/images/no_pattern/2022/09/cup_and_handle__2022-09-14__0042078.png,,2022-09-14,41879,42078,2022-09-02T06:00:00+00:00,2022-09-14T23:00:00+00:00,,,,,,,,,,,,,No rule-based candidate at this daily endpoint,rule_candidate,pending
cup_and_handle__2022-09-15__0042101,cup_and_handle,0,no_pattern,neutral,0.0,,cup_and_handle/images/no_pattern/2022/09/cup_and_handle__2022-09-15__0042101.png,,2022-09-15,41902,42101,2022-09-05T06:00:00+00:00,2022-09-15T23:00:00+00:00,,,,,,,,,,,,,No rule-based candidate at this daily endpoint,rule_candidate,pending
cup_and_handle__2022-09-16__0042124,cup_and_handle,0,no_pattern,neutral,0.0,,cup_and_handle/images/no_pattern/2022/09/cup_and_handle__2022-09-16__0042124.png,,2022-09-16,41925,42124,2022-09-06T08:00:00+00:00,2022-09-16T23:00:00+00:00,,,,,,,,,,,,,No rule-based candidate at this daily endpoint,rule_candidate,pending
cup_and_handle__2022-09-19__0042147,cup_and_handle,0,no_pattern,neutral,0.0,,cup_and_handle/images/no_pattern/2022/09/cup_and_handle__2022-09-19__0042147.png,,2022-09-19,41948,42147,2022-09-07T08:00:00+00:00,2022-09-19T23:00:00+00:00,,,,,,,,,,,,,No rule-based candidate at this daily endpoint,rule_candidate,pending
cup_and_handle__2022-09-20__0042170,cup_and_handle,0,no_pattern,neutral,0.0,,cup_and_handle/images/no_pattern/2022/09/cup_and_handle__2022-09-20__0042170.png,,2022-09-20,41971,42170,2022-09-08T08:00:00+00:00,2022-09-20T23:00:00+00:00,,,,,,,,,,,,,No rule-based candidate at this daily endpoint,rule_candidate,pending
cup_and_handle__2022-09-21__0042193,cup_and_handle,0,no_pattern,neutral,0.0,,cup_and_handle/images/no_pattern/2022/09/cup_and_handle__2022-09-21__0042193.png,,2022-09-21,41994,42193,2022-09-09T08:00:00+00:00,2022-09-21T23:00:00+00:00,,,,,,,,,,,,,No rule-based candidate at this daily endpoint,rule_candidate,pending
cup_and_handle__2022-09-22__0042216,cup_and_handle,0,no_pattern,neutral,0.0,,cup_and_handle/images/no_pattern/2022/09/cup_and_handle__2022-09-22__0042216.png,,2022-09-22,42017,42216,2022-09-12T08:00:00+00:00,2022-09-22T23:00:00+00:00,,,,,,,,,,,,,No rule-based candidate at this daily endpoint,rule_candidate,pending
cup_and_handle__2022-09-23__0042239,cup_and_handle,0,no_pattern,neutral,0.0,,cup_and_handle/images/no_pattern/2022/09/cup_and_handle__2022-09-23__0042239.png,,2022-09-23,42040,42239,2022-09-13T08:00:00+00:00,2022-09-23T23:00:00+00:00,,,,,,,,,,,,,No rule-based candidate at this daily endpoint,rule_candidate,pending
cup_and_handle__2022-09-26__0042262,cup_and_handle,0,no_pattern,neutral,0.0,,cup_and_handle/images/no_pattern/2022/09/cup_and_handle__2022-09-26__0042262.png,,2022-09-26,42063,42262,2022-09-14T08:00:00+00:00,2022-09-26T23:00:00+00:00,,,,,,,,,,,,,No rule-based candidate at this daily endpoint,rule_candidate,pending
cup_and_handle__2022-09-27__0042285,cup_and_handle,0,no_pattern,neutral,0.0,,cup_and_handle/images/no_pattern/2022/09/cup_and_handle__2022-09-27__0042285.png,,2022-09-27,42086,42285,2022-09-15T08:00:00+00:00,2022-09-27T23:00:00+00:00,,,,,,,,,,,,,No rule-based candidate at this daily endpoint,rule_candidate,pending
cup_and_handle__2022-09-28__0042308,cup_and_handle,0,no_pattern,neutral,0.0,,cup_and_handle/images/no_pattern/2022/09/cup_and_handle__2022-09-28__0042308.png,,2022-09-28,42109,42308,2022-09-16T08:00:00+00:00,2022-09-28T23:00:00+00:00,,,,,,,,,,,,,No rule-based candidate at this daily endpoint,rule_candidate,pending
cup_and_handle__2022-09-29__0042331,cup_and_handle,0,no_pattern,neutral,0.0,,cup_and_handle/images/no_pattern/2022/09/cup_and_handle__2022-09-29__0042331.png,,2022-09-29,42132,42331,2022-09-19T08:00:00+00:00,2022-09-29T23:00:00+00:00,,,,,,,,,,,,,No rule-based candidate at this daily endpoint,rule_candidate,pending
cup_and_handle__2022-09-30__0042354,cup_and_handle,1,forming,bullish,0.54,48.0,cup_and_handle/images/forming/2022/09/cup_and_handle__2022-09-30__0042354.png,,2022-09-30,42155,42354,2022-09-20T08:00:00+00:00,2022-09-30T23:00:00+00:00,42307.0,42354.0,2022-09-28T22:00:00+00:00,2022-09-30T23:00:00+00:00,,,1667.1514285714286,1642.5675,1716.319285714286,2.0,1667.1514285714286,5.169999999999975,Cup and handle rounded base with shallow handle,rule_candidate,pending
cup_and_handle__2022-10-03__0042377,cup_and_handle,0,no_pattern,neutral,0.0,,cup_and_handle/images/no_pattern/2022/10/cup_and_handle__2022-10-03__0042377.png,,2022-10-03,42178,42377,2022-09-21T08:00:00+00:00,2022-10-03T23:00:00+00:00,,,,,,,,,,,,,No rule-based candidate at this daily endpoint,rule_candidate,pending
cup_and_handle__2022-10-04__0042400,cup_and_handle,0,no_pattern,neutral,0.0,,cup_and_handle/images/no_pattern/2022/10/cup_and_handle__2022-10-04__0042400.png,,2022-10-04,42201,42400,2022-09-22T08:00:00+00:00,2022-10-04T23:00:00+00:00,,,,,,,,,,,,,No rule-based candidate at this daily endpoint,rule_candidate,pending
cup_and_handle__2022-10-05__0042423,cup_and_handle,0,no_pattern,neutral,0.0,,cup_and_handle/images/no_pattern/2022/10/cup_and_handle__2022-10-05__0042423.png,,2022-10-05,42224,42423,2022-09-23T08:00:00+00:00,2022-10-05T23:00:00+00:00,,,,,,,,,,,,,No rule-based candidate at this daily endpoint,rule_candidate,pending
cup_and_handle__2022-10-06__0042446,cup_and_handle,0,no_pattern,neutral,0.0,,cup_and_handle/images/no_pattern/2022/10/cup_and_handle__2022-10-06__0042446.png,,2022-10-06,42247,42446,2022-09-26T08:00:00+00:00,2022-10-06T23:00:00+00:00,,,,,,,,,,,,,No rule-based candidate at this daily endpoint,rule_candidate,pending
cup_and_handle__2022-10-07__0042469,cup_and_handle,0,no_pattern,neutral,0.0,,cup_and_handle/images/no_pattern/2022/10/cup_and_handle__2022-10-07__0042469.png,,2022-10-07,42270,42469,2022-09-27T08:00:00+00:00,2022-10-07T23:00:00+00:00,,,,,,,,,,,,,No rule-based candidate at this daily endpoint,rule_candidate,pending
cup_and_handle__2022-10-10__0042492,cup_and_handle,0,no_pattern,neutral,0.0,,cup_and_handle/images/no_pattern/2022/10/cup_and_handle__2022-10-10__0042492.png,,2022-10-10,42293,42492,2022-09-28T08:00:00+00:00,2022-10-10T23:00:00+00:00,,,,,,,,,,,,,No rule-based candidate at this daily endpoint,rule_candidate,pending
cup_and_handle__2022-10-11__0042515,cup_and_handle,0,no_pattern,neutral,0.0,,cup_and_handle/images/no_pattern/2022/10/cup_and_handle__2022-10-11__0042515.png,,2022-10-11,42316,42515,2022-09-29T08:00:00+00:00,2022-10-11T23:00:00+00:00,,,,,,,,,,,,,No rule-based candidate at this daily endpoint,rule_candidate,pending
cup_and_handle__2022-10-12__0042538,cup_and_handle,0,no_pattern,neutral,0.0,,cup_and_handle/images/no_pattern/2022/10/cup_and_handle__2022-10-12__0042538.png,,2022-10-12,42339,42538,2022-09-30T08:00:00+00:00,2022-10-12T23:00:00+00:00,,,,,,,,,,,,,No rule-based candidate at this daily endpoint,rule_candidate,pending
cup_and_handle__2022-10-13__0042561,cup_and_handle,0,no_pattern,neutral,0.0,,cup_and_handle/images/no_pattern/2022/10/cup_and_handle__2022-10-13__0042561.png,,2022-10-13,42362,42561,2022-10-03T08:00:00+00:00,2022-10-13T23:00:00+00:00,,,,,,,,,,,,,No rule-based candidate at this daily endpoint,rule_candidate,pending
cup_and_handle__2022-10-14__0042584,cup_and_handle,0,no_pattern,neutral,0.0,,cup_and_handle/images/no_pattern/2022/10/cup_and_handle__2022-10-14__0042584.png,,2022-10-14,42385,42584,2022-10-04T08:00:00+00:00,2022-10-14T23:00:00+00:00,,,,,,,,,,,,,No rule-based candidate at this daily endpoint,rule_candidate,pending
cup_and_handle__2022-10-17__0042607,cup_and_handle,0,no_pattern,neutral,0.0,,cup_and_handle/images/no_pattern/2022/10/cup_and_handle__2022-10-17__0042607.png,,2022-10-17,42408,42607,2022-10-05T08:00:00+00:00,2022-10-17T23:00:00+00:00,,,,,,,,,,,,,No rule-based candidate at this daily endpoint,rule_candidate,pending
cup_and_handle__2022-10-18__0042630,cup_and_handle,0,no_pattern,neutral,0.0,,cup_and_handle/images/no_pattern/2022/10/cup_and_handle__2022-10-18__0042630.png,,2022-10-18,42431,42630,2022-10-06T08:00:00+00:00,2022-10-18T23:00:00+00:00,,,,,,,,,,,,,No rule-based candidate at this daily endpoint,rule_candidate,pending
cup_and_handle__2022-10-19__0042653,cup_and_handle,0,no_pattern,neutral,0.0,,cup_and_handle/images/no_pattern/2022/10/cup_and_handle__2022-10-19__0042653.png,,2022-10-19,42454,42653,2022-10-07T08:00:00+00:00,2022-10-19T23:00:00+00:00,,,,,,,,,,,,,No rule-based candidate at this daily endpoint,rule_candidate,pending
cup_and_handle__2022-10-20__0042676,cup_and_handle,0,no_pattern,neutral,0.0,,cup_and_handle/images/no_pattern/2022/10/cup_and_handle__2022-10-20__0042676.png,,2022-10-20,42477,42676,2022-10-10T08:00:00+00:00,2022-10-20T23:00:00+00:00,,,,,,,,,,,,,No rule-based candidate at this daily endpoint,rule_candidate,pending
cup_and_handle__2022-10-21__0042699,cup_and_handle,0,no_pattern,neutral,0.0,,cup_and_handle/images/no_pattern/2022/10/cup_and_handle__2022-10-21__0042699.png,,2022-10-21,42500,42699,2022-10-11T08:00:00+00:00,2022-10-21T23:00:00+00:00,,,,,,,,,,,,,No rule-based candidate at this daily endpoint,rule_candidate,pending
cup_and_handle__2022-10-24__0042722,cup_and_handle,0,no_pattern,neutral,0.0,,cup_and_handle/images/no_pattern/2022/10/cup_and_handle__2022-10-24__0042722.png,,2022-10-24,42523,42722,2022-10-12T08:00:00+00:00,2022-10-24T23:00:00+00:00,,,,,,,,,,,,,No rule-based candidate at this daily endpoint,rule_candidate,pending
cup_and_handle__2022-10-25__0042745,cup_and_handle,0,no_pattern,neutral,0.0,,cup_and_handle/images/no_pattern/2022/10/cup_and_handle__2022-10-25__0042745.png,,2022-10-25,42546,42745,2022-10-13T08:00:00+00:00,2022-10-25T23:00:00+00:00,,,,,,,,,,,,,No rule-based candidate at this daily endpoint,rule_candidate,pending
cup_and_handle__2022-10-26__0042768,cup_and_handle,0,no_pattern,neutral,0.0,,cup_and_handle/images/no_pattern/2022/10/cup_and_handle__2022-10-26__0042768.png,,2022-10-26,42569,42768,2022-10-14T08:00:00+00:00,2022-10-26T23:00:00+00:00,,,,,,,,,,,,,No rule-based candidate at this daily endpoint,rule_candidate,pending
cup_and_handle__2022-10-27__0042791,cup_and_handle,1,forming,bullish,0.54,100.0,cup_and_handle/images/forming/2022/10/cup_and_handle__2022-10-27__0042791.png,,2022-10-27,42592,42791,2022-10-17T08:00:00+00:00,2022-10-27T23:00:00+00:00,42692.0,42791.0,2022-10-21T16:00:00+00:00,2022-10-27T23:00:00+00:00,,,1665.856,1638.106607142857,1721.354785714286,2.0,1665.856,4.693571428571447,Cup and handle rounded base with shallow handle,rule_candidate,pending
cup_and_handle__2022-10-28__0042814,cup_and_handle,0,no_pattern,neutral,0.0,,cup_and_handle/images/no_pattern/2022/10/cup_and_handle__2022-10-28__0042814.png,,2022-10-28,42615,42814,2022-10-18T08:00:00+00:00,2022-10-28T23:00:00+00:00,,,,,,,,,,,,,No rule-based candidate at this daily endpoint,rule_candidate,pending
cup_and_handle__2022-10-31__0042837,cup_and_handle,0,no_pattern,neutral,0.0,,cup_and_handle/images/no_pattern/2022/10/cup_and_handle__2022-10-31__0042837.png,,2022-10-31,42638,42837,2022-10-19T08:00:00+00:00,2022-10-31T22:00:00+00:00,,,,,,,,,,,,,No rule-based candidate at this daily endpoint,rule_candidate,pending
cup_and_handle__2022-11-01__0042860,cup_and_handle,0,no_pattern,neutral,0.0,,cup_and_handle/images/no_pattern/2022/11/cup_and_handle__2022-11-01__0042860.png,,2022-11-01,42661,42860,2022-10-20T08:00:00+00:00,2022-11-01T22:00:00+00:00,,,,,,,,,,,,,No rule-based candidate at this daily endpoint,rule_candidate,pending
cup_and_handle__2022-11-02__0042883,cup_and_handle,0,no_pattern,neutral,0.0,,cup_and_handle/images/no_pattern/2022/11/cup_and_handle__2022-11-02__0042883.png,,2022-11-02,42684,42883,2022-10-21T08:00:00+00:00,2022-11-02T22:00:00+00:00,,,,,,,,,,,,,No rule-based candidate at this daily endpoint,rule_candidate,pending
cup_and_handle__2022-11-03__0042906,cup_and_handle,0,no_pattern,neutral,0.0,,cup_and_handle/images/no_pattern/2022/11/cup_and_handle__2022-11-03__0042906.png,,2022-11-03,42707,42906,2022-10-24T08:00:00+00:00,2022-11-03T22:00:00+00:00,,,,,,,,,,,,,No rule-based candidate at this daily endpoint,rule_candidate,pending
cup_and_handle__2022-11-04__0042929,cup_and_handle,0,no_pattern,neutral,0.0,,cup_and_handle/images/no_pattern/2022/11/cup_and_handle__2022-11-04__0042929.png,,2022-11-04,42730,42929,2022-10-25T08:00:00+00:00,2022-11-04T22:00:00+00:00,,,,,,,,,,,,,No rule-based candidate at this daily endpoint,rule_candidate,pending
cup_and_handle__2022-11-07__0042952,cup_and_handle,0,no_pattern,neutral,0.0,,cup_and_handle/images/no_pattern/2022/11/cup_and_handle__2022-11-07__0042952.png,,2022-11-07,42753,42952,2022-10-26T08:00:00+00:00,2022-11-07T23:00:00+00:00,,,,,,,,,,,,,No rule-based candidate at this daily endpoint,rule_candidate,pending
cup_and_handle__2022-11-08__0042975,cup_and_handle,0,no_pattern,neutral,0.0,,cup_and_handle/images/no_pattern/2022/11/cup_and_handle__2022-11-08__0042975.png,,2022-11-08,42776,42975,2022-10-27T08:00:00+00:00,2022-11-08T23:00:00+00:00,,,,,,,,,,,,,No rule-based candidate at this daily endpoint,rule_candidate,pending
cup_and_handle__2022-11-09__0042998,cup_and_handle,0,no_pattern,neutral,0.0,,cup_and_handle/images/no_pattern/2022/11/cup_and_handle__2022-11-09__0042998.png,,2022-11-09,42799,42998,2022-10-28T08:00:00+00:00,2022-11-09T23:00:00+00:00,,,,,,,,,,,,,No rule-based candidate at this daily endpoint,rule_candidate,pending
cup_and_handle__2022-11-10__0043021,cup_and_handle,0,no_pattern,neutral,0.0,,cup_and_handle/images/no_pattern/2022/11/cup_and_handle__2022-11-10__0043021.png,,2022-11-10,42822,43021,2022-10-31T07:00:00+00:00,2022-11-10T23:00:00+00:00,,,,,,,,,,,,,No rule-based candidate at this daily endpoint,rule_candidate,pending
cup_and_handle__2022-11-11__0043044,cup_and_handle,0,no_pattern,neutral,0.0,,cup_and_handle/images/no_pattern/2022/11/cup_and_handle__2022-11-11__0043044.png,,2022-11-11,42845,43044,2022-11-01T07:00:00+00:00,2022-11-11T23:00:00+00:00,,,,,,,,,,,,,No rule-based candidate at this daily endpoint,rule_candidate,pending
cup_and_handle__2022-11-14__0043067,cup_and_handle,0,no_pattern,neutral,0.0,,cup_and_handle/images/no_pattern/2022/11/cup_and_handle__2022-11-14__0043067.png,,2022-11-14,42868,43067,2022-11-02T07:00:00+00:00,2022-11-14T23:00:00+00:00,,,,,,,,,,,,,No rule-based candidate at this daily endpoint,rule_candidate,pending
cup_and_handle__2022-11-15__0043090,cup_and_handle,0,no_pattern,neutral,0.0,,cup_and_handle/images/no_pattern/2022/11/cup_and_handle__2022-11-15__0043090.png,,2022-11-15,42891,43090,2022-11-03T07:00:00+00:00,2022-11-15T23:00:00+00:00,,,,,,,,,,,,,No rule-based candidate at this daily endpoint,rule_candidate,pending
cup_and_handle__2022-11-16__0043113,cup_and_handle,0,no_pattern,neutral,0.0,,cup_and_handle/images/no_pattern/2022/11/cup_and_handle__2022-11-16__0043113.png,,2022-11-16,42914,43113,2022-11-04T07:00:00+00:00,2022-11-16T23:00:00+00:00,,,,,,,,,,,,,No rule-based candidate at this daily endpoint,rule_candidate,pending
cup_and_handle__2022-11-17__0043136,cup_and_handle,0,no_pattern,neutral,0.0,,cup_and_handle/images/no_pattern/2022/11/cup_and_handle__2022-11-17__0043136.png,,2022-11-17,42937,43136,2022-11-07T08:00:00+00:00,2022-11-17T23:00:00+00:00,,,,,,,,,,,,,No rule-based candidate at this daily endpoint,rule_candidate,pending
cup_and_handle__2022-11-18__0043159,cup_and_handle,0,no_pattern,neutral,0.0,,cup_and_handle/images/no_pattern/2022/11/cup_and_handle__2022-11-18__0043159.png,,2022-11-18,42960,43159,2022-11-08T08:00:00+00:00,2022-11-18T23:00:00+00:00,,,,,,,,,,,,,No rule-based candidate at this daily endpoint,rule_candidate,pending
cup_and_handle__2022-11-21__0043182,cup_and_handle,0,no_pattern,neutral,0.0,,cup_and_handle/images/no_pattern/2022/11/cup_and_handle__2022-11-21__0043182.png,,2022-11-21,42983,43182,2022-11-09T08:00:00+00:00,2022-11-21T23:00:00+00:00,,,,,,,,,,,,,No rule-based candidate at this daily endpoint,rule_candidate,pending
cup_and_handle__2022-11-22__0043205,cup_and_handle,0,no_pattern,neutral,0.0,,cup_and_handle/images/no_pattern/2022/11/cup_and_handle__2022-11-22__0043205.png,,2022-11-22,43006,43205,2022-11-10T08:00:00+00:00,2022-11-22T23:00:00+00:00,,,,,,,,,,,,,No rule-based candidate at this daily endpoint,rule_candidate,pending
cup_and_handle__2022-11-23__0043228,cup_and_handle,0,no_pattern,neutral,0.0,,cup_and_handle/images/no_pattern/2022/11/cup_and_handle__2022-11-23__0043228.png,,2022-11-23,43029,43228,2022-11-11T08:00:00+00:00,2022-11-23T23:00:00+00:00,,,,,,,,,,,,,No rule-based candidate at this daily endpoint,rule_candidate,pending
cup_and_handle__2022-11-24__0043249,cup_and_handle,1,confirmed,bullish,0.66,64.0,cup_and_handle/images/confirmed/2022/11/cup_and_handle__2022-11-24__0043249.png,,2022-11-24,43050,43249,2022-11-14T06:00:00+00:00,2022-11-24T21:00:00+00:00,43186.0,43249.0,2022-11-22T04:00:00+00:00,2022-11-24T21:00:00+00:00,43249.0,2022-11-24T21:00:00+00:00,1755.31,1734.1658928571428,1797.5982142857142,2.0,1751.9644444444446,2.696428571428555,Cup and handle rounded base with shallow handle,rule_candidate,pending
cup_and_handle__2022-11-25__0043269,cup_and_handle,0,no_pattern,neutral,0.0,,cup_and_handle/images/no_pattern/2022/11/cup_and_handle__2022-11-25__0043269.png,,2022-11-25,43070,43269,2022-11-15T03:00:00+00:00,2022-11-25T20:00:00+00:00,,,,,,,,,,,,,No rule-based candidate at this daily endpoint,rule_candidate,pending
cup_and_handle__2022-11-28__0043292,cup_and_handle,0,no_pattern,neutral,0.0,,cup_and_handle/images/no_pattern/2022/11/cup_and_handle__2022-11-28__0043292.png,,2022-11-28,43093,43292,2022-11-16T03:00:00+00:00,2022-11-28T23:00:00+00:00,,,,,,,,,,,,,No rule-based candidate at this daily endpoint,rule_candidate,pending
cup_and_handle__2022-11-29__0043315,cup_and_handle,0,no_pattern,neutral,0.0,,cup_and_handle/images/no_pattern/2022/11/cup_and_handle__2022-11-29__0043315.png,,2022-11-29,43116,43315,2022-11-17T03:00:00+00:00,2022-11-29T23:00:00+00:00,,,,,,,,,,,,,No rule-based candidate at this daily endpoint,rule_candidate,pending
cup_and_handle__2022-11-30__0043338,cup_and_handle,0,no_pattern,neutral,0.0,,cup_and_handle/images/no_pattern/2022/11/cup_and_handle__2022-11-30__0043338.png,,2022-11-30,43139,43338,2022-11-18T03:00:00+00:00,2022-11-30T23:00:00+00:00,,,,,,,,,,,,,No rule-based candidate at this daily endpoint,rule_candidate,pending
cup_and_handle__2022-12-01__0043361,cup_and_handle,0,no_pattern,neutral,0.0,,cup_and_handle/images/no_pattern/2022/12/cup_and_handle__2022-12-01__0043361.png,,2022-12-01,43162,43361,2022-11-21T03:00:00+00:00,2022-12-01T23:00:00+00:00,,,,,,,,,,,,,No rule-based candidate at this daily endpoint,rule_candidate,pending
cup_and_handle__2022-12-02__0043384,cup_and_handle,0,no_pattern,neutral,0.0,,cup_and_handle/images/no_pattern/2022/12/cup_and_handle__2022-12-02__0043384.png,,2022-12-02,43185,43384,2022-11-22T03:00:00+00:00,2022-12-02T23:00:00+00:00,,,,,,,,,,,,,No rule-based candidate at this daily endpoint,rule_candidate,pending
cup_and_handle__2022-12-05__0043407,cup_and_handle,0,no_pattern,neutral,0.0,,cup_and_handle/images/no_pattern/2022/12/cup_and_handle__2022-12-05__0043407.png,,2022-12-05,43208,43407,2022-11-23T03:00:00+00:00,2022-12-05T23:00:00+00:00,,,,,,,,,,,,,No rule-based candidate at this daily endpoint,rule_candidate,pending
cup_and_handle__2022-12-06__0043430,cup_and_handle,0,no_pattern,neutral,0.0,,cup_and_handle/images/no_pattern/2022/12/cup_and_handle__2022-12-06__0043430.png,,2022-12-06,43231,43430,2022-11-24T03:00:00+00:00,2022-12-06T23:00:00+00:00,,,,,,,,,,,,,No rule-based candidate at this daily endpoint,rule_candidate,pending
cup_and_handle__2022-12-07__0043453,cup_and_handle,0,no_pattern,neutral,0.0,,cup_and_handle/images/no_pattern/2022/12/cup_and_handle__2022-12-07__0043453.png,,2022-12-07,43254,43453,2022-11-25T05:00:00+00:00,2022-12-07T23:00:00+00:00,,,,,,,,,,,,,No rule-based candidate at this daily endpoint,rule_candidate,pending
cup_and_handle__2022-12-08__0043476,cup_and_handle,0,no_pattern,neutral,0.0,,cup_and_handle/images/no_pattern/2022/12/cup_and_handle__2022-12-08__0043476.png,,2022-12-08,43277,43476,2022-11-28T08:00:00+00:00,2022-12-08T23:00:00+00:00,,,,,,,,,,,,,No rule-based candidate at this daily endpoint,rule_candidate,pending
cup_and_handle__2022-12-09__0043499,cup_and_handle,1,forming,bullish,0.54,120.0,cup_and_handle/images/forming/2022/12/cup_and_handle__2022-12-09__0043499.png,,2022-12-09,43300,43499,2022-11-29T08:00:00+00:00,2022-12-09T23:00:00+00:00,43380.0,43499.0,2022-12-02T19:00:00+00:00,2022-12-09T23:00:00+00:00,,,1800.3544444444444,1765.2701785714287,1870.522976190476,2.0,1800.3544444444444,5.519285714285696,Cup and handle rounded base with shallow handle,rule_candidate,pending
cup_and_handle__2022-12-12__0043522,cup_and_handle,0,no_pattern,neutral,0.0,,cup_and_handle/images/no_pattern/2022/12/cup_and_handle__2022-12-12__0043522.png,,2022-12-12,43323,43522,2022-11-30T08:00:00+00:00,2022-12-12T23:00:00+00:00,,,,,,,,,,,,,No rule-based candidate at this daily endpoint,rule_candidate,pending
cup_and_handle__2022-12-13__0043545,cup_and_handle,0,no_pattern,neutral,0.0,,cup_and_handle/images/no_pattern/2022/12/cup_and_handle__2022-12-13__0043545.png,,2022-12-13,43346,43545,2022-12-01T08:00:00+00:00,2022-12-13T23:00:00+00:00,,,,,,,,,,,,,No rule-based candidate at this daily endpoint,rule_candidate,pending
cup_and_handle__2022-12-14__0043568,cup_and_handle,0,no_pattern,neutral,0.0,,cup_and_handle/images/no_pattern/2022/12/cup_and_handle__2022-12-14__0043568.png,,2022-12-14,43369,43568,2022-12-02T08:00:00+00:00,2022-12-14T23:00:00+00:00,,,,,,,,,,,,,No rule-based candidate at this daily endpoint,rule_candidate,pending
cup_and_handle__2022-12-15__0043591,cup_and_handle,0,no_pattern,neutral,0.0,,cup_and_handle/images/no_pattern/2022/12/cup_and_handle__2022-12-15__0043591.png,,2022-12-15,43392,43591,2022-12-05T08:00:00+00:00,2022-12-15T23:00:00+00:00,,,,,,,,,,,,,No rule-based candidate at this daily endpoint,rule_candidate,pending
cup_and_handle__2022-12-16__0043614,cup_and_handle,0,no_pattern,neutral,0.0,,cup_and_handle/images/no_pattern/2022/12/cup_and_handle__2022-12-16__0043614.png,,2022-12-16,43415,43614,2022-12-06T08:00:00+00:00,2022-12-16T23:00:00+00:00,,,,,,,,,,,,,No rule-based candidate at this daily endpoint,rule_candidate,pending
cup_and_handle__2022-12-19__0043637,cup_and_handle,0,no_pattern,neutral,0.0,,cup_and_handle/images/no_pattern/2022/12/cup_and_handle__2022-12-19__0043637.png,,2022-12-19,43438,43637,2022-12-07T08:00:00+00:00,2022-12-19T23:00:00+00:00,,,,,,,,,,,,,No rule-based candidate at this daily endpoint,rule_candidate,pending
cup_and_handle__2022-12-20__0043660,cup_and_handle,0,no_pattern,neutral,0.0,,cup_and_handle/images/no_pattern/2022/12/cup_and_handle__2022-12-20__0043660.png,,2022-12-20,43461,43660,2022-12-08T08:00:00+00:00,2022-12-20T23:00:00+00:00,,,,,,,,,,,,,No rule-based candidate at this daily endpoint,rule_candidate,pending
cup_and_handle__2022-12-21__0043683,cup_and_handle,0,no_pattern,neutral,0.0,,cup_and_handle/images/no_pattern/2022/12/cup_and_handle__2022-12-21__0043683.png,,2022-12-21,43484,43683,2022-12-09T08:00:00+00:00,2022-12-21T23:00:00+00:00,,,,,,,,,,,,,No rule-based candidate at this daily endpoint,rule_candidate,pending
cup_and_handle__2022-12-22__0043706,cup_and_handle,0,no_pattern,neutral,0.0,,cup_and_handle/images/no_pattern/2022/12/cup_and_handle__2022-12-22__0043706.png,,2022-12-22,43507,43706,2022-12-12T08:00:00+00:00,2022-12-22T23:00:00+00:00,,,,,,,,,,,,,No rule-based candidate at this daily endpoint,rule_candidate,pending
cup_and_handle__2022-12-23__0043729,cup_and_handle,0,no_pattern,neutral,0.0,,cup_and_handle/images/no_pattern/2022/12/cup_and_handle__2022-12-23__0043729.png,,2022-12-23,43530,43729,2022-12-13T08:00:00+00:00,2022-12-23T23:00:00+00:00,,,,,,,,,,,,,No rule-based candidate at this daily endpoint,rule_candidate,pending
cup_and_handle__2022-12-27__0043752,cup_and_handle,0,no_pattern,neutral,0.0,,cup_and_handle/images/no_pattern/2022/12/cup_and_handle__2022-12-27__0043752.png,,2022-12-27,43553,43752,2022-12-14T08:00:00+00:00,2022-12-27T23:00:00+00:00,,,,,,,,,,,,,No rule-based candidate at this daily endpoint,rule_candidate,pending
cup_and_handle__2022-12-28__0043775,cup_and_handle,0,no_pattern,neutral,0.0,,cup_and_handle/images/no_pattern/2022/12/cup_and_handle__2022-12-28__0043775.png,,2022-12-28,43576,43775,2022-12-15T08:00:00+00:00,2022-12-28T23:00:00+00:00,,,,,,,,,,,,,No rule-based candidate at this daily endpoint,rule_candidate,pending
cup_and_handle__2022-12-29__0043798,cup_and_handle,0,no_pattern,neutral,0.0,,cup_and_handle/images/no_pattern/2022/12/cup_and_handle__2022-12-29__0043798.png,,2022-12-29,43599,43798,2022-12-16T08:00:00+00:00,2022-12-29T23:00:00+00:00,,,,,,,,,,,,,No rule-based candidate at this daily endpoint,rule_candidate,pending
cup_and_handle__2022-12-30__0043821,cup_and_handle,0,no_pattern,neutral,0.0,,cup_and_handle/images/no_pattern/2022/12/cup_and_handle__2022-12-30__0043821.png,,2022-12-30,43622,43821,2022-12-19T08:00:00+00:00,2022-12-30T23:00:00+00:00,,,,,,,,,,,,,No rule-based candidate at this daily endpoint,rule_candidate,pending
cup_and_handle__2023-01-03__0043844,cup_and_handle,0,no_pattern,neutral,0.0,,cup_and_handle/images/no_pattern/2023/01/cup_and_handle__2023-01-03__0043844.png,,2023-01-03,43645,43844,2022-12-20T08:00:00+00:00,2023-01-03T23:00:00+00:00,,,,,,,,,,,,,No rule-based candidate at this daily endpoint,rule_candidate,pending
cup_and_handle__2023-01-04__0043867,cup_and_handle,0,no_pattern,neutral,0.0,,cup_and_handle/images/no_pattern/2023/01/cup_and_handle__2023-01-04__0043867.png,,2023-01-04,43668,43867,2022-12-21T08:00:00+00:00,2023-01-04T23:00:00+00:00,,,,,,,,,,,,,No rule-based candidate at this daily endpoint,rule_candidate,pending
cup_and_handle__2023-01-05__0043890,cup_and_handle,0,no_pattern,neutral,0.0,,cup_and_handle/images/no_pattern/2023/01/cup_and_handle__2023-01-05__0043890.png,,2023-01-05,43691,43890,2022-12-22T08:00:00+00:00,2023-01-05T23:00:00+00:00,,,,,,,,,,,,,No rule-based candidate at this daily endpoint,rule_candidate,pending
cup_and_handle__2023-01-06__0043913,cup_and_handle,0,no_pattern,neutral,0.0,,cup_and_handle/images/no_pattern/2023/01/cup_and_handle__2023-01-06__0043913.png,,2023-01-06,43714,43913,2022-12-23T08:00:00+00:00,2023-01-06T23:00:00+00:00,,,,,,,,,,,,,No rule-based candidate at this daily endpoint,rule_candidate,pending
cup_and_handle__2023-01-09__0043936,cup_and_handle,0,no_pattern,neutral,0.0,,cup_and_handle/images/no_pattern/2023/01/cup_and_handle__2023-01-09__0043936.png,,2023-01-09,43737,43936,2022-12-27T08:00:00+00:00,2023-01-09T23:00:00+00:00,,,,,,,,,,,,,No rule-based candidate at this daily endpoint,rule_candidate,pending
cup_and_handle__2023-01-10__0043959,cup_and_handle,0,no_pattern,neutral,0.0,,cup_and_handle/images/no_pattern/2023/01/cup_and_handle__2023-01-10__0043959.png,,2023-01-10,43760,43959,2022-12-28T08:00:00+00:00,2023-01-10T23:00:00+00:00,,,,,,,,,,,,,No rule-based candidate at this daily endpoint,rule_candidate,pending
cup_and_handle__2023-01-11__0043982,cup_and_handle,0,no_pattern,neutral,0.0,,cup_and_handle/images/no_pattern/2023/01/cup_and_handle__2023-01-11__0043982.png,,2023-01-11,43783,43982,2022-12-29T08:00:00+00:00,2023-01-11T23:00:00+00:00,,,,,,,,,,,,,No rule-based candidate at this daily endpoint,rule_candidate,pending
cup_and_handle__2023-01-12__0044005,cup_and_handle,0,no_pattern,neutral,0.0,,cup_and_handle/images/no_pattern/2023/01/cup_and_handle__2023-01-12__0044005.png,,2023-01-12,43806,44005,2022-12-30T08:00:00+00:00,2023-01-12T23:00:00+00:00,,,,,,,,,,,,,No rule-based candidate at this daily endpoint,rule_candidate,pending
cup_and_handle__2023-01-13__0044028,cup_and_handle,0,no_pattern,neutral,0.0,,cup_and_handle/images/no_pattern/2023/01/cup_and_handle__2023-01-13__0044028.png,,2023-01-13,43829,44028,2023-01-03T08:00:00+00:00,2023-01-13T23:00:00+00:00,,,,,,,,,,,,,No rule-based candidate at this daily endpoint,rule_candidate,pending
cup_and_handle__2023-01-16__0044049,cup_and_handle,0,no_pattern,neutral,0.0,,cup_and_handle/images/no_pattern/2023/01/cup_and_handle__2023-01-16__0044049.png,,2023-01-16,43850,44049,2023-01-04T06:00:00+00:00,2023-01-16T21:00:00+00:00,,,,,,,,,,,,,No rule-based candidate at this daily endpoint,rule_candidate,pending
cup_and_handle__2023-01-17__0044072,cup_and_handle,0,no_pattern,neutral,0.0,,cup_and_handle/images/no_pattern/2023/01/cup_and_handle__2023-01-17__0044072.png,,2023-01-17,43873,44072,2023-01-05T06:00:00+00:00,2023-01-17T23:00:00+00:00,,,,,,,,,,,,,No rule-based candidate at this daily endpoint,rule_candidate,pending
cup_and_handle__2023-01-18__0044095,cup_and_handle,0,no_pattern,neutral,0.0,,cup_and_handle/images/no_pattern/2023/01/cup_and_handle__2023-01-18__0044095.png,,2023-01-18,43896,44095,2023-01-06T06:00:00+00:00,2023-01-18T23:00:00+00:00,,,,,,,,,,,,,No rule-based candidate at this daily endpoint,rule_candidate,pending
cup_and_handle__2023-01-19__0044118,cup_and_handle,0,no_pattern,neutral,0.0,,cup_and_handle/images/no_pattern/2023/01/cup_and_handle__2023-01-19__0044118.png,,2023-01-19,43919,44118,2023-01-09T06:00:00+00:00,2023-01-19T23:00:00+00:00,,,,,,,,,,,,,No rule-based candidate at this daily endpoint,rule_candidate,pending
cup_and_handle__2023-01-20__0044141,cup_and_handle,0,no_pattern,neutral,0.0,,cup_and_handle/images/no_pattern/2023/01/cup_and_handle__2023-01-20__0044141.png,,2023-01-20,43942,44141,2023-01-10T06:00:00+00:00,2023-01-20T23:00:00+00:00,,,,,,,,,,,,,No rule-based candidate at this daily endpoint,rule_candidate,pending
cup_and_handle__2023-01-23__0044164,cup_and_handle,0,no_pattern,neutral,0.0,,cup_and_handle/images/no_pattern/2023/01/cup_and_handle__2023-01-23__0044164.png,,2023-01-23,43965,44164,2023-01-11T06:00:00+00:00,2023-01-23T23:00:00+00:00,,,,,,,,,,,,,No rule-based candidate at this daily endpoint,rule_candidate,pending
cup_and_handle__2023-01-24__0044187,cup_and_handle,0,no_pattern,neutral,0.0,,cup_and_handle/images/no_pattern/2023/01/cup_and_handle__2023-01-24__0044187.png,,2023-01-24,43988,44187,2023-01-12T06:00:00+00:00,2023-01-24T23:00:00+00:00,,,,,,,,,,,,,No rule-based candidate at this daily endpoint,rule_candidate,pending
cup_and_handle__2023-01-25__0044210,cup_and_handle,0,no_pattern,neutral,0.0,,cup_and_handle/images/no_pattern/2023/01/cup_and_handle__2023-01-25__0044210.png,,2023-01-25,44011,44210,2023-01-13T06:00:00+00:00,2023-01-25T23:00:00+00:00,,,,,,,,,,,,,No rule-based candidate at this daily endpoint,rule_candidate,pending
cup_and_handle__2023-01-26__0044233,cup_and_handle,0,no_pattern,neutral,0.0,,cup_and_handle/images/no_pattern/2023/01/cup_and_handle__2023-01-26__0044233.png,,2023-01-26,44034,44233,2023-01-16T06:00:00+00:00,2023-01-26T23:00:00+00:00,,,,,,,,,,,,,No rule-based candidate at this daily endpoint,rule_candidate,pending
cup_and_handle__2023-01-27__0044256,cup_and_handle,0,no_pattern,neutral,0.0,,cup_and_handle/images/no_pattern/2023/01/cup_and_handle__2023-01-27__0044256.png,,2023-01-27,44057,44256,2023-01-17T08:00:00+00:00,2023-01-27T23:00:00+00:00,,,,,,,,,,,,,No rule-based candidate at this daily endpoint,rule_candidate,pending
cup_and_handle__2023-01-30__0044279,cup_and_handle,0,no_pattern,neutral,0.0,,cup_and_handle/images/no_pattern/2023/01/cup_and_handle__2023-01-30__0044279.png,,2023-01-30,44080,44279,2023-01-18T08:00:00+00:00,2023-01-30T23:00:00+00:00,,,,,,,,,,,,,No rule-based candidate at this daily endpoint,rule_candidate,pending
cup_and_handle__2023-01-31__0044302,cup_and_handle,0,no_pattern,neutral,0.0,,cup_and_handle/images/no_pattern/2023/01/cup_and_handle__2023-01-31__0044302.png,,2023-01-31,44103,44302,2023-01-19T08:00:00+00:00,2023-01-31T23:00:00+00:00,,,,,,,,,,,,,No rule-based candidate at this daily endpoint,rule_candidate,pending
cup_and_handle__2023-02-01__0044325,cup_and_handle,0,no_pattern,neutral,0.0,,cup_and_handle/images/no_pattern/2023/02/cup_and_handle__2023-02-01__0044325.png,,2023-02-01,44126,44325,2023-01-20T08:00:00+00:00,2023-02-01T23:00:00+00:00,,,,,,,,,,,,,No rule-based candidate at this daily endpoint,rule_candidate,pending
cup_and_handle__2023-02-02__0044348,cup_and_handle,0,no_pattern,neutral,0.0,,cup_and_handle/images/no_pattern/2023/02/cup_and_handle__2023-02-02__0044348.png,,2023-02-02,44149,44348,2023-01-23T08:00:00+00:00,2023-02-02T23:00:00+00:00,,,,,,,,,,,,,No rule-based candidate at this daily endpoint,rule_candidate,pending
cup_and_handle__2023-02-03__0044371,cup_and_handle,0,no_pattern,neutral,0.0,,cup_and_handle/images/no_pattern/2023/02/cup_and_handle__2023-02-03__0044371.png,,2023-02-03,44172,44371,2023-01-24T08:00:00+00:00,2023-02-03T23:00:00+00:00,,,,,,,,,,,,,No rule-based candidate at this daily endpoint,rule_candidate,pending
cup_and_handle__2023-02-06__0044394,cup_and_handle,0,no_pattern,neutral,0.0,,cup_and_handle/images/no_pattern/2023/02/cup_and_handle__2023-02-06__0044394.png,,2023-02-06,44195,44394,2023-01-25T08:00:00+00:00,2023-02-06T23:00:00+00:00,,,,,,,,,,,,,No rule-based candidate at this daily endpoint,rule_candidate,pending
cup_and_handle__2023-02-07__0044417,cup_and_handle,0,no_pattern,neutral,0.0,,cup_and_handle/images/no_pattern/2023/02/cup_and_handle__2023-02-07__0044417.png,,2023-02-07,44218,44417,2023-01-26T08:00:00+00:00,2023-02-07T23:00:00+00:00,,,,,,,,,,,,,No rule-based candidate at this daily endpoint,rule_candidate,pending
cup_and_handle__2023-02-08__0044440,cup_and_handle,0,no_pattern,neutral,0.0,,cup_and_handle/images/no_pattern/2023/02/cup_and_handle__2023-02-08__0044440.png,,2023-02-08,44241,44440,2023-01-27T08:00:00+00:00,2023-02-08T23:00:00+00:00,,,,,,,,,,,,,No rule-based candidate at this daily endpoint,rule_candidate,pending
cup_and_handle__2023-02-09__0044463,cup_and_handle,0,no_pattern,neutral,0.0,,cup_and_handle/images/no_pattern/2023/02/cup_and_handle__2023-02-09__0044463.png,,2023-02-09,44264,44463,2023-01-30T08:00:00+00:00,2023-02-09T23:00:00+00:00,,,,,,,,,,,,,No rule-based candidate at this daily endpoint,rule_candidate,pending
cup_and_handle__2023-02-10__0044486,cup_and_handle,0,no_pattern,neutral,0.0,,cup_and_handle/images/no_pattern/2023/02/cup_and_handle__2023-02-10__0044486.png,,2023-02-10,44287,44486,2023-01-31T08:00:00+00:00,2023-02-10T23:00:00+00:00,,,,,,,,,,,,,No rule-based candidate at this daily endpoint,rule_candidate,pending
cup_and_handle__2023-02-13__0044509,cup_and_handle,0,no_pattern,neutral,0.0,,cup_and_handle/images/no_pattern/2023/02/cup_and_handle__2023-02-13__0044509.png,,2023-02-13,44310,44509,2023-02-01T08:00:00+00:00,2023-02-13T23:00:00+00:00,,,,,,,,,,,,,No rule-based candidate at this daily endpoint,rule_candidate,pending
cup_and_handle__2023-02-14__0044532,cup_and_handle,0,no_pattern,neutral,0.0,,cup_and_handle/images/no_pattern/2023/02/cup_and_handle__2023-02-14__0044532.png,,2023-02-14,44333,44532,2023-02-02T08:00:00+00:00,2023-02-14T23:00:00+00:00,,,,,,,,,,,,,No rule-based candidate at this daily endpoint,rule_candidate,pending
cup_and_handle__2023-02-15__0044555,cup_and_handle,0,no_pattern,neutral,0.0,,cup_and_handle/images/no_pattern/2023/02/cup_and_handle__2023-02-15__0044555.png,,2023-02-15,44356,44555,2023-02-03T08:00:00+00:00,2023-02-15T23:00:00+00:00,,,,,,,,,,,,,No rule-based candidate at this daily endpoint,rule_candidate,pending
cup_and_handle__2023-02-16__0044578,cup_and_handle,0,no_pattern,neutral,0.0,,cup_and_handle/images/no_pattern/2023/02/cup_and_handle__2023-02-16__0044578.png,,2023-02-16,44379,44578,2023-02-06T08:00:00+00:00,2023-02-16T23:00:00+00:00,,,,,,,,,,,,,No rule-based candidate at this daily endpoint,rule_candidate,pending
cup_and_handle__2023-02-17__0044601,cup_and_handle,0,no_pattern,neutral,0.0,,cup_and_handle/images/no_pattern/2023/02/cup_and_handle__2023-02-17__0044601.png,,2023-02-17,44402,44601,2023-02-07T08:00:00+00:00,2023-02-17T23:00:00+00:00,,,,,,,,,,,,,No rule-based candidate at this daily endpoint,rule_candidate,pending
cup_and_handle__2023-02-20__0044622,cup_and_handle,1,forming,bullish,0.54,64.0,cup_and_handle/images/forming/2023/02/cup_and_handle__2023-02-20__0044622.png,,2023-02-20,44423,44622,2023-02-08T06:00:00+00:00,2023-02-20T21:00:00+00:00,44559.0,44622.0,2023-02-16T04:00:00+00:00,2023-02-20T21:00:00+00:00,,,1841.2344444444443,1821.5730357142857,1880.5572619047623,2.0,1841.2344444444443,2.747857142857129,Cup and handle rounded base with shallow handle,rule_candidate,pending
cup_and_handle__2023-02-21__0044645,cup_and_handle,0,no_pattern,neutral,0.0,,cup_and_handle/images/no_pattern/2023/02/cup_and_handle__2023-02-21__0044645.png,,2023-02-21,44446,44645,2023-02-09T06:00:00+00:00,2023-02-21T23:00:00+00:00,,,,,,,,,,,,,No rule-based candidate at this daily endpoint,rule_candidate,pending
cup_and_handle__2023-02-22__0044668,cup_and_handle,0,no_pattern,neutral,0.0,,cup_and_handle/images/no_pattern/2023/02/cup_and_handle__2023-02-22__0044668.png,,2023-02-22,44469,44668,2023-02-10T06:00:00+00:00,2023-02-22T23:00:00+00:00,,,,,,,,,,,,,No rule-based candidate at this daily endpoint,rule_candidate,pending
cup_and_handle__2023-02-23__0044691,cup_and_handle,0,no_pattern,neutral,0.0,,cup_and_handle/images/no_pattern/2023/02/cup_and_handle__2023-02-23__0044691.png,,2023-02-23,44492,44691,2023-02-13T06:00:00+00:00,2023-02-23T23:00:00+00:00,,,,,,,,,,,,,No rule-based candidate at this daily endpoint,rule_candidate,pending
cup_and_handle__2023-02-24__0044714,cup_and_handle,0,no_pattern,neutral,0.0,,cup_and_handle/images/no_pattern/2023/02/cup_and_handle__2023-02-24__0044714.png,,2023-02-24,44515,44714,2023-02-14T06:00:00+00:00,2023-02-24T23:00:00+00:00,,,,,,,,,,,,,No rule-based candidate at this daily endpoint,rule_candidate,pending
cup_and_handle__2023-02-27__0044737,cup_and_handle,0,no_pattern,neutral,0.0,,cup_and_handle/images/no_pattern/2023/02/cup_and_handle__2023-02-27__0044737.png,,2023-02-27,44538,44737,2023-02-15T06:00:00+00:00,2023-02-27T23:00:00+00:00,,,,,,,,,,,,,No rule-based candidate at this daily endpoint,rule_candidate,pending
cup_and_handle__2023-02-28__0044760,cup_and_handle,0,no_pattern,neutral,0.0,,cup_and_handle/images/no_pattern/2023/02/cup_and_handle__2023-02-28__0044760.png,,2023-02-28,44561,44760,2023-02-16T06:00:00+00:00,2023-02-28T23:00:00+00:00,,,,,,,,,,,,,No rule-based candidate at this daily endpoint,rule_candidate,pending
cup_and_handle__2023-03-01__0044783,cup_and_handle,0,no_pattern,neutral,0.0,,cup_and_handle/images/no_pattern/2023/03/cup_and_handle__2023-03-01__0044783.png,,2023-03-01,44584,44783,2023-02-17T06:00:00+00:00,2023-03-01T23:00:00+00:00,,,,,,,,,,,,,No rule-based candidate at this daily endpoint,rule_candidate,pending
cup_and_handle__2023-03-02__0044806,cup_and_handle,0,no_pattern,neutral,0.0,,cup_and_handle/images/no_pattern/2023/03/cup_and_handle__2023-03-02__0044806.png,,2023-03-02,44607,44806,2023-02-20T06:00:00+00:00,2023-03-02T23:00:00+00:00,,,,,,,,,,,,,No rule-based candidate at this daily endpoint,rule_candidate,pending
cup_and_handle__2023-03-03__0044829,cup_and_handle,0,no_pattern,neutral,0.0,,cup_and_handle/images/no_pattern/2023/03/cup_and_handle__2023-03-03__0044829.png,,2023-03-03,44630,44829,2023-02-21T08:00:00+00:00,2023-03-03T23:00:00+00:00,,,,,,,,,,,,,No rule-based candidate at this daily endpoint,rule_candidate,pending
cup_and_handle__2023-03-06__0044852,cup_and_handle,1,forming,bullish,0.54,80.0,cup_and_handle/images/forming/2023/03/cup_and_handle__2023-03-06__0044852.png,,2023-03-06,44653,44852,2023-02-22T08:00:00+00:00,2023-03-06T23:00:00+00:00,44773.0,44852.0,2023-03-01T13:00:00+00:00,2023-03-06T23:00:00+00:00,,,1849.9816666666663,1830.6219642857145,1888.7010714285711,2.0,1849.9816666666663,3.3921428571428414,Cup and handle rounded base with shallow handle,rule_candidate,pending
cup_and_handle__2023-03-07__0044875,cup_and_handle,0,no_pattern,neutral,0.0,,cup_and_handle/images/no_pattern/2023/03/cup_and_handle__2023-03-07__0044875.png,,2023-03-07,44676,44875,2023-02-23T08:00:00+00:00,2023-03-07T23:00:00+00:00,,,,,,,,,,,,,No rule-based candidate at this daily endpoint,rule_candidate,pending
cup_and_handle__2023-03-08__0044898,cup_and_handle,0,no_pattern,neutral,0.0,,cup_and_handle/images/no_pattern/2023/03/cup_and_handle__2023-03-08__0044898.png,,2023-03-08,44699,44898,2023-02-24T08:00:00+00:00,2023-03-08T23:00:00+00:00,,,,,,,,,,,,,No rule-based candidate at this daily endpoint,rule_candidate,pending
cup_and_handle__2023-03-09__0044921,cup_and_handle,0,no_pattern,neutral,0.0,,cup_and_handle/images/no_pattern/2023/03/cup_and_handle__2023-03-09__0044921.png,,2023-03-09,44722,44921,2023-02-27T08:00:00+00:00,2023-03-09T23:00:00+00:00,,,,,,,,,,,,,No rule-based candidate at this daily endpoint,rule_candidate,pending
cup_and_handle__2023-03-10__0044944,cup_and_handle,0,no_pattern,neutral,0.0,,cup_and_handle/images/no_pattern/2023/03/cup_and_handle__2023-03-10__0044944.png,,2023-03-10,44745,44944,2023-02-28T08:00:00+00:00,2023-03-10T23:00:00+00:00,,,,,,,,,,,,,No rule-based candidate at this daily endpoint,rule_candidate,pending
cup_and_handle__2023-03-13__0044967,cup_and_handle,0,no_pattern,neutral,0.0,,cup_and_handle/images/no_pattern/2023/03/cup_and_handle__2023-03-13__0044967.png,,2023-03-13,44768,44967,2023-03-01T08:00:00+00:00,2023-03-13T22:00:00+00:00,,,,,,,,,,,,,No rule-based candidate at this daily endpoint,rule_candidate,pending
cup_and_handle__2023-03-14__0044990,cup_and_handle,0,no_pattern,neutral,0.0,,cup_and_handle/images/no_pattern/2023/03/cup_and_handle__2023-03-14__0044990.png,,2023-03-14,44791,44990,2023-03-02T08:00:00+00:00,2023-03-14T22:00:00+00:00,,,,,,,,,,,,,No rule-based candidate at this daily endpoint,rule_candidate,pending
cup_and_handle__2023-03-15__0045013,cup_and_handle,0,no_pattern,neutral,0.0,,cup_and_handle/images/no_pattern/2023/03/cup_and_handle__2023-03-15__0045013.png,,2023-03-15,44814,45013,2023-03-03T08:00:00+00:00,2023-03-15T22:00:00+00:00,,,,,,,,,,,,,No rule-based candidate at this daily endpoint,rule_candidate,pending
cup_and_handle__2023-03-16__0045036,cup_and_handle,0,no_pattern,neutral,0.0,,cup_and_handle/images/no_pattern/2023/03/cup_and_handle__2023-03-16__0045036.png,,2023-03-16,44837,45036,2023-03-06T08:00:00+00:00,2023-03-16T22:00:00+00:00,,,,,,,,,,,,,No rule-based candidate at this daily endpoint,rule_candidate,pending
cup_and_handle__2023-03-17__0045059,cup_and_handle,0,no_pattern,neutral,0.0,,cup_and_handle/images/no_pattern/2023/03/cup_and_handle__2023-03-17__0045059.png,,2023-03-17,44860,45059,2023-03-07T08:00:00+00:00,2023-03-17T22:00:00+00:00,,,,,,,,,,,,,No rule-based candidate at this daily endpoint,rule_candidate,pending
cup_and_handle__2023-03-20__0045082,cup_and_handle,0,no_pattern,neutral,0.0,,cup_and_handle/images/no_pattern/2023/03/cup_and_handle__2023-03-20__0045082.png,,2023-03-20,44883,45082,2023-03-08T08:00:00+00:00,2023-03-20T22:00:00+00:00,,,,,,,,,,,,,No rule-based candidate at this daily endpoint,rule_candidate,pending
cup_and_handle__2023-03-21__0045105,cup_and_handle,0,no_pattern,neutral,0.0,,cup_and_handle/images/no_pattern/2023/03/cup_and_handle__2023-03-21__0045105.png,,2023-03-21,44906,45105,2023-03-09T08:00:00+00:00,2023-03-21T22:00:00+00:00,,,,,,,,,,,,,No rule-based candidate at this daily endpoint,rule_candidate,pending
cup_and_handle__2023-03-22__0045128,cup_and_handle,0,no_pattern,neutral,0.0,,cup_and_handle/images/no_pattern/2023/03/cup_and_handle__2023-03-22__0045128.png,,2023-03-22,44929,45128,2023-03-10T08:00:00+00:00,2023-03-22T22:00:00+00:00,,,,,,,,,,,,,No rule-based candidate at this daily endpoint,rule_candidate,pending
cup_and_handle__2023-03-23__0045151,cup_and_handle,0,no_pattern,neutral,0.0,,cup_and_handle/images/no_pattern/2023/03/cup_and_handle__2023-03-23__0045151.png,,2023-03-23,44952,45151,2023-03-13T07:00:00+00:00,2023-03-23T22:00:00+00:00,,,,,,,,,,,,,No rule-based candidate at this daily endpoint,rule_candidate,pending
cup_and_handle__2023-03-24__0045174,cup_and_handle,0,no_pattern,neutral,0.0,,cup_and_handle/images/no_pattern/2023/03/cup_and_handle__2023-03-24__0045174.png,,2023-03-24,44975,45174,2023-03-14T07:00:00+00:00,2023-03-24T22:00:00+00:00,,,,,,,,,,,,,No rule-based candidate at this daily endpoint,rule_candidate,pending
cup_and_handle__2023-03-27__0045197,cup_and_handle,0,no_pattern,neutral,0.0,,cup_and_handle/images/no_pattern/2023/03/cup_and_handle__2023-03-27__0045197.png,,2023-03-27,44998,45197,2023-03-15T07:00:00+00:00,2023-03-27T23:00:00+00:00,,,,,,,,,,,,,No rule-based candidate at this daily endpoint,rule_candidate,pending
cup_and_handle__2023-03-28__0045220,cup_and_handle,0,no_pattern,neutral,0.0,,cup_and_handle/images/no_pattern/2023/03/cup_and_handle__2023-03-28__0045220.png,,2023-03-28,45021,45220,2023-03-16T07:00:00+00:00,2023-03-28T23:00:00+00:00,,,,,,,,,,,,,No rule-based candidate at this daily endpoint,rule_candidate,pending
cup_and_handle__2023-03-29__0045243,cup_and_handle,1,forming,bullish,0.54,64.0,cup_and_handle/images/forming/2023/03/cup_and_handle__2023-03-29__0045243.png,,2023-03-29,45044,45243,2023-03-17T07:00:00+00:00,2023-03-29T23:00:00+00:00,45180.0,45243.0,2023-03-27T06:00:00+00:00,2023-03-29T23:00:00+00:00,,,1970.1566666666668,1944.2758928571427,2021.9182142857148,2.0,1970.1566666666668,5.216428571428553,Cup and handle rounded base with shallow handle,rule_candidate,pending
cup_and_handle__2023-03-30__0045266,cup_and_handle,0,no_pattern,neutral,0.0,,cup_and_handle/images/no_pattern/2023/03/cup_and_handle__2023-03-30__0045266.png,,2023-03-30,45067,45266,2023-03-20T07:00:00+00:00,2023-03-30T23:00:00+00:00,,,,,,,,,,,,,No rule-based candidate at this daily endpoint,rule_candidate,pending
cup_and_handle__2023-03-31__0045289,cup_and_handle,0,no_pattern,neutral,0.0,,cup_and_handle/images/no_pattern/2023/03/cup_and_handle__2023-03-31__0045289.png,,2023-03-31,45090,45289,2023-03-21T07:00:00+00:00,2023-03-31T23:00:00+00:00,,,,,,,,,,,,,No rule-based candidate at this daily endpoint,rule_candidate,pending
cup_and_handle__2023-04-03__0045312,cup_and_handle,0,no_pattern,neutral,0.0,,cup_and_handle/images/no_pattern/2023/04/cup_and_handle__2023-04-03__0045312.png,,2023-04-03,45113,45312,2023-03-22T07:00:00+00:00,2023-04-03T23:00:00+00:00,,,,,,,,,,,,,No rule-based candidate at this daily endpoint,rule_candidate,pending
cup_and_handle__2023-04-04__0045335,cup_and_handle,0,no_pattern,neutral,0.0,,cup_and_handle/images/no_pattern/2023/04/cup_and_handle__2023-04-04__0045335.png,,2023-04-04,45136,45335,2023-03-23T07:00:00+00:00,2023-04-04T23:00:00+00:00,,,,,,,,,,,,,No rule-based candidate at this daily endpoint,rule_candidate,pending
cup_and_handle__2023-04-05__0045358,cup_and_handle,0,no_pattern,neutral,0.0,,cup_and_handle/images/no_pattern/2023/04/cup_and_handle__2023-04-05__0045358.png,,2023-04-05,45159,45358,2023-03-24T07:00:00+00:00,2023-04-05T23:00:00+00:00,,,,,,,,,,,,,No rule-based candidate at this daily endpoint,rule_candidate,pending
cup_and_handle__2023-04-06__0045381,cup_and_handle,0,no_pattern,neutral,0.0,,cup_and_handle/images/no_pattern/2023/04/cup_and_handle__2023-04-06__0045381.png,,2023-04-06,45182,45381,2023-03-27T08:00:00+00:00,2023-04-06T23:00:00+00:00,,,,,,,,,,,,,No rule-based candidate at this daily endpoint,rule_candidate,pending
cup_and_handle__2023-04-10__0045404,cup_and_handle,0,no_pattern,neutral,0.0,,cup_and_handle/images/no_pattern/2023/04/cup_and_handle__2023-04-10__0045404.png,,2023-04-10,45205,45404,2023-03-28T08:00:00+00:00,2023-04-10T23:00:00+00:00,,,,,,,,,,,,,No rule-based candidate at this daily endpoint,rule_candidate,pending
cup_and_handle__2023-04-11__0045427,cup_and_handle,1,confirmed,bullish,0.66,48.0,cup_and_handle/images/confirmed/2023/04/cup_and_handle__2023-04-11__0045427.png,,2023-04-11,45228,45427,2023-03-29T08:00:00+00:00,2023-04-11T23:00:00+00:00,45380.0,45427.0,2023-04-06T22:00:00+00:00,2023-04-11T23:00:00+00:00,45427.0,2023-04-11T23:00:00+00:00,2003.47,1986.363392857143,2037.683214285714,2.0,2001.4557142857143,4.26642857142854,Cup and handle rounded base with shallow handle,rule_candidate,pending
cup_and_handle__2023-04-12__0045450,cup_and_handle,0,no_pattern,neutral,0.0,,cup_and_handle/images/no_pattern/2023/04/cup_and_handle__2023-04-12__0045450.png,,2023-04-12,45251,45450,2023-03-30T08:00:00+00:00,2023-04-12T23:00:00+00:00,,,,,,,,,,,,,No rule-based candidate at this daily endpoint,rule_candidate,pending
cup_and_handle__2023-04-13__0045473,cup_and_handle,0,no_pattern,neutral,0.0,,cup_and_handle/images/no_pattern/2023/04/cup_and_handle__2023-04-13__0045473.png,,2023-04-13,45274,45473,2023-03-31T08:00:00+00:00,2023-04-13T23:00:00+00:00,,,,,,,,,,,,,No rule-based candidate at this daily endpoint,rule_candidate,pending
cup_and_handle__2023-04-14__0045496,cup_and_handle,0,no_pattern,neutral,0.0,,cup_and_handle/images/no_pattern/2023/04/cup_and_handle__2023-04-14__0045496.png,,2023-04-14,45297,45496,2023-04-03T08:00:00+00:00,2023-04-14T23:00:00+00:00,,,,,,,,,,,,,No rule-based candidate at this daily endpoint,rule_candidate,pending
cup_and_handle__2023-04-17__0045519,cup_and_handle,0,no_pattern,neutral,0.0,,cup_and_handle/images/no_pattern/2023/04/cup_and_handle__2023-04-17__0045519.png,,2023-04-17,45320,45519,2023-04-04T08:00:00+00:00,2023-04-17T23:00:00+00:00,,,,,,,,,,,,,No rule-based candidate at this daily endpoint,rule_candidate,pending
cup_and_handle__2023-04-18__0045542,cup_and_handle,0,no_pattern,neutral,0.0,,cup_and_handle/images/no_pattern/2023/04/cup_and_handle__2023-04-18__0045542.png,,2023-04-18,45343,45542,2023-04-05T08:00:00+00:00,2023-04-18T23:00:00+00:00,,,,,,,,,,,,,No rule-based candidate at this daily endpoint,rule_candidate,pending
cup_and_handle__2023-04-19__0045565,cup_and_handle,0,no_pattern,neutral,0.0,,cup_and_handle/images/no_pattern/2023/04/cup_and_handle__2023-04-19__0045565.png,,2023-04-19,45366,45565,2023-04-06T08:00:00+00:00,2023-04-19T23:00:00+00:00,,,,,,,,,,,,,No rule-based candidate at this daily endpoint,rule_candidate,pending
cup_and_handle__2023-04-20__0045588,cup_and_handle,0,no_pattern,neutral,0.0,,cup_and_handle/images/no_pattern/2023/04/cup_and_handle__2023-04-20__0045588.png,,2023-04-20,45389,45588,2023-04-10T08:00:00+00:00,2023-04-20T23:00:00+00:00,,,,,,,,,,,,,No rule-based candidate at this daily endpoint,rule_candidate,pending
cup_and_handle__2023-04-21__0045611,cup_and_handle,0,no_pattern,neutral,0.0,,cup_and_handle/images/no_pattern/2023/04/cup_and_handle__2023-04-21__0045611.png,,2023-04-21,45412,45611,2023-04-11T08:00:00+00:00,2023-04-21T23:00:00+00:00,,,,,,,,,,,,,No rule-based candidate at this daily endpoint,rule_candidate,pending
cup_and_handle__2023-04-24__0045634,cup_and_handle,0,no_pattern,neutral,0.0,,cup_and_handle/images/no_pattern/2023/04/cup_and_handle__2023-04-24__0045634.png,,2023-04-24,45435,45634,2023-04-12T08:00:00+00:00,2023-04-24T23:00:00+00:00,,,,,,,,,,,,,No rule-based candidate at this daily endpoint,rule_candidate,pending
cup_and_handle__2023-04-25__0045657,cup_and_handle,0,no_pattern,neutral,0.0,,cup_and_handle/images/no_pattern/2023/04/cup_and_handle__2023-04-25__0045657.png,,2023-04-25,45458,45657,2023-04-13T08:00:00+00:00,2023-04-25T23:00:00+00:00,,,,,,,,,,,,,No rule-based candidate at this daily endpoint,rule_candidate,pending
cup_and_handle__2023-04-26__0045680,cup_and_handle,0,no_pattern,neutral,0.0,,cup_and_handle/images/no_pattern/2023/04/cup_and_handle__2023-04-26__0045680.png,,2023-04-26,45481,45680,2023-04-14T08:00:00+00:00,2023-04-26T23:00:00+00:00,,,,,,,,,,,,,No rule-based candidate at this daily endpoint,rule_candidate,pending
cup_and_handle__2023-04-27__0045703,cup_and_handle,0,no_pattern,neutral,0.0,,cup_and_handle/images/no_pattern/2023/04/cup_and_handle__2023-04-27__0045703.png,,2023-04-27,45504,45703,2023-04-17T08:00:00+00:00,2023-04-27T23:00:00+00:00,,,,,,,,,,,,,No rule-based candidate at this daily endpoint,rule_candidate,pending
cup_and_handle__2023-04-28__0045726,cup_and_handle,0,no_pattern,neutral,0.0,,cup_and_handle/images/no_pattern/2023/04/cup_and_handle__2023-04-28__0045726.png,,2023-04-28,45527,45726,2023-04-18T08:00:00+00:00,2023-04-28T23:00:00+00:00,,,,,,,,,,,,,No rule-based candidate at this daily endpoint,rule_candidate,pending
cup_and_handle__2023-05-01__0045749,cup_and_handle,0,no_pattern,neutral,0.0,,cup_and_handle/images/no_pattern/2023/05/cup_and_handle__2023-05-01__0045749.png,,2023-05-01,45550,45749,2023-04-19T08:00:00+00:00,2023-05-01T23:00:00+00:00,,,,,,,,,,,,,No rule-based candidate at this daily endpoint,rule_candidate,pending
cup_and_handle__2023-05-02__0045772,cup_and_handle,0,no_pattern,neutral,0.0,,cup_and_handle/images/no_pattern/2023/05/cup_and_handle__2023-05-02__0045772.png,,2023-05-02,45573,45772,2023-04-20T08:00:00+00:00,2023-05-02T23:00:00+00:00,,,,,,,,,,,,,No rule-based candidate at this daily endpoint,rule_candidate,pending
cup_and_handle__2023-05-03__0045795,cup_and_handle,0,no_pattern,neutral,0.0,,cup_and_handle/images/no_pattern/2023/05/cup_and_handle__2023-05-03__0045795.png,,2023-05-03,45596,45795,2023-04-21T08:00:00+00:00,2023-05-03T23:00:00+00:00,,,,,,,,,,,,,No rule-based candidate at this daily endpoint,rule_candidate,pending
cup_and_handle__2023-05-04__0045818,cup_and_handle,0,no_pattern,neutral,0.0,,cup_and_handle/images/no_pattern/2023/05/cup_and_handle__2023-05-04__0045818.png,,2023-05-04,45619,45818,2023-04-24T08:00:00+00:00,2023-05-04T23:00:00+00:00,,,,,,,,,,,,,No rule-based candidate at this daily endpoint,rule_candidate,pending
cup_and_handle__2023-05-05__0045841,cup_and_handle,0,no_pattern,neutral,0.0,,cup_and_handle/images/no_pattern/2023/05/cup_and_handle__2023-05-05__0045841.png,,2023-05-05,45642,45841,2023-04-25T08:00:00+00:00,2023-05-05T23:00:00+00:00,,,,,,,,,,,,,No rule-based candidate at this daily endpoint,rule_candidate,pending
cup_and_handle__2023-05-08__0045864,cup_and_handle,0,no_pattern,neutral,0.0,,cup_and_handle/images/no_pattern/2023/05/cup_and_handle__2023-05-08__0045864.png,,2023-05-08,45665,45864,2023-04-26T08:00:00+00:00,2023-05-08T23:00:00+00:00,,,,,,,,,,,,,No rule-based candidate at this daily endpoint,rule_candidate,pending
cup_and_handle__2023-05-09__0045887,cup_and_handle,0,no_pattern,neutral,0.0,,cup_and_handle/images/no_pattern/2023/05/cup_and_handle__2023-05-09__0045887.png,,2023-05-09,45688,45887,2023-04-27T08:00:00+00:00,2023-05-09T23:00:00+00:00,,,,,,,,,,,,,No rule-based candidate at this daily endpoint,rule_candidate,pending
cup_and_handle__2023-05-10__0045910,cup_and_handle,0,no_pattern,neutral,0.0,,cup_and_handle/images/no_pattern/2023/05/cup_and_handle__2023-05-10__0045910.png,,2023-05-10,45711,45910,2023-04-28T08:00:00+00:00,2023-05-10T23:00:00+00:00,,,,,,,,,,,,,No rule-based candidate at this daily endpoint,rule_candidate,pending
cup_and_handle__2023-05-11__0045933,cup_and_handle,0,no_pattern,neutral,0.0,,cup_and_handle/images/no_pattern/2023/05/cup_and_handle__2023-05-11__0045933.png,,2023-05-11,45734,45933,2023-05-01T08:00:00+00:00,2023-05-11T23:00:00+00:00,,,,,,,,,,,,,No rule-based candidate at this daily endpoint,rule_candidate,pending
cup_and_handle__2023-05-12__0045956,cup_and_handle,0,no_pattern,neutral,0.0,,cup_and_handle/images/no_pattern/2023/05/cup_and_handle__2023-05-12__0045956.png,,2023-05-12,45757,45956,2023-05-02T08:00:00+00:00,2023-05-12T23:00:00+00:00,,,,,,,,,,,,,No rule-based candidate at this daily endpoint,rule_candidate,pending
cup_and_handle__2023-05-15__0045979,cup_and_handle,0,no_pattern,neutral,0.0,,cup_and_handle/images/no_pattern/2023/05/cup_and_handle__2023-05-15__0045979.png,,2023-05-15,45780,45979,2023-05-03T08:00:00+00:00,2023-05-15T23:00:00+00:00,,,,,,,,,,,,,No rule-based candidate at this daily endpoint,rule_candidate,pending
cup_and_handle__2023-05-16__0046002,cup_and_handle,0,no_pattern,neutral,0.0,,cup_and_handle/images/no_pattern/2023/05/cup_and_handle__2023-05-16__0046002.png,,2023-05-16,45803,46002,2023-05-04T08:00:00+00:00,2023-05-16T23:00:00+00:00,,,,,,,,,,,,,No rule-based candidate at this daily endpoint,rule_candidate,pending
cup_and_handle__2023-05-17__0046025,cup_and_handle,0,no_pattern,neutral,0.0,,cup_and_handle/images/no_pattern/2023/05/cup_and_handle__2023-05-17__0046025.png,,2023-05-17,45826,46025,2023-05-05T08:00:00+00:00,2023-05-17T23:00:00+00:00,,,,,,,,,,,,,No rule-based candidate at this daily endpoint,rule_candidate,pending
cup_and_handle__2023-05-18__0046048,cup_and_handle,0,no_pattern,neutral,0.0,,cup_and_handle/images/no_pattern/2023/05/cup_and_handle__2023-05-18__0046048.png,,2023-05-18,45849,46048,2023-05-08T08:00:00+00:00,2023-05-18T23:00:00+00:00,,,,,,,,,,,,,No rule-based candidate at this daily endpoint,rule_candidate,pending
cup_and_handle__2023-05-19__0046071,cup_and_handle,0,no_pattern,neutral,0.0,,cup_and_handle/images/no_pattern/2023/05/cup_and_handle__2023-05-19__0046071.png,,2023-05-19,45872,46071,2023-05-09T08:00:00+00:00,2023-05-19T23:00:00+00:00,,,,,,,,,,,,,No rule-based candidate at this daily endpoint,rule_candidate,pending
cup_and_handle__2023-05-22__0046094,cup_and_handle,1,forming,bullish,0.54,64.0,cup_and_handle/images/forming/2023/05/cup_and_handle__2023-05-22__0046094.png,,2023-05-22,45895,46094,2023-05-10T08:00:00+00:00,2023-05-22T23:00:00+00:00,46031.0,46094.0,2023-05-18T06:00:00+00:00,2023-05-22T23:00:00+00:00,,,1978.5866666666664,1954.0807142857143,2027.5985714285712,2.0,1978.5866666666664,4.6371428571428295,Cup and handle rounded base with shallow handle,rule_candidate,pending
cup_and_handle__2023-05-23__0046117,cup_and_handle,0,no_pattern,neutral,0.0,,cup_and_handle/images/no_pattern/2023/05/cup_and_handle__2023-05-23__0046117.png,,2023-05-23,45918,46117,2023-05-11T08:00:00+00:00,2023-05-23T23:00:00+00:00,,,,,,,,,,,,,No rule-based candidate at this daily endpoint,rule_candidate,pending
cup_and_handle__2023-05-24__0046140,cup_and_handle,0,no_pattern,neutral,0.0,,cup_and_handle/images/no_pattern/2023/05/cup_and_handle__2023-05-24__0046140.png,,2023-05-24,45941,46140,2023-05-12T08:00:00+00:00,2023-05-24T23:00:00+00:00,,,,,,,,,,,,,No rule-based candidate at this daily endpoint,rule_candidate,pending
cup_and_handle__2023-05-25__0046163,cup_and_handle,0,no_pattern,neutral,0.0,,cup_and_handle/images/no_pattern/2023/05/cup_and_handle__2023-05-25__0046163.png,,2023-05-25,45964,46163,2023-05-15T08:00:00+00:00,2023-05-25T23:00:00+00:00,,,,,,,,,,,,,No rule-based candidate at this daily endpoint,rule_candidate,pending
cup_and_handle__2023-05-26__0046186,cup_and_handle,0,no_pattern,neutral,0.0,,cup_and_handle/images/no_pattern/2023/05/cup_and_handle__2023-05-26__0046186.png,,2023-05-26,45987,46186,2023-05-16T08:00:00+00:00,2023-05-26T23:00:00+00:00,,,,,,,,,,,,,No rule-based candidate at this daily endpoint,rule_candidate,pending
cup_and_handle__2023-05-29__0046207,cup_and_handle,0,no_pattern,neutral,0.0,,cup_and_handle/images/no_pattern/2023/05/cup_and_handle__2023-05-29__0046207.png,,2023-05-29,46008,46207,2023-05-17T06:00:00+00:00,2023-05-29T21:00:00+00:00,,,,,,,,,,,,,No rule-based candidate at this daily endpoint,rule_candidate,pending
cup_and_handle__2023-05-30__0046230,cup_and_handle,0,no_pattern,neutral,0.0,,cup_and_handle/images/no_pattern/2023/05/cup_and_handle__2023-05-30__0046230.png,,2023-05-30,46031,46230,2023-05-18T06:00:00+00:00,2023-05-30T23:00:00+00:00,,,,,,,,,,,,,No rule-based candidate at this daily endpoint,rule_candidate,pending
cup_and_handle__2023-05-31__0046253,cup_and_handle,0,no_pattern,neutral,0.0,,cup_and_handle/images/no_pattern/2023/05/cup_and_handle__2023-05-31__0046253.png,,2023-05-31,46054,46253,2023-05-19T06:00:00+00:00,2023-05-31T23:00:00+00:00,,,,,,,,,,,,,No rule-based candidate at this daily endpoint,rule_candidate,pending
cup_and_handle__2023-06-01__0046276,cup_and_handle,0,no_pattern,neutral,0.0,,cup_and_handle/images/no_pattern/2023/06/cup_and_handle__2023-06-01__0046276.png,,2023-06-01,46077,46276,2023-05-22T06:00:00+00:00,2023-06-01T23:00:00+00:00,,,,,,,,,,,,,No rule-based candidate at this daily endpoint,rule_candidate,pending
cup_and_handle__2023-06-02__0046299,cup_and_handle,0,no_pattern,neutral,0.0,,cup_and_handle/images/no_pattern/2023/06/cup_and_handle__2023-06-02__0046299.png,,2023-06-02,46100,46299,2023-05-23T06:00:00+00:00,2023-06-02T23:00:00+00:00,,,,,,,,,,,,,No rule-based candidate at this daily endpoint,rule_candidate,pending
cup_and_handle__2023-06-05__0046322,cup_and_handle,0,no_pattern,neutral,0.0,,cup_and_handle/images/no_pattern/2023/06/cup_and_handle__2023-06-05__0046322.png,,2023-06-05,46123,46322,2023-05-24T06:00:00+00:00,2023-06-05T23:00:00+00:00,,,,,,,,,,,,,No rule-based candidate at this daily endpoint,rule_candidate,pending
cup_and_handle__2023-06-06__0046345,cup_and_handle,0,no_pattern,neutral,0.0,,cup_and_handle/images/no_pattern/2023/06/cup_and_handle__2023-06-06__0046345.png,,2023-06-06,46146,46345,2023-05-25T06:00:00+00:00,2023-06-06T23:00:00+00:00,,,,,,,,,,,,,No rule-based candidate at this daily endpoint,rule_candidate,pending
cup_and_handle__2023-06-07__0046368,cup_and_handle,0,no_pattern,neutral,0.0,,cup_and_handle/images/no_pattern/2023/06/cup_and_handle__2023-06-07__0046368.png,,2023-06-07,46169,46368,2023-05-26T06:00:00+00:00,2023-06-07T23:00:00+00:00,,,,,,,,,,,,,No rule-based candidate at this daily endpoint,rule_candidate,pending
cup_and_handle__2023-06-08__0046391,cup_and_handle,0,no_pattern,neutral,0.0,,cup_and_handle/images/no_pattern/2023/06/cup_and_handle__2023-06-08__0046391.png,,2023-06-08,46192,46391,2023-05-29T06:00:00+00:00,2023-06-08T23:00:00+00:00,,,,,,,,,,,,,No rule-based candidate at this daily endpoint,rule_candidate,pending
cup_and_handle__2023-06-09__0046414,cup_and_handle,1,forming,bullish,0.54,80.0,cup_and_handle/images/forming/2023/06/cup_and_handle__2023-06-09__0046414.png,,2023-06-09,46215,46414,2023-05-30T08:00:00+00:00,2023-06-09T23:00:00+00:00,46335.0,46414.0,2023-06-06T13:00:00+00:00,2023-06-09T23:00:00+00:00,,,1964.931666666667,1938.776607142857,2017.241785714287,2.0,1964.931666666667,4.053571428571429,Cup and handle rounded base with shallow handle,rule_candidate,pending
cup_and_handle__2023-06-12__0046437,cup_and_handle,0,no_pattern,neutral,0.0,,cup_and_handle/images/no_pattern/2023/06/cup_and_handle__2023-06-12__0046437.png,,2023-06-12,46238,46437,2023-05-31T08:00:00+00:00,2023-06-12T23:00:00+00:00,,,,,,,,,,,,,No rule-based candidate at this daily endpoint,rule_candidate,pending
cup_and_handle__2023-06-13__0046460,cup_and_handle,0,no_pattern,neutral,0.0,,cup_and_handle/images/no_pattern/2023/06/cup_and_handle__2023-06-13__0046460.png,,2023-06-13,46261,46460,2023-06-01T08:00:00+00:00,2023-06-13T23:00:00+00:00,,,,,,,,,,,,,No rule-based candidate at this daily endpoint,rule_candidate,pending
cup_and_handle__2023-06-14__0046483,cup_and_handle,0,no_pattern,neutral,0.0,,cup_and_handle/images/no_pattern/2023/06/cup_and_handle__2023-06-14__0046483.png,,2023-06-14,46284,46483,2023-06-02T08:00:00+00:00,2023-06-14T23:00:00+00:00,,,,,,,,,,,,,No rule-based candidate at this daily endpoint,rule_candidate,pending
cup_and_handle__2023-06-15__0046506,cup_and_handle,0,no_pattern,neutral,0.0,,cup_and_handle/images/no_pattern/2023/06/cup_and_handle__2023-06-15__0046506.png,,2023-06-15,46307,46506,2023-06-05T08:00:00+00:00,2023-06-15T23:00:00+00:00,,,,,,,,,,,,,No rule-based candidate at this daily endpoint,rule_candidate,pending
cup_and_handle__2023-06-16__0046529,cup_and_handle,0,no_pattern,neutral,0.0,,cup_and_handle/images/no_pattern/2023/06/cup_and_handle__2023-06-16__0046529.png,,2023-06-16,46330,46529,2023-06-06T08:00:00+00:00,2023-06-16T23:00:00+00:00,,,,,,,,,,,,,No rule-based candidate at this daily endpoint,rule_candidate,pending
cup_and_handle__2023-06-19__0046550,cup_and_handle,1,forming,bullish,0.54,100.0,cup_and_handle/images/forming/2023/06/cup_and_handle__2023-06-19__0046550.png,,2023-06-19,46351,46550,2023-06-07T06:00:00+00:00,2023-06-19T21:00:00+00:00,46451.0,46550.0,2023-06-13T14:00:00+00:00,2023-06-19T21:00:00+00:00,,,1959.9806666666668,1927.742321428572,2024.4573571428573,2.0,1959.9806666666668,2.790714285714297,Cup and handle rounded base with shallow handle,rule_candidate,pending
cup_and_handle__2023-06-20__0046573,cup_and_handle,0,no_pattern,neutral,0.0,,cup_and_handle/images/no_pattern/2023/06/cup_and_handle__2023-06-20__0046573.png,,2023-06-20,46374,46573,2023-06-08T06:00:00+00:00,2023-06-20T23:00:00+00:00,,,,,,,,,,,,,No rule-based candidate at this daily endpoint,rule_candidate,pending
cup_and_handle__2023-06-21__0046596,cup_and_handle,0,no_pattern,neutral,0.0,,cup_and_handle/images/no_pattern/2023/06/cup_and_handle__2023-06-21__0046596.png,,2023-06-21,46397,46596,2023-06-09T06:00:00+00:00,2023-06-21T23:00:00+00:00,,,,,,,,,,,,,No rule-based candidate at this daily endpoint,rule_candidate,pending
cup_and_handle__2023-06-22__0046619,cup_and_handle,0,no_pattern,neutral,0.0,,cup_and_handle/images/no_pattern/2023/06/cup_and_handle__2023-06-22__0046619.png,,2023-06-22,46420,46619,2023-06-12T06:00:00+00:00,2023-06-22T23:00:00+00:00,,,,,,,,,,,,,No rule-based candidate at this daily endpoint,rule_candidate,pending
cup_and_handle__2023-06-23__0046642,cup_and_handle,0,no_pattern,neutral,0.0,,cup_and_handle/images/no_pattern/2023/06/cup_and_handle__2023-06-23__0046642.png,,2023-06-23,46443,46642,2023-06-13T06:00:00+00:00,2023-06-23T23:00:00+00:00,,,,,,,,,,,,,No rule-based candidate at this daily endpoint,rule_candidate,pending
cup_and_handle__2023-06-26__0046665,cup_and_handle,1,forming,bullish,0.54,64.0,cup_and_handle/images/forming/2023/06/cup_and_handle__2023-06-26__0046665.png,,2023-06-26,46466,46665,2023-06-14T06:00:00+00:00,2023-06-26T23:00:00+00:00,46602.0,46665.0,2023-06-22T06:00:00+00:00,2023-06-26T23:00:00+00:00,,,1929.0988888888887,1909.3794642857144,1968.5377380952373,2.0,1929.0988888888887,3.642142857142858,Cup and handle rounded base with shallow handle,rule_candidate,pending
cup_and_handle__2023-06-27__0046688,cup_and_handle,0,no_pattern,neutral,0.0,,cup_and_handle/images/no_pattern/2023/06/cup_and_handle__2023-06-27__0046688.png,,2023-06-27,46489,46688,2023-06-15T06:00:00+00:00,2023-06-27T23:00:00+00:00,,,,,,,,,,,,,No rule-based candidate at this daily endpoint,rule_candidate,pending
cup_and_handle__2023-06-28__0046711,cup_and_handle,0,no_pattern,neutral,0.0,,cup_and_handle/images/no_pattern/2023/06/cup_and_handle__2023-06-28__0046711.png,,2023-06-28,46512,46711,2023-06-16T06:00:00+00:00,2023-06-28T23:00:00+00:00,,,,,,,,,,,,,No rule-based candidate at this daily endpoint,rule_candidate,pending
cup_and_handle__2023-06-29__0046734,cup_and_handle,0,no_pattern,neutral,0.0,,cup_and_handle/images/no_pattern/2023/06/cup_and_handle__2023-06-29__0046734.png,,2023-06-29,46535,46734,2023-06-19T06:00:00+00:00,2023-06-29T23:00:00+00:00,,,,,,,,,,,,,No rule-based candidate at this daily endpoint,rule_candidate,pending
cup_and_handle__2023-06-30__0046757,cup_and_handle,0,no_pattern,neutral,0.0,,cup_and_handle/images/no_pattern/2023/06/cup_and_handle__2023-06-30__0046757.png,,2023-06-30,46558,46757,2023-06-20T08:00:00+00:00,2023-06-30T23:00:00+00:00,,,,,,,,,,,,,No rule-based candidate at this daily endpoint,rule_candidate,pending
cup_and_handle__2023-07-03__0046780,cup_and_handle,0,no_pattern,neutral,0.0,,cup_and_handle/images/no_pattern/2023/07/cup_and_handle__2023-07-03__0046780.png,,2023-07-03,46581,46780,2023-06-21T08:00:00+00:00,2023-07-03T23:00:00+00:00,,,,,,,,,,,,,No rule-based candidate at this daily endpoint,rule_candidate,pending
cup_and_handle__2023-07-04__0046801,cup_and_handle,0,no_pattern,neutral,0.0,,cup_and_handle/images/no_pattern/2023/07/cup_and_handle__2023-07-04__0046801.png,,2023-07-04,46602,46801,2023-06-22T06:00:00+00:00,2023-07-04T21:00:00+00:00,,,,,,,,,,,,,No rule-based candidate at this daily endpoint,rule_candidate,pending
cup_and_handle__2023-07-05__0046824,cup_and_handle,0,no_pattern,neutral,0.0,,cup_and_handle/images/no_pattern/2023/07/cup_and_handle__2023-07-05__0046824.png,,2023-07-05,46625,46824,2023-06-23T06:00:00+00:00,2023-07-05T23:00:00+00:00,,,,,,,,,,,,,No rule-based candidate at this daily endpoint,rule_candidate,pending
cup_and_handle__2023-07-06__0046847,cup_and_handle,0,no_pattern,neutral,0.0,,cup_and_handle/images/no_pattern/2023/07/cup_and_handle__2023-07-06__0046847.png,,2023-07-06,46648,46847,2023-06-26T06:00:00+00:00,2023-07-06T23:00:00+00:00,,,,,,,,,,,,,No rule-based candidate at this daily endpoint,rule_candidate,pending
cup_and_handle__2023-07-07__0046870,cup_and_handle,0,no_pattern,neutral,0.0,,cup_and_handle/images/no_pattern/2023/07/cup_and_handle__2023-07-07__0046870.png,,2023-07-07,46671,46870,2023-06-27T06:00:00+00:00,2023-07-07T23:00:00+00:00,,,,,,,,,,,,,No rule-based candidate at this daily endpoint,rule_candidate,pending
cup_and_handle__2023-07-10__0046893,cup_and_handle,0,no_pattern,neutral,0.0,,cup_and_handle/images/no_pattern/2023/07/cup_and_handle__2023-07-10__0046893.png,,2023-07-10,46694,46893,2023-06-28T06:00:00+00:00,2023-07-10T23:00:00+00:00,,,,,,,,,,,,,No rule-based candidate at this daily endpoint,rule_candidate,pending
cup_and_handle__2023-07-11__0046916,cup_and_handle,0,no_pattern,neutral,0.0,,cup_and_handle/images/no_pattern/2023/07/cup_and_handle__2023-07-11__0046916.png,,2023-07-11,46717,46916,2023-06-29T06:00:00+00:00,2023-07-11T23:00:00+00:00,,,,,,,,,,,,,No rule-based candidate at this daily endpoint,rule_candidate,pending
cup_and_handle__2023-07-12__0046939,cup_and_handle,0,no_pattern,neutral,0.0,,cup_and_handle/images/no_pattern/2023/07/cup_and_handle__2023-07-12__0046939.png,,2023-07-12,46740,46939,2023-06-30T06:00:00+00:00,2023-07-12T23:00:00+00:00,,,,,,,,,,,,,No rule-based candidate at this daily endpoint,rule_candidate,pending
cup_and_handle__2023-07-13__0046962,cup_and_handle,0,no_pattern,neutral,0.0,,cup_and_handle/images/no_pattern/2023/07/cup_and_handle__2023-07-13__0046962.png,,2023-07-13,46763,46962,2023-07-03T06:00:00+00:00,2023-07-13T23:00:00+00:00,,,,,,,,,,,,,No rule-based candidate at this daily endpoint,rule_candidate,pending
cup_and_handle__2023-07-14__0046985,cup_and_handle,0,no_pattern,neutral,0.0,,cup_and_handle/images/no_pattern/2023/07/cup_and_handle__2023-07-14__0046985.png,,2023-07-14,46786,46985,2023-07-04T06:00:00+00:00,2023-07-14T23:00:00+00:00,,,,,,,,,,,,,No rule-based candidate at this daily endpoint,rule_candidate,pending
cup_and_handle__2023-07-17__0047008,cup_and_handle,0,no_pattern,neutral,0.0,,cup_and_handle/images/no_pattern/2023/07/cup_and_handle__2023-07-17__0047008.png,,2023-07-17,46809,47008,2023-07-05T08:00:00+00:00,2023-07-17T23:00:00+00:00,,,,,,,,,,,,,No rule-based candidate at this daily endpoint,rule_candidate,pending
cup_and_handle__2023-07-18__0047031,cup_and_handle,0,no_pattern,neutral,0.0,,cup_and_handle/images/no_pattern/2023/07/cup_and_handle__2023-07-18__0047031.png,,2023-07-18,46832,47031,2023-07-06T08:00:00+00:00,2023-07-18T23:00:00+00:00,,,,,,,,,,,,,No rule-based candidate at this daily endpoint,rule_candidate,pending
cup_and_handle__2023-07-19__0047054,cup_and_handle,1,forming,bullish,0.54,80.0,cup_and_handle/images/forming/2023/07/cup_and_handle__2023-07-19__0047054.png,,2023-07-19,46855,47054,2023-07-07T08:00:00+00:00,2023-07-19T23:00:00+00:00,46975.0,47054.0,2023-07-14T13:00:00+00:00,2023-07-19T23:00:00+00:00,,,1976.806666666667,1947.5294642857143,2035.3610714285728,2.0,1976.806666666667,3.7621428571428623,Cup and handle rounded base with shallow handle,rule_candidate,pending
cup_and_handle__2023-07-20__0047077,cup_and_handle,0,no_pattern,neutral,0.0,,cup_and_handle/images/no_pattern/2023/07/cup_and_handle__2023-07-20__0047077.png,,2023-07-20,46878,47077,2023-07-10T08:00:00+00:00,2023-07-20T23:00:00+00:00,,,,,,,,,,,,,No rule-based candidate at this daily endpoint,rule_candidate,pending
cup_and_handle__2023-07-21__0047100,cup_and_handle,0,no_pattern,neutral,0.0,,cup_and_handle/images/no_pattern/2023/07/cup_and_handle__2023-07-21__0047100.png,,2023-07-21,46901,47100,2023-07-11T08:00:00+00:00,2023-07-21T23:00:00+00:00,,,,,,,,,,,,,No rule-based candidate at this daily endpoint,rule_candidate,pending
cup_and_handle__2023-07-24__0047123,cup_and_handle,0,no_pattern,neutral,0.0,,cup_and_handle/images/no_pattern/2023/07/cup_and_handle__2023-07-24__0047123.png,,2023-07-24,46924,47123,2023-07-12T08:00:00+00:00,2023-07-24T23:00:00+00:00,,,,,,,,,,,,,No rule-based candidate at this daily endpoint,rule_candidate,pending
cup_and_handle__2023-07-25__0047146,cup_and_handle,0,no_pattern,neutral,0.0,,cup_and_handle/images/no_pattern/2023/07/cup_and_handle__2023-07-25__0047146.png,,2023-07-25,46947,47146,2023-07-13T08:00:00+00:00,2023-07-25T23:00:00+00:00,,,,,,,,,,,,,No rule-based candidate at this daily endpoint,rule_candidate,pending
cup_and_handle__2023-07-26__0047169,cup_and_handle,0,no_pattern,neutral,0.0,,cup_and_handle/images/no_pattern/2023/07/cup_and_handle__2023-07-26__0047169.png,,2023-07-26,46970,47169,2023-07-14T08:00:00+00:00,2023-07-26T23:00:00+00:00,,,,,,,,,,,,,No rule-based candidate at this daily endpoint,rule_candidate,pending
cup_and_handle__2023-07-27__0047192,cup_and_handle,0,no_pattern,neutral,0.0,,cup_and_handle/images/no_pattern/2023/07/cup_and_handle__2023-07-27__0047192.png,,2023-07-27,46993,47192,2023-07-17T08:00:00+00:00,2023-07-27T23:00:00+00:00,,,,,,,,,,,,,No rule-based candidate at this daily endpoint,rule_candidate,pending
cup_and_handle__2023-07-28__0047215,cup_and_handle,0,no_pattern,neutral,0.0,,cup_and_handle/images/no_pattern/2023/07/cup_and_handle__2023-07-28__0047215.png,,2023-07-28,47016,47215,2023-07-18T08:00:00+00:00,2023-07-28T23:00:00+00:00,,,,,,,,,,,,,No rule-based candidate at this daily endpoint,rule_candidate,pending
cup_and_handle__2023-07-31__0047238,cup_and_handle,0,no_pattern,neutral,0.0,,cup_and_handle/images/no_pattern/2023/07/cup_and_handle__2023-07-31__0047238.png,,2023-07-31,47039,47238,2023-07-19T08:00:00+00:00,2023-07-31T23:00:00+00:00,,,,,,,,,,,,,No rule-based candidate at this daily endpoint,rule_candidate,pending
cup_and_handle__2023-08-01__0047261,cup_and_handle,0,no_pattern,neutral,0.0,,cup_and_handle/images/no_pattern/2023/08/cup_and_handle__2023-08-01__0047261.png,,2023-08-01,47062,47261,2023-07-20T08:00:00+00:00,2023-08-01T23:00:00+00:00,,,,,,,,,,,,,No rule-based candidate at this daily endpoint,rule_candidate,pending
cup_and_handle__2023-08-02__0047284,cup_and_handle,0,no_pattern,neutral,0.0,,cup_and_handle/images/no_pattern/2023/08/cup_and_handle__2023-08-02__0047284.png,,2023-08-02,47085,47284,2023-07-21T08:00:00+00:00,2023-08-02T23:00:00+00:00,,,,,,,,,,,,,No rule-based candidate at this daily endpoint,rule_candidate,pending
cup_and_handle__2023-08-03__0047307,cup_and_handle,0,no_pattern,neutral,0.0,,cup_and_handle/images/no_pattern/2023/08/cup_and_handle__2023-08-03__0047307.png,,2023-08-03,47108,47307,2023-07-24T08:00:00+00:00,2023-08-03T23:00:00+00:00,,,,,,,,,,,,,No rule-based candidate at this daily endpoint,rule_candidate,pending
cup_and_handle__2023-08-04__0047330,cup_and_handle,0,no_pattern,neutral,0.0,,cup_and_handle/images/no_pattern/2023/08/cup_and_handle__2023-08-04__0047330.png,,2023-08-04,47131,47330,2023-07-25T08:00:00+00:00,2023-08-04T23:00:00+00:00,,,,,,,,,,,,,No rule-based candidate at this daily endpoint,rule_candidate,pending
cup_and_handle__2023-08-07__0047353,cup_and_handle,0,no_pattern,neutral,0.0,,cup_and_handle/images/no_pattern/2023/08/cup_and_handle__2023-08-07__0047353.png,,2023-08-07,47154,47353,2023-07-26T08:00:00+00:00,2023-08-07T23:00:00+00:00,,,,,,,,,,,,,No rule-based candidate at this daily endpoint,rule_candidate,pending
cup_and_handle__2023-08-08__0047376,cup_and_handle,0,no_pattern,neutral,0.0,,cup_and_handle/images/no_pattern/2023/08/cup_and_handle__2023-08-08__0047376.png,,2023-08-08,47177,47376,2023-07-27T08:00:00+00:00,2023-08-08T23:00:00+00:00,,,,,,,,,,,,,No rule-based candidate at this daily endpoint,rule_candidate,pending
cup_and_handle__2023-08-09__0047399,cup_and_handle,0,no_pattern,neutral,0.0,,cup_and_handle/images/no_pattern/2023/08/cup_and_handle__2023-08-09__0047399.png,,2023-08-09,47200,47399,2023-07-28T08:00:00+00:00,2023-08-09T23:00:00+00:00,,,,,,,,,,,,,No rule-based candidate at this daily endpoint,rule_candidate,pending
cup_and_handle__2023-08-10__0047422,cup_and_handle,0,no_pattern,neutral,0.0,,cup_and_handle/images/no_pattern/2023/08/cup_and_handle__2023-08-10__0047422.png,,2023-08-10,47223,47422,2023-07-31T08:00:00+00:00,2023-08-10T23:00:00+00:00,,,,,,,,,,,,,No rule-based candidate at this daily endpoint,rule_candidate,pending
cup_and_handle__2023-08-11__0047445,cup_and_handle,0,no_pattern,neutral,0.0,,cup_and_handle/images/no_pattern/2023/08/cup_and_handle__2023-08-11__0047445.png,,2023-08-11,47246,47445,2023-08-01T08:00:00+00:00,2023-08-11T23:00:00+00:00,,,,,,,,,,,,,No rule-based candidate at this daily endpoint,rule_candidate,pending
cup_and_handle__2023-08-14__0047468,cup_and_handle,0,no_pattern,neutral,0.0,,cup_and_handle/images/no_pattern/2023/08/cup_and_handle__2023-08-14__0047468.png,,2023-08-14,47269,47468,2023-08-02T08:00:00+00:00,2023-08-14T23:00:00+00:00,,,,,,,,,,,,,No rule-based candidate at this daily endpoint,rule_candidate,pending
cup_and_handle__2023-08-15__0047491,cup_and_handle,0,no_pattern,neutral,0.0,,cup_and_handle/images/no_pattern/2023/08/cup_and_handle__2023-08-15__0047491.png,,2023-08-15,47292,47491,2023-08-03T08:00:00+00:00,2023-08-15T23:00:00+00:00,,,,,,,,,,,,,No rule-based candidate at this daily endpoint,rule_candidate,pending
cup_and_handle__2023-08-16__0047514,cup_and_handle,0,no_pattern,neutral,0.0,,cup_and_handle/images/no_pattern/2023/08/cup_and_handle__2023-08-16__0047514.png,,2023-08-16,47315,47514,2023-08-04T08:00:00+00:00,2023-08-16T23:00:00+00:00,,,,,,,,,,,,,No rule-based candidate at this daily endpoint,rule_candidate,pending
cup_and_handle__2023-08-17__0047537,cup_and_handle,0,no_pattern,neutral,0.0,,cup_and_handle/images/no_pattern/2023/08/cup_and_handle__2023-08-17__0047537.png,,2023-08-17,47338,47537,2023-08-07T08:00:00+00:00,2023-08-17T23:00:00+00:00,,,,,,,,,,,,,No rule-based candidate at this daily endpoint,rule_candidate,pending
cup_and_handle__2023-08-18__0047560,cup_and_handle,0,no_pattern,neutral,0.0,,cup_and_handle/images/no_pattern/2023/08/cup_and_handle__2023-08-18__0047560.png,,2023-08-18,47361,47560,2023-08-08T08:00:00+00:00,2023-08-18T23:00:00+00:00,,,,,,,,,,,,,No rule-based candidate at this daily endpoint,rule_candidate,pending
cup_and_handle__2023-08-21__0047583,cup_and_handle,0,no_pattern,neutral,0.0,,cup_and_handle/images/no_pattern/2023/08/cup_and_handle__2023-08-21__0047583.png,,2023-08-21,47384,47583,2023-08-09T08:00:00+00:00,2023-08-21T23:00:00+00:00,,,,,,,,,,,,,No rule-based candidate at this daily endpoint,rule_candidate,pending
cup_and_handle__2023-08-22__0047606,cup_and_handle,0,no_pattern,neutral,0.0,,cup_and_handle/images/no_pattern/2023/08/cup_and_handle__2023-08-22__0047606.png,,2023-08-22,47407,47606,2023-08-10T08:00:00+00:00,2023-08-22T23:00:00+00:00,,,,,,,,,,,,,No rule-based candidate at this daily endpoint,rule_candidate,pending
cup_and_handle__2023-08-23__0047629,cup_and_handle,0,no_pattern,neutral,0.0,,cup_and_handle/images/no_pattern/2023/08/cup_and_handle__2023-08-23__0047629.png,,2023-08-23,47430,47629,2023-08-11T08:00:00+00:00,2023-08-23T23:00:00+00:00,,,,,,,,,,,,,No rule-based candidate at this daily endpoint,rule_candidate,pending
cup_and_handle__2023-08-24__0047652,cup_and_handle,0,no_pattern,neutral,0.0,,cup_and_handle/images/no_pattern/2023/08/cup_and_handle__2023-08-24__0047652.png,,2023-08-24,47453,47652,2023-08-14T08:00:00+00:00,2023-08-24T23:00:00+00:00,,,,,,,,,,,,,No rule-based candidate at this daily endpoint,rule_candidate,pending
cup_and_handle__2023-08-25__0047675,cup_and_handle,0,no_pattern,neutral,0.0,,cup_and_handle/images/no_pattern/2023/08/cup_and_handle__2023-08-25__0047675.png,,2023-08-25,47476,47675,2023-08-15T08:00:00+00:00,2023-08-25T23:00:00+00:00,,,,,,,,,,,,,No rule-based candidate at this daily endpoint,rule_candidate,pending
cup_and_handle__2023-08-28__0047698,cup_and_handle,0,no_pattern,neutral,0.0,,cup_and_handle/images/no_pattern/2023/08/cup_and_handle__2023-08-28__0047698.png,,2023-08-28,47499,47698,2023-08-16T08:00:00+00:00,2023-08-28T23:00:00+00:00,,,,,,,,,,,,,No rule-based candidate at this daily endpoint,rule_candidate,pending
cup_and_handle__2023-08-29__0047721,cup_and_handle,0,no_pattern,neutral,0.0,,cup_and_handle/images/no_pattern/2023/08/cup_and_handle__2023-08-29__0047721.png,,2023-08-29,47522,47721,2023-08-17T08:00:00+00:00,2023-08-29T23:00:00+00:00,,,,,,,,,,,,,No rule-based candidate at this daily endpoint,rule_candidate,pending
cup_and_handle__2023-08-30__0047744,cup_and_handle,0,no_pattern,neutral,0.0,,cup_and_handle/images/no_pattern/2023/08/cup_and_handle__2023-08-30__0047744.png,,2023-08-30,47545,47744,2023-08-18T08:00:00+00:00,2023-08-30T23:00:00+00:00,,,,,,,,,,,,,No rule-based candidate at this daily endpoint,rule_candidate,pending
cup_and_handle__2023-08-31__0047767,cup_and_handle,0,no_pattern,neutral,0.0,,cup_and_handle/images/no_pattern/2023/08/cup_and_handle__2023-08-31__0047767.png,,2023-08-31,47568,47767,2023-08-21T08:00:00+00:00,2023-08-31T23:00:00+00:00,,,,,,,,,,,,,No rule-based candidate at this daily endpoint,rule_candidate,pending
cup_and_handle__2023-09-01__0047790,cup_and_handle,0,no_pattern,neutral,0.0,,cup_and_handle/images/no_pattern/2023/09/cup_and_handle__2023-09-01__0047790.png,,2023-09-01,47591,47790,2023-08-22T08:00:00+00:00,2023-09-01T23:00:00+00:00,,,,,,,,,,,,,No rule-based candidate at this daily endpoint,rule_candidate,pending
cup_and_handle__2023-09-04__0047811,cup_and_handle,0,no_pattern,neutral,0.0,,cup_and_handle/images/no_pattern/2023/09/cup_and_handle__2023-09-04__0047811.png,,2023-09-04,47612,47811,2023-08-23T06:00:00+00:00,2023-09-04T21:00:00+00:00,,,,,,,,,,,,,No rule-based candidate at this daily endpoint,rule_candidate,pending
cup_and_handle__2023-09-05__0047834,cup_and_handle,0,no_pattern,neutral,0.0,,cup_and_handle/images/no_pattern/2023/09/cup_and_handle__2023-09-05__0047834.png,,2023-09-05,47635,47834,2023-08-24T06:00:00+00:00,2023-09-05T23:00:00+00:00,,,,,,,,,,,,,No rule-based candidate at this daily endpoint,rule_candidate,pending
cup_and_handle__2023-09-06__0047857,cup_and_handle,0,no_pattern,neutral,0.0,,cup_and_handle/images/no_pattern/2023/09/cup_and_handle__2023-09-06__0047857.png,,2023-09-06,47658,47857,2023-08-25T06:00:00+00:00,2023-09-06T23:00:00+00:00,,,,,,,,,,,,,No rule-based candidate at this daily endpoint,rule_candidate,pending
cup_and_handle__2023-09-07__0047880,cup_and_handle,0,no_pattern,neutral,0.0,,cup_and_handle/images/no_pattern/2023/09/cup_and_handle__2023-09-07__0047880.png,,2023-09-07,47681,47880,2023-08-28T06:00:00+00:00,2023-09-07T23:00:00+00:00,,,,,,,,,,,,,No rule-based candidate at this daily endpoint,rule_candidate,pending
cup_and_handle__2023-09-08__0047903,cup_and_handle,0,no_pattern,neutral,0.0,,cup_and_handle/images/no_pattern/2023/09/cup_and_handle__2023-09-08__0047903.png,,2023-09-08,47704,47903,2023-08-29T06:00:00+00:00,2023-09-08T23:00:00+00:00,,,,,,,,,,,,,No rule-based candidate at this daily endpoint,rule_candidate,pending
cup_and_handle__2023-09-11__0047926,cup_and_handle,0,no_pattern,neutral,0.0,,cup_and_handle/images/no_pattern/2023/09/cup_and_handle__2023-09-11__0047926.png,,2023-09-11,47727,47926,2023-08-30T06:00:00+00:00,2023-09-11T23:00:00+00:00,,,,,,,,,,,,,No rule-based candidate at this daily endpoint,rule_candidate,pending
cup_and_handle__2023-09-12__0047949,cup_and_handle,0,no_pattern,neutral,0.0,,cup_and_handle/images/no_pattern/2023/09/cup_and_handle__2023-09-12__0047949.png,,2023-09-12,47750,47949,2023-08-31T06:00:00+00:00,2023-09-12T23:00:00+00:00,,,,,,,,,,,,,No rule-based candidate at this daily endpoint,rule_candidate,pending
cup_and_handle__2023-09-13__0047972,cup_and_handle,0,no_pattern,neutral,0.0,,cup_and_handle/images/no_pattern/2023/09/cup_and_handle__2023-09-13__0047972.png,,2023-09-13,47773,47972,2023-09-01T06:00:00+00:00,2023-09-13T23:00:00+00:00,,,,,,,,,,,,,No rule-based candidate at this daily endpoint,rule_candidate,pending
cup_and_handle__2023-09-14__0047995,cup_and_handle,0,no_pattern,neutral,0.0,,cup_and_handle/images/no_pattern/2023/09/cup_and_handle__2023-09-14__0047995.png,,2023-09-14,47796,47995,2023-09-04T06:00:00+00:00,2023-09-14T23:00:00+00:00,,,,,,,,,,,,,No rule-based candidate at this daily endpoint,rule_candidate,pending
cup_and_handle__2023-09-15__0048018,cup_and_handle,0,no_pattern,neutral,0.0,,cup_and_handle/images/no_pattern/2023/09/cup_and_handle__2023-09-15__0048018.png,,2023-09-15,47819,48018,2023-09-05T08:00:00+00:00,2023-09-15T23:00:00+00:00,,,,,,,,,,,,,No rule-based candidate at this daily endpoint,rule_candidate,pending
cup_and_handle__2023-09-18__0048041,cup_and_handle,0,no_pattern,neutral,0.0,,cup_and_handle/images/no_pattern/2023/09/cup_and_handle__2023-09-18__0048041.png,,2023-09-18,47842,48041,2023-09-06T08:00:00+00:00,2023-09-18T23:00:00+00:00,,,,,,,,,,,,,No rule-based candidate at this daily endpoint,rule_candidate,pending
cup_and_handle__2023-09-19__0048064,cup_and_handle,0,no_pattern,neutral,0.0,,cup_and_handle/images/no_pattern/2023/09/cup_and_handle__2023-09-19__0048064.png,,2023-09-19,47865,48064,2023-09-07T08:00:00+00:00,2023-09-19T23:00:00+00:00,,,,,,,,,,,,,No rule-based candidate at this daily endpoint,rule_candidate,pending
cup_and_handle__2023-09-20__0048087,cup_and_handle,0,no_pattern,neutral,0.0,,cup_and_handle/images/no_pattern/2023/09/cup_and_handle__2023-09-20__0048087.png,,2023-09-20,47888,48087,2023-09-08T08:00:00+00:00,2023-09-20T23:00:00+00:00,,,,,,,,,,,,,No rule-based candidate at this daily endpoint,rule_candidate,pending
cup_and_handle__2023-09-21__0048110,cup_and_handle,0,no_pattern,neutral,0.0,,cup_and_handle/images/no_pattern/2023/09/cup_and_handle__2023-09-21__0048110.png,,2023-09-21,47911,48110,2023-09-11T08:00:00+00:00,2023-09-21T23:00:00+00:00,,,,,,,,,,,,,No rule-based candidate at this daily endpoint,rule_candidate,pending
cup_and_handle__2023-09-22__0048133,cup_and_handle,1,forming,bullish,0.54,48.0,cup_and_handle/images/forming/2023/09/cup_and_handle__2023-09-22__0048133.png,,2023-09-22,47934,48133,2023-09-12T08:00:00+00:00,2023-09-22T23:00:00+00:00,48086.0,48133.0,2023-09-20T22:00:00+00:00,2023-09-22T23:00:00+00:00,,,1928.787142857143,1915.7071428571428,1954.9471428571435,2.0,1928.787142857143,2.3714285714285745,Cup and handle rounded base with shallow handle,rule_candidate,pending
cup_and_handle__2023-09-25__0048156,cup_and_handle,0,no_pattern,neutral,0.0,,cup_and_handle/images/no_pattern/2023/09/cup_and_handle__2023-09-25__0048156.png,,2023-09-25,47957,48156,2023-09-13T08:00:00+00:00,2023-09-25T23:00:00+00:00,,,,,,,,,,,,,No rule-based candidate at this daily endpoint,rule_candidate,pending
cup_and_handle__2023-09-26__0048179,cup_and_handle,0,no_pattern,neutral,0.0,,cup_and_handle/images/no_pattern/2023/09/cup_and_handle__2023-09-26__0048179.png,,2023-09-26,47980,48179,2023-09-14T08:00:00+00:00,2023-09-26T23:00:00+00:00,,,,,,,,,,,,,No rule-based candidate at this daily endpoint,rule_candidate,pending
cup_and_handle__2023-09-27__0048202,cup_and_handle,0,no_pattern,neutral,0.0,,cup_and_handle/images/no_pattern/2023/09/cup_and_handle__2023-09-27__0048202.png,,2023-09-27,48003,48202,2023-09-15T08:00:00+00:00,2023-09-27T23:00:00+00:00,,,,,,,,,,,,,No rule-based candidate at this daily endpoint,rule_candidate,pending
cup_and_handle__2023-09-28__0048225,cup_and_handle,0,no_pattern,neutral,0.0,,cup_and_handle/images/no_pattern/2023/09/cup_and_handle__2023-09-28__0048225.png,,2023-09-28,48026,48225,2023-09-18T08:00:00+00:00,2023-09-28T23:00:00+00:00,,,,,,,,,,,,,No rule-based candidate at this daily endpoint,rule_candidate,pending
cup_and_handle__2023-09-29__0048248,cup_and_handle,0,no_pattern,neutral,0.0,,cup_and_handle/images/no_pattern/2023/09/cup_and_handle__2023-09-29__0048248.png,,2023-09-29,48049,48248,2023-09-19T08:00:00+00:00,2023-09-29T23:00:00+00:00,,,,,,,,,,,,,No rule-based candidate at this daily endpoint,rule_candidate,pending
cup_and_handle__2023-10-02__0048271,cup_and_handle,0,no_pattern,neutral,0.0,,cup_and_handle/images/no_pattern/2023/10/cup_and_handle__2023-10-02__0048271.png,,2023-10-02,48072,48271,2023-09-20T08:00:00+00:00,2023-10-02T23:00:00+00:00,,,,,,,,,,,,,No rule-based candidate at this daily endpoint,rule_candidate,pending
cup_and_handle__2023-10-03__0048294,cup_and_handle,0,no_pattern,neutral,0.0,,cup_and_handle/images/no_pattern/2023/10/cup_and_handle__2023-10-03__0048294.png,,2023-10-03,48095,48294,2023-09-21T08:00:00+00:00,2023-10-03T23:00:00+00:00,,,,,,,,,,,,,No rule-based candidate at this daily endpoint,rule_candidate,pending
cup_and_handle__2023-10-04__0048317,cup_and_handle,0,no_pattern,neutral,0.0,,cup_and_handle/images/no_pattern/2023/10/cup_and_handle__2023-10-04__0048317.png,,2023-10-04,48118,48317,2023-09-22T08:00:00+00:00,2023-10-04T23:00:00+00:00,,,,,,,,,,,,,No rule-based candidate at this daily endpoint,rule_candidate,pending
cup_and_handle__2023-10-05__0048340,cup_and_handle,0,no_pattern,neutral,0.0,,cup_and_handle/images/no_pattern/2023/10/cup_and_handle__2023-10-05__0048340.png,,2023-10-05,48141,48340,2023-09-25T08:00:00+00:00,2023-10-05T23:00:00+00:00,,,,,,,,,,,,,No rule-based candidate at this daily endpoint,rule_candidate,pending
cup_and_handle__2023-10-06__0048363,cup_and_handle,0,no_pattern,neutral,0.0,,cup_and_handle/images/no_pattern/2023/10/cup_and_handle__2023-10-06__0048363.png,,2023-10-06,48164,48363,2023-09-26T08:00:00+00:00,2023-10-06T23:00:00+00:00,,,,,,,,,,,,,No rule-based candidate at this daily endpoint,rule_candidate,pending
cup_and_handle__2023-10-09__0048386,cup_and_handle,0,no_pattern,neutral,0.0,,cup_and_handle/images/no_pattern/2023/10/cup_and_handle__2023-10-09__0048386.png,,2023-10-09,48187,48386,2023-09-27T08:00:00+00:00,2023-10-09T23:00:00+00:00,,,,,,,,,,,,,No rule-based candidate at this daily endpoint,rule_candidate,pending
cup_and_handle__2023-10-10__0048409,cup_and_handle,0,no_pattern,neutral,0.0,,cup_and_handle/images/no_pattern/2023/10/cup_and_handle__2023-10-10__0048409.png,,2023-10-10,48210,48409,2023-09-28T08:00:00+00:00,2023-10-10T23:00:00+00:00,,,,,,,,,,,,,No rule-based candidate at this daily endpoint,rule_candidate,pending
cup_and_handle__2023-10-11__0048432,cup_and_handle,0,no_pattern,neutral,0.0,,cup_and_handle/images/no_pattern/2023/10/cup_and_handle__2023-10-11__0048432.png,,2023-10-11,48233,48432,2023-09-29T08:00:00+00:00,2023-10-11T23:00:00+00:00,,,,,,,,,,,,,No rule-based candidate at this daily endpoint,rule_candidate,pending
cup_and_handle__2023-10-12__0048455,cup_and_handle,0,no_pattern,neutral,0.0,,cup_and_handle/images/no_pattern/2023/10/cup_and_handle__2023-10-12__0048455.png,,2023-10-12,48256,48455,2023-10-02T08:00:00+00:00,2023-10-12T23:00:00+00:00,,,,,,,,,,,,,No rule-based candidate at this daily endpoint,rule_candidate,pending
cup_and_handle__2023-10-13__0048478,cup_and_handle,0,no_pattern,neutral,0.0,,cup_and_handle/images/no_pattern/2023/10/cup_and_handle__2023-10-13__0048478.png,,2023-10-13,48279,48478,2023-10-03T08:00:00+00:00,2023-10-13T23:00:00+00:00,,,,,,,,,,,,,No rule-based candidate at this daily endpoint,rule_candidate,pending
cup_and_handle__2023-10-16__0048501,cup_and_handle,0,no_pattern,neutral,0.0,,cup_and_handle/images/no_pattern/2023/10/cup_and_handle__2023-10-16__0048501.png,,2023-10-16,48302,48501,2023-10-04T08:00:00+00:00,2023-10-16T23:00:00+00:00,,,,,,,,,,,,,No rule-based candidate at this daily endpoint,rule_candidate,pending
cup_and_handle__2023-10-17__0048524,cup_and_handle,0,no_pattern,neutral,0.0,,cup_and_handle/images/no_pattern/2023/10/cup_and_handle__2023-10-17__0048524.png,,2023-10-17,48325,48524,2023-10-05T08:00:00+00:00,2023-10-17T23:00:00+00:00,,,,,,,,,,,,,No rule-based candidate at this daily endpoint,rule_candidate,pending
cup_and_handle__2023-10-18__0048547,cup_and_handle,0,no_pattern,neutral,0.0,,cup_and_handle/images/no_pattern/2023/10/cup_and_handle__2023-10-18__0048547.png,,2023-10-18,48348,48547,2023-10-06T08:00:00+00:00,2023-10-18T23:00:00+00:00,,,,,,,,,,,,,No rule-based candidate at this daily endpoint,rule_candidate,pending
cup_and_handle__2023-10-19__0048570,cup_and_handle,0,no_pattern,neutral,0.0,,cup_and_handle/images/no_pattern/2023/10/cup_and_handle__2023-10-19__0048570.png,,2023-10-19,48371,48570,2023-10-09T08:00:00+00:00,2023-10-19T23:00:00+00:00,,,,,,,,,,,,,No rule-based candidate at this daily endpoint,rule_candidate,pending
cup_and_handle__2023-10-20__0048593,cup_and_handle,0,no_pattern,neutral,0.0,,cup_and_handle/images/no_pattern/2023/10/cup_and_handle__2023-10-20__0048593.png,,2023-10-20,48394,48593,2023-10-10T08:00:00+00:00,2023-10-20T23:00:00+00:00,,,,,,,,,,,,,No rule-based candidate at this daily endpoint,rule_candidate,pending
cup_and_handle__2023-10-23__0048616,cup_and_handle,0,no_pattern,neutral,0.0,,cup_and_handle/images/no_pattern/2023/10/cup_and_handle__2023-10-23__0048616.png,,2023-10-23,48417,48616,2023-10-11T08:00:00+00:00,2023-10-23T23:00:00+00:00,,,,,,,,,,,,,No rule-based candidate at this daily endpoint,rule_candidate,pending
cup_and_handle__2023-10-24__0048639,cup_and_handle,0,no_pattern,neutral,0.0,,cup_and_handle/images/no_pattern/2023/10/cup_and_handle__2023-10-24__0048639.png,,2023-10-24,48440,48639,2023-10-12T08:00:00+00:00,2023-10-24T23:00:00+00:00,,,,,,,,,,,,,No rule-based candidate at this daily endpoint,rule_candidate,pending
cup_and_handle__2023-10-25__0048662,cup_and_handle,0,no_pattern,neutral,0.0,,cup_and_handle/images/no_pattern/2023/10/cup_and_handle__2023-10-25__0048662.png,,2023-10-25,48463,48662,2023-10-13T08:00:00+00:00,2023-10-25T23:00:00+00:00,,,,,,,,,,,,,No rule-based candidate at this daily endpoint,rule_candidate,pending
cup_and_handle__2023-10-26__0048685,cup_and_handle,0,no_pattern,neutral,0.0,,cup_and_handle/images/no_pattern/2023/10/cup_and_handle__2023-10-26__0048685.png,,2023-10-26,48486,48685,2023-10-16T08:00:00+00:00,2023-10-26T23:00:00+00:00,,,,,,,,,,,,,No rule-based candidate at this daily endpoint,rule_candidate,pending
cup_and_handle__2023-10-27__0048708,cup_and_handle,0,no_pattern,neutral,0.0,,cup_and_handle/images/no_pattern/2023/10/cup_and_handle__2023-10-27__0048708.png,,2023-10-27,48509,48708,2023-10-17T08:00:00+00:00,2023-10-27T23:00:00+00:00,,,,,,,,,,,,,No rule-based candidate at this daily endpoint,rule_candidate,pending
cup_and_handle__2023-10-30__0048731,cup_and_handle,0,no_pattern,neutral,0.0,,cup_and_handle/images/no_pattern/2023/10/cup_and_handle__2023-10-30__0048731.png,,2023-10-30,48532,48731,2023-10-18T08:00:00+00:00,2023-10-30T22:00:00+00:00,,,,,,,,,,,,,No rule-based candidate at this daily endpoint,rule_candidate,pending
cup_and_handle__2023-10-31__0048754,cup_and_handle,0,no_pattern,neutral,0.0,,cup_and_handle/images/no_pattern/2023/10/cup_and_handle__2023-10-31__0048754.png,,2023-10-31,48555,48754,2023-10-19T08:00:00+00:00,2023-10-31T22:00:00+00:00,,,,,,,,,,,,,No rule-based candidate at this daily endpoint,rule_candidate,pending
cup_and_handle__2023-11-01__0048777,cup_and_handle,0,no_pattern,neutral,0.0,,cup_and_handle/images/no_pattern/2023/11/cup_and_handle__2023-11-01__0048777.png,,2023-11-01,48578,48777,2023-10-20T08:00:00+00:00,2023-11-01T22:00:00+00:00,,,,,,,,,,,,,No rule-based candidate at this daily endpoint,rule_candidate,pending
cup_and_handle__2023-11-02__0048800,cup_and_handle,0,no_pattern,neutral,0.0,,cup_and_handle/images/no_pattern/2023/11/cup_and_handle__2023-11-02__0048800.png,,2023-11-02,48601,48800,2023-10-23T08:00:00+00:00,2023-11-02T22:00:00+00:00,,,,,,,,,,,,,No rule-based candidate at this daily endpoint,rule_candidate,pending
cup_and_handle__2023-11-03__0048823,cup_and_handle,0,no_pattern,neutral,0.0,,cup_and_handle/images/no_pattern/2023/11/cup_and_handle__2023-11-03__0048823.png,,2023-11-03,48624,48823,2023-10-24T08:00:00+00:00,2023-11-03T22:00:00+00:00,,,,,,,,,,,,,No rule-based candidate at this daily endpoint,rule_candidate,pending
cup_and_handle__2023-11-06__0048846,cup_and_handle,0,no_pattern,neutral,0.0,,cup_and_handle/images/no_pattern/2023/11/cup_and_handle__2023-11-06__0048846.png,,2023-11-06,48647,48846,2023-10-25T08:00:00+00:00,2023-11-06T23:00:00+00:00,,,,,,,,,,,,,No rule-based candidate at this daily endpoint,rule_candidate,pending
cup_and_handle__2023-11-07__0048869,cup_and_handle,0,no_pattern,neutral,0.0,,cup_and_handle/images/no_pattern/2023/11/cup_and_handle__2023-11-07__0048869.png,,2023-11-07,48670,48869,2023-10-26T08:00:00+00:00,2023-11-07T23:00:00+00:00,,,,,,,,,,,,,No rule-based candidate at this daily endpoint,rule_candidate,pending
cup_and_handle__2023-11-08__0048892,cup_and_handle,0,no_pattern,neutral,0.0,,cup_and_handle/images/no_pattern/2023/11/cup_and_handle__2023-11-08__0048892.png,,2023-11-08,48693,48892,2023-10-27T08:00:00+00:00,2023-11-08T23:00:00+00:00,,,,,,,,,,,,,No rule-based candidate at this daily endpoint,rule_candidate,pending
cup_and_handle__2023-11-09__0048915,cup_and_handle,0,no_pattern,neutral,0.0,,cup_and_handle/images/no_pattern/2023/11/cup_and_handle__2023-11-09__0048915.png,,2023-11-09,48716,48915,2023-10-30T07:00:00+00:00,2023-11-09T23:00:00+00:00,,,,,,,,,,,,,No rule-based candidate at this daily endpoint,rule_candidate,pending
cup_and_handle__2023-11-10__0048938,cup_and_handle,0,no_pattern,neutral,0.0,,cup_and_handle/images/no_pattern/2023/11/cup_and_handle__2023-11-10__0048938.png,,2023-11-10,48739,48938,2023-10-31T07:00:00+00:00,2023-11-10T23:00:00+00:00,,,,,,,,,,,,,No rule-based candidate at this daily endpoint,rule_candidate,pending
cup_and_handle__2023-11-13__0048961,cup_and_handle,0,no_pattern,neutral,0.0,,cup_and_handle/images/no_pattern/2023/11/cup_and_handle__2023-11-13__0048961.png,,2023-11-13,48762,48961,2023-11-01T07:00:00+00:00,2023-11-13T23:00:00+00:00,,,,,,,,,,,,,No rule-based candidate at this daily endpoint,rule_candidate,pending
cup_and_handle__2023-11-14__0048984,cup_and_handle,0,no_pattern,neutral,0.0,,cup_and_handle/images/no_pattern/2023/11/cup_and_handle__2023-11-14__0048984.png,,2023-11-14,48785,48984,2023-11-02T07:00:00+00:00,2023-11-14T23:00:00+00:00,,,,,,,,,,,,,No rule-based candidate at this daily endpoint,rule_candidate,pending
cup_and_handle__2023-11-15__0049007,cup_and_handle,0,no_pattern,neutral,0.0,,cup_and_handle/images/no_pattern/2023/11/cup_and_handle__2023-11-15__0049007.png,,2023-11-15,48808,49007,2023-11-03T07:00:00+00:00,2023-11-15T23:00:00+00:00,,,,,,,,,,,,,No rule-based candidate at this daily endpoint,rule_candidate,pending
cup_and_handle__2023-11-16__0049030,cup_and_handle,0,no_pattern,neutral,0.0,,cup_and_handle/images/no_pattern/2023/11/cup_and_handle__2023-11-16__0049030.png,,2023-11-16,48831,49030,2023-11-06T08:00:00+00:00,2023-11-16T23:00:00+00:00,,,,,,,,,,,,,No rule-based candidate at this daily endpoint,rule_candidate,pending
cup_and_handle__2023-11-17__0049053,cup_and_handle,1,forming,bullish,0.54,64.0,cup_and_handle/images/forming/2023/11/cup_and_handle__2023-11-17__0049053.png,,2023-11-17,48854,49053,2023-11-07T08:00:00+00:00,2023-11-17T23:00:00+00:00,48990.0,49053.0,2023-11-15T06:00:00+00:00,2023-11-17T23:00:00+00:00,,,1983.835555555556,1956.3475,2038.8116666666672,2.0,1983.835555555556,3.890000000000051,Cup and handle rounded base with shallow handle,rule_candidate,pending
cup_and_handle__2023-11-20__0049076,cup_and_handle,0,no_pattern,neutral,0.0,,cup_and_handle/images/no_pattern/2023/11/cup_and_handle__2023-11-20__0049076.png,,2023-11-20,48877,49076,2023-11-08T08:00:00+00:00,2023-11-20T23:00:00+00:00,,,,,,,,,,,,,No rule-based candidate at this daily endpoint,rule_candidate,pending
cup_and_handle__2023-11-21__0049099,cup_and_handle,0,no_pattern,neutral,0.0,,cup_and_handle/images/no_pattern/2023/11/cup_and_handle__2023-11-21__0049099.png,,2023-11-21,48900,49099,2023-11-09T08:00:00+00:00,2023-11-21T23:00:00+00:00,,,,,,,,,,,,,No rule-based candidate at this daily endpoint,rule_candidate,pending
cup_and_handle__2023-11-22__0049122,cup_and_handle,0,no_pattern,neutral,0.0,,cup_and_handle/images/no_pattern/2023/11/cup_and_handle__2023-11-22__0049122.png,,2023-11-22,48923,49122,2023-11-10T08:00:00+00:00,2023-11-22T23:00:00+00:00,,,,,,,,,,,,,No rule-based candidate at this daily endpoint,rule_candidate,pending
cup_and_handle__2023-11-23__0049143,cup_and_handle,1,forming,bullish,0.54,120.0,cup_and_handle/images/forming/2023/11/cup_and_handle__2023-11-23__0049143.png,,2023-11-23,48944,49143,2023-11-13T06:00:00+00:00,2023-11-23T21:00:00+00:00,49024.0,49143.0,2023-11-16T17:00:00+00:00,2023-11-23T21:00:00+00:00,,,1999.3488888888887,1967.609821428572,2062.827023809524,2.0,1999.3488888888887,2.280714285714274,Cup and handle rounded base with shallow handle,rule_candidate,pending
cup_and_handle__2023-11-24__0049163,cup_and_handle,0,no_pattern,neutral,0.0,,cup_and_handle/images/no_pattern/2023/11/cup_and_handle__2023-11-24__0049163.png,,2023-11-24,48964,49163,2023-11-14T03:00:00+00:00,2023-11-24T20:00:00+00:00,,,,,,,,,,,,,No rule-based candidate at this daily endpoint,rule_candidate,pending
cup_and_handle__2023-11-27__0049186,cup_and_handle,1,confirmed,bullish,0.66,64.0,cup_and_handle/images/confirmed/2023/11/cup_and_handle__2023-11-27__0049186.png,,2023-11-27,48987,49186,2023-11-15T03:00:00+00:00,2023-11-27T23:00:00+00:00,49123.0,49186.0,2023-11-23T01:00:00+00:00,2023-11-27T23:00:00+00:00,49186.0,2023-11-27T23:00:00+00:00,2014.05,1989.461607142857,2063.226785714286,2.0000000000000093,2006.9433333333327,3.393571428571428,Cup and handle rounded base with shallow handle,rule_candidate,pending
cup_and_handle__2023-11-28__0049209,cup_and_handle,0,no_pattern,neutral,0.0,,cup_and_handle/images/no_pattern/2023/11/cup_and_handle__2023-11-28__0049209.png,,2023-11-28,49010,49209,2023-11-16T03:00:00+00:00,2023-11-28T23:00:00+00:00,,,,,,,,,,,,,No rule-based candidate at this daily endpoint,rule_candidate,pending
cup_and_handle__2023-11-29__0049232,cup_and_handle,0,no_pattern,neutral,0.0,,cup_and_handle/images/no_pattern/2023/11/cup_and_handle__2023-11-29__0049232.png,,2023-11-29,49033,49232,2023-11-17T03:00:00+00:00,2023-11-29T23:00:00+00:00,,,,,,,,,,,,,No rule-based candidate at this daily endpoint,rule_candidate,pending
cup_and_handle__2023-11-30__0049255,cup_and_handle,0,no_pattern,neutral,0.0,,cup_and_handle/images/no_pattern/2023/11/cup_and_handle__2023-11-30__0049255.png,,2023-11-30,49056,49255,2023-11-20T03:00:00+00:00,2023-11-30T23:00:00+00:00,,,,,,,,,,,,,No rule-based candidate at this daily endpoint,rule_candidate,pending
cup_and_handle__2023-12-01__0049278,cup_and_handle,0,no_pattern,neutral,0.0,,cup_and_handle/images/no_pattern/2023/12/cup_and_handle__2023-12-01__0049278.png,,2023-12-01,49079,49278,2023-11-21T03:00:00+00:00,2023-12-01T23:00:00+00:00,,,,,,,,,,,,,No rule-based candidate at this daily endpoint,rule_candidate,pending
cup_and_handle__2023-12-04__0049301,cup_and_handle,0,no_pattern,neutral,0.0,,cup_and_handle/images/no_pattern/2023/12/cup_and_handle__2023-12-04__0049301.png,,2023-12-04,49102,49301,2023-11-22T03:00:00+00:00,2023-12-04T23:00:00+00:00,,,,,,,,,,,,,No rule-based candidate at this daily endpoint,rule_candidate,pending
cup_and_handle__2023-12-05__0049324,cup_and_handle,0,no_pattern,neutral,0.0,,cup_and_handle/images/no_pattern/2023/12/cup_and_handle__2023-12-05__0049324.png,,2023-12-05,49125,49324,2023-11-23T03:00:00+00:00,2023-12-05T23:00:00+00:00,,,,,,,,,,,,,No rule-based candidate at this daily endpoint,rule_candidate,pending
cup_and_handle__2023-12-06__0049347,cup_and_handle,0,no_pattern,neutral,0.0,,cup_and_handle/images/no_pattern/2023/12/cup_and_handle__2023-12-06__0049347.png,,2023-12-06,49148,49347,2023-11-24T05:00:00+00:00,2023-12-06T23:00:00+00:00,,,,,,,,,,,,,No rule-based candidate at this daily endpoint,rule_candidate,pending
cup_and_handle__2023-12-07__0049370,cup_and_handle,0,no_pattern,neutral,0.0,,cup_and_handle/images/no_pattern/2023/12/cup_and_handle__2023-12-07__0049370.png,,2023-12-07,49171,49370,2023-11-27T08:00:00+00:00,2023-12-07T23:00:00+00:00,,,,,,,,,,,,,No rule-based candidate at this daily endpoint,rule_candidate,pending
cup_and_handle__2023-12-08__0049393,cup_and_handle,0,no_pattern,neutral,0.0,,cup_and_handle/images/no_pattern/2023/12/cup_and_handle__2023-12-08__0049393.png,,2023-12-08,49194,49393,2023-11-28T08:00:00+00:00,2023-12-08T23:00:00+00:00,,,,,,,,,,,,,No rule-based candidate at this daily endpoint,rule_candidate,pending
cup_and_handle__2023-12-11__0049416,cup_and_handle,0,no_pattern,neutral,0.0,,cup_and_handle/images/no_pattern/2023/12/cup_and_handle__2023-12-11__0049416.png,,2023-12-11,49217,49416,2023-11-29T08:00:00+00:00,2023-12-11T23:00:00+00:00,,,,,,,,,,,,,No rule-based candidate at this daily endpoint,rule_candidate,pending
cup_and_handle__2023-12-12__0049439,cup_and_handle,0,no_pattern,neutral,0.0,,cup_and_handle/images/no_pattern/2023/12/cup_and_handle__2023-12-12__0049439.png,,2023-12-12,49240,49439,2023-11-30T08:00:00+00:00,2023-12-12T23:00:00+00:00,,,,,,,,,,,,,No rule-based candidate at this daily endpoint,rule_candidate,pending
cup_and_handle__2023-12-13__0049462,cup_and_handle,0,no_pattern,neutral,0.0,,cup_and_handle/images/no_pattern/2023/12/cup_and_handle__2023-12-13__0049462.png,,2023-12-13,49263,49462,2023-12-01T08:00:00+00:00,2023-12-13T23:00:00+00:00,,,,,,,,,,,,,No rule-based candidate at this daily endpoint,rule_candidate,pending
cup_and_handle__2023-12-14__0049485,cup_and_handle,0,no_pattern,neutral,0.0,,cup_and_handle/images/no_pattern/2023/12/cup_and_handle__2023-12-14__0049485.png,,2023-12-14,49286,49485,2023-12-04T08:00:00+00:00,2023-12-14T23:00:00+00:00,,,,,,,,,,,,,No rule-based candidate at this daily endpoint,rule_candidate,pending
cup_and_handle__2023-12-15__0049508,cup_and_handle,0,no_pattern,neutral,0.0,,cup_and_handle/images/no_pattern/2023/12/cup_and_handle__2023-12-15__0049508.png,,2023-12-15,49309,49508,2023-12-05T08:00:00+00:00,2023-12-15T23:00:00+00:00,,,,,,,,,,,,,No rule-based candidate at this daily endpoint,rule_candidate,pending
cup_and_handle__2023-12-18__0049531,cup_and_handle,1,forming,bullish,0.54,160.0,cup_and_handle/images/forming/2023/12/cup_and_handle__2023-12-18__0049531.png,,2023-12-18,49332,49531,2023-12-06T08:00:00+00:00,2023-12-18T23:00:00+00:00,49372.0,49531.0,2023-12-08T02:00:00+00:00,2023-12-18T23:00:00+00:00,,,2035.6270833333333,1973.0705357142856,2160.740178571429,2.000000000000004,2035.6270833333333,4.677857142857127,Cup and handle rounded base with shallow handle,rule_candidate,pending
cup_and_handle__2023-12-19__0049554,cup_and_handle,0,no_pattern,neutral,0.0,,cup_and_handle/images/no_pattern/2023/12/cup_and_handle__2023-12-19__0049554.png,,2023-12-19,49355,49554,2023-12-07T08:00:00+00:00,2023-12-19T23:00:00+00:00,,,,,,,,,,,,,No rule-based candidate at this daily endpoint,rule_candidate,pending
cup_and_handle__2023-12-20__0049577,cup_and_handle,1,forming,bullish,0.54,100.0,cup_and_handle/images/forming/2023/12/cup_and_handle__2023-12-20__0049577.png,,2023-12-20,49378,49577,2023-12-08T08:00:00+00:00,2023-12-20T23:00:00+00:00,49478.0,49577.0,2023-12-14T16:00:00+00:00,2023-12-20T23:00:00+00:00,,,2035.908,2016.1367857142857,2075.4504285714283,2.0,2035.908,4.492857142857166,Cup and handle rounded base with shallow handle,rule_candidate,pending
cup_and_handle__2023-12-21__0049600,cup_and_handle,0,no_pattern,neutral,0.0,,cup_and_handle/images/no_pattern/2023/12/cup_and_handle__2023-12-21__0049600.png,,2023-12-21,49401,49600,2023-12-11T08:00:00+00:00,2023-12-21T23:00:00+00:00,,,,,,,,,,,,,No rule-based candidate at this daily endpoint,rule_candidate,pending
cup_and_handle__2023-12-22__0049623,cup_and_handle,0,no_pattern,neutral,0.0,,cup_and_handle/images/no_pattern/2023/12/cup_and_handle__2023-12-22__0049623.png,,2023-12-22,49424,49623,2023-12-12T08:00:00+00:00,2023-12-22T23:00:00+00:00,,,,,,,,,,,,,No rule-based candidate at this daily endpoint,rule_candidate,pending
cup_and_handle__2023-12-26__0049646,cup_and_handle,0,no_pattern,neutral,0.0,,cup_and_handle/images/no_pattern/2023/12/cup_and_handle__2023-12-26__0049646.png,,2023-12-26,49447,49646,2023-12-13T08:00:00+00:00,2023-12-26T23:00:00+00:00,,,,,,,,,,,,,No rule-based candidate at this daily endpoint,rule_candidate,pending
cup_and_handle__2023-12-27__0049669,cup_and_handle,0,no_pattern,neutral,0.0,,cup_and_handle/images/no_pattern/2023/12/cup_and_handle__2023-12-27__0049669.png,,2023-12-27,49470,49669,2023-12-14T08:00:00+00:00,2023-12-27T23:00:00+00:00,,,,,,,,,,,,,No rule-based candidate at this daily endpoint,rule_candidate,pending
cup_and_handle__2023-12-28__0049692,cup_and_handle,0,no_pattern,neutral,0.0,,cup_and_handle/images/no_pattern/2023/12/cup_and_handle__2023-12-28__0049692.png,,2023-12-28,49493,49692,2023-12-15T08:00:00+00:00,2023-12-28T23:00:00+00:00,,,,,,,,,,,,,No rule-based candidate at this daily endpoint,rule_candidate,pending
cup_and_handle__2023-12-29__0049715,cup_and_handle,0,no_pattern,neutral,0.0,,cup_and_handle/images/no_pattern/2023/12/cup_and_handle__2023-12-29__0049715.png,,2023-12-29,49516,49715,2023-12-18T08:00:00+00:00,2023-12-29T23:00:00+00:00,,,,,,,,,,,,,No rule-based candidate at this daily endpoint,rule_candidate,pending
cup_and_handle__2024-01-02__0049738,cup_and_handle,0,no_pattern,neutral,0.0,,cup_and_handle/images/no_pattern/2024/01/cup_and_handle__2024-01-02__0049738.png,,2024-01-02,49539,49738,2023-12-19T08:00:00+00:00,2024-01-02T23:00:00+00:00,,,,,,,,,,,,,No rule-based candidate at this daily endpoint,rule_candidate,pending
cup_and_handle__2024-01-03__0049761,cup_and_handle,0,no_pattern,neutral,0.0,,cup_and_handle/images/no_pattern/2024/01/cup_and_handle__2024-01-03__0049761.png,,2024-01-03,49562,49761,2023-12-20T08:00:00+00:00,2024-01-03T23:00:00+00:00,,,,,,,,,,,,,No rule-based candidate at this daily endpoint,rule_candidate,pending
cup_and_handle__2024-01-04__0049784,cup_and_handle,0,no_pattern,neutral,0.0,,cup_and_handle/images/no_pattern/2024/01/cup_and_handle__2024-01-04__0049784.png,,2024-01-04,49585,49784,2023-12-21T08:00:00+00:00,2024-01-04T23:00:00+00:00,,,,,,,,,,,,,No rule-based candidate at this daily endpoint,rule_candidate,pending
cup_and_handle__2024-01-05__0049807,cup_and_handle,0,no_pattern,neutral,0.0,,cup_and_handle/images/no_pattern/2024/01/cup_and_handle__2024-01-05__0049807.png,,2024-01-05,49608,49807,2023-12-22T08:00:00+00:00,2024-01-05T23:00:00+00:00,,,,,,,,,,,,,No rule-based candidate at this daily endpoint,rule_candidate,pending
cup_and_handle__2024-01-08__0049830,cup_and_handle,0,no_pattern,neutral,0.0,,cup_and_handle/images/no_pattern/2024/01/cup_and_handle__2024-01-08__0049830.png,,2024-01-08,49631,49830,2023-12-26T08:00:00+00:00,2024-01-08T23:00:00+00:00,,,,,,,,,,,,,No rule-based candidate at this daily endpoint,rule_candidate,pending
cup_and_handle__2024-01-09__0049853,cup_and_handle,0,no_pattern,neutral,0.0,,cup_and_handle/images/no_pattern/2024/01/cup_and_handle__2024-01-09__0049853.png,,2024-01-09,49654,49853,2023-12-27T08:00:00+00:00,2024-01-09T23:00:00+00:00,,,,,,,,,,,,,No rule-based candidate at this daily endpoint,rule_candidate,pending
cup_and_handle__2024-01-10__0049876,cup_and_handle,0,no_pattern,neutral,0.0,,cup_and_handle/images/no_pattern/2024/01/cup_and_handle__2024-01-10__0049876.png,,2024-01-10,49677,49876,2023-12-28T08:00:00+00:00,2024-01-10T23:00:00+00:00,,,,,,,,,,,,,No rule-based candidate at this daily endpoint,rule_candidate,pending
cup_and_handle__2024-01-11__0049899,cup_and_handle,0,no_pattern,neutral,0.0,,cup_and_handle/images/no_pattern/2024/01/cup_and_handle__2024-01-11__0049899.png,,2024-01-11,49700,49899,2023-12-29T08:00:00+00:00,2024-01-11T23:00:00+00:00,,,,,,,,,,,,,No rule-based candidate at this daily endpoint,rule_candidate,pending
cup_and_handle__2024-01-12__0049922,cup_and_handle,0,no_pattern,neutral,0.0,,cup_and_handle/images/no_pattern/2024/01/cup_and_handle__2024-01-12__0049922.png,,2024-01-12,49723,49922,2024-01-02T08:00:00+00:00,2024-01-12T23:00:00+00:00,,,,,,,,,,,,,No rule-based candidate at this daily endpoint,rule_candidate,pending
cup_and_handle__2024-01-15__0049943,cup_and_handle,0,no_pattern,neutral,0.0,,cup_and_handle/images/no_pattern/2024/01/cup_and_handle__2024-01-15__0049943.png,,2024-01-15,49744,49943,2024-01-03T06:00:00+00:00,2024-01-15T21:00:00+00:00,,,,,,,,,,,,,No rule-based candidate at this daily endpoint,rule_candidate,pending
cup_and_handle__2024-01-16__0049966,cup_and_handle,0,no_pattern,neutral,0.0,,cup_and_handle/images/no_pattern/2024/01/cup_and_handle__2024-01-16__0049966.png,,2024-01-16,49767,49966,2024-01-04T06:00:00+00:00,2024-01-16T23:00:00+00:00,,,,,,,,,,,,,No rule-based candidate at this daily endpoint,rule_candidate,pending
cup_and_handle__2024-01-17__0049989,cup_and_handle,0,no_pattern,neutral,0.0,,cup_and_handle/images/no_pattern/2024/01/cup_and_handle__2024-01-17__0049989.png,,2024-01-17,49790,49989,2024-01-05T06:00:00+00:00,2024-01-17T23:00:00+00:00,,,,,,,,,,,,,No rule-based candidate at this daily endpoint,rule_candidate,pending
cup_and_handle__2024-01-18__0050012,cup_and_handle,0,no_pattern,neutral,0.0,,cup_and_handle/images/no_pattern/2024/01/cup_and_handle__2024-01-18__0050012.png,,2024-01-18,49813,50012,2024-01-08T06:00:00+00:00,2024-01-18T23:00:00+00:00,,,,,,,,,,,,,No rule-based candidate at this daily endpoint,rule_candidate,pending
cup_and_handle__2024-01-19__0050035,cup_and_handle,0,no_pattern,neutral,0.0,,cup_and_handle/images/no_pattern/2024/01/cup_and_handle__2024-01-19__0050035.png,,2024-01-19,49836,50035,2024-01-09T06:00:00+00:00,2024-01-19T23:00:00+00:00,,,,,,,,,,,,,No rule-based candidate at this daily endpoint,rule_candidate,pending
cup_and_handle__2024-01-22__0050058,cup_and_handle,1,forming,bullish,0.54,100.0,cup_and_handle/images/forming/2024/01/cup_and_handle__2024-01-22__0050058.png,,2024-01-22,49859,50058,2024-01-10T06:00:00+00:00,2024-01-22T23:00:00+00:00,49959.0,50058.0,2024-01-16T16:00:00+00:00,2024-01-22T23:00:00+00:00,,,2028.8833333333337,2003.553571428572,2079.5428571428583,2.0,2028.8833333333337,4.145714285714332,Cup and handle rounded base with shallow handle,rule_candidate,pending
cup_and_handle__2024-01-23__0050081,cup_and_handle,0,no_pattern,neutral,0.0,,cup_and_handle/images/no_pattern/2024/01/cup_and_handle__2024-01-23__0050081.png,,2024-01-23,49882,50081,2024-01-11T06:00:00+00:00,2024-01-23T23:00:00+00:00,,,,,,,,,,,,,No rule-based candidate at this daily endpoint,rule_candidate,pending
cup_and_handle__2024-01-24__0050104,cup_and_handle,0,no_pattern,neutral,0.0,,cup_and_handle/images/no_pattern/2024/01/cup_and_handle__2024-01-24__0050104.png,,2024-01-24,49905,50104,2024-01-12T06:00:00+00:00,2024-01-24T23:00:00+00:00,,,,,,,,,,,,,No rule-based candidate at this daily endpoint,rule_candidate,pending
cup_and_handle__2024-01-25__0050127,cup_and_handle,0,no_pattern,neutral,0.0,,cup_and_handle/images/no_pattern/2024/01/cup_and_handle__2024-01-25__0050127.png,,2024-01-25,49928,50127,2024-01-15T06:00:00+00:00,2024-01-25T23:00:00+00:00,,,,,,,,,,,,,No rule-based candidate at this daily endpoint,rule_candidate,pending
cup_and_handle__2024-01-26__0050150,cup_and_handle,0,no_pattern,neutral,0.0,,cup_and_handle/images/no_pattern/2024/01/cup_and_handle__2024-01-26__0050150.png,,2024-01-26,49951,50150,2024-01-16T08:00:00+00:00,2024-01-26T23:00:00+00:00,,,,,,,,,,,,,No rule-based candidate at this daily endpoint,rule_candidate,pending
cup_and_handle__2024-01-29__0050173,cup_and_handle,0,no_pattern,neutral,0.0,,cup_and_handle/images/no_pattern/2024/01/cup_and_handle__2024-01-29__0050173.png,,2024-01-29,49974,50173,2024-01-17T08:00:00+00:00,2024-01-29T23:00:00+00:00,,,,,,,,,,,,,No rule-based candidate at this daily endpoint,rule_candidate,pending
cup_and_handle__2024-01-30__0050196,cup_and_handle,0,no_pattern,neutral,0.0,,cup_and_handle/images/no_pattern/2024/01/cup_and_handle__2024-01-30__0050196.png,,2024-01-30,49997,50196,2024-01-18T08:00:00+00:00,2024-01-30T23:00:00+00:00,,,,,,,,,,,,,No rule-based candidate at this daily endpoint,rule_candidate,pending
cup_and_handle__2024-01-31__0050219,cup_and_handle,0,no_pattern,neutral,0.0,,cup_and_handle/images/no_pattern/2024/01/cup_and_handle__2024-01-31__0050219.png,,2024-01-31,50020,50219,2024-01-19T08:00:00+00:00,2024-01-31T23:00:00+00:00,,,,,,,,,,,,,No rule-based candidate at this daily endpoint,rule_candidate,pending
cup_and_handle__2024-02-01__0050242,cup_and_handle,0,no_pattern,neutral,0.0,,cup_and_handle/images/no_pattern/2024/02/cup_and_handle__2024-02-01__0050242.png,,2024-02-01,50043,50242,2024-01-22T08:00:00+00:00,2024-02-01T23:00:00+00:00,,,,,,,,,,,,,No rule-based candidate at this daily endpoint,rule_candidate,pending
cup_and_handle__2024-02-02__0050265,cup_and_handle,0,no_pattern,neutral,0.0,,cup_and_handle/images/no_pattern/2024/02/cup_and_handle__2024-02-02__0050265.png,,2024-02-02,50066,50265,2024-01-23T08:00:00+00:00,2024-02-02T23:00:00+00:00,,,,,,,,,,,,,No rule-based candidate at this daily endpoint,rule_candidate,pending
cup_and_handle__2024-02-05__0050288,cup_and_handle,0,no_pattern,neutral,0.0,,cup_and_handle/images/no_pattern/2024/02/cup_and_handle__2024-02-05__0050288.png,,2024-02-05,50089,50288,2024-01-24T08:00:00+00:00,2024-02-05T23:00:00+00:00,,,,,,,,,,,,,No rule-based candidate at this daily endpoint,rule_candidate,pending
cup_and_handle__2024-02-06__0050311,cup_and_handle,0,no_pattern,neutral,0.0,,cup_and_handle/images/no_pattern/2024/02/cup_and_handle__2024-02-06__0050311.png,,2024-02-06,50112,50311,2024-01-25T08:00:00+00:00,2024-02-06T23:00:00+00:00,,,,,,,,,,,,,No rule-based candidate at this daily endpoint,rule_candidate,pending
cup_and_handle__2024-02-07__0050334,cup_and_handle,1,forming,bullish,0.54,80.0,cup_and_handle/images/forming/2024/02/cup_and_handle__2024-02-07__0050334.png,,2024-02-07,50135,50334,2024-01-26T08:00:00+00:00,2024-02-07T23:00:00+00:00,50255.0,50334.0,2024-02-02T13:00:00+00:00,2024-02-07T23:00:00+00:00,,,2039.4958333333327,2014.84,2088.8075000000003,2.0,2039.4958333333327,3.880000000000012,Cup and handle rounded base with shallow handle,rule_candidate,pending
cup_and_handle__2024-02-08__0050357,cup_and_handle,0,no_pattern,neutral,0.0,,cup_and_handle/images/no_pattern/2024/02/cup_and_handle__2024-02-08__0050357.png,,2024-02-08,50158,50357,2024-01-29T08:00:00+00:00,2024-02-08T23:00:00+00:00,,,,,,,,,,,,,No rule-based candidate at this daily endpoint,rule_candidate,pending
cup_and_handle__2024-02-09__0050380,cup_and_handle,0,no_pattern,neutral,0.0,,cup_and_handle/images/no_pattern/2024/02/cup_and_handle__2024-02-09__0050380.png,,2024-02-09,50181,50380,2024-01-30T08:00:00+00:00,2024-02-09T23:00:00+00:00,,,,,,,,,,,,,No rule-based candidate at this daily endpoint,rule_candidate,pending
cup_and_handle__2024-02-12__0050403,cup_and_handle,0,no_pattern,neutral,0.0,,cup_and_handle/images/no_pattern/2024/02/cup_and_handle__2024-02-12__0050403.png,,2024-02-12,50204,50403,2024-01-31T08:00:00+00:00,2024-02-12T23:00:00+00:00,,,,,,,,,,,,,No rule-based candidate at this daily endpoint,rule_candidate,pending
cup_and_handle__2024-02-13__0050426,cup_and_handle,0,no_pattern,neutral,0.0,,cup_and_handle/images/no_pattern/2024/02/cup_and_handle__2024-02-13__0050426.png,,2024-02-13,50227,50426,2024-02-01T08:00:00+00:00,2024-02-13T23:00:00+00:00,,,,,,,,,,,,,No rule-based candidate at this daily endpoint,rule_candidate,pending
cup_and_handle__2024-02-14__0050449,cup_and_handle,0,no_pattern,neutral,0.0,,cup_and_handle/images/no_pattern/2024/02/cup_and_handle__2024-02-14__0050449.png,,2024-02-14,50250,50449,2024-02-02T08:00:00+00:00,2024-02-14T23:00:00+00:00,,,,,,,,,,,,,No rule-based candidate at this daily endpoint,rule_candidate,pending
cup_and_handle__2024-02-15__0050472,cup_and_handle,0,no_pattern,neutral,0.0,,cup_and_handle/images/no_pattern/2024/02/cup_and_handle__2024-02-15__0050472.png,,2024-02-15,50273,50472,2024-02-05T08:00:00+00:00,2024-02-15T23:00:00+00:00,,,,,,,,,,,,,No rule-based candidate at this daily endpoint,rule_candidate,pending
cup_and_handle__2024-02-16__0050495,cup_and_handle,0,no_pattern,neutral,0.0,,cup_and_handle/images/no_pattern/2024/02/cup_and_handle__2024-02-16__0050495.png,,2024-02-16,50296,50495,2024-02-06T08:00:00+00:00,2024-02-16T23:00:00+00:00,,,,,,,,,,,,,No rule-based candidate at this daily endpoint,rule_candidate,pending
cup_and_handle__2024-02-19__0050516,cup_and_handle,1,forming,bullish,0.54,48.0,cup_and_handle/images/forming/2024/02/cup_and_handle__2024-02-19__0050516.png,,2024-02-19,50317,50516,2024-02-07T06:00:00+00:00,2024-02-19T21:00:00+00:00,50469.0,50516.0,2024-02-15T20:00:00+00:00,2024-02-19T21:00:00+00:00,,,2020.478571428572,1997.07125,2067.293214285715,2.0,2020.478571428572,2.234999999999949,Cup and handle rounded base with shallow handle,rule_candidate,pending
cup_and_handle__2024-02-20__0050539,cup_and_handle,1,confirmed,bullish,0.66,160.0,cup_and_handle/images/confirmed/2024/02/cup_and_handle__2024-02-20__0050539.png,,2024-02-20,50340,50539,2024-02-08T06:00:00+00:00,2024-02-20T23:00:00+00:00,50380.0,50539.0,2024-02-09T23:00:00+00:00,2024-02-20T23:00:00+00:00,50539.0,2024-02-20T23:00:00+00:00,2024.07,1986.5996428571427,2099.010714285714,1.999999999999994,2021.20625,2.881428571428517,Cup and handle rounded base with shallow handle,rule_candidate,pending
cup_and_handle__2024-02-21__0050562,cup_and_handle,1,forming,bullish,0.54,200.0,cup_and_handle/images/forming/2024/02/cup_and_handle__2024-02-21__0050562.png,,2024-02-21,50363,50562,2024-02-09T06:00:00+00:00,2024-02-21T23:00:00+00:00,50363.0,50562.0,2024-02-09T06:00:00+00:00,2024-02-21T23:00:00+00:00,,,2026.222,1986.486607142857,2105.692785714285,1.9999999999999944,2026.222,3.33357142857145,Cup and handle rounded base with shallow handle,rule_candidate,pending
cup_and_handle__2024-02-22__0050585,cup_and_handle,0,no_pattern,neutral,0.0,,cup_and_handle/images/no_pattern/2024/02/cup_and_handle__2024-02-22__0050585.png,,2024-02-22,50386,50585,2024-02-12T06:00:00+00:00,2024-02-22T23:00:00+00:00,,,,,,,,,,,,,No rule-based candidate at this daily endpoint,rule_candidate,pending
cup_and_handle__2024-02-23__0050608,cup_and_handle,0,no_pattern,neutral,0.0,,cup_and_handle/images/no_pattern/2024/02/cup_and_handle__2024-02-23__0050608.png,,2024-02-23,50409,50608,2024-02-13T06:00:00+00:00,2024-02-23T23:00:00+00:00,,,,,,,,,,,,,No rule-based candidate at this daily endpoint,rule_candidate,pending
cup_and_handle__2024-02-26__0050631,cup_and_handle,1,forming,bullish,0.54,64.0,cup_and_handle/images/forming/2024/02/cup_and_handle__2024-02-26__0050631.png,,2024-02-26,50432,50631,2024-02-14T06:00:00+00:00,2024-02-26T23:00:00+00:00,50568.0,50631.0,2024-02-22T06:00:00+00:00,2024-02-26T23:00:00+00:00,,,2032.8022222222223,2015.836071428572,2066.734523809524,2.0000000000000133,2032.8022222222223,3.175714285714272,Cup and handle rounded base with shallow handle,rule_candidate,pending
cup_and_handle__2024-02-27__0050654,cup_and_handle,1,forming,bullish,0.54,100.0,cup_and_handle/images/forming/2024/02/cup_and_handle__2024-02-27__0050654.png,,2024-02-27,50455,50654,2024-02-15T06:00:00+00:00,2024-02-27T23:00:00+00:00,50555.0,50654.0,2024-02-21T16:00:00+00:00,2024-02-27T23:00:00+00:00,,,2031.132,2015.896785714286,2061.6024285714266,2.000000000000015,2031.132,2.932857142857139,Cup and handle rounded base with shallow handle,rule_candidate,pending
cup_and_handle__2024-02-28__0050677,cup_and_handle,0,no_pattern,neutral,0.0,,cup_and_handle/images/no_pattern/2024/02/cup_and_handle__2024-02-28__0050677.png,,2024-02-28,50478,50677,2024-02-16T06:00:00+00:00,2024-02-28T23:00:00+00:00,,,,,,,,,,,,,No rule-based candidate at this daily endpoint,rule_candidate,pending
cup_and_handle__2024-02-29__0050700,cup_and_handle,0,no_pattern,neutral,0.0,,cup_and_handle/images/no_pattern/2024/02/cup_and_handle__2024-02-29__0050700.png,,2024-02-29,50501,50700,2024-02-19T06:00:00+00:00,2024-02-29T23:00:00+00:00,,,,,,,,,,,,,No rule-based candidate at this daily endpoint,rule_candidate,pending
cup_and_handle__2024-03-01__0050723,cup_and_handle,0,no_pattern,neutral,0.0,,cup_and_handle/images/no_pattern/2024/03/cup_and_handle__2024-03-01__0050723.png,,2024-03-01,50524,50723,2024-02-20T08:00:00+00:00,2024-03-01T23:00:00+00:00,,,,,,,,,,,,,No rule-based candidate at this daily endpoint,rule_candidate,pending
cup_and_handle__2024-03-04__0050746,cup_and_handle,0,no_pattern,neutral,0.0,,cup_and_handle/images/no_pattern/2024/03/cup_and_handle__2024-03-04__0050746.png,,2024-03-04,50547,50746,2024-02-21T08:00:00+00:00,2024-03-04T23:00:00+00:00,,,,,,,,,,,,,No rule-based candidate at this daily endpoint,rule_candidate,pending
cup_and_handle__2024-03-05__0050769,cup_and_handle,0,no_pattern,neutral,0.0,,cup_and_handle/images/no_pattern/2024/03/cup_and_handle__2024-03-05__0050769.png,,2024-03-05,50570,50769,2024-02-22T08:00:00+00:00,2024-03-05T23:00:00+00:00,,,,,,,,,,,,,No rule-based candidate at this daily endpoint,rule_candidate,pending
cup_and_handle__2024-03-06__0050792,cup_and_handle,0,no_pattern,neutral,0.0,,cup_and_handle/images/no_pattern/2024/03/cup_and_handle__2024-03-06__0050792.png,,2024-03-06,50593,50792,2024-02-23T08:00:00+00:00,2024-03-06T23:00:00+00:00,,,,,,,,,,,,,No rule-based candidate at this daily endpoint,rule_candidate,pending
cup_and_handle__2024-03-07__0050815,cup_and_handle,0,no_pattern,neutral,0.0,,cup_and_handle/images/no_pattern/2024/03/cup_and_handle__2024-03-07__0050815.png,,2024-03-07,50616,50815,2024-02-26T08:00:00+00:00,2024-03-07T23:00:00+00:00,,,,,,,,,,,,,No rule-based candidate at this daily endpoint,rule_candidate,pending
cup_and_handle__2024-03-08__0050838,cup_and_handle,0,no_pattern,neutral,0.0,,cup_and_handle/images/no_pattern/2024/03/cup_and_handle__2024-03-08__0050838.png,,2024-03-08,50639,50838,2024-02-27T08:00:00+00:00,2024-03-08T23:00:00+00:00,,,,,,,,,,,,,No rule-based candidate at this daily endpoint,rule_candidate,pending
cup_and_handle__2024-03-11__0050861,cup_and_handle,0,no_pattern,neutral,0.0,,cup_and_handle/images/no_pattern/2024/03/cup_and_handle__2024-03-11__0050861.png,,2024-03-11,50662,50861,2024-02-28T08:00:00+00:00,2024-03-11T22:00:00+00:00,,,,,,,,,,,,,No rule-based candidate at this daily endpoint,rule_candidate,pending
cup_and_handle__2024-03-12__0050884,cup_and_handle,0,no_pattern,neutral,0.0,,cup_and_handle/images/no_pattern/2024/03/cup_and_handle__2024-03-12__0050884.png,,2024-03-12,50685,50884,2024-02-29T08:00:00+00:00,2024-03-12T22:00:00+00:00,,,,,,,,,,,,,No rule-based candidate at this daily endpoint,rule_candidate,pending
cup_and_handle__2024-03-13__0050907,cup_and_handle,0,no_pattern,neutral,0.0,,cup_and_handle/images/no_pattern/2024/03/cup_and_handle__2024-03-13__0050907.png,,2024-03-13,50708,50907,2024-03-01T08:00:00+00:00,2024-03-13T22:00:00+00:00,,,,,,,,,,,,,No rule-based candidate at this daily endpoint,rule_candidate,pending
cup_and_handle__2024-03-14__0050930,cup_and_handle,0,no_pattern,neutral,0.0,,cup_and_handle/images/no_pattern/2024/03/cup_and_handle__2024-03-14__0050930.png,,2024-03-14,50731,50930,2024-03-04T08:00:00+00:00,2024-03-14T22:00:00+00:00,,,,,,,,,,,,,No rule-based candidate at this daily endpoint,rule_candidate,pending
cup_and_handle__2024-03-15__0050953,cup_and_handle,0,no_pattern,neutral,0.0,,cup_and_handle/images/no_pattern/2024/03/cup_and_handle__2024-03-15__0050953.png,,2024-03-15,50754,50953,2024-03-05T08:00:00+00:00,2024-03-15T22:00:00+00:00,,,,,,,,,,,,,No rule-based candidate at this daily endpoint,rule_candidate,pending
cup_and_handle__2024-03-18__0050976,cup_and_handle,0,no_pattern,neutral,0.0,,cup_and_handle/images/no_pattern/2024/03/cup_and_handle__2024-03-18__0050976.png,,2024-03-18,50777,50976,2024-03-06T08:00:00+00:00,2024-03-18T22:00:00+00:00,,,,,,,,,,,,,No rule-based candidate at this daily endpoint,rule_candidate,pending
cup_and_handle__2024-03-19__0050999,cup_and_handle,0,no_pattern,neutral,0.0,,cup_and_handle/images/no_pattern/2024/03/cup_and_handle__2024-03-19__0050999.png,,2024-03-19,50800,50999,2024-03-07T08:00:00+00:00,2024-03-19T22:00:00+00:00,,,,,,,,,,,,,No rule-based candidate at this daily endpoint,rule_candidate,pending
cup_and_handle__2024-03-20__0051022,cup_and_handle,0,no_pattern,neutral,0.0,,cup_and_handle/images/no_pattern/2024/03/cup_and_handle__2024-03-20__0051022.png,,2024-03-20,50823,51022,2024-03-08T08:00:00+00:00,2024-03-20T22:00:00+00:00,,,,,,,,,,,,,No rule-based candidate at this daily endpoint,rule_candidate,pending
cup_and_handle__2024-03-21__0051045,cup_and_handle,0,no_pattern,neutral,0.0,,cup_and_handle/images/no_pattern/2024/03/cup_and_handle__2024-03-21__0051045.png,,2024-03-21,50846,51045,2024-03-11T07:00:00+00:00,2024-03-21T22:00:00+00:00,,,,,,,,,,,,,No rule-based candidate at this daily endpoint,rule_candidate,pending
cup_and_handle__2024-03-22__0051068,cup_and_handle,0,no_pattern,neutral,0.0,,cup_and_handle/images/no_pattern/2024/03/cup_and_handle__2024-03-22__0051068.png,,2024-03-22,50869,51068,2024-03-12T07:00:00+00:00,2024-03-22T22:00:00+00:00,,,,,,,,,,,,,No rule-based candidate at this daily endpoint,rule_candidate,pending
cup_and_handle__2024-03-25__0051091,cup_and_handle,0,no_pattern,neutral,0.0,,cup_and_handle/images/no_pattern/2024/03/cup_and_handle__2024-03-25__0051091.png,,2024-03-25,50892,51091,2024-03-13T07:00:00+00:00,2024-03-25T22:00:00+00:00,,,,,,,,,,,,,No rule-based candidate at this daily endpoint,rule_candidate,pending
cup_and_handle__2024-03-26__0051114,cup_and_handle,0,no_pattern,neutral,0.0,,cup_and_handle/images/no_pattern/2024/03/cup_and_handle__2024-03-26__0051114.png,,2024-03-26,50915,51114,2024-03-14T07:00:00+00:00,2024-03-26T22:00:00+00:00,,,,,,,,,,,,,No rule-based candidate at this daily endpoint,rule_candidate,pending
cup_and_handle__2024-03-27__0051137,cup_and_handle,0,no_pattern,neutral,0.0,,cup_and_handle/images/no_pattern/2024/03/cup_and_handle__2024-03-27__0051137.png,,2024-03-27,50938,51137,2024-03-15T07:00:00+00:00,2024-03-27T22:00:00+00:00,,,,,,,,,,,,,No rule-based candidate at this daily endpoint,rule_candidate,pending
cup_and_handle__2024-03-28__0051160,cup_and_handle,0,no_pattern,neutral,0.0,,cup_and_handle/images/no_pattern/2024/03/cup_and_handle__2024-03-28__0051160.png,,2024-03-28,50961,51160,2024-03-18T07:00:00+00:00,2024-03-28T22:00:00+00:00,,,,,,,,,,,,,No rule-based candidate at this daily endpoint,rule_candidate,pending
cup_and_handle__2024-04-01__0051183,cup_and_handle,0,no_pattern,neutral,0.0,,cup_and_handle/images/no_pattern/2024/04/cup_and_handle__2024-04-01__0051183.png,,2024-04-01,50984,51183,2024-03-19T07:00:00+00:00,2024-04-01T23:00:00+00:00,,,,,,,,,,,,,No rule-based candidate at this daily endpoint,rule_candidate,pending
cup_and_handle__2024-04-02__0051206,cup_and_handle,0,no_pattern,neutral,0.0,,cup_and_handle/images/no_pattern/2024/04/cup_and_handle__2024-04-02__0051206.png,,2024-04-02,51007,51206,2024-03-20T07:00:00+00:00,2024-04-02T23:00:00+00:00,,,,,,,,,,,,,No rule-based candidate at this daily endpoint,rule_candidate,pending
cup_and_handle__2024-04-03__0051229,cup_and_handle,0,no_pattern,neutral,0.0,,cup_and_handle/images/no_pattern/2024/04/cup_and_handle__2024-04-03__0051229.png,,2024-04-03,51030,51229,2024-03-21T07:00:00+00:00,2024-04-03T23:00:00+00:00,,,,,,,,,,,,,No rule-based candidate at this daily endpoint,rule_candidate,pending
cup_and_handle__2024-04-04__0051252,cup_and_handle,0,no_pattern,neutral,0.0,,cup_and_handle/images/no_pattern/2024/04/cup_and_handle__2024-04-04__0051252.png,,2024-04-04,51053,51252,2024-03-22T07:00:00+00:00,2024-04-04T23:00:00+00:00,,,,,,,,,,,,,No rule-based candidate at this daily endpoint,rule_candidate,pending
cup_and_handle__2024-04-05__0051275,cup_and_handle,0,no_pattern,neutral,0.0,,cup_and_handle/images/no_pattern/2024/04/cup_and_handle__2024-04-05__0051275.png,,2024-04-05,51076,51275,2024-03-25T07:00:00+00:00,2024-04-05T23:00:00+00:00,,,,,,,,,,,,,No rule-based candidate at this daily endpoint,rule_candidate,pending
cup_and_handle__2024-04-08__0051298,cup_and_handle,0,no_pattern,neutral,0.0,,cup_and_handle/images/no_pattern/2024/04/cup_and_handle__2024-04-08__0051298.png,,2024-04-08,51099,51298,2024-03-26T07:00:00+00:00,2024-04-08T23:00:00+00:00,,,,,,,,,,,,,No rule-based candidate at this daily endpoint,rule_candidate,pending
cup_and_handle__2024-04-09__0051321,cup_and_handle,0,no_pattern,neutral,0.0,,cup_and_handle/images/no_pattern/2024/04/cup_and_handle__2024-04-09__0051321.png,,2024-04-09,51122,51321,2024-03-27T07:00:00+00:00,2024-04-09T23:00:00+00:00,,,,,,,,,,,,,No rule-based candidate at this daily endpoint,rule_candidate,pending
cup_and_handle__2024-04-10__0051344,cup_and_handle,0,no_pattern,neutral,0.0,,cup_and_handle/images/no_pattern/2024/04/cup_and_handle__2024-04-10__0051344.png,,2024-04-10,51145,51344,2024-03-28T07:00:00+00:00,2024-04-10T23:00:00+00:00,,,,,,,,,,,,,No rule-based candidate at this daily endpoint,rule_candidate,pending
cup_and_handle__2024-04-11__0051367,cup_and_handle,0,no_pattern,neutral,0.0,,cup_and_handle/images/no_pattern/2024/04/cup_and_handle__2024-04-11__0051367.png,,2024-04-11,51168,51367,2024-04-01T08:00:00+00:00,2024-04-11T23:00:00+00:00,,,,,,,,,,,,,No rule-based candidate at this daily endpoint,rule_candidate,pending
cup_and_handle__2024-04-12__0051390,cup_and_handle,0,no_pattern,neutral,0.0,,cup_and_handle/images/no_pattern/2024/04/cup_and_handle__2024-04-12__0051390.png,,2024-04-12,51191,51390,2024-04-02T08:00:00+00:00,2024-04-12T23:00:00+00:00,,,,,,,,,,,,,No rule-based candidate at this daily endpoint,rule_candidate,pending
cup_and_handle__2024-04-15__0051413,cup_and_handle,0,no_pattern,neutral,0.0,,cup_and_handle/images/no_pattern/2024/04/cup_and_handle__2024-04-15__0051413.png,,2024-04-15,51214,51413,2024-04-03T08:00:00+00:00,2024-04-15T23:00:00+00:00,,,,,,,,,,,,,No rule-based candidate at this daily endpoint,rule_candidate,pending
cup_and_handle__2024-04-16__0051436,cup_and_handle,0,no_pattern,neutral,0.0,,cup_and_handle/images/no_pattern/2024/04/cup_and_handle__2024-04-16__0051436.png,,2024-04-16,51237,51436,2024-04-04T08:00:00+00:00,2024-04-16T23:00:00+00:00,,,,,,,,,,,,,No rule-based candidate at this daily endpoint,rule_candidate,pending
cup_and_handle__2024-04-17__0051459,cup_and_handle,0,no_pattern,neutral,0.0,,cup_and_handle/images/no_pattern/2024/04/cup_and_handle__2024-04-17__0051459.png,,2024-04-17,51260,51459,2024-04-05T08:00:00+00:00,2024-04-17T23:00:00+00:00,,,,,,,,,,,,,No rule-based candidate at this daily endpoint,rule_candidate,pending
cup_and_handle__2024-04-18__0051482,cup_and_handle,0,no_pattern,neutral,0.0,,cup_and_handle/images/no_pattern/2024/04/cup_and_handle__2024-04-18__0051482.png,,2024-04-18,51283,51482,2024-04-08T08:00:00+00:00,2024-04-18T23:00:00+00:00,,,,,,,,,,,,,No rule-based candidate at this daily endpoint,rule_candidate,pending
cup_and_handle__2024-04-19__0051505,cup_and_handle,0,no_pattern,neutral,0.0,,cup_and_handle/images/no_pattern/2024/04/cup_and_handle__2024-04-19__0051505.png,,2024-04-19,51306,51505,2024-04-09T08:00:00+00:00,2024-04-19T23:00:00+00:00,,,,,,,,,,,,,No rule-based candidate at this daily endpoint,rule_candidate,pending
cup_and_handle__2024-04-22__0051528,cup_and_handle,0,no_pattern,neutral,0.0,,cup_and_handle/images/no_pattern/2024/04/cup_and_handle__2024-04-22__0051528.png,,2024-04-22,51329,51528,2024-04-10T08:00:00+00:00,2024-04-22T23:00:00+00:00,,,,,,,,,,,,,No rule-based candidate at this daily endpoint,rule_candidate,pending
cup_and_handle__2024-04-23__0051551,cup_and_handle,0,no_pattern,neutral,0.0,,cup_and_handle/images/no_pattern/2024/04/cup_and_handle__2024-04-23__0051551.png,,2024-04-23,51352,51551,2024-04-11T08:00:00+00:00,2024-04-23T23:00:00+00:00,,,,,,,,,,,,,No rule-based candidate at this daily endpoint,rule_candidate,pending
cup_and_handle__2024-04-24__0051574,cup_and_handle,0,no_pattern,neutral,0.0,,cup_and_handle/images/no_pattern/2024/04/cup_and_handle__2024-04-24__0051574.png,,2024-04-24,51375,51574,2024-04-12T08:00:00+00:00,2024-04-24T23:00:00+00:00,,,,,,,,,,,,,No rule-based candidate at this daily endpoint,rule_candidate,pending
cup_and_handle__2024-04-25__0051597,cup_and_handle,0,no_pattern,neutral,0.0,,cup_and_handle/images/no_pattern/2024/04/cup_and_handle__2024-04-25__0051597.png,,2024-04-25,51398,51597,2024-04-15T08:00:00+00:00,2024-04-25T23:00:00+00:00,,,,,,,,,,,,,No rule-based candidate at this daily endpoint,rule_candidate,pending
cup_and_handle__2024-04-26__0051620,cup_and_handle,0,no_pattern,neutral,0.0,,cup_and_handle/images/no_pattern/2024/04/cup_and_handle__2024-04-26__0051620.png,,2024-04-26,51421,51620,2024-04-16T08:00:00+00:00,2024-04-26T23:00:00+00:00,,,,,,,,,,,,,No rule-based candidate at this daily endpoint,rule_candidate,pending
cup_and_handle__2024-04-29__0051643,cup_and_handle,0,no_pattern,neutral,0.0,,cup_and_handle/images/no_pattern/2024/04/cup_and_handle__2024-04-29__0051643.png,,2024-04-29,51444,51643,2024-04-17T08:00:00+00:00,2024-04-29T23:00:00+00:00,,,,,,,,,,,,,No rule-based candidate at this daily endpoint,rule_candidate,pending
cup_and_handle__2024-04-30__0051666,cup_and_handle,0,no_pattern,neutral,0.0,,cup_and_handle/images/no_pattern/2024/04/cup_and_handle__2024-04-30__0051666.png,,2024-04-30,51467,51666,2024-04-18T08:00:00+00:00,2024-04-30T23:00:00+00:00,,,,,,,,,,,,,No rule-based candidate at this daily endpoint,rule_candidate,pending
cup_and_handle__2024-05-01__0051689,cup_and_handle,0,no_pattern,neutral,0.0,,cup_and_handle/images/no_pattern/2024/05/cup_and_handle__2024-05-01__0051689.png,,2024-05-01,51490,51689,2024-04-19T08:00:00+00:00,2024-05-01T23:00:00+00:00,,,,,,,,,,,,,No rule-based candidate at this daily endpoint,rule_candidate,pending
cup_and_handle__2024-05-02__0051712,cup_and_handle,0,no_pattern,neutral,0.0,,cup_and_handle/images/no_pattern/2024/05/cup_and_handle__2024-05-02__0051712.png,,2024-05-02,51513,51712,2024-04-22T08:00:00+00:00,2024-05-02T23:00:00+00:00,,,,,,,,,,,,,No rule-based candidate at this daily endpoint,rule_candidate,pending
cup_and_handle__2024-05-03__0051735,cup_and_handle,0,no_pattern,neutral,0.0,,cup_and_handle/images/no_pattern/2024/05/cup_and_handle__2024-05-03__0051735.png,,2024-05-03,51536,51735,2024-04-23T08:00:00+00:00,2024-05-03T23:00:00+00:00,,,,,,,,,,,,,No rule-based candidate at this daily endpoint,rule_candidate,pending
cup_and_handle__2024-05-06__0051758,cup_and_handle,0,no_pattern,neutral,0.0,,cup_and_handle/images/no_pattern/2024/05/cup_and_handle__2024-05-06__0051758.png,,2024-05-06,51559,51758,2024-04-24T08:00:00+00:00,2024-05-06T23:00:00+00:00,,,,,,,,,,,,,No rule-based candidate at this daily endpoint,rule_candidate,pending
cup_and_handle__2024-05-07__0051781,cup_and_handle,0,no_pattern,neutral,0.0,,cup_and_handle/images/no_pattern/2024/05/cup_and_handle__2024-05-07__0051781.png,,2024-05-07,51582,51781,2024-04-25T08:00:00+00:00,2024-05-07T23:00:00+00:00,,,,,,,,,,,,,No rule-based candidate at this daily endpoint,rule_candidate,pending
cup_and_handle__2024-05-08__0051804,cup_and_handle,1,forming,bullish,0.54,160.0,cup_and_handle/images/forming/2024/05/cup_and_handle__2024-05-08__0051804.png,,2024-05-08,51605,51804,2024-04-26T08:00:00+00:00,2024-05-08T23:00:00+00:00,51645.0,51804.0,2024-04-30T02:00:00+00:00,2024-05-08T23:00:00+00:00,,,2321.5420833333333,2281.679285714285,2401.267678571429,2.0,2321.5420833333333,5.762857142857066,Cup and handle rounded base with shallow handle,rule_candidate,pending
cup_and_handle__2024-05-09__0051827,cup_and_handle,0,no_pattern,neutral,0.0,,cup_and_handle/images/no_pattern/2024/05/cup_and_handle__2024-05-09__0051827.png,,2024-05-09,51628,51827,2024-04-29T08:00:00+00:00,2024-05-09T23:00:00+00:00,,,,,,,,,,,,,No rule-based candidate at this daily endpoint,rule_candidate,pending
cup_and_handle__2024-05-10__0051850,cup_and_handle,0,no_pattern,neutral,0.0,,cup_and_handle/images/no_pattern/2024/05/cup_and_handle__2024-05-10__0051850.png,,2024-05-10,51651,51850,2024-04-30T08:00:00+00:00,2024-05-10T23:00:00+00:00,,,,,,,,,,,,,No rule-based candidate at this daily endpoint,rule_candidate,pending
cup_and_handle__2024-05-13__0051873,cup_and_handle,0,no_pattern,neutral,0.0,,cup_and_handle/images/no_pattern/2024/05/cup_and_handle__2024-05-13__0051873.png,,2024-05-13,51674,51873,2024-05-01T08:00:00+00:00,2024-05-13T23:00:00+00:00,,,,,,,,,,,,,No rule-based candidate at this daily endpoint,rule_candidate,pending
cup_and_handle__2024-05-14__0051896,cup_and_handle,0,no_pattern,neutral,0.0,,cup_and_handle/images/no_pattern/2024/05/cup_and_handle__2024-05-14__0051896.png,,2024-05-14,51697,51896,2024-05-02T08:00:00+00:00,2024-05-14T23:00:00+00:00,,,,,,,,,,,,,No rule-based candidate at this daily endpoint,rule_candidate,pending
cup_and_handle__2024-05-15__0051919,cup_and_handle,0,no_pattern,neutral,0.0,,cup_and_handle/images/no_pattern/2024/05/cup_and_handle__2024-05-15__0051919.png,,2024-05-15,51720,51919,2024-05-03T08:00:00+00:00,2024-05-15T23:00:00+00:00,,,,,,,,,,,,,No rule-based candidate at this daily endpoint,rule_candidate,pending
cup_and_handle__2024-05-16__0051942,cup_and_handle,0,no_pattern,neutral,0.0,,cup_and_handle/images/no_pattern/2024/05/cup_and_handle__2024-05-16__0051942.png,,2024-05-16,51743,51942,2024-05-06T08:00:00+00:00,2024-05-16T23:00:00+00:00,,,,,,,,,,,,,No rule-based candidate at this daily endpoint,rule_candidate,pending
cup_and_handle__2024-05-17__0051965,cup_and_handle,0,no_pattern,neutral,0.0,,cup_and_handle/images/no_pattern/2024/05/cup_and_handle__2024-05-17__0051965.png,,2024-05-17,51766,51965,2024-05-07T08:00:00+00:00,2024-05-17T23:00:00+00:00,,,,,,,,,,,,,No rule-based candidate at this daily endpoint,rule_candidate,pending
cup_and_handle__2024-05-20__0051988,cup_and_handle,0,no_pattern,neutral,0.0,,cup_and_handle/images/no_pattern/2024/05/cup_and_handle__2024-05-20__0051988.png,,2024-05-20,51789,51988,2024-05-08T08:00:00+00:00,2024-05-20T23:00:00+00:00,,,,,,,,,,,,,No rule-based candidate at this daily endpoint,rule_candidate,pending
cup_and_handle__2024-05-21__0052011,cup_and_handle,0,no_pattern,neutral,0.0,,cup_and_handle/images/no_pattern/2024/05/cup_and_handle__2024-05-21__0052011.png,,2024-05-21,51812,52011,2024-05-09T08:00:00+00:00,2024-05-21T23:00:00+00:00,,,,,,,,,,,,,No rule-based candidate at this daily endpoint,rule_candidate,pending
cup_and_handle__2024-05-22__0052034,cup_and_handle,0,no_pattern,neutral,0.0,,cup_and_handle/images/no_pattern/2024/05/cup_and_handle__2024-05-22__0052034.png,,2024-05-22,51835,52034,2024-05-10T08:00:00+00:00,2024-05-22T23:00:00+00:00,,,,,,,,,,,,,No rule-based candidate at this daily endpoint,rule_candidate,pending
cup_and_handle__2024-05-23__0052057,cup_and_handle,0,no_pattern,neutral,0.0,,cup_and_handle/images/no_pattern/2024/05/cup_and_handle__2024-05-23__0052057.png,,2024-05-23,51858,52057,2024-05-13T08:00:00+00:00,2024-05-23T23:00:00+00:00,,,,,,,,,,,,,No rule-based candidate at this daily endpoint,rule_candidate,pending
cup_and_handle__2024-05-24__0052080,cup_and_handle,0,no_pattern,neutral,0.0,,cup_and_handle/images/no_pattern/2024/05/cup_and_handle__2024-05-24__0052080.png,,2024-05-24,51881,52080,2024-05-14T08:00:00+00:00,2024-05-24T23:00:00+00:00,,,,,,,,,,,,,No rule-based candidate at this daily endpoint,rule_candidate,pending
cup_and_handle__2024-05-27__0052101,cup_and_handle,0,no_pattern,neutral,0.0,,cup_and_handle/images/no_pattern/2024/05/cup_and_handle__2024-05-27__0052101.png,,2024-05-27,51902,52101,2024-05-15T06:00:00+00:00,2024-05-27T21:00:00+00:00,,,,,,,,,,,,,No rule-based candidate at this daily endpoint,rule_candidate,pending
cup_and_handle__2024-05-28__0052124,cup_and_handle,0,no_pattern,neutral,0.0,,cup_and_handle/images/no_pattern/2024/05/cup_and_handle__2024-05-28__0052124.png,,2024-05-28,51925,52124,2024-05-16T06:00:00+00:00,2024-05-28T23:00:00+00:00,,,,,,,,,,,,,No rule-based candidate at this daily endpoint,rule_candidate,pending
cup_and_handle__2024-05-29__0052147,cup_and_handle,0,no_pattern,neutral,0.0,,cup_and_handle/images/no_pattern/2024/05/cup_and_handle__2024-05-29__0052147.png,,2024-05-29,51948,52147,2024-05-17T06:00:00+00:00,2024-05-29T23:00:00+00:00,,,,,,,,,,,,,No rule-based candidate at this daily endpoint,rule_candidate,pending
cup_and_handle__2024-05-30__0052170,cup_and_handle,0,no_pattern,neutral,0.0,,cup_and_handle/images/no_pattern/2024/05/cup_and_handle__2024-05-30__0052170.png,,2024-05-30,51971,52170,2024-05-20T06:00:00+00:00,2024-05-30T23:00:00+00:00,,,,,,,,,,,,,No rule-based candidate at this daily endpoint,rule_candidate,pending
cup_and_handle__2024-05-31__0052193,cup_and_handle,0,no_pattern,neutral,0.0,,cup_and_handle/images/no_pattern/2024/05/cup_and_handle__2024-05-31__0052193.png,,2024-05-31,51994,52193,2024-05-21T06:00:00+00:00,2024-05-31T23:00:00+00:00,,,,,,,,,,,,,No rule-based candidate at this daily endpoint,rule_candidate,pending
cup_and_handle__2024-06-03__0052216,cup_and_handle,0,no_pattern,neutral,0.0,,cup_and_handle/images/no_pattern/2024/06/cup_and_handle__2024-06-03__0052216.png,,2024-06-03,52017,52216,2024-05-22T06:00:00+00:00,2024-06-03T23:00:00+00:00,,,,,,,,,,,,,No rule-based candidate at this daily endpoint,rule_candidate,pending
cup_and_handle__2024-06-04__0052239,cup_and_handle,0,no_pattern,neutral,0.0,,cup_and_handle/images/no_pattern/2024/06/cup_and_handle__2024-06-04__0052239.png,,2024-06-04,52040,52239,2024-05-23T06:00:00+00:00,2024-06-04T23:00:00+00:00,,,,,,,,,,,,,No rule-based candidate at this daily endpoint,rule_candidate,pending
cup_and_handle__2024-06-05__0052262,cup_and_handle,0,no_pattern,neutral,0.0,,cup_and_handle/images/no_pattern/2024/06/cup_and_handle__2024-06-05__0052262.png,,2024-06-05,52063,52262,2024-05-24T06:00:00+00:00,2024-06-05T23:00:00+00:00,,,,,,,,,,,,,No rule-based candidate at this daily endpoint,rule_candidate,pending
cup_and_handle__2024-06-06__0052285,cup_and_handle,0,no_pattern,neutral,0.0,,cup_and_handle/images/no_pattern/2024/06/cup_and_handle__2024-06-06__0052285.png,,2024-06-06,52086,52285,2024-05-27T06:00:00+00:00,2024-06-06T23:00:00+00:00,,,,,,,,,,,,,No rule-based candidate at this daily endpoint,rule_candidate,pending
cup_and_handle__2024-06-07__0052308,cup_and_handle,0,no_pattern,neutral,0.0,,cup_and_handle/images/no_pattern/2024/06/cup_and_handle__2024-06-07__0052308.png,,2024-06-07,52109,52308,2024-05-28T08:00:00+00:00,2024-06-07T23:00:00+00:00,,,,,,,,,,,,,No rule-based candidate at this daily endpoint,rule_candidate,pending
cup_and_handle__2024-06-10__0052331,cup_and_handle,0,no_pattern,neutral,0.0,,cup_and_handle/images/no_pattern/2024/06/cup_and_handle__2024-06-10__0052331.png,,2024-06-10,52132,52331,2024-05-29T08:00:00+00:00,2024-06-10T23:00:00+00:00,,,,,,,,,,,,,No rule-based candidate at this daily endpoint,rule_candidate,pending
cup_and_handle__2024-06-11__0052354,cup_and_handle,0,no_pattern,neutral,0.0,,cup_and_handle/images/no_pattern/2024/06/cup_and_handle__2024-06-11__0052354.png,,2024-06-11,52155,52354,2024-05-30T08:00:00+00:00,2024-06-11T23:00:00+00:00,,,,,,,,,,,,,No rule-based candidate at this daily endpoint,rule_candidate,pending
cup_and_handle__2024-06-12__0052377,cup_and_handle,0,no_pattern,neutral,0.0,,cup_and_handle/images/no_pattern/2024/06/cup_and_handle__2024-06-12__0052377.png,,2024-06-12,52178,52377,2024-05-31T08:00:00+00:00,2024-06-12T23:00:00+00:00,,,,,,,,,,,,,No rule-based candidate at this daily endpoint,rule_candidate,pending
cup_and_handle__2024-06-13__0052400,cup_and_handle,0,no_pattern,neutral,0.0,,cup_and_handle/images/no_pattern/2024/06/cup_and_handle__2024-06-13__0052400.png,,2024-06-13,52201,52400,2024-06-03T08:00:00+00:00,2024-06-13T23:00:00+00:00,,,,,,,,,,,,,No rule-based candidate at this daily endpoint,rule_candidate,pending
cup_and_handle__2024-06-14__0052423,cup_and_handle,0,no_pattern,neutral,0.0,,cup_and_handle/images/no_pattern/2024/06/cup_and_handle__2024-06-14__0052423.png,,2024-06-14,52224,52423,2024-06-04T08:00:00+00:00,2024-06-14T23:00:00+00:00,,,,,,,,,,,,,No rule-based candidate at this daily endpoint,rule_candidate,pending
cup_and_handle__2024-06-17__0052446,cup_and_handle,0,no_pattern,neutral,0.0,,cup_and_handle/images/no_pattern/2024/06/cup_and_handle__2024-06-17__0052446.png,,2024-06-17,52247,52446,2024-06-05T08:00:00+00:00,2024-06-17T23:00:00+00:00,,,,,,,,,,,,,No rule-based candidate at this daily endpoint,rule_candidate,pending
cup_and_handle__2024-06-18__0052469,cup_and_handle,0,no_pattern,neutral,0.0,,cup_and_handle/images/no_pattern/2024/06/cup_and_handle__2024-06-18__0052469.png,,2024-06-18,52270,52469,2024-06-06T08:00:00+00:00,2024-06-18T23:00:00+00:00,,,,,,,,,,,,,No rule-based candidate at this daily endpoint,rule_candidate,pending
cup_and_handle__2024-06-19__0052490,cup_and_handle,1,forming,bullish,0.54,80.0,cup_and_handle/images/forming/2024/06/cup_and_handle__2024-06-19__0052490.png,,2024-06-19,52291,52490,2024-06-07T06:00:00+00:00,2024-06-19T21:00:00+00:00,52411.0,52490.0,2024-06-14T11:00:00+00:00,2024-06-19T21:00:00+00:00,,,2328.9975,2307.2501785714285,2372.492142857143,2.0,2328.9975,3.719285714285693,Cup and handle rounded base with shallow handle,rule_candidate,pending
cup_and_handle__2024-06-20__0052513,cup_and_handle,0,no_pattern,neutral,0.0,,cup_and_handle/images/no_pattern/2024/06/cup_and_handle__2024-06-20__0052513.png,,2024-06-20,52314,52513,2024-06-10T06:00:00+00:00,2024-06-20T23:00:00+00:00,,,,,,,,,,,,,No rule-based candidate at this daily endpoint,rule_candidate,pending
cup_and_handle__2024-06-21__0052536,cup_and_handle,0,no_pattern,neutral,0.0,,cup_and_handle/images/no_pattern/2024/06/cup_and_handle__2024-06-21__0052536.png,,2024-06-21,52337,52536,2024-06-11T06:00:00+00:00,2024-06-21T23:00:00+00:00,,,,,,,,,,,,,No rule-based candidate at this daily endpoint,rule_candidate,pending
cup_and_handle__2024-06-24__0052559,cup_and_handle,0,no_pattern,neutral,0.0,,cup_and_handle/images/no_pattern/2024/06/cup_and_handle__2024-06-24__0052559.png,,2024-06-24,52360,52559,2024-06-12T06:00:00+00:00,2024-06-24T23:00:00+00:00,,,,,,,,,,,,,No rule-based candidate at this daily endpoint,rule_candidate,pending
cup_and_handle__2024-06-25__0052582,cup_and_handle,0,no_pattern,neutral,0.0,,cup_and_handle/images/no_pattern/2024/06/cup_and_handle__2024-06-25__0052582.png,,2024-06-25,52383,52582,2024-06-13T06:00:00+00:00,2024-06-25T23:00:00+00:00,,,,,,,,,,,,,No rule-based candidate at this daily endpoint,rule_candidate,pending
cup_and_handle__2024-06-26__0052605,cup_and_handle,0,no_pattern,neutral,0.0,,cup_and_handle/images/no_pattern/2024/06/cup_and_handle__2024-06-26__0052605.png,,2024-06-26,52406,52605,2024-06-14T06:00:00+00:00,2024-06-26T23:00:00+00:00,,,,,,,,,,,,,No rule-based candidate at this daily endpoint,rule_candidate,pending
cup_and_handle__2024-06-27__0052628,cup_and_handle,0,no_pattern,neutral,0.0,,cup_and_handle/images/no_pattern/2024/06/cup_and_handle__2024-06-27__0052628.png,,2024-06-27,52429,52628,2024-06-17T06:00:00+00:00,2024-06-27T23:00:00+00:00,,,,,,,,,,,,,No rule-based candidate at this daily endpoint,rule_candidate,pending
cup_and_handle__2024-06-28__0052651,cup_and_handle,0,no_pattern,neutral,0.0,,cup_and_handle/images/no_pattern/2024/06/cup_and_handle__2024-06-28__0052651.png,,2024-06-28,52452,52651,2024-06-18T06:00:00+00:00,2024-06-28T23:00:00+00:00,,,,,,,,,,,,,No rule-based candidate at this daily endpoint,rule_candidate,pending
cup_and_handle__2024-07-01__0052674,cup_and_handle,1,confirmed,bullish,0.66,120.0,cup_and_handle/images/confirmed/2024/07/cup_and_handle__2024-07-01__0052674.png,,2024-07-01,52475,52674,2024-06-19T06:00:00+00:00,2024-07-01T23:00:00+00:00,52555.0,52674.0,2024-06-24T19:00:00+00:00,2024-07-01T23:00:00+00:00,52674.0,2024-07-01T23:00:00+00:00,2331.58,2294.7883928571428,2405.1632142857143,2.0,2329.6200000000003,5.726428571428512,Cup and handle rounded base with shallow handle,rule_candidate,pending
cup_and_handle__2024-07-02__0052697,cup_and_handle,1,confirmed,bullish,0.66,160.0,cup_and_handle/images/confirmed/2024/07/cup_and_handle__2024-07-02__0052697.png,,2024-07-02,52498,52697,2024-06-20T08:00:00+00:00,2024-07-02T23:00:00+00:00,52538.0,52697.0,2024-06-24T02:00:00+00:00,2024-07-02T23:00:00+00:00,52697.0,2024-07-02T23:00:00+00:00,2329.18,2294.705357142857,2398.1292857142857,2.0,2327.6158333333333,6.058571428571407,Cup and handle rounded base with shallow handle,rule_candidate,pending
cup_and_handle__2024-07-03__0052720,cup_and_handle,0,no_pattern,neutral,0.0,,cup_and_handle/images/no_pattern/2024/07/cup_and_handle__2024-07-03__0052720.png,,2024-07-03,52521,52720,2024-06-21T08:00:00+00:00,2024-07-03T23:00:00+00:00,,,,,,,,,,,,,No rule-based candidate at this daily endpoint,rule_candidate,pending
cup_and_handle__2024-07-04__0052741,cup_and_handle,0,no_pattern,neutral,0.0,,cup_and_handle/images/no_pattern/2024/07/cup_and_handle__2024-07-04__0052741.png,,2024-07-04,52542,52741,2024-06-24T06:00:00+00:00,2024-07-04T21:00:00+00:00,,,,,,,,,,,,,No rule-based candidate at this daily endpoint,rule_candidate,pending
cup_and_handle__2024-07-05__0052764,cup_and_handle,0,no_pattern,neutral,0.0,,cup_and_handle/images/no_pattern/2024/07/cup_and_handle__2024-07-05__0052764.png,,2024-07-05,52565,52764,2024-06-25T06:00:00+00:00,2024-07-05T23:00:00+00:00,,,,,,,,,,,,,No rule-based candidate at this daily endpoint,rule_candidate,pending
cup_and_handle__2024-07-08__0052787,cup_and_handle,0,no_pattern,neutral,0.0,,cup_and_handle/images/no_pattern/2024/07/cup_and_handle__2024-07-08__0052787.png,,2024-07-08,52588,52787,2024-06-26T06:00:00+00:00,2024-07-08T23:00:00+00:00,,,,,,,,,,,,,No rule-based candidate at this daily endpoint,rule_candidate,pending
cup_and_handle__2024-07-09__0052810,cup_and_handle,0,no_pattern,neutral,0.0,,cup_and_handle/images/no_pattern/2024/07/cup_and_handle__2024-07-09__0052810.png,,2024-07-09,52611,52810,2024-06-27T06:00:00+00:00,2024-07-09T23:00:00+00:00,,,,,,,,,,,,,No rule-based candidate at this daily endpoint,rule_candidate,pending
cup_and_handle__2024-07-10__0052833,cup_and_handle,0,no_pattern,neutral,0.0,,cup_and_handle/images/no_pattern/2024/07/cup_and_handle__2024-07-10__0052833.png,,2024-07-10,52634,52833,2024-06-28T06:00:00+00:00,2024-07-10T23:00:00+00:00,,,,,,,,,,,,,No rule-based candidate at this daily endpoint,rule_candidate,pending
cup_and_handle__2024-07-11__0052856,cup_and_handle,0,no_pattern,neutral,0.0,,cup_and_handle/images/no_pattern/2024/07/cup_and_handle__2024-07-11__0052856.png,,2024-07-11,52657,52856,2024-07-01T06:00:00+00:00,2024-07-11T23:00:00+00:00,,,,,,,,,,,,,No rule-based candidate at this daily endpoint,rule_candidate,pending
cup_and_handle__2024-07-12__0052879,cup_and_handle,0,no_pattern,neutral,0.0,,cup_and_handle/images/no_pattern/2024/07/cup_and_handle__2024-07-12__0052879.png,,2024-07-12,52680,52879,2024-07-02T06:00:00+00:00,2024-07-12T23:00:00+00:00,,,,,,,,,,,,,No rule-based candidate at this daily endpoint,rule_candidate,pending
cup_and_handle__2024-07-15__0052902,cup_and_handle,0,no_pattern,neutral,0.0,,cup_and_handle/images/no_pattern/2024/07/cup_and_handle__2024-07-15__0052902.png,,2024-07-15,52703,52902,2024-07-03T06:00:00+00:00,2024-07-15T23:00:00+00:00,,,,,,,,,,,,,No rule-based candidate at this daily endpoint,rule_candidate,pending
cup_and_handle__2024-07-16__0052925,cup_and_handle,0,no_pattern,neutral,0.0,,cup_and_handle/images/no_pattern/2024/07/cup_and_handle__2024-07-16__0052925.png,,2024-07-16,52726,52925,2024-07-04T06:00:00+00:00,2024-07-16T23:00:00+00:00,,,,,,,,,,,,,No rule-based candidate at this daily endpoint,rule_candidate,pending
cup_and_handle__2024-07-17__0052948,cup_and_handle,0,no_pattern,neutral,0.0,,cup_and_handle/images/no_pattern/2024/07/cup_and_handle__2024-07-17__0052948.png,,2024-07-17,52749,52948,2024-07-05T08:00:00+00:00,2024-07-17T23:00:00+00:00,,,,,,,,,,,,,No rule-based candidate at this daily endpoint,rule_candidate,pending
cup_and_handle__2024-07-18__0052971,cup_and_handle,0,no_pattern,neutral,0.0,,cup_and_handle/images/no_pattern/2024/07/cup_and_handle__2024-07-18__0052971.png,,2024-07-18,52772,52971,2024-07-08T08:00:00+00:00,2024-07-18T23:00:00+00:00,,,,,,,,,,,,,No rule-based candidate at this daily endpoint,rule_candidate,pending
cup_and_handle__2024-07-19__0052994,cup_and_handle,0,no_pattern,neutral,0.0,,cup_and_handle/images/no_pattern/2024/07/cup_and_handle__2024-07-19__0052994.png,,2024-07-19,52795,52994,2024-07-09T08:00:00+00:00,2024-07-19T23:00:00+00:00,,,,,,,,,,,,,No rule-based candidate at this daily endpoint,rule_candidate,pending
cup_and_handle__2024-07-22__0053017,cup_and_handle,0,no_pattern,neutral,0.0,,cup_and_handle/images/no_pattern/2024/07/cup_and_handle__2024-07-22__0053017.png,,2024-07-22,52818,53017,2024-07-10T08:00:00+00:00,2024-07-22T23:00:00+00:00,,,,,,,,,,,,,No rule-based candidate at this daily endpoint,rule_candidate,pending
cup_and_handle__2024-07-23__0053040,cup_and_handle,1,confirmed,bullish,0.66,48.0,cup_and_handle/images/confirmed/2024/07/cup_and_handle__2024-07-23__0053040.png,,2024-07-23,52841,53040,2024-07-11T08:00:00+00:00,2024-07-23T23:00:00+00:00,52993.0,53040.0,2024-07-19T22:00:00+00:00,2024-07-23T23:00:00+00:00,53040.0,2024-07-23T23:00:00+00:00,2409.34,2384.702857142857,2458.614285714287,2.0,2405.941428571429,5.74857142857143,Cup and handle rounded base with shallow handle,rule_candidate,pending
cup_and_handle__2024-07-24__0053063,cup_and_handle,0,no_pattern,neutral,0.0,,cup_and_handle/images/no_pattern/2024/07/cup_and_handle__2024-07-24__0053063.png,,2024-07-24,52864,53063,2024-07-12T08:00:00+00:00,2024-07-24T23:00:00+00:00,,,,,,,,,,,,,No rule-based candidate at this daily endpoint,rule_candidate,pending
cup_and_handle__2024-07-25__0053086,cup_and_handle,0,no_pattern,neutral,0.0,,cup_and_handle/images/no_pattern/2024/07/cup_and_handle__2024-07-25__0053086.png,,2024-07-25,52887,53086,2024-07-15T08:00:00+00:00,2024-07-25T23:00:00+00:00,,,,,,,,,,,,,No rule-based candidate at this daily endpoint,rule_candidate,pending
cup_and_handle__2024-07-26__0053109,cup_and_handle,0,no_pattern,neutral,0.0,,cup_and_handle/images/no_pattern/2024/07/cup_and_handle__2024-07-26__0053109.png,,2024-07-26,52910,53109,2024-07-16T08:00:00+00:00,2024-07-26T23:00:00+00:00,,,,,,,,,,,,,No rule-based candidate at this daily endpoint,rule_candidate,pending
cup_and_handle__2024-07-29__0053132,cup_and_handle,0,no_pattern,neutral,0.0,,cup_and_handle/images/no_pattern/2024/07/cup_and_handle__2024-07-29__0053132.png,,2024-07-29,52933,53132,2024-07-17T08:00:00+00:00,2024-07-29T23:00:00+00:00,,,,,,,,,,,,,No rule-based candidate at this daily endpoint,rule_candidate,pending
cup_and_handle__2024-07-30__0053155,cup_and_handle,0,no_pattern,neutral,0.0,,cup_and_handle/images/no_pattern/2024/07/cup_and_handle__2024-07-30__0053155.png,,2024-07-30,52956,53155,2024-07-18T08:00:00+00:00,2024-07-30T23:00:00+00:00,,,,,,,,,,,,,No rule-based candidate at this daily endpoint,rule_candidate,pending
cup_and_handle__2024-07-31__0053178,cup_and_handle,0,no_pattern,neutral,0.0,,cup_and_handle/images/no_pattern/2024/07/cup_and_handle__2024-07-31__0053178.png,,2024-07-31,52979,53178,2024-07-19T08:00:00+00:00,2024-07-31T23:00:00+00:00,,,,,,,,,,,,,No rule-based candidate at this daily endpoint,rule_candidate,pending
cup_and_handle__2024-08-01__0053201,cup_and_handle,0,no_pattern,neutral,0.0,,cup_and_handle/images/no_pattern/2024/08/cup_and_handle__2024-08-01__0053201.png,,2024-08-01,53002,53201,2024-07-22T08:00:00+00:00,2024-08-01T23:00:00+00:00,,,,,,,,,,,,,No rule-based candidate at this daily endpoint,rule_candidate,pending
cup_and_handle__2024-08-02__0053224,cup_and_handle,0,no_pattern,neutral,0.0,,cup_and_handle/images/no_pattern/2024/08/cup_and_handle__2024-08-02__0053224.png,,2024-08-02,53025,53224,2024-07-23T08:00:00+00:00,2024-08-02T23:00:00+00:00,,,,,,,,,,,,,No rule-based candidate at this daily endpoint,rule_candidate,pending
cup_and_handle__2024-08-05__0053247,cup_and_handle,0,no_pattern,neutral,0.0,,cup_and_handle/images/no_pattern/2024/08/cup_and_handle__2024-08-05__0053247.png,,2024-08-05,53048,53247,2024-07-24T08:00:00+00:00,2024-08-05T23:00:00+00:00,,,,,,,,,,,,,No rule-based candidate at this daily endpoint,rule_candidate,pending
cup_and_handle__2024-08-06__0053270,cup_and_handle,0,no_pattern,neutral,0.0,,cup_and_handle/images/no_pattern/2024/08/cup_and_handle__2024-08-06__0053270.png,,2024-08-06,53071,53270,2024-07-25T08:00:00+00:00,2024-08-06T23:00:00+00:00,,,,,,,,,,,,,No rule-based candidate at this daily endpoint,rule_candidate,pending
cup_and_handle__2024-08-07__0053293,cup_and_handle,0,no_pattern,neutral,0.0,,cup_and_handle/images/no_pattern/2024/08/cup_and_handle__2024-08-07__0053293.png,,2024-08-07,53094,53293,2024-07-26T08:00:00+00:00,2024-08-07T23:00:00+00:00,,,,,,,,,,,,,No rule-based candidate at this daily endpoint,rule_candidate,pending
cup_and_handle__2024-08-08__0053316,cup_and_handle,0,no_pattern,neutral,0.0,,cup_and_handle/images/no_pattern/2024/08/cup_and_handle__2024-08-08__0053316.png,,2024-08-08,53117,53316,2024-07-29T08:00:00+00:00,2024-08-08T23:00:00+00:00,,,,,,,,,,,,,No rule-based candidate at this daily endpoint,rule_candidate,pending
cup_and_handle__2024-08-09__0053339,cup_and_handle,0,no_pattern,neutral,0.0,,cup_and_handle/images/no_pattern/2024/08/cup_and_handle__2024-08-09__0053339.png,,2024-08-09,53140,53339,2024-07-30T08:00:00+00:00,2024-08-09T23:00:00+00:00,,,,,,,,,,,,,No rule-based candidate at this daily endpoint,rule_candidate,pending
cup_and_handle__2024-08-12__0053362,cup_and_handle,0,no_pattern,neutral,0.0,,cup_and_handle/images/no_pattern/2024/08/cup_and_handle__2024-08-12__0053362.png,,2024-08-12,53163,53362,2024-07-31T08:00:00+00:00,2024-08-12T23:00:00+00:00,,,,,,,,,,,,,No rule-based candidate at this daily endpoint,rule_candidate,pending
cup_and_handle__2024-08-13__0053385,cup_and_handle,0,no_pattern,neutral,0.0,,cup_and_handle/images/no_pattern/2024/08/cup_and_handle__2024-08-13__0053385.png,,2024-08-13,53186,53385,2024-08-01T08:00:00+00:00,2024-08-13T23:00:00+00:00,,,,,,,,,,,,,No rule-based candidate at this daily endpoint,rule_candidate,pending
cup_and_handle__2024-08-14__0053408,cup_and_handle,0,no_pattern,neutral,0.0,,cup_and_handle/images/no_pattern/2024/08/cup_and_handle__2024-08-14__0053408.png,,2024-08-14,53209,53408,2024-08-02T08:00:00+00:00,2024-08-14T23:00:00+00:00,,,,,,,,,,,,,No rule-based candidate at this daily endpoint,rule_candidate,pending
cup_and_handle__2024-08-15__0053431,cup_and_handle,0,no_pattern,neutral,0.0,,cup_and_handle/images/no_pattern/2024/08/cup_and_handle__2024-08-15__0053431.png,,2024-08-15,53232,53431,2024-08-05T08:00:00+00:00,2024-08-15T23:00:00+00:00,,,,,,,,,,,,,No rule-based candidate at this daily endpoint,rule_candidate,pending
cup_and_handle__2024-08-16__0053454,cup_and_handle,0,no_pattern,neutral,0.0,,cup_and_handle/images/no_pattern/2024/08/cup_and_handle__2024-08-16__0053454.png,,2024-08-16,53255,53454,2024-08-06T08:00:00+00:00,2024-08-16T23:00:00+00:00,,,,,,,,,,,,,No rule-based candidate at this daily endpoint,rule_candidate,pending
cup_and_handle__2024-08-19__0053477,cup_and_handle,0,no_pattern,neutral,0.0,,cup_and_handle/images/no_pattern/2024/08/cup_and_handle__2024-08-19__0053477.png,,2024-08-19,53278,53477,2024-08-07T08:00:00+00:00,2024-08-19T23:00:00+00:00,,,,,,,,,,,,,No rule-based candidate at this daily endpoint,rule_candidate,pending
cup_and_handle__2024-08-20__0053500,cup_and_handle,0,no_pattern,neutral,0.0,,cup_and_handle/images/no_pattern/2024/08/cup_and_handle__2024-08-20__0053500.png,,2024-08-20,53301,53500,2024-08-08T08:00:00+00:00,2024-08-20T23:00:00+00:00,,,,,,,,,,,,,No rule-based candidate at this daily endpoint,rule_candidate,pending
cup_and_handle__2024-08-21__0053523,cup_and_handle,0,no_pattern,neutral,0.0,,cup_and_handle/images/no_pattern/2024/08/cup_and_handle__2024-08-21__0053523.png,,2024-08-21,53324,53523,2024-08-09T08:00:00+00:00,2024-08-21T23:00:00+00:00,,,,,,,,,,,,,No rule-based candidate at this daily endpoint,rule_candidate,pending
cup_and_handle__2024-08-22__0053546,cup_and_handle,0,no_pattern,neutral,0.0,,cup_and_handle/images/no_pattern/2024/08/cup_and_handle__2024-08-22__0053546.png,,2024-08-22,53347,53546,2024-08-12T08:00:00+00:00,2024-08-22T23:00:00+00:00,,,,,,,,,,,,,No rule-based candidate at this daily endpoint,rule_candidate,pending
cup_and_handle__2024-08-23__0053569,cup_and_handle,0,no_pattern,neutral,0.0,,cup_and_handle/images/no_pattern/2024/08/cup_and_handle__2024-08-23__0053569.png,,2024-08-23,53370,53569,2024-08-13T08:00:00+00:00,2024-08-23T23:00:00+00:00,,,,,,,,,,,,,No rule-based candidate at this daily endpoint,rule_candidate,pending
cup_and_handle__2024-08-26__0053592,cup_and_handle,0,no_pattern,neutral,0.0,,cup_and_handle/images/no_pattern/2024/08/cup_and_handle__2024-08-26__0053592.png,,2024-08-26,53393,53592,2024-08-14T08:00:00+00:00,2024-08-26T23:00:00+00:00,,,,,,,,,,,,,No rule-based candidate at this daily endpoint,rule_candidate,pending
cup_and_handle__2024-08-27__0053615,cup_and_handle,1,confirmed,bullish,0.66,120.0,cup_and_handle/images/confirmed/2024/08/cup_and_handle__2024-08-27__0053615.png,,2024-08-27,53416,53615,2024-08-15T08:00:00+00:00,2024-08-27T23:00:00+00:00,53496.0,53615.0,2024-08-20T19:00:00+00:00,2024-08-27T23:00:00+00:00,53615.0,2024-08-27T23:00:00+00:00,2524.57,2478.263214285714,2617.183571428572,2.0,2516.448888888889,6.82714285714295,Cup and handle rounded base with shallow handle,rule_candidate,pending
cup_and_handle__2024-08-28__0053638,cup_and_handle,0,no_pattern,neutral,0.0,,cup_and_handle/images/no_pattern/2024/08/cup_and_handle__2024-08-28__0053638.png,,2024-08-28,53439,53638,2024-08-16T08:00:00+00:00,2024-08-28T23:00:00+00:00,,,,,,,,,,,,,No rule-based candidate at this daily endpoint,rule_candidate,pending
cup_and_handle__2024-08-29__0053661,cup_and_handle,0,no_pattern,neutral,0.0,,cup_and_handle/images/no_pattern/2024/08/cup_and_handle__2024-08-29__0053661.png,,2024-08-29,53462,53661,2024-08-19T08:00:00+00:00,2024-08-29T23:00:00+00:00,,,,,,,,,,,,,No rule-based candidate at this daily endpoint,rule_candidate,pending
cup_and_handle__2024-08-30__0053684,cup_and_handle,0,no_pattern,neutral,0.0,,cup_and_handle/images/no_pattern/2024/08/cup_and_handle__2024-08-30__0053684.png,,2024-08-30,53485,53684,2024-08-20T08:00:00+00:00,2024-08-30T23:00:00+00:00,,,,,,,,,,,,,No rule-based candidate at this daily endpoint,rule_candidate,pending
cup_and_handle__2024-09-02__0053705,cup_and_handle,0,no_pattern,neutral,0.0,,cup_and_handle/images/no_pattern/2024/09/cup_and_handle__2024-09-02__0053705.png,,2024-09-02,53506,53705,2024-08-21T06:00:00+00:00,2024-09-02T21:00:00+00:00,,,,,,,,,,,,,No rule-based candidate at this daily endpoint,rule_candidate,pending
cup_and_handle__2024-09-03__0053728,cup_and_handle,0,no_pattern,neutral,0.0,,cup_and_handle/images/no_pattern/2024/09/cup_and_handle__2024-09-03__0053728.png,,2024-09-03,53529,53728,2024-08-22T06:00:00+00:00,2024-09-03T23:00:00+00:00,,,,,,,,,,,,,No rule-based candidate at this daily endpoint,rule_candidate,pending
cup_and_handle__2024-09-04__0053751,cup_and_handle,0,no_pattern,neutral,0.0,,cup_and_handle/images/no_pattern/2024/09/cup_and_handle__2024-09-04__0053751.png,,2024-09-04,53552,53751,2024-08-23T06:00:00+00:00,2024-09-04T23:00:00+00:00,,,,,,,,,,,,,No rule-based candidate at this daily endpoint,rule_candidate,pending
cup_and_handle__2024-09-05__0053774,cup_and_handle,0,no_pattern,neutral,0.0,,cup_and_handle/images/no_pattern/2024/09/cup_and_handle__2024-09-05__0053774.png,,2024-09-05,53575,53774,2024-08-26T06:00:00+00:00,2024-09-05T23:00:00+00:00,,,,,,,,,,,,,No rule-based candidate at this daily endpoint,rule_candidate,pending
cup_and_handle__2024-09-06__0053797,cup_and_handle,0,no_pattern,neutral,0.0,,cup_and_handle/images/no_pattern/2024/09/cup_and_handle__2024-09-06__0053797.png,,2024-09-06,53598,53797,2024-08-27T06:00:00+00:00,2024-09-06T23:00:00+00:00,,,,,,,,,,,,,No rule-based candidate at this daily endpoint,rule_candidate,pending
cup_and_handle__2024-09-09__0053820,cup_and_handle,0,no_pattern,neutral,0.0,,cup_and_handle/images/no_pattern/2024/09/cup_and_handle__2024-09-09__0053820.png,,2024-09-09,53621,53820,2024-08-28T06:00:00+00:00,2024-09-09T23:00:00+00:00,,,,,,,,,,,,,No rule-based candidate at this daily endpoint,rule_candidate,pending
cup_and_handle__2024-09-10__0053843,cup_and_handle,0,no_pattern,neutral,0.0,,cup_and_handle/images/no_pattern/2024/09/cup_and_handle__2024-09-10__0053843.png,,2024-09-10,53644,53843,2024-08-29T06:00:00+00:00,2024-09-10T23:00:00+00:00,,,,,,,,,,,,,No rule-based candidate at this daily endpoint,rule_candidate,pending
cup_and_handle__2024-09-11__0053866,cup_and_handle,0,no_pattern,neutral,0.0,,cup_and_handle/images/no_pattern/2024/09/cup_and_handle__2024-09-11__0053866.png,,2024-09-11,53667,53866,2024-08-30T06:00:00+00:00,2024-09-11T23:00:00+00:00,,,,,,,,,,,,,No rule-based candidate at this daily endpoint,rule_candidate,pending
cup_and_handle__2024-09-12__0053889,cup_and_handle,0,no_pattern,neutral,0.0,,cup_and_handle/images/no_pattern/2024/09/cup_and_handle__2024-09-12__0053889.png,,2024-09-12,53690,53889,2024-09-02T06:00:00+00:00,2024-09-12T23:00:00+00:00,,,,,,,,,,,,,No rule-based candidate at this daily endpoint,rule_candidate,pending
cup_and_handle__2024-09-13__0053912,cup_and_handle,0,no_pattern,neutral,0.0,,cup_and_handle/images/no_pattern/2024/09/cup_and_handle__2024-09-13__0053912.png,,2024-09-13,53713,53912,2024-09-03T08:00:00+00:00,2024-09-13T23:00:00+00:00,,,,,,,,,,,,,No rule-based candidate at this daily endpoint,rule_candidate,pending
cup_and_handle__2024-09-16__0053935,cup_and_handle,0,no_pattern,neutral,0.0,,cup_and_handle/images/no_pattern/2024/09/cup_and_handle__2024-09-16__0053935.png,,2024-09-16,53736,53935,2024-09-04T08:00:00+00:00,2024-09-16T23:00:00+00:00,,,,,,,,,,,,,No rule-based candidate at this daily endpoint,rule_candidate,pending
cup_and_handle__2024-09-17__0053958,cup_and_handle,0,no_pattern,neutral,0.0,,cup_and_handle/images/no_pattern/2024/09/cup_and_handle__2024-09-17__0053958.png,,2024-09-17,53759,53958,2024-09-05T08:00:00+00:00,2024-09-17T23:00:00+00:00,,,,,,,,,,,,,No rule-based candidate at this daily endpoint,rule_candidate,pending
cup_and_handle__2024-09-18__0053981,cup_and_handle,0,no_pattern,neutral,0.0,,cup_and_handle/images/no_pattern/2024/09/cup_and_handle__2024-09-18__0053981.png,,2024-09-18,53782,53981,2024-09-06T08:00:00+00:00,2024-09-18T23:00:00+00:00,,,,,,,,,,,,,No rule-based candidate at this daily endpoint,rule_candidate,pending
cup_and_handle__2024-09-19__0054004,cup_and_handle,0,no_pattern,neutral,0.0,,cup_and_handle/images/no_pattern/2024/09/cup_and_handle__2024-09-19__0054004.png,,2024-09-19,53805,54004,2024-09-09T08:00:00+00:00,2024-09-19T23:00:00+00:00,,,,,,,,,,,,,No rule-based candidate at this daily endpoint,rule_candidate,pending
cup_and_handle__2024-09-20__0054027,cup_and_handle,0,no_pattern,neutral,0.0,,cup_and_handle/images/no_pattern/2024/09/cup_and_handle__2024-09-20__0054027.png,,2024-09-20,53828,54027,2024-09-10T08:00:00+00:00,2024-09-20T23:00:00+00:00,,,,,,,,,,,,,No rule-based candidate at this daily endpoint,rule_candidate,pending
cup_and_handle__2024-09-23__0054050,cup_and_handle,0,no_pattern,neutral,0.0,,cup_and_handle/images/no_pattern/2024/09/cup_and_handle__2024-09-23__0054050.png,,2024-09-23,53851,54050,2024-09-11T08:00:00+00:00,2024-09-23T23:00:00+00:00,,,,,,,,,,,,,No rule-based candidate at this daily endpoint,rule_candidate,pending
cup_and_handle__2024-09-24__0054073,cup_and_handle,0,no_pattern,neutral,0.0,,cup_and_handle/images/no_pattern/2024/09/cup_and_handle__2024-09-24__0054073.png,,2024-09-24,53874,54073,2024-09-12T08:00:00+00:00,2024-09-24T23:00:00+00:00,,,,,,,,,,,,,No rule-based candidate at this daily endpoint,rule_candidate,pending
cup_and_handle__2024-09-25__0054096,cup_and_handle,0,no_pattern,neutral,0.0,,cup_and_handle/images/no_pattern/2024/09/cup_and_handle__2024-09-25__0054096.png,,2024-09-25,53897,54096,2024-09-13T08:00:00+00:00,2024-09-25T23:00:00+00:00,,,,,,,,,,,,,No rule-based candidate at this daily endpoint,rule_candidate,pending
cup_and_handle__2024-09-26__0054119,cup_and_handle,0,no_pattern,neutral,0.0,,cup_and_handle/images/no_pattern/2024/09/cup_and_handle__2024-09-26__0054119.png,,2024-09-26,53920,54119,2024-09-16T08:00:00+00:00,2024-09-26T23:00:00+00:00,,,,,,,,,,,,,No rule-based candidate at this daily endpoint,rule_candidate,pending
cup_and_handle__2024-09-27__0054142,cup_and_handle,0,no_pattern,neutral,0.0,,cup_and_handle/images/no_pattern/2024/09/cup_and_handle__2024-09-27__0054142.png,,2024-09-27,53943,54142,2024-09-17T08:00:00+00:00,2024-09-27T23:00:00+00:00,,,,,,,,,,,,,No rule-based candidate at this daily endpoint,rule_candidate,pending
cup_and_handle__2024-09-30__0054165,cup_and_handle,0,no_pattern,neutral,0.0,,cup_and_handle/images/no_pattern/2024/09/cup_and_handle__2024-09-30__0054165.png,,2024-09-30,53966,54165,2024-09-18T08:00:00+00:00,2024-09-30T23:00:00+00:00,,,,,,,,,,,,,No rule-based candidate at this daily endpoint,rule_candidate,pending
cup_and_handle__2024-10-01__0054188,cup_and_handle,0,no_pattern,neutral,0.0,,cup_and_handle/images/no_pattern/2024/10/cup_and_handle__2024-10-01__0054188.png,,2024-10-01,53989,54188,2024-09-19T08:00:00+00:00,2024-10-01T23:00:00+00:00,,,,,,,,,,,,,No rule-based candidate at this daily endpoint,rule_candidate,pending
cup_and_handle__2024-10-02__0054211,cup_and_handle,0,no_pattern,neutral,0.0,,cup_and_handle/images/no_pattern/2024/10/cup_and_handle__2024-10-02__0054211.png,,2024-10-02,54012,54211,2024-09-20T08:00:00+00:00,2024-10-02T23:00:00+00:00,,,,,,,,,,,,,No rule-based candidate at this daily endpoint,rule_candidate,pending
cup_and_handle__2024-10-03__0054234,cup_and_handle,0,no_pattern,neutral,0.0,,cup_and_handle/images/no_pattern/2024/10/cup_and_handle__2024-10-03__0054234.png,,2024-10-03,54035,54234,2024-09-23T08:00:00+00:00,2024-10-03T23:00:00+00:00,,,,,,,,,,,,,No rule-based candidate at this daily endpoint,rule_candidate,pending
cup_and_handle__2024-10-04__0054257,cup_and_handle,0,no_pattern,neutral,0.0,,cup_and_handle/images/no_pattern/2024/10/cup_and_handle__2024-10-04__0054257.png,,2024-10-04,54058,54257,2024-09-24T08:00:00+00:00,2024-10-04T23:00:00+00:00,,,,,,,,,,,,,No rule-based candidate at this daily endpoint,rule_candidate,pending
cup_and_handle__2024-10-07__0054280,cup_and_handle,0,no_pattern,neutral,0.0,,cup_and_handle/images/no_pattern/2024/10/cup_and_handle__2024-10-07__0054280.png,,2024-10-07,54081,54280,2024-09-25T08:00:00+00:00,2024-10-07T23:00:00+00:00,,,,,,,,,,,,,No rule-based candidate at this daily endpoint,rule_candidate,pending
cup_and_handle__2024-10-08__0054303,cup_and_handle,0,no_pattern,neutral,0.0,,cup_and_handle/images/no_pattern/2024/10/cup_and_handle__2024-10-08__0054303.png,,2024-10-08,54104,54303,2024-09-26T08:00:00+00:00,2024-10-08T23:00:00+00:00,,,,,,,,,,,,,No rule-based candidate at this daily endpoint,rule_candidate,pending
cup_and_handle__2024-10-09__0054326,cup_and_handle,0,no_pattern,neutral,0.0,,cup_and_handle/images/no_pattern/2024/10/cup_and_handle__2024-10-09__0054326.png,,2024-10-09,54127,54326,2024-09-27T08:00:00+00:00,2024-10-09T23:00:00+00:00,,,,,,,,,,,,,No rule-based candidate at this daily endpoint,rule_candidate,pending
cup_and_handle__2024-10-10__0054349,cup_and_handle,0,no_pattern,neutral,0.0,,cup_and_handle/images/no_pattern/2024/10/cup_and_handle__2024-10-10__0054349.png,,2024-10-10,54150,54349,2024-09-30T08:00:00+00:00,2024-10-10T23:00:00+00:00,,,,,,,,,,,,,No rule-based candidate at this daily endpoint,rule_candidate,pending
cup_and_handle__2024-10-11__0054372,cup_and_handle,0,no_pattern,neutral,0.0,,cup_and_handle/images/no_pattern/2024/10/cup_and_handle__2024-10-11__0054372.png,,2024-10-11,54173,54372,2024-10-01T08:00:00+00:00,2024-10-11T23:00:00+00:00,,,,,,,,,,,,,No rule-based candidate at this daily endpoint,rule_candidate,pending
cup_and_handle__2024-10-14__0054395,cup_and_handle,0,no_pattern,neutral,0.0,,cup_and_handle/images/no_pattern/2024/10/cup_and_handle__2024-10-14__0054395.png,,2024-10-14,54196,54395,2024-10-02T08:00:00+00:00,2024-10-14T23:00:00+00:00,,,,,,,,,,,,,No rule-based candidate at this daily endpoint,rule_candidate,pending
cup_and_handle__2024-10-15__0054418,cup_and_handle,0,no_pattern,neutral,0.0,,cup_and_handle/images/no_pattern/2024/10/cup_and_handle__2024-10-15__0054418.png,,2024-10-15,54219,54418,2024-10-03T08:00:00+00:00,2024-10-15T23:00:00+00:00,,,,,,,,,,,,,No rule-based candidate at this daily endpoint,rule_candidate,pending
cup_and_handle__2024-10-16__0054441,cup_and_handle,0,no_pattern,neutral,0.0,,cup_and_handle/images/no_pattern/2024/10/cup_and_handle__2024-10-16__0054441.png,,2024-10-16,54242,54441,2024-10-04T08:00:00+00:00,2024-10-16T23:00:00+00:00,,,,,,,,,,,,,No rule-based candidate at this daily endpoint,rule_candidate,pending
cup_and_handle__2024-10-17__0054464,cup_and_handle,0,no_pattern,neutral,0.0,,cup_and_handle/images/no_pattern/2024/10/cup_and_handle__2024-10-17__0054464.png,,2024-10-17,54265,54464,2024-10-07T08:00:00+00:00,2024-10-17T23:00:00+00:00,,,,,,,,,,,,,No rule-based candidate at this daily endpoint,rule_candidate,pending
cup_and_handle__2024-10-18__0054487,cup_and_handle,0,no_pattern,neutral,0.0,,cup_and_handle/images/no_pattern/2024/10/cup_and_handle__2024-10-18__0054487.png,,2024-10-18,54288,54487,2024-10-08T08:00:00+00:00,2024-10-18T23:00:00+00:00,,,,,,,,,,,,,No rule-based candidate at this daily endpoint,rule_candidate,pending
cup_and_handle__2024-10-21__0054510,cup_and_handle,0,no_pattern,neutral,0.0,,cup_and_handle/images/no_pattern/2024/10/cup_and_handle__2024-10-21__0054510.png,,2024-10-21,54311,54510,2024-10-09T08:00:00+00:00,2024-10-21T23:00:00+00:00,,,,,,,,,,,,,No rule-based candidate at this daily endpoint,rule_candidate,pending
cup_and_handle__2024-10-22__0054533,cup_and_handle,0,no_pattern,neutral,0.0,,cup_and_handle/images/no_pattern/2024/10/cup_and_handle__2024-10-22__0054533.png,,2024-10-22,54334,54533,2024-10-10T08:00:00+00:00,2024-10-22T23:00:00+00:00,,,,,,,,,,,,,No rule-based candidate at this daily endpoint,rule_candidate,pending
cup_and_handle__2024-10-23__0054556,cup_and_handle,0,no_pattern,neutral,0.0,,cup_and_handle/images/no_pattern/2024/10/cup_and_handle__2024-10-23__0054556.png,,2024-10-23,54357,54556,2024-10-11T08:00:00+00:00,2024-10-23T23:00:00+00:00,,,,,,,,,,,,,No rule-based candidate at this daily endpoint,rule_candidate,pending
cup_and_handle__2024-10-24__0054579,cup_and_handle,0,no_pattern,neutral,0.0,,cup_and_handle/images/no_pattern/2024/10/cup_and_handle__2024-10-24__0054579.png,,2024-10-24,54380,54579,2024-10-14T08:00:00+00:00,2024-10-24T23:00:00+00:00,,,,,,,,,,,,,No rule-based candidate at this daily endpoint,rule_candidate,pending
cup_and_handle__2024-10-25__0054602,cup_and_handle,0,no_pattern,neutral,0.0,,cup_and_handle/images/no_pattern/2024/10/cup_and_handle__2024-10-25__0054602.png,,2024-10-25,54403,54602,2024-10-15T08:00:00+00:00,2024-10-25T23:00:00+00:00,,,,,,,,,,,,,No rule-based candidate at this daily endpoint,rule_candidate,pending
cup_and_handle__2024-10-28__0054625,cup_and_handle,1,confirmed,bullish,0.66,64.0,cup_and_handle/images/confirmed/2024/10/cup_and_handle__2024-10-28__0054625.png,,2024-10-28,54426,54625,2024-10-16T08:00:00+00:00,2024-10-28T22:00:00+00:00,54562.0,54625.0,2024-10-24T06:00:00+00:00,2024-10-28T22:00:00+00:00,54625.0,2024-10-28T22:00:00+00:00,2742.08,2718.0035714285714,2790.232857142857,2.0,2735.583333333333,5.385714285714228,Cup and handle rounded base with shallow handle,rule_candidate,pending
cup_and_handle__2024-10-29__0054648,cup_and_handle,0,no_pattern,neutral,0.0,,cup_and_handle/images/no_pattern/2024/10/cup_and_handle__2024-10-29__0054648.png,,2024-10-29,54449,54648,2024-10-17T08:00:00+00:00,2024-10-29T22:00:00+00:00,,,,,,,,,,,,,No rule-based candidate at this daily endpoint,rule_candidate,pending
cup_and_handle__2024-10-30__0054671,cup_and_handle,0,no_pattern,neutral,0.0,,cup_and_handle/images/no_pattern/2024/10/cup_and_handle__2024-10-30__0054671.png,,2024-10-30,54472,54671,2024-10-18T08:00:00+00:00,2024-10-30T22:00:00+00:00,,,,,,,,,,,,,No rule-based candidate at this daily endpoint,rule_candidate,pending
cup_and_handle__2024-10-31__0054694,cup_and_handle,0,no_pattern,neutral,0.0,,cup_and_handle/images/no_pattern/2024/10/cup_and_handle__2024-10-31__0054694.png,,2024-10-31,54495,54694,2024-10-21T08:00:00+00:00,2024-10-31T22:00:00+00:00,,,,,,,,,,,,,No rule-based candidate at this daily endpoint,rule_candidate,pending
cup_and_handle__2024-11-01__0054717,cup_and_handle,0,no_pattern,neutral,0.0,,cup_and_handle/images/no_pattern/2024/11/cup_and_handle__2024-11-01__0054717.png,,2024-11-01,54518,54717,2024-10-22T08:00:00+00:00,2024-11-01T22:00:00+00:00,,,,,,,,,,,,,No rule-based candidate at this daily endpoint,rule_candidate,pending
cup_and_handle__2024-11-04__0054740,cup_and_handle,0,no_pattern,neutral,0.0,,cup_and_handle/images/no_pattern/2024/11/cup_and_handle__2024-11-04__0054740.png,,2024-11-04,54541,54740,2024-10-23T08:00:00+00:00,2024-11-04T23:00:00+00:00,,,,,,,,,,,,,No rule-based candidate at this daily endpoint,rule_candidate,pending
cup_and_handle__2024-11-05__0054763,cup_and_handle,0,no_pattern,neutral,0.0,,cup_and_handle/images/no_pattern/2024/11/cup_and_handle__2024-11-05__0054763.png,,2024-11-05,54564,54763,2024-10-24T08:00:00+00:00,2024-11-05T23:00:00+00:00,,,,,,,,,,,,,No rule-based candidate at this daily endpoint,rule_candidate,pending
cup_and_handle__2024-11-06__0054786,cup_and_handle,0,no_pattern,neutral,0.0,,cup_and_handle/images/no_pattern/2024/11/cup_and_handle__2024-11-06__0054786.png,,2024-11-06,54587,54786,2024-10-25T08:00:00+00:00,2024-11-06T23:00:00+00:00,,,,,,,,,,,,,No rule-based candidate at this daily endpoint,rule_candidate,pending
cup_and_handle__2024-11-07__0054809,cup_and_handle,0,no_pattern,neutral,0.0,,cup_and_handle/images/no_pattern/2024/11/cup_and_handle__2024-11-07__0054809.png,,2024-11-07,54610,54809,2024-10-28T07:00:00+00:00,2024-11-07T23:00:00+00:00,,,,,,,,,,,,,No rule-based candidate at this daily endpoint,rule_candidate,pending
cup_and_handle__2024-11-08__0054832,cup_and_handle,0,no_pattern,neutral,0.0,,cup_and_handle/images/no_pattern/2024/11/cup_and_handle__2024-11-08__0054832.png,,2024-11-08,54633,54832,2024-10-29T07:00:00+00:00,2024-11-08T23:00:00+00:00,,,,,,,,,,,,,No rule-based candidate at this daily endpoint,rule_candidate,pending
cup_and_handle__2024-11-11__0054855,cup_and_handle,0,no_pattern,neutral,0.0,,cup_and_handle/images/no_pattern/2024/11/cup_and_handle__2024-11-11__0054855.png,,2024-11-11,54656,54855,2024-10-30T07:00:00+00:00,2024-11-11T23:00:00+00:00,,,,,,,,,,,,,No rule-based candidate at this daily endpoint,rule_candidate,pending
cup_and_handle__2024-11-12__0054878,cup_and_handle,0,no_pattern,neutral,0.0,,cup_and_handle/images/no_pattern/2024/11/cup_and_handle__2024-11-12__0054878.png,,2024-11-12,54679,54878,2024-10-31T07:00:00+00:00,2024-11-12T23:00:00+00:00,,,,,,,,,,,,,No rule-based candidate at this daily endpoint,rule_candidate,pending
cup_and_handle__2024-11-13__0054901,cup_and_handle,0,no_pattern,neutral,0.0,,cup_and_handle/images/no_pattern/2024/11/cup_and_handle__2024-11-13__0054901.png,,2024-11-13,54702,54901,2024-11-01T07:00:00+00:00,2024-11-13T23:00:00+00:00,,,,,,,,,,,,,No rule-based candidate at this daily endpoint,rule_candidate,pending
cup_and_handle__2024-11-14__0054924,cup_and_handle,0,no_pattern,neutral,0.0,,cup_and_handle/images/no_pattern/2024/11/cup_and_handle__2024-11-14__0054924.png,,2024-11-14,54725,54924,2024-11-04T08:00:00+00:00,2024-11-14T23:00:00+00:00,,,,,,,,,,,,,No rule-based candidate at this daily endpoint,rule_candidate,pending
cup_and_handle__2024-11-15__0054947,cup_and_handle,0,no_pattern,neutral,0.0,,cup_and_handle/images/no_pattern/2024/11/cup_and_handle__2024-11-15__0054947.png,,2024-11-15,54748,54947,2024-11-05T08:00:00+00:00,2024-11-15T23:00:00+00:00,,,,,,,,,,,,,No rule-based candidate at this daily endpoint,rule_candidate,pending
cup_and_handle__2024-11-18__0054970,cup_and_handle,0,no_pattern,neutral,0.0,,cup_and_handle/images/no_pattern/2024/11/cup_and_handle__2024-11-18__0054970.png,,2024-11-18,54771,54970,2024-11-06T08:00:00+00:00,2024-11-18T23:00:00+00:00,,,,,,,,,,,,,No rule-based candidate at this daily endpoint,rule_candidate,pending
cup_and_handle__2024-11-19__0054993,cup_and_handle,0,no_pattern,neutral,0.0,,cup_and_handle/images/no_pattern/2024/11/cup_and_handle__2024-11-19__0054993.png,,2024-11-19,54794,54993,2024-11-07T08:00:00+00:00,2024-11-19T23:00:00+00:00,,,,,,,,,,,,,No rule-based candidate at this daily endpoint,rule_candidate,pending
cup_and_handle__2024-11-20__0055016,cup_and_handle,0,no_pattern,neutral,0.0,,cup_and_handle/images/no_pattern/2024/11/cup_and_handle__2024-11-20__0055016.png,,2024-11-20,54817,55016,2024-11-08T08:00:00+00:00,2024-11-20T23:00:00+00:00,,,,,,,,,,,,,No rule-based candidate at this daily endpoint,rule_candidate,pending
cup_and_handle__2024-11-21__0055039,cup_and_handle,0,no_pattern,neutral,0.0,,cup_and_handle/images/no_pattern/2024/11/cup_and_handle__2024-11-21__0055039.png,,2024-11-21,54840,55039,2024-11-11T08:00:00+00:00,2024-11-21T23:00:00+00:00,,,,,,,,,,,,,No rule-based candidate at this daily endpoint,rule_candidate,pending
cup_and_handle__2024-11-22__0055062,cup_and_handle,0,no_pattern,neutral,0.0,,cup_and_handle/images/no_pattern/2024/11/cup_and_handle__2024-11-22__0055062.png,,2024-11-22,54863,55062,2024-11-12T08:00:00+00:00,2024-11-22T23:00:00+00:00,,,,,,,,,,,,,No rule-based candidate at this daily endpoint,rule_candidate,pending
cup_and_handle__2024-11-25__0055085,cup_and_handle,0,no_pattern,neutral,0.0,,cup_and_handle/images/no_pattern/2024/11/cup_and_handle__2024-11-25__0055085.png,,2024-11-25,54886,55085,2024-11-13T08:00:00+00:00,2024-11-25T23:00:00+00:00,,,,,,,,,,,,,No rule-based candidate at this daily endpoint,rule_candidate,pending
cup_and_handle__2024-11-26__0055108,cup_and_handle,0,no_pattern,neutral,0.0,,cup_and_handle/images/no_pattern/2024/11/cup_and_handle__2024-11-26__0055108.png,,2024-11-26,54909,55108,2024-11-14T08:00:00+00:00,2024-11-26T23:00:00+00:00,,,,,,,,,,,,,No rule-based candidate at this daily endpoint,rule_candidate,pending
cup_and_handle__2024-11-27__0055131,cup_and_handle,0,no_pattern,neutral,0.0,,cup_and_handle/images/no_pattern/2024/11/cup_and_handle__2024-11-27__0055131.png,,2024-11-27,54932,55131,2024-11-15T08:00:00+00:00,2024-11-27T23:00:00+00:00,,,,,,,,,,,,,No rule-based candidate at this daily endpoint,rule_candidate,pending
cup_and_handle__2024-11-28__0055152,cup_and_handle,0,no_pattern,neutral,0.0,,cup_and_handle/images/no_pattern/2024/11/cup_and_handle__2024-11-28__0055152.png,,2024-11-28,54953,55152,2024-11-18T06:00:00+00:00,2024-11-28T21:00:00+00:00,,,,,,,,,,,,,No rule-based candidate at this daily endpoint,rule_candidate,pending
cup_and_handle__2024-11-29__0055173,cup_and_handle,0,no_pattern,neutral,0.0,,cup_and_handle/images/no_pattern/2024/11/cup_and_handle__2024-11-29__0055173.png,,2024-11-29,54974,55173,2024-11-19T04:00:00+00:00,2024-11-29T21:00:00+00:00,,,,,,,,,,,,,No rule-based candidate at this daily endpoint,rule_candidate,pending
cup_and_handle__2024-12-02__0055196,cup_and_handle,0,no_pattern,neutral,0.0,,cup_and_handle/images/no_pattern/2024/12/cup_and_handle__2024-12-02__0055196.png,,2024-12-02,54997,55196,2024-11-20T04:00:00+00:00,2024-12-02T23:00:00+00:00,,,,,,,,,,,,,No rule-based candidate at this daily endpoint,rule_candidate,pending
cup_and_handle__2024-12-03__0055219,cup_and_handle,0,no_pattern,neutral,0.0,,cup_and_handle/images/no_pattern/2024/12/cup_and_handle__2024-12-03__0055219.png,,2024-12-03,55020,55219,2024-11-21T04:00:00+00:00,2024-12-03T23:00:00+00:00,,,,,,,,,,,,,No rule-based candidate at this daily endpoint,rule_candidate,pending
cup_and_handle__2024-12-04__0055242,cup_and_handle,0,no_pattern,neutral,0.0,,cup_and_handle/images/no_pattern/2024/12/cup_and_handle__2024-12-04__0055242.png,,2024-12-04,55043,55242,2024-11-22T04:00:00+00:00,2024-12-04T23:00:00+00:00,,,,,,,,,,,,,No rule-based candidate at this daily endpoint,rule_candidate,pending
cup_and_handle__2024-12-05__0055265,cup_and_handle,0,no_pattern,neutral,0.0,,cup_and_handle/images/no_pattern/2024/12/cup_and_handle__2024-12-05__0055265.png,,2024-12-05,55066,55265,2024-11-25T04:00:00+00:00,2024-12-05T23:00:00+00:00,,,,,,,,,,,,,No rule-based candidate at this daily endpoint,rule_candidate,pending
cup_and_handle__2024-12-06__0055288,cup_and_handle,0,no_pattern,neutral,0.0,,cup_and_handle/images/no_pattern/2024/12/cup_and_handle__2024-12-06__0055288.png,,2024-12-06,55089,55288,2024-11-26T04:00:00+00:00,2024-12-06T23:00:00+00:00,,,,,,,,,,,,,No rule-based candidate at this daily endpoint,rule_candidate,pending
cup_and_handle__2024-12-09__0055311,cup_and_handle,0,no_pattern,neutral,0.0,,cup_and_handle/images/no_pattern/2024/12/cup_and_handle__2024-12-09__0055311.png,,2024-12-09,55112,55311,2024-11-27T04:00:00+00:00,2024-12-09T23:00:00+00:00,,,,,,,,,,,,,No rule-based candidate at this daily endpoint,rule_candidate,pending
cup_and_handle__2024-12-10__0055334,cup_and_handle,0,no_pattern,neutral,0.0,,cup_and_handle/images/no_pattern/2024/12/cup_and_handle__2024-12-10__0055334.png,,2024-12-10,55135,55334,2024-11-28T04:00:00+00:00,2024-12-10T23:00:00+00:00,,,,,,,,,,,,,No rule-based candidate at this daily endpoint,rule_candidate,pending
cup_and_handle__2024-12-11__0055357,cup_and_handle,0,no_pattern,neutral,0.0,,cup_and_handle/images/no_pattern/2024/12/cup_and_handle__2024-12-11__0055357.png,,2024-12-11,55158,55357,2024-11-29T06:00:00+00:00,2024-12-11T23:00:00+00:00,,,,,,,,,,,,,No rule-based candidate at this daily endpoint,rule_candidate,pending
cup_and_handle__2024-12-12__0055380,cup_and_handle,0,no_pattern,neutral,0.0,,cup_and_handle/images/no_pattern/2024/12/cup_and_handle__2024-12-12__0055380.png,,2024-12-12,55181,55380,2024-12-02T08:00:00+00:00,2024-12-12T23:00:00+00:00,,,,,,,,,,,,,No rule-based candidate at this daily endpoint,rule_candidate,pending
cup_and_handle__2024-12-13__0055403,cup_and_handle,0,no_pattern,neutral,0.0,,cup_and_handle/images/no_pattern/2024/12/cup_and_handle__2024-12-13__0055403.png,,2024-12-13,55204,55403,2024-12-03T08:00:00+00:00,2024-12-13T23:00:00+00:00,,,,,,,,,,,,,No rule-based candidate at this daily endpoint,rule_candidate,pending
cup_and_handle__2024-12-16__0055426,cup_and_handle,0,no_pattern,neutral,0.0,,cup_and_handle/images/no_pattern/2024/12/cup_and_handle__2024-12-16__0055426.png,,2024-12-16,55227,55426,2024-12-04T08:00:00+00:00,2024-12-16T23:00:00+00:00,,,,,,,,,,,,,No rule-based candidate at this daily endpoint,rule_candidate,pending
cup_and_handle__2024-12-17__0055449,cup_and_handle,0,no_pattern,neutral,0.0,,cup_and_handle/images/no_pattern/2024/12/cup_and_handle__2024-12-17__0055449.png,,2024-12-17,55250,55449,2024-12-05T08:00:00+00:00,2024-12-17T23:00:00+00:00,,,,,,,,,,,,,No rule-based candidate at this daily endpoint,rule_candidate,pending
cup_and_handle__2024-12-18__0055472,cup_and_handle,0,no_pattern,neutral,0.0,,cup_and_handle/images/no_pattern/2024/12/cup_and_handle__2024-12-18__0055472.png,,2024-12-18,55273,55472,2024-12-06T08:00:00+00:00,2024-12-18T23:00:00+00:00,,,,,,,,,,,,,No rule-based candidate at this daily endpoint,rule_candidate,pending
cup_and_handle__2024-12-19__0055495,cup_and_handle,0,no_pattern,neutral,0.0,,cup_and_handle/images/no_pattern/2024/12/cup_and_handle__2024-12-19__0055495.png,,2024-12-19,55296,55495,2024-12-09T08:00:00+00:00,2024-12-19T23:00:00+00:00,,,,,,,,,,,,,No rule-based candidate at this daily endpoint,rule_candidate,pending
cup_and_handle__2024-12-20__0055518,cup_and_handle,0,no_pattern,neutral,0.0,,cup_and_handle/images/no_pattern/2024/12/cup_and_handle__2024-12-20__0055518.png,,2024-12-20,55319,55518,2024-12-10T08:00:00+00:00,2024-12-20T23:00:00+00:00,,,,,,,,,,,,,No rule-based candidate at this daily endpoint,rule_candidate,pending
cup_and_handle__2024-12-23__0055541,cup_and_handle,1,forming,bullish,0.54,80.0,cup_and_handle/images/forming/2024/12/cup_and_handle__2024-12-23__0055541.png,,2024-12-23,55342,55541,2024-12-11T08:00:00+00:00,2024-12-23T23:00:00+00:00,55462.0,55541.0,2024-12-18T13:00:00+00:00,2024-12-23T23:00:00+00:00,,,2623.8991666666666,2584.132857142857,2703.431785714285,2.0,2623.8991666666666,5.428571428571396,Cup and handle rounded base with shallow handle,rule_candidate,pending
cup_and_handle__2024-12-24__0055561,cup_and_handle,1,forming,bullish,0.54,100.0,cup_and_handle/images/forming/2024/12/cup_and_handle__2024-12-24__0055561.png,,2024-12-24,55362,55561,2024-12-12T05:00:00+00:00,2024-12-24T20:00:00+00:00,55462.0,55561.0,2024-12-18T13:00:00+00:00,2024-12-24T20:00:00+00:00,,,2621.826,2584.501964285714,2696.474071428572,2.0,2621.826,3.952142857142787,Cup and handle rounded base with shallow handle,rule_candidate,pending
cup_and_handle__2024-12-26__0055577,cup_and_handle,1,confirmed,bullish,0.66,120.0,cup_and_handle/images/confirmed/2024/12/cup_and_handle__2024-12-26__0055577.png,,2024-12-26,55378,55577,2024-12-12T21:00:00+00:00,2024-12-26T23:00:00+00:00,55458.0,55577.0,2024-12-18T09:00:00+00:00,2024-12-26T23:00:00+00:00,55577.0,2024-12-26T23:00:00+00:00,2633.66,2584.3192857142853,2732.341428571429,2.0,2626.737222222222,4.682857142857204,Cup and handle rounded base with shallow handle,rule_candidate,pending
cup_and_handle__2024-12-27__0055600,cup_and_handle,0,no_pattern,neutral,0.0,,cup_and_handle/images/no_pattern/2024/12/cup_and_handle__2024-12-27__0055600.png,,2024-12-27,55401,55600,2024-12-13T21:00:00+00:00,2024-12-27T23:00:00+00:00,,,,,,,,,,,,,No rule-based candidate at this daily endpoint,rule_candidate,pending
cup_and_handle__2024-12-30__0055623,cup_and_handle,0,no_pattern,neutral,0.0,,cup_and_handle/images/no_pattern/2024/12/cup_and_handle__2024-12-30__0055623.png,,2024-12-30,55424,55623,2024-12-16T21:00:00+00:00,2024-12-30T23:00:00+00:00,,,,,,,,,,,,,No rule-based candidate at this daily endpoint,rule_candidate,pending
cup_and_handle__2024-12-31__0055643,cup_and_handle,0,no_pattern,neutral,0.0,,cup_and_handle/images/no_pattern/2024/12/cup_and_handle__2024-12-31__0055643.png,,2024-12-31,55444,55643,2024-12-17T18:00:00+00:00,2024-12-31T20:00:00+00:00,,,,,,,,,,,,,No rule-based candidate at this daily endpoint,rule_candidate,pending
cup_and_handle__2025-01-02__0055659,cup_and_handle,0,no_pattern,neutral,0.0,,cup_and_handle/images/no_pattern/2025/01/cup_and_handle__2025-01-02__0055659.png,,2025-01-02,55460,55659,2024-12-18T11:00:00+00:00,2025-01-02T23:00:00+00:00,,,,,,,,,,,,,No rule-based candidate at this daily endpoint,rule_candidate,pending
cup_and_handle__2025-01-03__0055682,cup_and_handle,0,no_pattern,neutral,0.0,,cup_and_handle/images/no_pattern/2025/01/cup_and_handle__2025-01-03__0055682.png,,2025-01-03,55483,55682,2024-12-19T11:00:00+00:00,2025-01-03T23:00:00+00:00,,,,,,,,,,,,,No rule-based candidate at this daily endpoint,rule_candidate,pending
cup_and_handle__2025-01-06__0055705,cup_and_handle,0,no_pattern,neutral,0.0,,cup_and_handle/images/no_pattern/2025/01/cup_and_handle__2025-01-06__0055705.png,,2025-01-06,55506,55705,2024-12-20T11:00:00+00:00,2025-01-06T23:00:00+00:00,,,,,,,,,,,,,No rule-based candidate at this daily endpoint,rule_candidate,pending
cup_and_handle__2025-01-07__0055728,cup_and_handle,0,no_pattern,neutral,0.0,,cup_and_handle/images/no_pattern/2025/01/cup_and_handle__2025-01-07__0055728.png,,2025-01-07,55529,55728,2024-12-23T11:00:00+00:00,2025-01-07T23:00:00+00:00,,,,,,,,,,,,,No rule-based candidate at this daily endpoint,rule_candidate,pending
cup_and_handle__2025-01-08__0055751,cup_and_handle,1,confirmed,bullish,0.66,100.0,cup_and_handle/images/confirmed/2025/01/cup_and_handle__2025-01-08__0055751.png,,2025-01-08,55552,55751,2024-12-24T11:00:00+00:00,2025-01-08T23:00:00+00:00,55652.0,55751.0,2025-01-02T16:00:00+00:00,2025-01-08T23:00:00+00:00,55751.0,2025-01-08T23:00:00+00:00,2661.42,2622.3039285714285,2739.652142857143,2.0,2657.9073333333336,7.104285714285652,Cup and handle rounded base with shallow handle,rule_candidate,pending
cup_and_handle__2025-01-09__0055774,cup_and_handle,0,no_pattern,neutral,0.0,,cup_and_handle/images/no_pattern/2025/01/cup_and_handle__2025-01-09__0055774.png,,2025-01-09,55575,55774,2024-12-26T21:00:00+00:00,2025-01-09T23:00:00+00:00,,,,,,,,,,,,,No rule-based candidate at this daily endpoint,rule_candidate,pending
cup_and_handle__2025-01-10__0055797,cup_and_handle,0,no_pattern,neutral,0.0,,cup_and_handle/images/no_pattern/2025/01/cup_and_handle__2025-01-10__0055797.png,,2025-01-10,55598,55797,2024-12-27T21:00:00+00:00,2025-01-10T23:00:00+00:00,,,,,,,,,,,,,No rule-based candidate at this daily endpoint,rule_candidate,pending
cup_and_handle__2025-01-13__0055820,cup_and_handle,0,no_pattern,neutral,0.0,,cup_and_handle/images/no_pattern/2025/01/cup_and_handle__2025-01-13__0055820.png,,2025-01-13,55621,55820,2024-12-30T21:00:00+00:00,2025-01-13T23:00:00+00:00,,,,,,,,,,,,,No rule-based candidate at this daily endpoint,rule_candidate,pending
cup_and_handle__2025-01-14__0055843,cup_and_handle,0,no_pattern,neutral,0.0,,cup_and_handle/images/no_pattern/2025/01/cup_and_handle__2025-01-14__0055843.png,,2025-01-14,55644,55843,2025-01-02T08:00:00+00:00,2025-01-14T23:00:00+00:00,,,,,,,,,,,,,No rule-based candidate at this daily endpoint,rule_candidate,pending
cup_and_handle__2025-01-15__0055866,cup_and_handle,0,no_pattern,neutral,0.0,,cup_and_handle/images/no_pattern/2025/01/cup_and_handle__2025-01-15__0055866.png,,2025-01-15,55667,55866,2025-01-03T08:00:00+00:00,2025-01-15T23:00:00+00:00,,,,,,,,,,,,,No rule-based candidate at this daily endpoint,rule_candidate,pending
cup_and_handle__2025-01-16__0055889,cup_and_handle,0,no_pattern,neutral,0.0,,cup_and_handle/images/no_pattern/2025/01/cup_and_handle__2025-01-16__0055889.png,,2025-01-16,55690,55889,2025-01-06T08:00:00+00:00,2025-01-16T23:00:00+00:00,,,,,,,,,,,,,No rule-based candidate at this daily endpoint,rule_candidate,pending
cup_and_handle__2025-01-17__0055912,cup_and_handle,0,no_pattern,neutral,0.0,,cup_and_handle/images/no_pattern/2025/01/cup_and_handle__2025-01-17__0055912.png,,2025-01-17,55713,55912,2025-01-07T08:00:00+00:00,2025-01-17T23:00:00+00:00,,,,,,,,,,,,,No rule-based candidate at this daily endpoint,rule_candidate,pending
cup_and_handle__2025-01-20__0055933,cup_and_handle,0,no_pattern,neutral,0.0,,cup_and_handle/images/no_pattern/2025/01/cup_and_handle__2025-01-20__0055933.png,,2025-01-20,55734,55933,2025-01-08T06:00:00+00:00,2025-01-20T21:00:00+00:00,,,,,,,,,,,,,No rule-based candidate at this daily endpoint,rule_candidate,pending
cup_and_handle__2025-01-21__0055956,cup_and_handle,0,no_pattern,neutral,0.0,,cup_and_handle/images/no_pattern/2025/01/cup_and_handle__2025-01-21__0055956.png,,2025-01-21,55757,55956,2025-01-09T06:00:00+00:00,2025-01-21T23:00:00+00:00,,,,,,,,,,,,,No rule-based candidate at this daily endpoint,rule_candidate,pending
cup_and_handle__2025-01-22__0055979,cup_and_handle,0,no_pattern,neutral,0.0,,cup_and_handle/images/no_pattern/2025/01/cup_and_handle__2025-01-22__0055979.png,,2025-01-22,55780,55979,2025-01-10T06:00:00+00:00,2025-01-22T23:00:00+00:00,,,,,,,,,,,,,No rule-based candidate at this daily endpoint,rule_candidate,pending
cup_and_handle__2025-01-23__0056002,cup_and_handle,0,no_pattern,neutral,0.0,,cup_and_handle/images/no_pattern/2025/01/cup_and_handle__2025-01-23__0056002.png,,2025-01-23,55803,56002,2025-01-13T06:00:00+00:00,2025-01-23T23:00:00+00:00,,,,,,,,,,,,,No rule-based candidate at this daily endpoint,rule_candidate,pending
cup_and_handle__2025-01-24__0056025,cup_and_handle,1,forming,bullish,0.54,48.0,cup_and_handle/images/forming/2025/01/cup_and_handle__2025-01-24__0056025.png,,2025-01-24,55826,56025,2025-01-14T06:00:00+00:00,2025-01-24T23:00:00+00:00,55978.0,56025.0,2025-01-22T22:00:00+00:00,2025-01-24T23:00:00+00:00,,,2773.184285714286,2740.125535714286,2839.3017857142863,2.0,2773.184285714286,5.657857142857113,Cup and handle rounded base with shallow handle,rule_candidate,pending
cup_and_handle__2025-01-27__0056048,cup_and_handle,0,no_pattern,neutral,0.0,,cup_and_handle/images/no_pattern/2025/01/cup_and_handle__2025-01-27__0056048.png,,2025-01-27,55849,56048,2025-01-15T06:00:00+00:00,2025-01-27T23:00:00+00:00,,,,,,,,,,,,,No rule-based candidate at this daily endpoint,rule_candidate,pending
cup_and_handle__2025-01-28__0056071,cup_and_handle,0,no_pattern,neutral,0.0,,cup_and_handle/images/no_pattern/2025/01/cup_and_handle__2025-01-28__0056071.png,,2025-01-28,55872,56071,2025-01-16T06:00:00+00:00,2025-01-28T23:00:00+00:00,,,,,,,,,,,,,No rule-based candidate at this daily endpoint,rule_candidate,pending
cup_and_handle__2025-01-29__0056094,cup_and_handle,0,no_pattern,neutral,0.0,,cup_and_handle/images/no_pattern/2025/01/cup_and_handle__2025-01-29__0056094.png,,2025-01-29,55895,56094,2025-01-17T06:00:00+00:00,2025-01-29T23:00:00+00:00,,,,,,,,,,,,,No rule-based candidate at this daily endpoint,rule_candidate,pending
cup_and_handle__2025-01-30__0056117,cup_and_handle,0,no_pattern,neutral,0.0,,cup_and_handle/images/no_pattern/2025/01/cup_and_handle__2025-01-30__0056117.png,,2025-01-30,55918,56117,2025-01-20T06:00:00+00:00,2025-01-30T23:00:00+00:00,,,,,,,,,,,,,No rule-based candidate at this daily endpoint,rule_candidate,pending
cup_and_handle__2025-01-31__0056140,cup_and_handle,0,no_pattern,neutral,0.0,,cup_and_handle/images/no_pattern/2025/01/cup_and_handle__2025-01-31__0056140.png,,2025-01-31,55941,56140,2025-01-21T08:00:00+00:00,2025-01-31T23:00:00+00:00,,,,,,,,,,,,,No rule-based candidate at this daily endpoint,rule_candidate,pending
cup_and_handle__2025-02-03__0056163,cup_and_handle,0,no_pattern,neutral,0.0,,cup_and_handle/images/no_pattern/2025/02/cup_and_handle__2025-02-03__0056163.png,,2025-02-03,55964,56163,2025-01-22T08:00:00+00:00,2025-02-03T23:00:00+00:00,,,,,,,,,,,,,No rule-based candidate at this daily endpoint,rule_candidate,pending
cup_and_handle__2025-02-04__0056186,cup_and_handle,0,no_pattern,neutral,0.0,,cup_and_handle/images/no_pattern/2025/02/cup_and_handle__2025-02-04__0056186.png,,2025-02-04,55987,56186,2025-01-23T08:00:00+00:00,2025-02-04T23:00:00+00:00,,,,,,,,,,,,,No rule-based candidate at this daily endpoint,rule_candidate,pending
cup_and_handle__2025-02-05__0056209,cup_and_handle,0,no_pattern,neutral,0.0,,cup_and_handle/images/no_pattern/2025/02/cup_and_handle__2025-02-05__0056209.png,,2025-02-05,56010,56209,2025-01-24T08:00:00+00:00,2025-02-05T23:00:00+00:00,,,,,,,,,,,,,No rule-based candidate at this daily endpoint,rule_candidate,pending
cup_and_handle__2025-02-06__0056232,cup_and_handle,0,no_pattern,neutral,0.0,,cup_and_handle/images/no_pattern/2025/02/cup_and_handle__2025-02-06__0056232.png,,2025-02-06,56033,56232,2025-01-27T08:00:00+00:00,2025-02-06T23:00:00+00:00,,,,,,,,,,,,,No rule-based candidate at this daily endpoint,rule_candidate,pending
cup_and_handle__2025-02-07__0056255,cup_and_handle,0,no_pattern,neutral,0.0,,cup_and_handle/images/no_pattern/2025/02/cup_and_handle__2025-02-07__0056255.png,,2025-02-07,56056,56255,2025-01-28T08:00:00+00:00,2025-02-07T23:00:00+00:00,,,,,,,,,,,,,No rule-based candidate at this daily endpoint,rule_candidate,pending
cup_and_handle__2025-02-10__0056278,cup_and_handle,0,no_pattern,neutral,0.0,,cup_and_handle/images/no_pattern/2025/02/cup_and_handle__2025-02-10__0056278.png,,2025-02-10,56079,56278,2025-01-29T08:00:00+00:00,2025-02-10T23:00:00+00:00,,,,,,,,,,,,,No rule-based candidate at this daily endpoint,rule_candidate,pending
cup_and_handle__2025-02-11__0056301,cup_and_handle,0,no_pattern,neutral,0.0,,cup_and_handle/images/no_pattern/2025/02/cup_and_handle__2025-02-11__0056301.png,,2025-02-11,56102,56301,2025-01-30T08:00:00+00:00,2025-02-11T23:00:00+00:00,,,,,,,,,,,,,No rule-based candidate at this daily endpoint,rule_candidate,pending
cup_and_handle__2025-02-12__0056324,cup_and_handle,0,no_pattern,neutral,0.0,,cup_and_handle/images/no_pattern/2025/02/cup_and_handle__2025-02-12__0056324.png,,2025-02-12,56125,56324,2025-01-31T08:00:00+00:00,2025-02-12T23:00:00+00:00,,,,,,,,,,,,,No rule-based candidate at this daily endpoint,rule_candidate,pending
cup_and_handle__2025-02-13__0056347,cup_and_handle,0,no_pattern,neutral,0.0,,cup_and_handle/images/no_pattern/2025/02/cup_and_handle__2025-02-13__0056347.png,,2025-02-13,56148,56347,2025-02-03T08:00:00+00:00,2025-02-13T23:00:00+00:00,,,,,,,,,,,,,No rule-based candidate at this daily endpoint,rule_candidate,pending
cup_and_handle__2025-02-14__0056370,cup_and_handle,0,no_pattern,neutral,0.0,,cup_and_handle/images/no_pattern/2025/02/cup_and_handle__2025-02-14__0056370.png,,2025-02-14,56171,56370,2025-02-04T08:00:00+00:00,2025-02-14T23:00:00+00:00,,,,,,,,,,,,,No rule-based candidate at this daily endpoint,rule_candidate,pending
cup_and_handle__2025-02-17__0056391,cup_and_handle,0,no_pattern,neutral,0.0,,cup_and_handle/images/no_pattern/2025/02/cup_and_handle__2025-02-17__0056391.png,,2025-02-17,56192,56391,2025-02-05T06:00:00+00:00,2025-02-17T21:00:00+00:00,,,,,,,,,,,,,No rule-based candidate at this daily endpoint,rule_candidate,pending
cup_and_handle__2025-02-18__0056414,cup_and_handle,0,no_pattern,neutral,0.0,,cup_and_handle/images/no_pattern/2025/02/cup_and_handle__2025-02-18__0056414.png,,2025-02-18,56215,56414,2025-02-06T06:00:00+00:00,2025-02-18T23:00:00+00:00,,,,,,,,,,,,,No rule-based candidate at this daily endpoint,rule_candidate,pending
cup_and_handle__2025-02-19__0056437,cup_and_handle,0,no_pattern,neutral,0.0,,cup_and_handle/images/no_pattern/2025/02/cup_and_handle__2025-02-19__0056437.png,,2025-02-19,56238,56437,2025-02-07T06:00:00+00:00,2025-02-19T23:00:00+00:00,,,,,,,,,,,,,No rule-based candidate at this daily endpoint,rule_candidate,pending
cup_and_handle__2025-02-20__0056460,cup_and_handle,0,no_pattern,neutral,0.0,,cup_and_handle/images/no_pattern/2025/02/cup_and_handle__2025-02-20__0056460.png,,2025-02-20,56261,56460,2025-02-10T06:00:00+00:00,2025-02-20T23:00:00+00:00,,,,,,,,,,,,,No rule-based candidate at this daily endpoint,rule_candidate,pending
cup_and_handle__2025-02-21__0056483,cup_and_handle,0,no_pattern,neutral,0.0,,cup_and_handle/images/no_pattern/2025/02/cup_and_handle__2025-02-21__0056483.png,,2025-02-21,56284,56483,2025-02-11T06:00:00+00:00,2025-02-21T23:00:00+00:00,,,,,,,,,,,,,No rule-based candidate at this daily endpoint,rule_candidate,pending
cup_and_handle__2025-02-24__0056506,cup_and_handle,0,no_pattern,neutral,0.0,,cup_and_handle/images/no_pattern/2025/02/cup_and_handle__2025-02-24__0056506.png,,2025-02-24,56307,56506,2025-02-12T06:00:00+00:00,2025-02-24T23:00:00+00:00,,,,,,,,,,,,,No rule-based candidate at this daily endpoint,rule_candidate,pending
cup_and_handle__2025-02-25__0056529,cup_and_handle,0,no_pattern,neutral,0.0,,cup_and_handle/images/no_pattern/2025/02/cup_and_handle__2025-02-25__0056529.png,,2025-02-25,56330,56529,2025-02-13T06:00:00+00:00,2025-02-25T23:00:00+00:00,,,,,,,,,,,,,No rule-based candidate at this daily endpoint,rule_candidate,pending
cup_and_handle__2025-02-26__0056552,cup_and_handle,0,no_pattern,neutral,0.0,,cup_and_handle/images/no_pattern/2025/02/cup_and_handle__2025-02-26__0056552.png,,2025-02-26,56353,56552,2025-02-14T06:00:00+00:00,2025-02-26T23:00:00+00:00,,,,,,,,,,,,,No rule-based candidate at this daily endpoint,rule_candidate,pending
cup_and_handle__2025-02-27__0056575,cup_and_handle,0,no_pattern,neutral,0.0,,cup_and_handle/images/no_pattern/2025/02/cup_and_handle__2025-02-27__0056575.png,,2025-02-27,56376,56575,2025-02-17T06:00:00+00:00,2025-02-27T23:00:00+00:00,,,,,,,,,,,,,No rule-based candidate at this daily endpoint,rule_candidate,pending
cup_and_handle__2025-02-28__0056598,cup_and_handle,0,no_pattern,neutral,0.0,,cup_and_handle/images/no_pattern/2025/02/cup_and_handle__2025-02-28__0056598.png,,2025-02-28,56399,56598,2025-02-18T08:00:00+00:00,2025-02-28T23:00:00+00:00,,,,,,,,,,,,,No rule-based candidate at this daily endpoint,rule_candidate,pending
cup_and_handle__2025-03-03__0056621,cup_and_handle,0,no_pattern,neutral,0.0,,cup_and_handle/images/no_pattern/2025/03/cup_and_handle__2025-03-03__0056621.png,,2025-03-03,56422,56621,2025-02-19T08:00:00+00:00,2025-03-03T23:00:00+00:00,,,,,,,,,,,,,No rule-based candidate at this daily endpoint,rule_candidate,pending
cup_and_handle__2025-03-04__0056644,cup_and_handle,0,no_pattern,neutral,0.0,,cup_and_handle/images/no_pattern/2025/03/cup_and_handle__2025-03-04__0056644.png,,2025-03-04,56445,56644,2025-02-20T08:00:00+00:00,2025-03-04T23:00:00+00:00,,,,,,,,,,,,,No rule-based candidate at this daily endpoint,rule_candidate,pending
cup_and_handle__2025-03-05__0056667,cup_and_handle,0,no_pattern,neutral,0.0,,cup_and_handle/images/no_pattern/2025/03/cup_and_handle__2025-03-05__0056667.png,,2025-03-05,56468,56667,2025-02-21T08:00:00+00:00,2025-03-05T23:00:00+00:00,,,,,,,,,,,,,No rule-based candidate at this daily endpoint,rule_candidate,pending
cup_and_handle__2025-03-06__0056690,cup_and_handle,0,no_pattern,neutral,0.0,,cup_and_handle/images/no_pattern/2025/03/cup_and_handle__2025-03-06__0056690.png,,2025-03-06,56491,56690,2025-02-24T08:00:00+00:00,2025-03-06T23:00:00+00:00,,,,,,,,,,,,,No rule-based candidate at this daily endpoint,rule_candidate,pending
cup_and_handle__2025-03-07__0056713,cup_and_handle,1,forming,bullish,0.54,200.0,cup_and_handle/images/forming/2025/03/cup_and_handle__2025-03-07__0056713.png,,2025-03-07,56514,56713,2025-02-25T08:00:00+00:00,2025-03-07T23:00:00+00:00,56514.0,56713.0,2025-02-25T08:00:00+00:00,2025-03-07T23:00:00+00:00,,,2920.005,2831.391071428572,3097.232857142856,2.0,2920.005,9.275714285714262,Cup and handle rounded base with shallow handle,rule_candidate,pending
cup_and_handle__2025-03-10__0056736,cup_and_handle,0,no_pattern,neutral,0.0,,cup_and_handle/images/no_pattern/2025/03/cup_and_handle__2025-03-10__0056736.png,,2025-03-10,56537,56736,2025-02-26T08:00:00+00:00,2025-03-10T22:00:00+00:00,,,,,,,,,,,,,No rule-based candidate at this daily endpoint,rule_candidate,pending
cup_and_handle__2025-03-11__0056759,cup_and_handle,0,no_pattern,neutral,0.0,,cup_and_handle/images/no_pattern/2025/03/cup_and_handle__2025-03-11__0056759.png,,2025-03-11,56560,56759,2025-02-27T08:00:00+00:00,2025-03-11T22:00:00+00:00,,,,,,,,,,,,,No rule-based candidate at this daily endpoint,rule_candidate,pending
cup_and_handle__2025-03-12__0056782,cup_and_handle,0,no_pattern,neutral,0.0,,cup_and_handle/images/no_pattern/2025/03/cup_and_handle__2025-03-12__0056782.png,,2025-03-12,56583,56782,2025-02-28T08:00:00+00:00,2025-03-12T22:00:00+00:00,,,,,,,,,,,,,No rule-based candidate at this daily endpoint,rule_candidate,pending
cup_and_handle__2025-03-13__0056805,cup_and_handle,0,no_pattern,neutral,0.0,,cup_and_handle/images/no_pattern/2025/03/cup_and_handle__2025-03-13__0056805.png,,2025-03-13,56606,56805,2025-03-03T08:00:00+00:00,2025-03-13T22:00:00+00:00,,,,,,,,,,,,,No rule-based candidate at this daily endpoint,rule_candidate,pending
cup_and_handle__2025-03-14__0056828,cup_and_handle,0,no_pattern,neutral,0.0,,cup_and_handle/images/no_pattern/2025/03/cup_and_handle__2025-03-14__0056828.png,,2025-03-14,56629,56828,2025-03-04T08:00:00+00:00,2025-03-14T22:00:00+00:00,,,,,,,,,,,,,No rule-based candidate at this daily endpoint,rule_candidate,pending
cup_and_handle__2025-03-17__0056851,cup_and_handle,0,no_pattern,neutral,0.0,,cup_and_handle/images/no_pattern/2025/03/cup_and_handle__2025-03-17__0056851.png,,2025-03-17,56652,56851,2025-03-05T08:00:00+00:00,2025-03-17T22:00:00+00:00,,,,,,,,,,,,,No rule-based candidate at this daily endpoint,rule_candidate,pending
cup_and_handle__2025-03-18__0056874,cup_and_handle,0,no_pattern,neutral,0.0,,cup_and_handle/images/no_pattern/2025/03/cup_and_handle__2025-03-18__0056874.png,,2025-03-18,56675,56874,2025-03-06T08:00:00+00:00,2025-03-18T22:00:00+00:00,,,,,,,,,,,,,No rule-based candidate at this daily endpoint,rule_candidate,pending
cup_and_handle__2025-03-19__0056897,cup_and_handle,0,no_pattern,neutral,0.0,,cup_and_handle/images/no_pattern/2025/03/cup_and_handle__2025-03-19__0056897.png,,2025-03-19,56698,56897,2025-03-07T08:00:00+00:00,2025-03-19T22:00:00+00:00,,,,,,,,,,,,,No rule-based candidate at this daily endpoint,rule_candidate,pending
cup_and_handle__2025-03-20__0056920,cup_and_handle,0,no_pattern,neutral,0.0,,cup_and_handle/images/no_pattern/2025/03/cup_and_handle__2025-03-20__0056920.png,,2025-03-20,56721,56920,2025-03-10T07:00:00+00:00,2025-03-20T22:00:00+00:00,,,,,,,,,,,,,No rule-based candidate at this daily endpoint,rule_candidate,pending
cup_and_handle__2025-03-21__0056943,cup_and_handle,0,no_pattern,neutral,0.0,,cup_and_handle/images/no_pattern/2025/03/cup_and_handle__2025-03-21__0056943.png,,2025-03-21,56744,56943,2025-03-11T07:00:00+00:00,2025-03-21T22:00:00+00:00,,,,,,,,,,,,,No rule-based candidate at this daily endpoint,rule_candidate,pending
cup_and_handle__2025-03-24__0056966,cup_and_handle,0,no_pattern,neutral,0.0,,cup_and_handle/images/no_pattern/2025/03/cup_and_handle__2025-03-24__0056966.png,,2025-03-24,56767,56966,2025-03-12T07:00:00+00:00,2025-03-24T22:00:00+00:00,,,,,,,,,,,,,No rule-based candidate at this daily endpoint,rule_candidate,pending
cup_and_handle__2025-03-25__0056989,cup_and_handle,0,no_pattern,neutral,0.0,,cup_and_handle/images/no_pattern/2025/03/cup_and_handle__2025-03-25__0056989.png,,2025-03-25,56790,56989,2025-03-13T07:00:00+00:00,2025-03-25T22:00:00+00:00,,,,,,,,,,,,,No rule-based candidate at this daily endpoint,rule_candidate,pending
cup_and_handle__2025-03-26__0057012,cup_and_handle,0,no_pattern,neutral,0.0,,cup_and_handle/images/no_pattern/2025/03/cup_and_handle__2025-03-26__0057012.png,,2025-03-26,56813,57012,2025-03-14T07:00:00+00:00,2025-03-26T22:00:00+00:00,,,,,,,,,,,,,No rule-based candidate at this daily endpoint,rule_candidate,pending
cup_and_handle__2025-03-27__0057035,cup_and_handle,0,no_pattern,neutral,0.0,,cup_and_handle/images/no_pattern/2025/03/cup_and_handle__2025-03-27__0057035.png,,2025-03-27,56836,57035,2025-03-17T07:00:00+00:00,2025-03-27T22:00:00+00:00,,,,,,,,,,,,,No rule-based candidate at this daily endpoint,rule_candidate,pending
cup_and_handle__2025-03-28__0057058,cup_and_handle,0,no_pattern,neutral,0.0,,cup_and_handle/images/no_pattern/2025/03/cup_and_handle__2025-03-28__0057058.png,,2025-03-28,56859,57058,2025-03-18T07:00:00+00:00,2025-03-28T22:00:00+00:00,,,,,,,,,,,,,No rule-based candidate at this daily endpoint,rule_candidate,pending
cup_and_handle__2025-03-31__0057081,cup_and_handle,0,no_pattern,neutral,0.0,,cup_and_handle/images/no_pattern/2025/03/cup_and_handle__2025-03-31__0057081.png,,2025-03-31,56882,57081,2025-03-19T07:00:00+00:00,2025-03-31T23:00:00+00:00,,,,,,,,,,,,,No rule-based candidate at this daily endpoint,rule_candidate,pending
cup_and_handle__2025-04-01__0057104,cup_and_handle,0,no_pattern,neutral,0.0,,cup_and_handle/images/no_pattern/2025/04/cup_and_handle__2025-04-01__0057104.png,,2025-04-01,56905,57104,2025-03-20T07:00:00+00:00,2025-04-01T23:00:00+00:00,,,,,,,,,,,,,No rule-based candidate at this daily endpoint,rule_candidate,pending
cup_and_handle__2025-04-02__0057127,cup_and_handle,0,no_pattern,neutral,0.0,,cup_and_handle/images/no_pattern/2025/04/cup_and_handle__2025-04-02__0057127.png,,2025-04-02,56928,57127,2025-03-21T07:00:00+00:00,2025-04-02T23:00:00+00:00,,,,,,,,,,,,,No rule-based candidate at this daily endpoint,rule_candidate,pending
cup_and_handle__2025-04-03__0057150,cup_and_handle,0,no_pattern,neutral,0.0,,cup_and_handle/images/no_pattern/2025/04/cup_and_handle__2025-04-03__0057150.png,,2025-04-03,56951,57150,2025-03-24T07:00:00+00:00,2025-04-03T23:00:00+00:00,,,,,,,,,,,,,No rule-based candidate at this daily endpoint,rule_candidate,pending
cup_and_handle__2025-04-04__0057173,cup_and_handle,0,no_pattern,neutral,0.0,,cup_and_handle/images/no_pattern/2025/04/cup_and_handle__2025-04-04__0057173.png,,2025-04-04,56974,57173,2025-03-25T07:00:00+00:00,2025-04-04T23:00:00+00:00,,,,,,,,,,,,,No rule-based candidate at this daily endpoint,rule_candidate,pending
cup_and_handle__2025-04-07__0057196,cup_and_handle,0,no_pattern,neutral,0.0,,cup_and_handle/images/no_pattern/2025/04/cup_and_handle__2025-04-07__0057196.png,,2025-04-07,56997,57196,2025-03-26T07:00:00+00:00,2025-04-07T23:00:00+00:00,,,,,,,,,,,,,No rule-based candidate at this daily endpoint,rule_candidate,pending
cup_and_handle__2025-04-08__0057219,cup_and_handle,0,no_pattern,neutral,0.0,,cup_and_handle/images/no_pattern/2025/04/cup_and_handle__2025-04-08__0057219.png,,2025-04-08,57020,57219,2025-03-27T07:00:00+00:00,2025-04-08T23:00:00+00:00,,,,,,,,,,,,,No rule-based candidate at this daily endpoint,rule_candidate,pending
cup_and_handle__2025-04-09__0057242,cup_and_handle,0,no_pattern,neutral,0.0,,cup_and_handle/images/no_pattern/2025/04/cup_and_handle__2025-04-09__0057242.png,,2025-04-09,57043,57242,2025-03-28T07:00:00+00:00,2025-04-09T23:00:00+00:00,,,,,,,,,,,,,No rule-based candidate at this daily endpoint,rule_candidate,pending
cup_and_handle__2025-04-10__0057265,cup_and_handle,0,no_pattern,neutral,0.0,,cup_and_handle/images/no_pattern/2025/04/cup_and_handle__2025-04-10__0057265.png,,2025-04-10,57066,57265,2025-03-31T08:00:00+00:00,2025-04-10T23:00:00+00:00,,,,,,,,,,,,,No rule-based candidate at this daily endpoint,rule_candidate,pending
cup_and_handle__2025-04-11__0057288,cup_and_handle,0,no_pattern,neutral,0.0,,cup_and_handle/images/no_pattern/2025/04/cup_and_handle__2025-04-11__0057288.png,,2025-04-11,57089,57288,2025-04-01T08:00:00+00:00,2025-04-11T23:00:00+00:00,,,,,,,,,,,,,No rule-based candidate at this daily endpoint,rule_candidate,pending
cup_and_handle__2025-04-14__0057311,cup_and_handle,0,no_pattern,neutral,0.0,,cup_and_handle/images/no_pattern/2025/04/cup_and_handle__2025-04-14__0057311.png,,2025-04-14,57112,57311,2025-04-02T08:00:00+00:00,2025-04-14T23:00:00+00:00,,,,,,,,,,,,,No rule-based candidate at this daily endpoint,rule_candidate,pending
cup_and_handle__2025-04-15__0057334,cup_and_handle,0,no_pattern,neutral,0.0,,cup_and_handle/images/no_pattern/2025/04/cup_and_handle__2025-04-15__0057334.png,,2025-04-15,57135,57334,2025-04-03T08:00:00+00:00,2025-04-15T23:00:00+00:00,,,,,,,,,,,,,No rule-based candidate at this daily endpoint,rule_candidate,pending
cup_and_handle__2025-04-16__0057357,cup_and_handle,0,no_pattern,neutral,0.0,,cup_and_handle/images/no_pattern/2025/04/cup_and_handle__2025-04-16__0057357.png,,2025-04-16,57158,57357,2025-04-04T08:00:00+00:00,2025-04-16T23:00:00+00:00,,,,,,,,,,,,,No rule-based candidate at this daily endpoint,rule_candidate,pending
cup_and_handle__2025-04-17__0057380,cup_and_handle,0,no_pattern,neutral,0.0,,cup_and_handle/images/no_pattern/2025/04/cup_and_handle__2025-04-17__0057380.png,,2025-04-17,57181,57380,2025-04-07T08:00:00+00:00,2025-04-17T23:00:00+00:00,,,,,,,,,,,,,No rule-based candidate at this daily endpoint,rule_candidate,pending
cup_and_handle__2025-04-21__0057403,cup_and_handle,0,no_pattern,neutral,0.0,,cup_and_handle/images/no_pattern/2025/04/cup_and_handle__2025-04-21__0057403.png,,2025-04-21,57204,57403,2025-04-08T08:00:00+00:00,2025-04-21T23:00:00+00:00,,,,,,,,,,,,,No rule-based candidate at this daily endpoint,rule_candidate,pending
cup_and_handle__2025-04-22__0057426,cup_and_handle,0,no_pattern,neutral,0.0,,cup_and_handle/images/no_pattern/2025/04/cup_and_handle__2025-04-22__0057426.png,,2025-04-22,57227,57426,2025-04-09T08:00:00+00:00,2025-04-22T23:00:00+00:00,,,,,,,,,,,,,No rule-based candidate at this daily endpoint,rule_candidate,pending
cup_and_handle__2025-04-23__0057449,cup_and_handle,0,no_pattern,neutral,0.0,,cup_and_handle/images/no_pattern/2025/04/cup_and_handle__2025-04-23__0057449.png,,2025-04-23,57250,57449,2025-04-10T08:00:00+00:00,2025-04-23T23:00:00+00:00,,,,,,,,,,,,,No rule-based candidate at this daily endpoint,rule_candidate,pending
cup_and_handle__2025-04-24__0057472,cup_and_handle,0,no_pattern,neutral,0.0,,cup_and_handle/images/no_pattern/2025/04/cup_and_handle__2025-04-24__0057472.png,,2025-04-24,57273,57472,2025-04-11T08:00:00+00:00,2025-04-24T23:00:00+00:00,,,,,,,,,,,,,No rule-based candidate at this daily endpoint,rule_candidate,pending
cup_and_handle__2025-04-25__0057495,cup_and_handle,0,no_pattern,neutral,0.0,,cup_and_handle/images/no_pattern/2025/04/cup_and_handle__2025-04-25__0057495.png,,2025-04-25,57296,57495,2025-04-14T08:00:00+00:00,2025-04-25T23:00:00+00:00,,,,,,,,,,,,,No rule-based candidate at this daily endpoint,rule_candidate,pending
cup_and_handle__2025-04-28__0057518,cup_and_handle,0,no_pattern,neutral,0.0,,cup_and_handle/images/no_pattern/2025/04/cup_and_handle__2025-04-28__0057518.png,,2025-04-28,57319,57518,2025-04-15T08:00:00+00:00,2025-04-28T23:00:00+00:00,,,,,,,,,,,,,No rule-based candidate at this daily endpoint,rule_candidate,pending
cup_and_handle__2025-04-29__0057541,cup_and_handle,0,no_pattern,neutral,0.0,,cup_and_handle/images/no_pattern/2025/04/cup_and_handle__2025-04-29__0057541.png,,2025-04-29,57342,57541,2025-04-16T08:00:00+00:00,2025-04-29T23:00:00+00:00,,,,,,,,,,,,,No rule-based candidate at this daily endpoint,rule_candidate,pending
cup_and_handle__2025-04-30__0057564,cup_and_handle,0,no_pattern,neutral,0.0,,cup_and_handle/images/no_pattern/2025/04/cup_and_handle__2025-04-30__0057564.png,,2025-04-30,57365,57564,2025-04-17T08:00:00+00:00,2025-04-30T23:00:00+00:00,,,,,,,,,,,,,No rule-based candidate at this daily endpoint,rule_candidate,pending
cup_and_handle__2025-05-01__0057587,cup_and_handle,0,no_pattern,neutral,0.0,,cup_and_handle/images/no_pattern/2025/05/cup_and_handle__2025-05-01__0057587.png,,2025-05-01,57388,57587,2025-04-21T08:00:00+00:00,2025-05-01T23:00:00+00:00,,,,,,,,,,,,,No rule-based candidate at this daily endpoint,rule_candidate,pending
cup_and_handle__2025-05-02__0057610,cup_and_handle,0,no_pattern,neutral,0.0,,cup_and_handle/images/no_pattern/2025/05/cup_and_handle__2025-05-02__0057610.png,,2025-05-02,57411,57610,2025-04-22T08:00:00+00:00,2025-05-02T23:00:00+00:00,,,,,,,,,,,,,No rule-based candidate at this daily endpoint,rule_candidate,pending
cup_and_handle__2025-05-05__0057633,cup_and_handle,0,no_pattern,neutral,0.0,,cup_and_handle/images/no_pattern/2025/05/cup_and_handle__2025-05-05__0057633.png,,2025-05-05,57434,57633,2025-04-23T08:00:00+00:00,2025-05-05T23:00:00+00:00,,,,,,,,,,,,,No rule-based candidate at this daily endpoint,rule_candidate,pending
cup_and_handle__2025-05-06__0057656,cup_and_handle,0,no_pattern,neutral,0.0,,cup_and_handle/images/no_pattern/2025/05/cup_and_handle__2025-05-06__0057656.png,,2025-05-06,57457,57656,2025-04-24T08:00:00+00:00,2025-05-06T23:00:00+00:00,,,,,,,,,,,,,No rule-based candidate at this daily endpoint,rule_candidate,pending
cup_and_handle__2025-05-07__0057679,cup_and_handle,0,no_pattern,neutral,0.0,,cup_and_handle/images/no_pattern/2025/05/cup_and_handle__2025-05-07__0057679.png,,2025-05-07,57480,57679,2025-04-25T08:00:00+00:00,2025-05-07T23:00:00+00:00,,,,,,,,,,,,,No rule-based candidate at this daily endpoint,rule_candidate,pending
cup_and_handle__2025-05-08__0057702,cup_and_handle,0,no_pattern,neutral,0.0,,cup_and_handle/images/no_pattern/2025/05/cup_and_handle__2025-05-08__0057702.png,,2025-05-08,57503,57702,2025-04-28T08:00:00+00:00,2025-05-08T23:00:00+00:00,,,,,,,,,,,,,No rule-based candidate at this daily endpoint,rule_candidate,pending
cup_and_handle__2025-05-09__0057725,cup_and_handle,0,no_pattern,neutral,0.0,,cup_and_handle/images/no_pattern/2025/05/cup_and_handle__2025-05-09__0057725.png,,2025-05-09,57526,57725,2025-04-29T08:00:00+00:00,2025-05-09T23:00:00+00:00,,,,,,,,,,,,,No rule-based candidate at this daily endpoint,rule_candidate,pending
cup_and_handle__2025-05-12__0057748,cup_and_handle,0,no_pattern,neutral,0.0,,cup_and_handle/images/no_pattern/2025/05/cup_and_handle__2025-05-12__0057748.png,,2025-05-12,57549,57748,2025-04-30T08:00:00+00:00,2025-05-12T23:00:00+00:00,,,,,,,,,,,,,No rule-based candidate at this daily endpoint,rule_candidate,pending
cup_and_handle__2025-05-13__0057771,cup_and_handle,0,no_pattern,neutral,0.0,,cup_and_handle/images/no_pattern/2025/05/cup_and_handle__2025-05-13__0057771.png,,2025-05-13,57572,57771,2025-05-01T08:00:00+00:00,2025-05-13T23:00:00+00:00,,,,,,,,,,,,,No rule-based candidate at this daily endpoint,rule_candidate,pending
cup_and_handle__2025-05-14__0057794,cup_and_handle,0,no_pattern,neutral,0.0,,cup_and_handle/images/no_pattern/2025/05/cup_and_handle__2025-05-14__0057794.png,,2025-05-14,57595,57794,2025-05-02T08:00:00+00:00,2025-05-14T23:00:00+00:00,,,,,,,,,,,,,No rule-based candidate at this daily endpoint,rule_candidate,pending
cup_and_handle__2025-05-15__0057817,cup_and_handle,0,no_pattern,neutral,0.0,,cup_and_handle/images/no_pattern/2025/05/cup_and_handle__2025-05-15__0057817.png,,2025-05-15,57618,57817,2025-05-05T08:00:00+00:00,2025-05-15T23:00:00+00:00,,,,,,,,,,,,,No rule-based candidate at this daily endpoint,rule_candidate,pending
cup_and_handle__2025-05-16__0057840,cup_and_handle,0,no_pattern,neutral,0.0,,cup_and_handle/images/no_pattern/2025/05/cup_and_handle__2025-05-16__0057840.png,,2025-05-16,57641,57840,2025-05-06T08:00:00+00:00,2025-05-16T23:00:00+00:00,,,,,,,,,,,,,No rule-based candidate at this daily endpoint,rule_candidate,pending
cup_and_handle__2025-05-19__0057863,cup_and_handle,1,forming,bullish,0.54,48.0,cup_and_handle/images/forming/2025/05/cup_and_handle__2025-05-19__0057863.png,,2025-05-19,57664,57863,2025-05-07T08:00:00+00:00,2025-05-19T23:00:00+00:00,57816.0,57863.0,2025-05-15T22:00:00+00:00,2025-05-19T23:00:00+00:00,,,3234.298571428571,3160.278035714286,3382.339642857141,2.0,3234.298571428571,11.087857142857144,Cup and handle rounded base with shallow handle,rule_candidate,pending
cup_and_handle__2025-05-20__0057886,cup_and_handle,0,no_pattern,neutral,0.0,,cup_and_handle/images/no_pattern/2025/05/cup_and_handle__2025-05-20__0057886.png,,2025-05-20,57687,57886,2025-05-08T08:00:00+00:00,2025-05-20T23:00:00+00:00,,,,,,,,,,,,,No rule-based candidate at this daily endpoint,rule_candidate,pending
cup_and_handle__2025-05-21__0057909,cup_and_handle,0,no_pattern,neutral,0.0,,cup_and_handle/images/no_pattern/2025/05/cup_and_handle__2025-05-21__0057909.png,,2025-05-21,57710,57909,2025-05-09T08:00:00+00:00,2025-05-21T23:00:00+00:00,,,,,,,,,,,,,No rule-based candidate at this daily endpoint,rule_candidate,pending
cup_and_handle__2025-05-22__0057932,cup_and_handle,0,no_pattern,neutral,0.0,,cup_and_handle/images/no_pattern/2025/05/cup_and_handle__2025-05-22__0057932.png,,2025-05-22,57733,57932,2025-05-12T08:00:00+00:00,2025-05-22T23:00:00+00:00,,,,,,,,,,,,,No rule-based candidate at this daily endpoint,rule_candidate,pending
cup_and_handle__2025-05-23__0057955,cup_and_handle,0,no_pattern,neutral,0.0,,cup_and_handle/images/no_pattern/2025/05/cup_and_handle__2025-05-23__0057955.png,,2025-05-23,57756,57955,2025-05-13T08:00:00+00:00,2025-05-23T23:00:00+00:00,,,,,,,,,,,,,No rule-based candidate at this daily endpoint,rule_candidate,pending
cup_and_handle__2025-05-26__0057976,cup_and_handle,1,forming,bullish,0.54,64.0,cup_and_handle/images/forming/2025/05/cup_and_handle__2025-05-26__0057976.png,,2025-05-26,57777,57976,2025-05-14T06:00:00+00:00,2025-05-26T21:00:00+00:00,57913.0,57976.0,2025-05-22T04:00:00+00:00,2025-05-26T21:00:00+00:00,,,3351.417777777778,3285.8739285714287,3482.505476190477,2.0,3351.417777777778,6.584285714285735,Cup and handle rounded base with shallow handle,rule_candidate,pending
cup_and_handle__2025-05-27__0057999,cup_and_handle,0,no_pattern,neutral,0.0,,cup_and_handle/images/no_pattern/2025/05/cup_and_handle__2025-05-27__0057999.png,,2025-05-27,57800,57999,2025-05-15T06:00:00+00:00,2025-05-27T23:00:00+00:00,,,,,,,,,,,,,No rule-based candidate at this daily endpoint,rule_candidate,pending
cup_and_handle__2025-05-28__0058022,cup_and_handle,0,no_pattern,neutral,0.0,,cup_and_handle/images/no_pattern/2025/05/cup_and_handle__2025-05-28__0058022.png,,2025-05-28,57823,58022,2025-05-16T06:00:00+00:00,2025-05-28T23:00:00+00:00,,,,,,,,,,,,,No rule-based candidate at this daily endpoint,rule_candidate,pending
cup_and_handle__2025-05-29__0058045,cup_and_handle,0,no_pattern,neutral,0.0,,cup_and_handle/images/no_pattern/2025/05/cup_and_handle__2025-05-29__0058045.png,,2025-05-29,57846,58045,2025-05-19T06:00:00+00:00,2025-05-29T23:00:00+00:00,,,,,,,,,,,,,No rule-based candidate at this daily endpoint,rule_candidate,pending
cup_and_handle__2025-05-30__0058068,cup_and_handle,0,no_pattern,neutral,0.0,,cup_and_handle/images/no_pattern/2025/05/cup_and_handle__2025-05-30__0058068.png,,2025-05-30,57869,58068,2025-05-20T06:00:00+00:00,2025-05-30T23:00:00+00:00,,,,,,,,,,,,,No rule-based candidate at this daily endpoint,rule_candidate,pending
cup_and_handle__2025-06-02__0058091,cup_and_handle,0,no_pattern,neutral,0.0,,cup_and_handle/images/no_pattern/2025/06/cup_and_handle__2025-06-02__0058091.png,,2025-06-02,57892,58091,2025-05-21T06:00:00+00:00,2025-06-02T23:00:00+00:00,,,,,,,,,,,,,No rule-based candidate at this daily endpoint,rule_candidate,pending
cup_and_handle__2025-06-03__0058114,cup_and_handle,0,no_pattern,neutral,0.0,,cup_and_handle/images/no_pattern/2025/06/cup_and_handle__2025-06-03__0058114.png,,2025-06-03,57915,58114,2025-05-22T06:00:00+00:00,2025-06-03T23:00:00+00:00,,,,,,,,,,,,,No rule-based candidate at this daily endpoint,rule_candidate,pending
cup_and_handle__2025-06-04__0058137,cup_and_handle,0,no_pattern,neutral,0.0,,cup_and_handle/images/no_pattern/2025/06/cup_and_handle__2025-06-04__0058137.png,,2025-06-04,57938,58137,2025-05-23T06:00:00+00:00,2025-06-04T23:00:00+00:00,,,,,,,,,,,,,No rule-based candidate at this daily endpoint,rule_candidate,pending
cup_and_handle__2025-06-05__0058160,cup_and_handle,0,no_pattern,neutral,0.0,,cup_and_handle/images/no_pattern/2025/06/cup_and_handle__2025-06-05__0058160.png,,2025-06-05,57961,58160,2025-05-26T06:00:00+00:00,2025-06-05T23:00:00+00:00,,,,,,,,,,,,,No rule-based candidate at this daily endpoint,rule_candidate,pending
cup_and_handle__2025-06-06__0058183,cup_and_handle,0,no_pattern,neutral,0.0,,cup_and_handle/images/no_pattern/2025/06/cup_and_handle__2025-06-06__0058183.png,,2025-06-06,57984,58183,2025-05-27T08:00:00+00:00,2025-06-06T23:00:00+00:00,,,,,,,,,,,,,No rule-based candidate at this daily endpoint,rule_candidate,pending
cup_and_handle__2025-06-09__0058206,cup_and_handle,0,no_pattern,neutral,0.0,,cup_and_handle/images/no_pattern/2025/06/cup_and_handle__2025-06-09__0058206.png,,2025-06-09,58007,58206,2025-05-28T08:00:00+00:00,2025-06-09T23:00:00+00:00,,,,,,,,,,,,,No rule-based candidate at this daily endpoint,rule_candidate,pending
cup_and_handle__2025-06-10__0058229,cup_and_handle,0,no_pattern,neutral,0.0,,cup_and_handle/images/no_pattern/2025/06/cup_and_handle__2025-06-10__0058229.png,,2025-06-10,58030,58229,2025-05-29T08:00:00+00:00,2025-06-10T23:00:00+00:00,,,,,,,,,,,,,No rule-based candidate at this daily endpoint,rule_candidate,pending
cup_and_handle__2025-06-11__0058252,cup_and_handle,0,no_pattern,neutral,0.0,,cup_and_handle/images/no_pattern/2025/06/cup_and_handle__2025-06-11__0058252.png,,2025-06-11,58053,58252,2025-05-30T08:00:00+00:00,2025-06-11T23:00:00+00:00,,,,,,,,,,,,,No rule-based candidate at this daily endpoint,rule_candidate,pending
cup_and_handle__2025-06-12__0058275,cup_and_handle,0,no_pattern,neutral,0.0,,cup_and_handle/images/no_pattern/2025/06/cup_and_handle__2025-06-12__0058275.png,,2025-06-12,58076,58275,2025-06-02T08:00:00+00:00,2025-06-12T23:00:00+00:00,,,,,,,,,,,,,No rule-based candidate at this daily endpoint,rule_candidate,pending
cup_and_handle__2025-06-13__0058298,cup_and_handle,0,no_pattern,neutral,0.0,,cup_and_handle/images/no_pattern/2025/06/cup_and_handle__2025-06-13__0058298.png,,2025-06-13,58099,58298,2025-06-03T08:00:00+00:00,2025-06-13T23:00:00+00:00,,,,,,,,,,,,,No rule-based candidate at this daily endpoint,rule_candidate,pending
cup_and_handle__2025-06-16__0058321,cup_and_handle,0,no_pattern,neutral,0.0,,cup_and_handle/images/no_pattern/2025/06/cup_and_handle__2025-06-16__0058321.png,,2025-06-16,58122,58321,2025-06-04T08:00:00+00:00,2025-06-16T23:00:00+00:00,,,,,,,,,,,,,No rule-based candidate at this daily endpoint,rule_candidate,pending
cup_and_handle__2025-06-17__0058344,cup_and_handle,0,no_pattern,neutral,0.0,,cup_and_handle/images/no_pattern/2025/06/cup_and_handle__2025-06-17__0058344.png,,2025-06-17,58145,58344,2025-06-05T08:00:00+00:00,2025-06-17T23:00:00+00:00,,,,,,,,,,,,,No rule-based candidate at this daily endpoint,rule_candidate,pending
cup_and_handle__2025-06-18__0058367,cup_and_handle,0,no_pattern,neutral,0.0,,cup_and_handle/images/no_pattern/2025/06/cup_and_handle__2025-06-18__0058367.png,,2025-06-18,58168,58367,2025-06-06T08:00:00+00:00,2025-06-18T23:00:00+00:00,,,,,,,,,,,,,No rule-based candidate at this daily endpoint,rule_candidate,pending
cup_and_handle__2025-06-19__0058388,cup_and_handle,0,no_pattern,neutral,0.0,,cup_and_handle/images/no_pattern/2025/06/cup_and_handle__2025-06-19__0058388.png,,2025-06-19,58189,58388,2025-06-09T06:00:00+00:00,2025-06-19T21:00:00+00:00,,,,,,,,,,,,,No rule-based candidate at this daily endpoint,rule_candidate,pending
cup_and_handle__2025-06-20__0058411,cup_and_handle,0,no_pattern,neutral,0.0,,cup_and_handle/images/no_pattern/2025/06/cup_and_handle__2025-06-20__0058411.png,,2025-06-20,58212,58411,2025-06-10T06:00:00+00:00,2025-06-20T23:00:00+00:00,,,,,,,,,,,,,No rule-based candidate at this daily endpoint,rule_candidate,pending
cup_and_handle__2025-06-23__0058434,cup_and_handle,0,no_pattern,neutral,0.0,,cup_and_handle/images/no_pattern/2025/06/cup_and_handle__2025-06-23__0058434.png,,2025-06-23,58235,58434,2025-06-11T06:00:00+00:00,2025-06-23T23:00:00+00:00,,,,,,,,,,,,,No rule-based candidate at this daily endpoint,rule_candidate,pending
cup_and_handle__2025-06-24__0058457,cup_and_handle,0,no_pattern,neutral,0.0,,cup_and_handle/images/no_pattern/2025/06/cup_and_handle__2025-06-24__0058457.png,,2025-06-24,58258,58457,2025-06-12T06:00:00+00:00,2025-06-24T23:00:00+00:00,,,,,,,,,,,,,No rule-based candidate at this daily endpoint,rule_candidate,pending
cup_and_handle__2025-06-25__0058480,cup_and_handle,0,no_pattern,neutral,0.0,,cup_and_handle/images/no_pattern/2025/06/cup_and_handle__2025-06-25__0058480.png,,2025-06-25,58281,58480,2025-06-13T06:00:00+00:00,2025-06-25T23:00:00+00:00,,,,,,,,,,,,,No rule-based candidate at this daily endpoint,rule_candidate,pending
cup_and_handle__2025-06-26__0058503,cup_and_handle,0,no_pattern,neutral,0.0,,cup_and_handle/images/no_pattern/2025/06/cup_and_handle__2025-06-26__0058503.png,,2025-06-26,58304,58503,2025-06-16T06:00:00+00:00,2025-06-26T23:00:00+00:00,,,,,,,,,,,,,No rule-based candidate at this daily endpoint,rule_candidate,pending
cup_and_handle__2025-06-27__0058526,cup_and_handle,0,no_pattern,neutral,0.0,,cup_and_handle/images/no_pattern/2025/06/cup_and_handle__2025-06-27__0058526.png,,2025-06-27,58327,58526,2025-06-17T06:00:00+00:00,2025-06-27T23:00:00+00:00,,,,,,,,,,,,,No rule-based candidate at this daily endpoint,rule_candidate,pending
cup_and_handle__2025-06-30__0058549,cup_and_handle,0,no_pattern,neutral,0.0,,cup_and_handle/images/no_pattern/2025/06/cup_and_handle__2025-06-30__0058549.png,,2025-06-30,58350,58549,2025-06-18T06:00:00+00:00,2025-06-30T23:00:00+00:00,,,,,,,,,,,,,No rule-based candidate at this daily endpoint,rule_candidate,pending
cup_and_handle__2025-07-01__0058572,cup_and_handle,0,no_pattern,neutral,0.0,,cup_and_handle/images/no_pattern/2025/07/cup_and_handle__2025-07-01__0058572.png,,2025-07-01,58373,58572,2025-06-19T06:00:00+00:00,2025-07-01T23:00:00+00:00,,,,,,,,,,,,,No rule-based candidate at this daily endpoint,rule_candidate,pending
cup_and_handle__2025-07-02__0058595,cup_and_handle,0,no_pattern,neutral,0.0,,cup_and_handle/images/no_pattern/2025/07/cup_and_handle__2025-07-02__0058595.png,,2025-07-02,58396,58595,2025-06-20T08:00:00+00:00,2025-07-02T23:00:00+00:00,,,,,,,,,,,,,No rule-based candidate at this daily endpoint,rule_candidate,pending
cup_and_handle__2025-07-03__0058618,cup_and_handle,0,no_pattern,neutral,0.0,,cup_and_handle/images/no_pattern/2025/07/cup_and_handle__2025-07-03__0058618.png,,2025-07-03,58419,58618,2025-06-23T08:00:00+00:00,2025-07-03T23:00:00+00:00,,,,,,,,,,,,,No rule-based candidate at this daily endpoint,rule_candidate,pending
cup_and_handle__2025-07-04__0058637,cup_and_handle,0,no_pattern,neutral,0.0,,cup_and_handle/images/no_pattern/2025/07/cup_and_handle__2025-07-04__0058637.png,,2025-07-04,58438,58637,2025-06-24T04:00:00+00:00,2025-07-04T19:00:00+00:00,,,,,,,,,,,,,No rule-based candidate at this daily endpoint,rule_candidate,pending
cup_and_handle__2025-07-07__0058660,cup_and_handle,0,no_pattern,neutral,0.0,,cup_and_handle/images/no_pattern/2025/07/cup_and_handle__2025-07-07__0058660.png,,2025-07-07,58461,58660,2025-06-25T04:00:00+00:00,2025-07-07T23:00:00+00:00,,,,,,,,,,,,,No rule-based candidate at this daily endpoint,rule_candidate,pending
cup_and_handle__2025-07-08__0058683,cup_and_handle,0,no_pattern,neutral,0.0,,cup_and_handle/images/no_pattern/2025/07/cup_and_handle__2025-07-08__0058683.png,,2025-07-08,58484,58683,2025-06-26T04:00:00+00:00,2025-07-08T23:00:00+00:00,,,,,,,,,,,,,No rule-based candidate at this daily endpoint,rule_candidate,pending
cup_and_handle__2025-07-09__0058706,cup_and_handle,0,no_pattern,neutral,0.0,,cup_and_handle/images/no_pattern/2025/07/cup_and_handle__2025-07-09__0058706.png,,2025-07-09,58507,58706,2025-06-27T04:00:00+00:00,2025-07-09T23:00:00+00:00,,,,,,,,,,,,,No rule-based candidate at this daily endpoint,rule_candidate,pending
cup_and_handle__2025-07-10__0058729,cup_and_handle,1,forming,bullish,0.54,64.0,cup_and_handle/images/forming/2025/07/cup_and_handle__2025-07-10__0058729.png,,2025-07-10,58530,58729,2025-06-30T04:00:00+00:00,2025-07-10T23:00:00+00:00,58666.0,58729.0,2025-07-08T06:00:00+00:00,2025-07-10T23:00:00+00:00,,,3328.782222222222,3282.7458928571427,3420.854880952381,2.0,3328.782222222222,8.096428571428532,Cup and handle rounded base with shallow handle,rule_candidate,pending
cup_and_handle__2025-07-11__0058752,cup_and_handle,0,no_pattern,neutral,0.0,,cup_and_handle/images/no_pattern/2025/07/cup_and_handle__2025-07-11__0058752.png,,2025-07-11,58553,58752,2025-07-01T04:00:00+00:00,2025-07-11T23:00:00+00:00,,,,,,,,,,,,,No rule-based candidate at this daily endpoint,rule_candidate,pending
cup_and_handle__2025-07-14__0058775,cup_and_handle,0,no_pattern,neutral,0.0,,cup_and_handle/images/no_pattern/2025/07/cup_and_handle__2025-07-14__0058775.png,,2025-07-14,58576,58775,2025-07-02T04:00:00+00:00,2025-07-14T23:00:00+00:00,,,,,,,,,,,,,No rule-based candidate at this daily endpoint,rule_candidate,pending
cup_and_handle__2025-07-15__0058798,cup_and_handle,0,no_pattern,neutral,0.0,,cup_and_handle/images/no_pattern/2025/07/cup_and_handle__2025-07-15__0058798.png,,2025-07-15,58599,58798,2025-07-03T04:00:00+00:00,2025-07-15T23:00:00+00:00,,,,,,,,,,,,,No rule-based candidate at this daily endpoint,rule_candidate,pending
cup_and_handle__2025-07-16__0058821,cup_and_handle,0,no_pattern,neutral,0.0,,cup_and_handle/images/no_pattern/2025/07/cup_and_handle__2025-07-16__0058821.png,,2025-07-16,58622,58821,2025-07-04T04:00:00+00:00,2025-07-16T23:00:00+00:00,,,,,,,,,,,,,No rule-based candidate at this daily endpoint,rule_candidate,pending
cup_and_handle__2025-07-17__0058844,cup_and_handle,0,no_pattern,neutral,0.0,,cup_and_handle/images/no_pattern/2025/07/cup_and_handle__2025-07-17__0058844.png,,2025-07-17,58645,58844,2025-07-07T08:00:00+00:00,2025-07-17T23:00:00+00:00,,,,,,,,,,,,,No rule-based candidate at this daily endpoint,rule_candidate,pending
cup_and_handle__2025-07-18__0058867,cup_and_handle,0,no_pattern,neutral,0.0,,cup_and_handle/images/no_pattern/2025/07/cup_and_handle__2025-07-18__0058867.png,,2025-07-18,58668,58867,2025-07-08T08:00:00+00:00,2025-07-18T23:00:00+00:00,,,,,,,,,,,,,No rule-based candidate at this daily endpoint,rule_candidate,pending
cup_and_handle__2025-07-21__0058890,cup_and_handle,0,no_pattern,neutral,0.0,,cup_and_handle/images/no_pattern/2025/07/cup_and_handle__2025-07-21__0058890.png,,2025-07-21,58691,58890,2025-07-09T08:00:00+00:00,2025-07-21T23:00:00+00:00,,,,,,,,,,,,,No rule-based candidate at this daily endpoint,rule_candidate,pending
cup_and_handle__2025-07-22__0058913,cup_and_handle,0,no_pattern,neutral,0.0,,cup_and_handle/images/no_pattern/2025/07/cup_and_handle__2025-07-22__0058913.png,,2025-07-22,58714,58913,2025-07-10T08:00:00+00:00,2025-07-22T23:00:00+00:00,,,,,,,,,,,,,No rule-based candidate at this daily endpoint,rule_candidate,pending
cup_and_handle__2025-07-23__0058936,cup_and_handle,0,no_pattern,neutral,0.0,,cup_and_handle/images/no_pattern/2025/07/cup_and_handle__2025-07-23__0058936.png,,2025-07-23,58737,58936,2025-07-11T08:00:00+00:00,2025-07-23T23:00:00+00:00,,,,,,,,,,,,,No rule-based candidate at this daily endpoint,rule_candidate,pending
cup_and_handle__2025-07-24__0058959,cup_and_handle,0,no_pattern,neutral,0.0,,cup_and_handle/images/no_pattern/2025/07/cup_and_handle__2025-07-24__0058959.png,,2025-07-24,58760,58959,2025-07-14T08:00:00+00:00,2025-07-24T23:00:00+00:00,,,,,,,,,,,,,No rule-based candidate at this daily endpoint,rule_candidate,pending
cup_and_handle__2025-07-25__0058982,cup_and_handle,0,no_pattern,neutral,0.0,,cup_and_handle/images/no_pattern/2025/07/cup_and_handle__2025-07-25__0058982.png,,2025-07-25,58783,58982,2025-07-15T08:00:00+00:00,2025-07-25T23:00:00+00:00,,,,,,,,,,,,,No rule-based candidate at this daily endpoint,rule_candidate,pending
cup_and_handle__2025-07-28__0059005,cup_and_handle,0,no_pattern,neutral,0.0,,cup_and_handle/images/no_pattern/2025/07/cup_and_handle__2025-07-28__0059005.png,,2025-07-28,58806,59005,2025-07-16T08:00:00+00:00,2025-07-28T23:00:00+00:00,,,,,,,,,,,,,No rule-based candidate at this daily endpoint,rule_candidate,pending
cup_and_handle__2025-07-29__0059028,cup_and_handle,0,no_pattern,neutral,0.0,,cup_and_handle/images/no_pattern/2025/07/cup_and_handle__2025-07-29__0059028.png,,2025-07-29,58829,59028,2025-07-17T08:00:00+00:00,2025-07-29T23:00:00+00:00,,,,,,,,,,,,,No rule-based candidate at this daily endpoint,rule_candidate,pending
cup_and_handle__2025-07-30__0059051,cup_and_handle,0,no_pattern,neutral,0.0,,cup_and_handle/images/no_pattern/2025/07/cup_and_handle__2025-07-30__0059051.png,,2025-07-30,58852,59051,2025-07-18T08:00:00+00:00,2025-07-30T23:00:00+00:00,,,,,,,,,,,,,No rule-based candidate at this daily endpoint,rule_candidate,pending
cup_and_handle__2025-07-31__0059074,cup_and_handle,0,no_pattern,neutral,0.0,,cup_and_handle/images/no_pattern/2025/07/cup_and_handle__2025-07-31__0059074.png,,2025-07-31,58875,59074,2025-07-21T08:00:00+00:00,2025-07-31T23:00:00+00:00,,,,,,,,,,,,,No rule-based candidate at this daily endpoint,rule_candidate,pending
cup_and_handle__2025-08-01__0059097,cup_and_handle,0,no_pattern,neutral,0.0,,cup_and_handle/images/no_pattern/2025/08/cup_and_handle__2025-08-01__0059097.png,,2025-08-01,58898,59097,2025-07-22T08:00:00+00:00,2025-08-01T23:00:00+00:00,,,,,,,,,,,,,No rule-based candidate at this daily endpoint,rule_candidate,pending
cup_and_handle__2025-08-04__0059120,cup_and_handle,0,no_pattern,neutral,0.0,,cup_and_handle/images/no_pattern/2025/08/cup_and_handle__2025-08-04__0059120.png,,2025-08-04,58921,59120,2025-07-23T08:00:00+00:00,2025-08-04T23:00:00+00:00,,,,,,,,,,,,,No rule-based candidate at this daily endpoint,rule_candidate,pending
cup_and_handle__2025-08-05__0059143,cup_and_handle,0,no_pattern,neutral,0.0,,cup_and_handle/images/no_pattern/2025/08/cup_and_handle__2025-08-05__0059143.png,,2025-08-05,58944,59143,2025-07-24T08:00:00+00:00,2025-08-05T23:00:00+00:00,,,,,,,,,,,,,No rule-based candidate at this daily endpoint,rule_candidate,pending
cup_and_handle__2025-08-06__0059166,cup_and_handle,0,no_pattern,neutral,0.0,,cup_and_handle/images/no_pattern/2025/08/cup_and_handle__2025-08-06__0059166.png,,2025-08-06,58967,59166,2025-07-25T08:00:00+00:00,2025-08-06T23:00:00+00:00,,,,,,,,,,,,,No rule-based candidate at this daily endpoint,rule_candidate,pending
cup_and_handle__2025-08-07__0059189,cup_and_handle,0,no_pattern,neutral,0.0,,cup_and_handle/images/no_pattern/2025/08/cup_and_handle__2025-08-07__0059189.png,,2025-08-07,58990,59189,2025-07-28T08:00:00+00:00,2025-08-07T23:00:00+00:00,,,,,,,,,,,,,No rule-based candidate at this daily endpoint,rule_candidate,pending
cup_and_handle__2025-08-08__0059212,cup_and_handle,0,no_pattern,neutral,0.0,,cup_and_handle/images/no_pattern/2025/08/cup_and_handle__2025-08-08__0059212.png,,2025-08-08,59013,59212,2025-07-29T08:00:00+00:00,2025-08-08T23:00:00+00:00,,,,,,,,,,,,,No rule-based candidate at this daily endpoint,rule_candidate,pending
cup_and_handle__2025-08-11__0059235,cup_and_handle,0,no_pattern,neutral,0.0,,cup_and_handle/images/no_pattern/2025/08/cup_and_handle__2025-08-11__0059235.png,,2025-08-11,59036,59235,2025-07-30T08:00:00+00:00,2025-08-11T23:00:00+00:00,,,,,,,,,,,,,No rule-based candidate at this daily endpoint,rule_candidate,pending
cup_and_handle__2025-08-12__0059258,cup_and_handle,0,no_pattern,neutral,0.0,,cup_and_handle/images/no_pattern/2025/08/cup_and_handle__2025-08-12__0059258.png,,2025-08-12,59059,59258,2025-07-31T08:00:00+00:00,2025-08-12T23:00:00+00:00,,,,,,,,,,,,,No rule-based candidate at this daily endpoint,rule_candidate,pending
cup_and_handle__2025-08-13__0059281,cup_and_handle,0,no_pattern,neutral,0.0,,cup_and_handle/images/no_pattern/2025/08/cup_and_handle__2025-08-13__0059281.png,,2025-08-13,59082,59281,2025-08-01T08:00:00+00:00,2025-08-13T23:00:00+00:00,,,,,,,,,,,,,No rule-based candidate at this daily endpoint,rule_candidate,pending
cup_and_handle__2025-08-14__0059304,cup_and_handle,0,no_pattern,neutral,0.0,,cup_and_handle/images/no_pattern/2025/08/cup_and_handle__2025-08-14__0059304.png,,2025-08-14,59105,59304,2025-08-04T08:00:00+00:00,2025-08-14T23:00:00+00:00,,,,,,,,,,,,,No rule-based candidate at this daily endpoint,rule_candidate,pending
cup_and_handle__2025-08-15__0059327,cup_and_handle,0,no_pattern,neutral,0.0,,cup_and_handle/images/no_pattern/2025/08/cup_and_handle__2025-08-15__0059327.png,,2025-08-15,59128,59327,2025-08-05T08:00:00+00:00,2025-08-15T23:00:00+00:00,,,,,,,,,,,,,No rule-based candidate at this daily endpoint,rule_candidate,pending
cup_and_handle__2025-08-18__0059350,cup_and_handle,0,no_pattern,neutral,0.0,,cup_and_handle/images/no_pattern/2025/08/cup_and_handle__2025-08-18__0059350.png,,2025-08-18,59151,59350,2025-08-06T08:00:00+00:00,2025-08-18T23:00:00+00:00,,,,,,,,,,,,,No rule-based candidate at this daily endpoint,rule_candidate,pending
cup_and_handle__2025-08-19__0059373,cup_and_handle,0,no_pattern,neutral,0.0,,cup_and_handle/images/no_pattern/2025/08/cup_and_handle__2025-08-19__0059373.png,,2025-08-19,59174,59373,2025-08-07T08:00:00+00:00,2025-08-19T23:00:00+00:00,,,,,,,,,,,,,No rule-based candidate at this daily endpoint,rule_candidate,pending
cup_and_handle__2025-08-20__0059396,cup_and_handle,0,no_pattern,neutral,0.0,,cup_and_handle/images/no_pattern/2025/08/cup_and_handle__2025-08-20__0059396.png,,2025-08-20,59197,59396,2025-08-08T08:00:00+00:00,2025-08-20T23:00:00+00:00,,,,,,,,,,,,,No rule-based candidate at this daily endpoint,rule_candidate,pending
cup_and_handle__2025-08-21__0059419,cup_and_handle,0,no_pattern,neutral,0.0,,cup_and_handle/images/no_pattern/2025/08/cup_and_handle__2025-08-21__0059419.png,,2025-08-21,59220,59419,2025-08-11T08:00:00+00:00,2025-08-21T23:00:00+00:00,,,,,,,,,,,,,No rule-based candidate at this daily endpoint,rule_candidate,pending
cup_and_handle__2025-08-22__0059442,cup_and_handle,0,no_pattern,neutral,0.0,,cup_and_handle/images/no_pattern/2025/08/cup_and_handle__2025-08-22__0059442.png,,2025-08-22,59243,59442,2025-08-12T08:00:00+00:00,2025-08-22T23:00:00+00:00,,,,,,,,,,,,,No rule-based candidate at this daily endpoint,rule_candidate,pending
cup_and_handle__2025-08-25__0059465,cup_and_handle,1,confirmed,bullish,0.66,80.0,cup_and_handle/images/confirmed/2025/08/cup_and_handle__2025-08-25__0059465.png,,2025-08-25,59266,59465,2025-08-13T08:00:00+00:00,2025-08-25T23:00:00+00:00,59386.0,59465.0,2025-08-20T13:00:00+00:00,2025-08-25T23:00:00+00:00,59465.0,2025-08-25T23:00:00+00:00,3365.56,3322.18,3452.32,2.0,3363.473333333334,4.759999999999926,Cup and handle rounded base with shallow handle,rule_candidate,pending
cup_and_handle__2025-08-26__0059488,cup_and_handle,0,no_pattern,neutral,0.0,,cup_and_handle/images/no_pattern/2025/08/cup_and_handle__2025-08-26__0059488.png,,2025-08-26,59289,59488,2025-08-14T08:00:00+00:00,2025-08-26T23:00:00+00:00,,,,,,,,,,,,,No rule-based candidate at this daily endpoint,rule_candidate,pending
cup_and_handle__2025-08-27__0059511,cup_and_handle,0,no_pattern,neutral,0.0,,cup_and_handle/images/no_pattern/2025/08/cup_and_handle__2025-08-27__0059511.png,,2025-08-27,59312,59511,2025-08-15T08:00:00+00:00,2025-08-27T23:00:00+00:00,,,,,,,,,,,,,No rule-based candidate at this daily endpoint,rule_candidate,pending
cup_and_handle__2025-08-28__0059534,cup_and_handle,0,no_pattern,neutral,0.0,,cup_and_handle/images/no_pattern/2025/08/cup_and_handle__2025-08-28__0059534.png,,2025-08-28,59335,59534,2025-08-18T08:00:00+00:00,2025-08-28T23:00:00+00:00,,,,,,,,,,,,,No rule-based candidate at this daily endpoint,rule_candidate,pending
cup_and_handle__2025-08-29__0059557,cup_and_handle,0,no_pattern,neutral,0.0,,cup_and_handle/images/no_pattern/2025/08/cup_and_handle__2025-08-29__0059557.png,,2025-08-29,59358,59557,2025-08-19T08:00:00+00:00,2025-08-29T23:00:00+00:00,,,,,,,,,,,,,No rule-based candidate at this daily endpoint,rule_candidate,pending
cup_and_handle__2025-09-01__0059578,cup_and_handle,0,no_pattern,neutral,0.0,,cup_and_handle/images/no_pattern/2025/09/cup_and_handle__2025-09-01__0059578.png,,2025-09-01,59379,59578,2025-08-20T06:00:00+00:00,2025-09-01T21:00:00+00:00,,,,,,,,,,,,,No rule-based candidate at this daily endpoint,rule_candidate,pending
cup_and_handle__2025-09-02__0059601,cup_and_handle,0,no_pattern,neutral,0.0,,cup_and_handle/images/no_pattern/2025/09/cup_and_handle__2025-09-02__0059601.png,,2025-09-02,59402,59601,2025-08-21T06:00:00+00:00,2025-09-02T23:00:00+00:00,,,,,,,,,,,,,No rule-based candidate at this daily endpoint,rule_candidate,pending
cup_and_handle__2025-09-03__0059624,cup_and_handle,0,no_pattern,neutral,0.0,,cup_and_handle/images/no_pattern/2025/09/cup_and_handle__2025-09-03__0059624.png,,2025-09-03,59425,59624,2025-08-22T06:00:00+00:00,2025-09-03T23:00:00+00:00,,,,,,,,,,,,,No rule-based candidate at this daily endpoint,rule_candidate,pending
cup_and_handle__2025-09-04__0059647,cup_and_handle,0,no_pattern,neutral,0.0,,cup_and_handle/images/no_pattern/2025/09/cup_and_handle__2025-09-04__0059647.png,,2025-09-04,59448,59647,2025-08-25T06:00:00+00:00,2025-09-04T23:00:00+00:00,,,,,,,,,,,,,No rule-based candidate at this daily endpoint,rule_candidate,pending
cup_and_handle__2025-09-05__0059670,cup_and_handle,0,no_pattern,neutral,0.0,,cup_and_handle/images/no_pattern/2025/09/cup_and_handle__2025-09-05__0059670.png,,2025-09-05,59471,59670,2025-08-26T06:00:00+00:00,2025-09-05T23:00:00+00:00,,,,,,,,,,,,,No rule-based candidate at this daily endpoint,rule_candidate,pending
cup_and_handle__2025-09-08__0059693,cup_and_handle,0,no_pattern,neutral,0.0,,cup_and_handle/images/no_pattern/2025/09/cup_and_handle__2025-09-08__0059693.png,,2025-09-08,59494,59693,2025-08-27T06:00:00+00:00,2025-09-08T23:00:00+00:00,,,,,,,,,,,,,No rule-based candidate at this daily endpoint,rule_candidate,pending
cup_and_handle__2025-09-09__0059716,cup_and_handle,0,no_pattern,neutral,0.0,,cup_and_handle/images/no_pattern/2025/09/cup_and_handle__2025-09-09__0059716.png,,2025-09-09,59517,59716,2025-08-28T06:00:00+00:00,2025-09-09T23:00:00+00:00,,,,,,,,,,,,,No rule-based candidate at this daily endpoint,rule_candidate,pending
cup_and_handle__2025-09-10__0059739,cup_and_handle,0,no_pattern,neutral,0.0,,cup_and_handle/images/no_pattern/2025/09/cup_and_handle__2025-09-10__0059739.png,,2025-09-10,59540,59739,2025-08-29T06:00:00+00:00,2025-09-10T23:00:00+00:00,,,,,,,,,,,,,No rule-based candidate at this daily endpoint,rule_candidate,pending
cup_and_handle__2025-09-11__0059762,cup_and_handle,0,no_pattern,neutral,0.0,,cup_and_handle/images/no_pattern/2025/09/cup_and_handle__2025-09-11__0059762.png,,2025-09-11,59563,59762,2025-09-01T06:00:00+00:00,2025-09-11T23:00:00+00:00,,,,,,,,,,,,,No rule-based candidate at this daily endpoint,rule_candidate,pending
cup_and_handle__2025-09-12__0059785,cup_and_handle,1,forming,bullish,0.54,64.0,cup_and_handle/images/forming/2025/09/cup_and_handle__2025-09-12__0059785.png,,2025-09-12,59586,59785,2025-09-02T08:00:00+00:00,2025-09-12T23:00:00+00:00,59722.0,59785.0,2025-09-10T06:00:00+00:00,2025-09-12T23:00:00+00:00,,,3646.054444444444,3615.006964285714,3708.149404761904,2.0,3646.054444444444,6.652142857142962,Cup and handle rounded base with shallow handle,rule_candidate,pending
cup_and_handle__2025-09-15__0059808,cup_and_handle,0,no_pattern,neutral,0.0,,cup_and_handle/images/no_pattern/2025/09/cup_and_handle__2025-09-15__0059808.png,,2025-09-15,59609,59808,2025-09-03T08:00:00+00:00,2025-09-15T23:00:00+00:00,,,,,,,,,,,,,No rule-based candidate at this daily endpoint,rule_candidate,pending
cup_and_handle__2025-09-16__0059831,cup_and_handle,0,no_pattern,neutral,0.0,,cup_and_handle/images/no_pattern/2025/09/cup_and_handle__2025-09-16__0059831.png,,2025-09-16,59632,59831,2025-09-04T08:00:00+00:00,2025-09-16T23:00:00+00:00,,,,,,,,,,,,,No rule-based candidate at this daily endpoint,rule_candidate,pending
cup_and_handle__2025-09-17__0059854,cup_and_handle,0,no_pattern,neutral,0.0,,cup_and_handle/images/no_pattern/2025/09/cup_and_handle__2025-09-17__0059854.png,,2025-09-17,59655,59854,2025-09-05T08:00:00+00:00,2025-09-17T23:00:00+00:00,,,,,,,,,,,,,No rule-based candidate at this daily endpoint,rule_candidate,pending
cup_and_handle__2025-09-18__0059877,cup_and_handle,0,no_pattern,neutral,0.0,,cup_and_handle/images/no_pattern/2025/09/cup_and_handle__2025-09-18__0059877.png,,2025-09-18,59678,59877,2025-09-08T08:00:00+00:00,2025-09-18T23:00:00+00:00,,,,,,,,,,,,,No rule-based candidate at this daily endpoint,rule_candidate,pending
cup_and_handle__2025-09-19__0059900,cup_and_handle,0,no_pattern,neutral,0.0,,cup_and_handle/images/no_pattern/2025/09/cup_and_handle__2025-09-19__0059900.png,,2025-09-19,59701,59900,2025-09-09T08:00:00+00:00,2025-09-19T23:00:00+00:00,,,,,,,,,,,,,No rule-based candidate at this daily endpoint,rule_candidate,pending
cup_and_handle__2025-09-22__0059923,cup_and_handle,0,no_pattern,neutral,0.0,,cup_and_handle/images/no_pattern/2025/09/cup_and_handle__2025-09-22__0059923.png,,2025-09-22,59724,59923,2025-09-10T08:00:00+00:00,2025-09-22T23:00:00+00:00,,,,,,,,,,,,,No rule-based candidate at this daily endpoint,rule_candidate,pending
cup_and_handle__2025-09-23__0059946,cup_and_handle,0,no_pattern,neutral,0.0,,cup_and_handle/images/no_pattern/2025/09/cup_and_handle__2025-09-23__0059946.png,,2025-09-23,59747,59946,2025-09-11T08:00:00+00:00,2025-09-23T23:00:00+00:00,,,,,,,,,,,,,No rule-based candidate at this daily endpoint,rule_candidate,pending
cup_and_handle__2025-09-24__0059969,cup_and_handle,0,no_pattern,neutral,0.0,,cup_and_handle/images/no_pattern/2025/09/cup_and_handle__2025-09-24__0059969.png,,2025-09-24,59770,59969,2025-09-12T08:00:00+00:00,2025-09-24T23:00:00+00:00,,,,,,,,,,,,,No rule-based candidate at this daily endpoint,rule_candidate,pending
cup_and_handle__2025-09-25__0059992,cup_and_handle,0,no_pattern,neutral,0.0,,cup_and_handle/images/no_pattern/2025/09/cup_and_handle__2025-09-25__0059992.png,,2025-09-25,59793,59992,2025-09-15T08:00:00+00:00,2025-09-25T23:00:00+00:00,,,,,,,,,,,,,No rule-based candidate at this daily endpoint,rule_candidate,pending
cup_and_handle__2025-09-26__0060015,cup_and_handle,0,no_pattern,neutral,0.0,,cup_and_handle/images/no_pattern/2025/09/cup_and_handle__2025-09-26__0060015.png,,2025-09-26,59816,60015,2025-09-16T08:00:00+00:00,2025-09-26T23:00:00+00:00,,,,,,,,,,,,,No rule-based candidate at this daily endpoint,rule_candidate,pending
cup_and_handle__2025-09-29__0060038,cup_and_handle,0,no_pattern,neutral,0.0,,cup_and_handle/images/no_pattern/2025/09/cup_and_handle__2025-09-29__0060038.png,,2025-09-29,59839,60038,2025-09-17T08:00:00+00:00,2025-09-29T23:00:00+00:00,,,,,,,,,,,,,No rule-based candidate at this daily endpoint,rule_candidate,pending
cup_and_handle__2025-09-30__0060061,cup_and_handle,0,no_pattern,neutral,0.0,,cup_and_handle/images/no_pattern/2025/09/cup_and_handle__2025-09-30__0060061.png,,2025-09-30,59862,60061,2025-09-18T08:00:00+00:00,2025-09-30T23:00:00+00:00,,,,,,,,,,,,,No rule-based candidate at this daily endpoint,rule_candidate,pending
cup_and_handle__2025-10-01__0060084,cup_and_handle,0,no_pattern,neutral,0.0,,cup_and_handle/images/no_pattern/2025/10/cup_and_handle__2025-10-01__0060084.png,,2025-10-01,59885,60084,2025-09-19T08:00:00+00:00,2025-10-01T23:00:00+00:00,,,,,,,,,,,,,No rule-based candidate at this daily endpoint,rule_candidate,pending
cup_and_handle__2025-10-02__0060107,cup_and_handle,0,no_pattern,neutral,0.0,,cup_and_handle/images/no_pattern/2025/10/cup_and_handle__2025-10-02__0060107.png,,2025-10-02,59908,60107,2025-09-22T08:00:00+00:00,2025-10-02T23:00:00+00:00,,,,,,,,,,,,,No rule-based candidate at this daily endpoint,rule_candidate,pending
cup_and_handle__2025-10-03__0060130,cup_and_handle,0,no_pattern,neutral,0.0,,cup_and_handle/images/no_pattern/2025/10/cup_and_handle__2025-10-03__0060130.png,,2025-10-03,59931,60130,2025-09-23T08:00:00+00:00,2025-10-03T23:00:00+00:00,,,,,,,,,,,,,No rule-based candidate at this daily endpoint,rule_candidate,pending
cup_and_handle__2025-10-06__0060153,cup_and_handle,0,no_pattern,neutral,0.0,,cup_and_handle/images/no_pattern/2025/10/cup_and_handle__2025-10-06__0060153.png,,2025-10-06,59954,60153,2025-09-24T08:00:00+00:00,2025-10-06T23:00:00+00:00,,,,,,,,,,,,,No rule-based candidate at this daily endpoint,rule_candidate,pending
cup_and_handle__2025-10-07__0060176,cup_and_handle,0,no_pattern,neutral,0.0,,cup_and_handle/images/no_pattern/2025/10/cup_and_handle__2025-10-07__0060176.png,,2025-10-07,59977,60176,2025-09-25T08:00:00+00:00,2025-10-07T23:00:00+00:00,,,,,,,,,,,,,No rule-based candidate at this daily endpoint,rule_candidate,pending
cup_and_handle__2025-10-08__0060199,cup_and_handle,0,no_pattern,neutral,0.0,,cup_and_handle/images/no_pattern/2025/10/cup_and_handle__2025-10-08__0060199.png,,2025-10-08,60000,60199,2025-09-26T08:00:00+00:00,2025-10-08T23:00:00+00:00,,,,,,,,,,,,,No rule-based candidate at this daily endpoint,rule_candidate,pending
cup_and_handle__2025-10-09__0060222,cup_and_handle,0,no_pattern,neutral,0.0,,cup_and_handle/images/no_pattern/2025/10/cup_and_handle__2025-10-09__0060222.png,,2025-10-09,60023,60222,2025-09-29T08:00:00+00:00,2025-10-09T23:00:00+00:00,,,,,,,,,,,,,No rule-based candidate at this daily endpoint,rule_candidate,pending
cup_and_handle__2025-10-10__0060245,cup_and_handle,0,no_pattern,neutral,0.0,,cup_and_handle/images/no_pattern/2025/10/cup_and_handle__2025-10-10__0060245.png,,2025-10-10,60046,60245,2025-09-30T08:00:00+00:00,2025-10-10T23:00:00+00:00,,,,,,,,,,,,,No rule-based candidate at this daily endpoint,rule_candidate,pending
cup_and_handle__2025-10-13__0060268,cup_and_handle,0,no_pattern,neutral,0.0,,cup_and_handle/images/no_pattern/2025/10/cup_and_handle__2025-10-13__0060268.png,,2025-10-13,60069,60268,2025-10-01T08:00:00+00:00,2025-10-13T23:00:00+00:00,,,,,,,,,,,,,No rule-based candidate at this daily endpoint,rule_candidate,pending
cup_and_handle__2025-10-14__0060291,cup_and_handle,0,no_pattern,neutral,0.0,,cup_and_handle/images/no_pattern/2025/10/cup_and_handle__2025-10-14__0060291.png,,2025-10-14,60092,60291,2025-10-02T08:00:00+00:00,2025-10-14T23:00:00+00:00,,,,,,,,,,,,,No rule-based candidate at this daily endpoint,rule_candidate,pending
cup_and_handle__2025-10-15__0060314,cup_and_handle,0,no_pattern,neutral,0.0,,cup_and_handle/images/no_pattern/2025/10/cup_and_handle__2025-10-15__0060314.png,,2025-10-15,60115,60314,2025-10-03T08:00:00+00:00,2025-10-15T23:00:00+00:00,,,,,,,,,,,,,No rule-based candidate at this daily endpoint,rule_candidate,pending
cup_and_handle__2025-10-16__0060337,cup_and_handle,0,no_pattern,neutral,0.0,,cup_and_handle/images/no_pattern/2025/10/cup_and_handle__2025-10-16__0060337.png,,2025-10-16,60138,60337,2025-10-06T08:00:00+00:00,2025-10-16T23:00:00+00:00,,,,,,,,,,,,,No rule-based candidate at this daily endpoint,rule_candidate,pending
cup_and_handle__2025-10-17__0060360,cup_and_handle,0,no_pattern,neutral,0.0,,cup_and_handle/images/no_pattern/2025/10/cup_and_handle__2025-10-17__0060360.png,,2025-10-17,60161,60360,2025-10-07T08:00:00+00:00,2025-10-17T23:00:00+00:00,,,,,,,,,,,,,No rule-based candidate at this daily endpoint,rule_candidate,pending
cup_and_handle__2025-10-20__0060383,cup_and_handle,0,no_pattern,neutral,0.0,,cup_and_handle/images/no_pattern/2025/10/cup_and_handle__2025-10-20__0060383.png,,2025-10-20,60184,60383,2025-10-08T08:00:00+00:00,2025-10-20T23:00:00+00:00,,,,,,,,,,,,,No rule-based candidate at this daily endpoint,rule_candidate,pending
cup_and_handle__2025-10-21__0060406,cup_and_handle,0,no_pattern,neutral,0.0,,cup_and_handle/images/no_pattern/2025/10/cup_and_handle__2025-10-21__0060406.png,,2025-10-21,60207,60406,2025-10-09T08:00:00+00:00,2025-10-21T23:00:00+00:00,,,,,,,,,,,,,No rule-based candidate at this daily endpoint,rule_candidate,pending
cup_and_handle__2025-10-22__0060429,cup_and_handle,0,no_pattern,neutral,0.0,,cup_and_handle/images/no_pattern/2025/10/cup_and_handle__2025-10-22__0060429.png,,2025-10-22,60230,60429,2025-10-10T08:00:00+00:00,2025-10-22T23:00:00+00:00,,,,,,,,,,,,,No rule-based candidate at this daily endpoint,rule_candidate,pending
cup_and_handle__2025-10-23__0060452,cup_and_handle,0,no_pattern,neutral,0.0,,cup_and_handle/images/no_pattern/2025/10/cup_and_handle__2025-10-23__0060452.png,,2025-10-23,60253,60452,2025-10-13T08:00:00+00:00,2025-10-23T23:00:00+00:00,,,,,,,,,,,,,No rule-based candidate at this daily endpoint,rule_candidate,pending
cup_and_handle__2025-10-24__0060475,cup_and_handle,0,no_pattern,neutral,0.0,,cup_and_handle/images/no_pattern/2025/10/cup_and_handle__2025-10-24__0060475.png,,2025-10-24,60276,60475,2025-10-14T08:00:00+00:00,2025-10-24T23:00:00+00:00,,,,,,,,,,,,,No rule-based candidate at this daily endpoint,rule_candidate,pending
cup_and_handle__2025-10-27__0060498,cup_and_handle,0,no_pattern,neutral,0.0,,cup_and_handle/images/no_pattern/2025/10/cup_and_handle__2025-10-27__0060498.png,,2025-10-27,60299,60498,2025-10-15T08:00:00+00:00,2025-10-27T22:00:00+00:00,,,,,,,,,,,,,No rule-based candidate at this daily endpoint,rule_candidate,pending
cup_and_handle__2025-10-28__0060521,cup_and_handle,0,no_pattern,neutral,0.0,,cup_and_handle/images/no_pattern/2025/10/cup_and_handle__2025-10-28__0060521.png,,2025-10-28,60322,60521,2025-10-16T08:00:00+00:00,2025-10-28T22:00:00+00:00,,,,,,,,,,,,,No rule-based candidate at this daily endpoint,rule_candidate,pending
cup_and_handle__2025-10-29__0060544,cup_and_handle,0,no_pattern,neutral,0.0,,cup_and_handle/images/no_pattern/2025/10/cup_and_handle__2025-10-29__0060544.png,,2025-10-29,60345,60544,2025-10-17T08:00:00+00:00,2025-10-29T22:00:00+00:00,,,,,,,,,,,,,No rule-based candidate at this daily endpoint,rule_candidate,pending
cup_and_handle__2025-10-30__0060567,cup_and_handle,0,no_pattern,neutral,0.0,,cup_and_handle/images/no_pattern/2025/10/cup_and_handle__2025-10-30__0060567.png,,2025-10-30,60368,60567,2025-10-20T08:00:00+00:00,2025-10-30T22:00:00+00:00,,,,,,,,,,,,,No rule-based candidate at this daily endpoint,rule_candidate,pending
cup_and_handle__2025-10-31__0060590,cup_and_handle,0,no_pattern,neutral,0.0,,cup_and_handle/images/no_pattern/2025/10/cup_and_handle__2025-10-31__0060590.png,,2025-10-31,60391,60590,2025-10-21T08:00:00+00:00,2025-10-31T22:00:00+00:00,,,,,,,,,,,,,No rule-based candidate at this daily endpoint,rule_candidate,pending
cup_and_handle__2025-11-03__0060613,cup_and_handle,0,no_pattern,neutral,0.0,,cup_and_handle/images/no_pattern/2025/11/cup_and_handle__2025-11-03__0060613.png,,2025-11-03,60414,60613,2025-10-22T08:00:00+00:00,2025-11-03T23:00:00+00:00,,,,,,,,,,,,,No rule-based candidate at this daily endpoint,rule_candidate,pending
cup_and_handle__2025-11-04__0060636,cup_and_handle,0,no_pattern,neutral,0.0,,cup_and_handle/images/no_pattern/2025/11/cup_and_handle__2025-11-04__0060636.png,,2025-11-04,60437,60636,2025-10-23T08:00:00+00:00,2025-11-04T23:00:00+00:00,,,,,,,,,,,,,No rule-based candidate at this daily endpoint,rule_candidate,pending
cup_and_handle__2025-11-05__0060659,cup_and_handle,0,no_pattern,neutral,0.0,,cup_and_handle/images/no_pattern/2025/11/cup_and_handle__2025-11-05__0060659.png,,2025-11-05,60460,60659,2025-10-24T08:00:00+00:00,2025-11-05T23:00:00+00:00,,,,,,,,,,,,,No rule-based candidate at this daily endpoint,rule_candidate,pending
cup_and_handle__2025-11-06__0060682,cup_and_handle,0,no_pattern,neutral,0.0,,cup_and_handle/images/no_pattern/2025/11/cup_and_handle__2025-11-06__0060682.png,,2025-11-06,60483,60682,2025-10-27T07:00:00+00:00,2025-11-06T23:00:00+00:00,,,,,,,,,,,,,No rule-based candidate at this daily endpoint,rule_candidate,pending
cup_and_handle__2025-11-07__0060705,cup_and_handle,0,no_pattern,neutral,0.0,,cup_and_handle/images/no_pattern/2025/11/cup_and_handle__2025-11-07__0060705.png,,2025-11-07,60506,60705,2025-10-28T07:00:00+00:00,2025-11-07T23:00:00+00:00,,,,,,,,,,,,,No rule-based candidate at this daily endpoint,rule_candidate,pending
cup_and_handle__2025-11-10__0060728,cup_and_handle,0,no_pattern,neutral,0.0,,cup_and_handle/images/no_pattern/2025/11/cup_and_handle__2025-11-10__0060728.png,,2025-11-10,60529,60728,2025-10-29T07:00:00+00:00,2025-11-10T23:00:00+00:00,,,,,,,,,,,,,No rule-based candidate at this daily endpoint,rule_candidate,pending
cup_and_handle__2025-11-11__0060751,cup_and_handle,0,no_pattern,neutral,0.0,,cup_and_handle/images/no_pattern/2025/11/cup_and_handle__2025-11-11__0060751.png,,2025-11-11,60552,60751,2025-10-30T07:00:00+00:00,2025-11-11T23:00:00+00:00,,,,,,,,,,,,,No rule-based candidate at this daily endpoint,rule_candidate,pending
cup_and_handle__2025-11-12__0060774,cup_and_handle,0,no_pattern,neutral,0.0,,cup_and_handle/images/no_pattern/2025/11/cup_and_handle__2025-11-12__0060774.png,,2025-11-12,60575,60774,2025-10-31T07:00:00+00:00,2025-11-12T23:00:00+00:00,,,,,,,,,,,,,No rule-based candidate at this daily endpoint,rule_candidate,pending
cup_and_handle__2025-11-13__0060797,cup_and_handle,0,no_pattern,neutral,0.0,,cup_and_handle/images/no_pattern/2025/11/cup_and_handle__2025-11-13__0060797.png,,2025-11-13,60598,60797,2025-11-03T08:00:00+00:00,2025-11-13T23:00:00+00:00,,,,,,,,,,,,,No rule-based candidate at this daily endpoint,rule_candidate,pending
cup_and_handle__2025-11-14__0060820,cup_and_handle,0,no_pattern,neutral,0.0,,cup_and_handle/images/no_pattern/2025/11/cup_and_handle__2025-11-14__0060820.png,,2025-11-14,60621,60820,2025-11-04T08:00:00+00:00,2025-11-14T23:00:00+00:00,,,,,,,,,,,,,No rule-based candidate at this daily endpoint,rule_candidate,pending
cup_and_handle__2025-11-17__0060843,cup_and_handle,0,no_pattern,neutral,0.0,,cup_and_handle/images/no_pattern/2025/11/cup_and_handle__2025-11-17__0060843.png,,2025-11-17,60644,60843,2025-11-05T08:00:00+00:00,2025-11-17T23:00:00+00:00,,,,,,,,,,,,,No rule-based candidate at this daily endpoint,rule_candidate,pending
cup_and_handle__2025-11-18__0060866,cup_and_handle,0,no_pattern,neutral,0.0,,cup_and_handle/images/no_pattern/2025/11/cup_and_handle__2025-11-18__0060866.png,,2025-11-18,60667,60866,2025-11-06T08:00:00+00:00,2025-11-18T23:00:00+00:00,,,,,,,,,,,,,No rule-based candidate at this daily endpoint,rule_candidate,pending
cup_and_handle__2025-11-19__0060889,cup_and_handle,0,no_pattern,neutral,0.0,,cup_and_handle/images/no_pattern/2025/11/cup_and_handle__2025-11-19__0060889.png,,2025-11-19,60690,60889,2025-11-07T08:00:00+00:00,2025-11-19T23:00:00+00:00,,,,,,,,,,,,,No rule-based candidate at this daily endpoint,rule_candidate,pending
cup_and_handle__2025-11-20__0060912,cup_and_handle,0,no_pattern,neutral,0.0,,cup_and_handle/images/no_pattern/2025/11/cup_and_handle__2025-11-20__0060912.png,,2025-11-20,60713,60912,2025-11-10T08:00:00+00:00,2025-11-20T23:00:00+00:00,,,,,,,,,,,,,No rule-based candidate at this daily endpoint,rule_candidate,pending
cup_and_handle__2025-11-21__0060935,cup_and_handle,0,no_pattern,neutral,0.0,,cup_and_handle/images/no_pattern/2025/11/cup_and_handle__2025-11-21__0060935.png,,2025-11-21,60736,60935,2025-11-11T08:00:00+00:00,2025-11-21T23:00:00+00:00,,,,,,,,,,,,,No rule-based candidate at this daily endpoint,rule_candidate,pending
cup_and_handle__2025-11-24__0060958,cup_and_handle,0,no_pattern,neutral,0.0,,cup_and_handle/images/no_pattern/2025/11/cup_and_handle__2025-11-24__0060958.png,,2025-11-24,60759,60958,2025-11-12T08:00:00+00:00,2025-11-24T23:00:00+00:00,,,,,,,,,,,,,No rule-based candidate at this daily endpoint,rule_candidate,pending
cup_and_handle__2025-11-25__0060981,cup_and_handle,0,no_pattern,neutral,0.0,,cup_and_handle/images/no_pattern/2025/11/cup_and_handle__2025-11-25__0060981.png,,2025-11-25,60782,60981,2025-11-13T08:00:00+00:00,2025-11-25T23:00:00+00:00,,,,,,,,,,,,,No rule-based candidate at this daily endpoint,rule_candidate,pending
cup_and_handle__2025-11-26__0061004,cup_and_handle,0,no_pattern,neutral,0.0,,cup_and_handle/images/no_pattern/2025/11/cup_and_handle__2025-11-26__0061004.png,,2025-11-26,60805,61004,2025-11-14T08:00:00+00:00,2025-11-26T23:00:00+00:00,,,,,,,,,,,,,No rule-based candidate at this daily endpoint,rule_candidate,pending
cup_and_handle__2025-11-27__0061025,cup_and_handle,0,no_pattern,neutral,0.0,,cup_and_handle/images/no_pattern/2025/11/cup_and_handle__2025-11-27__0061025.png,,2025-11-27,60826,61025,2025-11-17T06:00:00+00:00,2025-11-27T21:00:00+00:00,,,,,,,,,,,,,No rule-based candidate at this daily endpoint,rule_candidate,pending
cup_and_handle__2025-11-28__0061046,cup_and_handle,0,no_pattern,neutral,0.0,,cup_and_handle/images/no_pattern/2025/11/cup_and_handle__2025-11-28__0061046.png,,2025-11-28,60847,61046,2025-11-18T04:00:00+00:00,2025-11-28T21:00:00+00:00,,,,,,,,,,,,,No rule-based candidate at this daily endpoint,rule_candidate,pending
cup_and_handle__2025-12-01__0061069,cup_and_handle,0,no_pattern,neutral,0.0,,cup_and_handle/images/no_pattern/2025/12/cup_and_handle__2025-12-01__0061069.png,,2025-12-01,60870,61069,2025-11-19T04:00:00+00:00,2025-12-01T23:00:00+00:00,,,,,,,,,,,,,No rule-based candidate at this daily endpoint,rule_candidate,pending
cup_and_handle__2025-12-02__0061092,cup_and_handle,0,no_pattern,neutral,0.0,,cup_and_handle/images/no_pattern/2025/12/cup_and_handle__2025-12-02__0061092.png,,2025-12-02,60893,61092,2025-11-20T04:00:00+00:00,2025-12-02T23:00:00+00:00,,,,,,,,,,,,,No rule-based candidate at this daily endpoint,rule_candidate,pending
cup_and_handle__2025-12-03__0061115,cup_and_handle,0,no_pattern,neutral,0.0,,cup_and_handle/images/no_pattern/2025/12/cup_and_handle__2025-12-03__0061115.png,,2025-12-03,60916,61115,2025-11-21T04:00:00+00:00,2025-12-03T23:00:00+00:00,,,,,,,,,,,,,No rule-based candidate at this daily endpoint,rule_candidate,pending
cup_and_handle__2025-12-04__0061138,cup_and_handle,0,no_pattern,neutral,0.0,,cup_and_handle/images/no_pattern/2025/12/cup_and_handle__2025-12-04__0061138.png,,2025-12-04,60939,61138,2025-11-24T04:00:00+00:00,2025-12-04T23:00:00+00:00,,,,,,,,,,,,,No rule-based candidate at this daily endpoint,rule_candidate,pending
cup_and_handle__2025-12-05__0061161,cup_and_handle,0,no_pattern,neutral,0.0,,cup_and_handle/images/no_pattern/2025/12/cup_and_handle__2025-12-05__0061161.png,,2025-12-05,60962,61161,2025-11-25T04:00:00+00:00,2025-12-05T23:00:00+00:00,,,,,,,,,,,,,No rule-based candidate at this daily endpoint,rule_candidate,pending
cup_and_handle__2025-12-08__0061184,cup_and_handle,0,no_pattern,neutral,0.0,,cup_and_handle/images/no_pattern/2025/12/cup_and_handle__2025-12-08__0061184.png,,2025-12-08,60985,61184,2025-11-26T04:00:00+00:00,2025-12-08T23:00:00+00:00,,,,,,,,,,,,,No rule-based candidate at this daily endpoint,rule_candidate,pending
cup_and_handle__2025-12-09__0061207,cup_and_handle,0,no_pattern,neutral,0.0,,cup_and_handle/images/no_pattern/2025/12/cup_and_handle__2025-12-09__0061207.png,,2025-12-09,61008,61207,2025-11-27T04:00:00+00:00,2025-12-09T23:00:00+00:00,,,,,,,,,,,,,No rule-based candidate at this daily endpoint,rule_candidate,pending
cup_and_handle__2025-12-10__0061230,cup_and_handle,0,no_pattern,neutral,0.0,,cup_and_handle/images/no_pattern/2025/12/cup_and_handle__2025-12-10__0061230.png,,2025-12-10,61031,61230,2025-11-28T06:00:00+00:00,2025-12-10T23:00:00+00:00,,,,,,,,,,,,,No rule-based candidate at this daily endpoint,rule_candidate,pending
cup_and_handle__2025-12-11__0061253,cup_and_handle,0,no_pattern,neutral,0.0,,cup_and_handle/images/no_pattern/2025/12/cup_and_handle__2025-12-11__0061253.png,,2025-12-11,61054,61253,2025-12-01T08:00:00+00:00,2025-12-11T23:00:00+00:00,,,,,,,,,,,,,No rule-based candidate at this daily endpoint,rule_candidate,pending
cup_and_handle__2025-12-12__0061276,cup_and_handle,0,no_pattern,neutral,0.0,,cup_and_handle/images/no_pattern/2025/12/cup_and_handle__2025-12-12__0061276.png,,2025-12-12,61077,61276,2025-12-02T08:00:00+00:00,2025-12-12T23:00:00+00:00,,,,,,,,,,,,,No rule-based candidate at this daily endpoint,rule_candidate,pending
cup_and_handle__2025-12-15__0061299,cup_and_handle,0,no_pattern,neutral,0.0,,cup_and_handle/images/no_pattern/2025/12/cup_and_handle__2025-12-15__0061299.png,,2025-12-15,61100,61299,2025-12-03T08:00:00+00:00,2025-12-15T23:00:00+00:00,,,,,,,,,,,,,No rule-based candidate at this daily endpoint,rule_candidate,pending
cup_and_handle__2025-12-16__0061322,cup_and_handle,0,no_pattern,neutral,0.0,,cup_and_handle/images/no_pattern/2025/12/cup_and_handle__2025-12-16__0061322.png,,2025-12-16,61123,61322,2025-12-04T08:00:00+00:00,2025-12-16T23:00:00+00:00,,,,,,,,,,,,,No rule-based candidate at this daily endpoint,rule_candidate,pending
cup_and_handle__2025-12-17__0061345,cup_and_handle,0,no_pattern,neutral,0.0,,cup_and_handle/images/no_pattern/2025/12/cup_and_handle__2025-12-17__0061345.png,,2025-12-17,61146,61345,2025-12-05T08:00:00+00:00,2025-12-17T23:00:00+00:00,,,,,,,,,,,,,No rule-based candidate at this daily endpoint,rule_candidate,pending
cup_and_handle__2025-12-18__0061368,cup_and_handle,0,no_pattern,neutral,0.0,,cup_and_handle/images/no_pattern/2025/12/cup_and_handle__2025-12-18__0061368.png,,2025-12-18,61169,61368,2025-12-08T08:00:00+00:00,2025-12-18T23:00:00+00:00,,,,,,,,,,,,,No rule-based candidate at this daily endpoint,rule_candidate,pending
cup_and_handle__2025-12-19__0061391,cup_and_handle,0,no_pattern,neutral,0.0,,cup_and_handle/images/no_pattern/2025/12/cup_and_handle__2025-12-19__0061391.png,,2025-12-19,61192,61391,2025-12-09T08:00:00+00:00,2025-12-19T23:00:00+00:00,,,,,,,,,,,,,No rule-based candidate at this daily endpoint,rule_candidate,pending
cup_and_handle__2025-12-22__0061414,cup_and_handle,0,no_pattern,neutral,0.0,,cup_and_handle/images/no_pattern/2025/12/cup_and_handle__2025-12-22__0061414.png,,2025-12-22,61215,61414,2025-12-10T08:00:00+00:00,2025-12-22T23:00:00+00:00,,,,,,,,,,,,,No rule-based candidate at this daily endpoint,rule_candidate,pending
cup_and_handle__2025-12-23__0061437,cup_and_handle,0,no_pattern,neutral,0.0,,cup_and_handle/images/no_pattern/2025/12/cup_and_handle__2025-12-23__0061437.png,,2025-12-23,61238,61437,2025-12-11T08:00:00+00:00,2025-12-23T23:00:00+00:00,,,,,,,,,,,,,No rule-based candidate at this daily endpoint,rule_candidate,pending
cup_and_handle__2025-12-24__0061456,cup_and_handle,0,no_pattern,neutral,0.0,,cup_and_handle/images/no_pattern/2025/12/cup_and_handle__2025-12-24__0061456.png,,2025-12-24,61257,61456,2025-12-12T04:00:00+00:00,2025-12-24T19:00:00+00:00,,,,,,,,,,,,,No rule-based candidate at this daily endpoint,rule_candidate,pending
cup_and_handle__2025-12-26__0061472,cup_and_handle,0,no_pattern,neutral,0.0,,cup_and_handle/images/no_pattern/2025/12/cup_and_handle__2025-12-26__0061472.png,,2025-12-26,61273,61472,2025-12-12T20:00:00+00:00,2025-12-26T23:00:00+00:00,,,,,,,,,,,,,No rule-based candidate at this daily endpoint,rule_candidate,pending
cup_and_handle__2025-12-29__0061495,cup_and_handle,0,no_pattern,neutral,0.0,,cup_and_handle/images/no_pattern/2025/12/cup_and_handle__2025-12-29__0061495.png,,2025-12-29,61296,61495,2025-12-15T20:00:00+00:00,2025-12-29T23:00:00+00:00,,,,,,,,,,,,,No rule-based candidate at this daily endpoint,rule_candidate,pending
cup_and_handle__2025-12-30__0061518,cup_and_handle,0,no_pattern,neutral,0.0,,cup_and_handle/images/no_pattern/2025/12/cup_and_handle__2025-12-30__0061518.png,,2025-12-30,61319,61518,2025-12-16T20:00:00+00:00,2025-12-30T23:00:00+00:00,,,,,,,,,,,,,No rule-based candidate at this daily endpoint,rule_candidate,pending
cup_and_handle__2025-12-31__0061537,cup_and_handle,0,no_pattern,neutral,0.0,,cup_and_handle/images/no_pattern/2025/12/cup_and_handle__2025-12-31__0061537.png,,2025-12-31,61338,61537,2025-12-17T16:00:00+00:00,2025-12-31T19:00:00+00:00,,,,,,,,,,,,,No rule-based candidate at this daily endpoint,rule_candidate,pending
cup_and_handle__2026-01-02__0061553,cup_and_handle,0,no_pattern,neutral,0.0,,cup_and_handle/images/no_pattern/2026/01/cup_and_handle__2026-01-02__0061553.png,,2026-01-02,61354,61553,2025-12-18T09:00:00+00:00,2026-01-02T23:00:00+00:00,,,,,,,,,,,,,No rule-based candidate at this daily endpoint,rule_candidate,pending
cup_and_handle__2026-01-05__0061576,cup_and_handle,0,no_pattern,neutral,0.0,,cup_and_handle/images/no_pattern/2026/01/cup_and_handle__2026-01-05__0061576.png,,2026-01-05,61377,61576,2025-12-19T09:00:00+00:00,2026-01-05T23:00:00+00:00,,,,,,,,,,,,,No rule-based candidate at this daily endpoint,rule_candidate,pending
cup_and_handle__2026-01-06__0061599,cup_and_handle,0,no_pattern,neutral,0.0,,cup_and_handle/images/no_pattern/2026/01/cup_and_handle__2026-01-06__0061599.png,,2026-01-06,61400,61599,2025-12-22T09:00:00+00:00,2026-01-06T23:00:00+00:00,,,,,,,,,,,,,No rule-based candidate at this daily endpoint,rule_candidate,pending
cup_and_handle__2026-01-07__0061622,cup_and_handle,0,no_pattern,neutral,0.0,,cup_and_handle/images/no_pattern/2026/01/cup_and_handle__2026-01-07__0061622.png,,2026-01-07,61423,61622,2025-12-23T09:00:00+00:00,2026-01-07T23:00:00+00:00,,,,,,,,,,,,,No rule-based candidate at this daily endpoint,rule_candidate,pending
cup_and_handle__2026-01-08__0061645,cup_and_handle,0,no_pattern,neutral,0.0,,cup_and_handle/images/no_pattern/2026/01/cup_and_handle__2026-01-08__0061645.png,,2026-01-08,61446,61645,2025-12-24T09:00:00+00:00,2026-01-08T23:00:00+00:00,,,,,,,,,,,,,No rule-based candidate at this daily endpoint,rule_candidate,pending
cup_and_handle__2026-01-09__0061668,cup_and_handle,0,no_pattern,neutral,0.0,,cup_and_handle/images/no_pattern/2026/01/cup_and_handle__2026-01-09__0061668.png,,2026-01-09,61469,61668,2025-12-26T20:00:00+00:00,2026-01-09T23:00:00+00:00,,,,,,,,,,,,,No rule-based candidate at this daily endpoint,rule_candidate,pending
cup_and_handle__2026-01-12__0061691,cup_and_handle,0,no_pattern,neutral,0.0,,cup_and_handle/images/no_pattern/2026/01/cup_and_handle__2026-01-12__0061691.png,,2026-01-12,61492,61691,2025-12-29T20:00:00+00:00,2026-01-12T23:00:00+00:00,,,,,,,,,,,,,No rule-based candidate at this daily endpoint,rule_candidate,pending
cup_and_handle__2026-01-13__0061714,cup_and_handle,0,no_pattern,neutral,0.0,,cup_and_handle/images/no_pattern/2026/01/cup_and_handle__2026-01-13__0061714.png,,2026-01-13,61515,61714,2025-12-30T20:00:00+00:00,2026-01-13T23:00:00+00:00,,,,,,,,,,,,,No rule-based candidate at this daily endpoint,rule_candidate,pending
cup_and_handle__2026-01-14__0061737,cup_and_handle,0,no_pattern,neutral,0.0,,cup_and_handle/images/no_pattern/2026/01/cup_and_handle__2026-01-14__0061737.png,,2026-01-14,61538,61737,2026-01-02T08:00:00+00:00,2026-01-14T23:00:00+00:00,,,,,,,,,,,,,No rule-based candidate at this daily endpoint,rule_candidate,pending
cup_and_handle__2026-01-15__0061760,cup_and_handle,0,no_pattern,neutral,0.0,,cup_and_handle/images/no_pattern/2026/01/cup_and_handle__2026-01-15__0061760.png,,2026-01-15,61561,61760,2026-01-05T08:00:00+00:00,2026-01-15T23:00:00+00:00,,,,,,,,,,,,,No rule-based candidate at this daily endpoint,rule_candidate,pending
cup_and_handle__2026-01-16__0061783,cup_and_handle,0,no_pattern,neutral,0.0,,cup_and_handle/images/no_pattern/2026/01/cup_and_handle__2026-01-16__0061783.png,,2026-01-16,61584,61783,2026-01-06T08:00:00+00:00,2026-01-16T23:00:00+00:00,,,,,,,,,,,,,No rule-based candidate at this daily endpoint,rule_candidate,pending
cup_and_handle__2026-01-19__0061804,cup_and_handle,0,no_pattern,neutral,0.0,,cup_and_handle/images/no_pattern/2026/01/cup_and_handle__2026-01-19__0061804.png,,2026-01-19,61605,61804,2026-01-07T06:00:00+00:00,2026-01-19T21:00:00+00:00,,,,,,,,,,,,,No rule-based candidate at this daily endpoint,rule_candidate,pending
cup_and_handle__2026-01-20__0061827,cup_and_handle,0,no_pattern,neutral,0.0,,cup_and_handle/images/no_pattern/2026/01/cup_and_handle__2026-01-20__0061827.png,,2026-01-20,61628,61827,2026-01-08T06:00:00+00:00,2026-01-20T23:00:00+00:00,,,,,,,,,,,,,No rule-based candidate at this daily endpoint,rule_candidate,pending
cup_and_handle__2026-01-21__0061850,cup_and_handle,0,no_pattern,neutral,0.0,,cup_and_handle/images/no_pattern/2026/01/cup_and_handle__2026-01-21__0061850.png,,2026-01-21,61651,61850,2026-01-09T06:00:00+00:00,2026-01-21T23:00:00+00:00,,,,,,,,,,,,,No rule-based candidate at this daily endpoint,rule_candidate,pending
cup_and_handle__2026-01-22__0061873,cup_and_handle,0,no_pattern,neutral,0.0,,cup_and_handle/images/no_pattern/2026/01/cup_and_handle__2026-01-22__0061873.png,,2026-01-22,61674,61873,2026-01-12T06:00:00+00:00,2026-01-22T23:00:00+00:00,,,,,,,,,,,,,No rule-based candidate at this daily endpoint,rule_candidate,pending
cup_and_handle__2026-01-23__0061896,cup_and_handle,0,no_pattern,neutral,0.0,,cup_and_handle/images/no_pattern/2026/01/cup_and_handle__2026-01-23__0061896.png,,2026-01-23,61697,61896,2026-01-13T06:00:00+00:00,2026-01-23T23:00:00+00:00,,,,,,,,,,,,,No rule-based candidate at this daily endpoint,rule_candidate,pending
cup_and_handle__2026-01-26__0061919,cup_and_handle,0,no_pattern,neutral,0.0,,cup_and_handle/images/no_pattern/2026/01/cup_and_handle__2026-01-26__0061919.png,,2026-01-26,61720,61919,2026-01-14T06:00:00+00:00,2026-01-26T23:00:00+00:00,,,,,,,,,,,,,No rule-based candidate at this daily endpoint,rule_candidate,pending
cup_and_handle__2026-01-27__0061942,cup_and_handle,0,no_pattern,neutral,0.0,,cup_and_handle/images/no_pattern/2026/01/cup_and_handle__2026-01-27__0061942.png,,2026-01-27,61743,61942,2026-01-15T06:00:00+00:00,2026-01-27T23:00:00+00:00,,,,,,,,,,,,,No rule-based candidate at this daily endpoint,rule_candidate,pending
cup_and_handle__2026-01-28__0061965,cup_and_handle,0,no_pattern,neutral,0.0,,cup_and_handle/images/no_pattern/2026/01/cup_and_handle__2026-01-28__0061965.png,,2026-01-28,61766,61965,2026-01-16T06:00:00+00:00,2026-01-28T23:00:00+00:00,,,,,,,,,,,,,No rule-based candidate at this daily endpoint,rule_candidate,pending
cup_and_handle__2026-01-29__0061988,cup_and_handle,0,no_pattern,neutral,0.0,,cup_and_handle/images/no_pattern/2026/01/cup_and_handle__2026-01-29__0061988.png,,2026-01-29,61789,61988,2026-01-19T06:00:00+00:00,2026-01-29T23:00:00+00:00,,,,,,,,,,,,,No rule-based candidate at this daily endpoint,rule_candidate,pending
cup_and_handle__2026-01-30__0062011,cup_and_handle,0,no_pattern,neutral,0.0,,cup_and_handle/images/no_pattern/2026/01/cup_and_handle__2026-01-30__0062011.png,,2026-01-30,61812,62011,2026-01-20T08:00:00+00:00,2026-01-30T23:00:00+00:00,,,,,,,,,,,,,No rule-based candidate at this daily endpoint,rule_candidate,pending
cup_and_handle__2026-02-02__0062034,cup_and_handle,0,no_pattern,neutral,0.0,,cup_and_handle/images/no_pattern/2026/02/cup_and_handle__2026-02-02__0062034.png,,2026-02-02,61835,62034,2026-01-21T08:00:00+00:00,2026-02-02T23:00:00+00:00,,,,,,,,,,,,,No rule-based candidate at this daily endpoint,rule_candidate,pending
cup_and_handle__2026-02-03__0062057,cup_and_handle,0,no_pattern,neutral,0.0,,cup_and_handle/images/no_pattern/2026/02/cup_and_handle__2026-02-03__0062057.png,,2026-02-03,61858,62057,2026-01-22T08:00:00+00:00,2026-02-03T23:00:00+00:00,,,,,,,,,,,,,No rule-based candidate at this daily endpoint,rule_candidate,pending
cup_and_handle__2026-02-04__0062080,cup_and_handle,0,no_pattern,neutral,0.0,,cup_and_handle/images/no_pattern/2026/02/cup_and_handle__2026-02-04__0062080.png,,2026-02-04,61881,62080,2026-01-23T08:00:00+00:00,2026-02-04T23:00:00+00:00,,,,,,,,,,,,,No rule-based candidate at this daily endpoint,rule_candidate,pending
cup_and_handle__2026-02-05__0062103,cup_and_handle,0,no_pattern,neutral,0.0,,cup_and_handle/images/no_pattern/2026/02/cup_and_handle__2026-02-05__0062103.png,,2026-02-05,61904,62103,2026-01-26T08:00:00+00:00,2026-02-05T23:00:00+00:00,,,,,,,,,,,,,No rule-based candidate at this daily endpoint,rule_candidate,pending
cup_and_handle__2026-02-06__0062126,cup_and_handle,0,no_pattern,neutral,0.0,,cup_and_handle/images/no_pattern/2026/02/cup_and_handle__2026-02-06__0062126.png,,2026-02-06,61927,62126,2026-01-27T08:00:00+00:00,2026-02-06T23:00:00+00:00,,,,,,,,,,,,,No rule-based candidate at this daily endpoint,rule_candidate,pending
cup_and_handle__2026-02-09__0062149,cup_and_handle,0,no_pattern,neutral,0.0,,cup_and_handle/images/no_pattern/2026/02/cup_and_handle__2026-02-09__0062149.png,,2026-02-09,61950,62149,2026-01-28T08:00:00+00:00,2026-02-09T23:00:00+00:00,,,,,,,,,,,,,No rule-based candidate at this daily endpoint,rule_candidate,pending
cup_and_handle__2026-02-10__0062172,cup_and_handle,0,no_pattern,neutral,0.0,,cup_and_handle/images/no_pattern/2026/02/cup_and_handle__2026-02-10__0062172.png,,2026-02-10,61973,62172,2026-01-29T08:00:00+00:00,2026-02-10T23:00:00+00:00,,,,,,,,,,,,,No rule-based candidate at this daily endpoint,rule_candidate,pending
cup_and_handle__2026-02-11__0062195,cup_and_handle,0,no_pattern,neutral,0.0,,cup_and_handle/images/no_pattern/2026/02/cup_and_handle__2026-02-11__0062195.png,,2026-02-11,61996,62195,2026-01-30T08:00:00+00:00,2026-02-11T23:00:00+00:00,,,,,,,,,,,,,No rule-based candidate at this daily endpoint,rule_candidate,pending
cup_and_handle__2026-02-12__0062218,cup_and_handle,0,no_pattern,neutral,0.0,,cup_and_handle/images/no_pattern/2026/02/cup_and_handle__2026-02-12__0062218.png,,2026-02-12,62019,62218,2026-02-02T08:00:00+00:00,2026-02-12T23:00:00+00:00,,,,,,,,,,,,,No rule-based candidate at this daily endpoint,rule_candidate,pending
cup_and_handle__2026-02-13__0062241,cup_and_handle,0,no_pattern,neutral,0.0,,cup_and_handle/images/no_pattern/2026/02/cup_and_handle__2026-02-13__0062241.png,,2026-02-13,62042,62241,2026-02-03T08:00:00+00:00,2026-02-13T23:00:00+00:00,,,,,,,,,,,,,No rule-based candidate at this daily endpoint,rule_candidate,pending
cup_and_handle__2026-02-16__0062262,cup_and_handle,0,no_pattern,neutral,0.0,,cup_and_handle/images/no_pattern/2026/02/cup_and_handle__2026-02-16__0062262.png,,2026-02-16,62063,62262,2026-02-04T06:00:00+00:00,2026-02-16T21:00:00+00:00,,,,,,,,,,,,,No rule-based candidate at this daily endpoint,rule_candidate,pending
cup_and_handle__2026-02-17__0062285,cup_and_handle,0,no_pattern,neutral,0.0,,cup_and_handle/images/no_pattern/2026/02/cup_and_handle__2026-02-17__0062285.png,,2026-02-17,62086,62285,2026-02-05T06:00:00+00:00,2026-02-17T23:00:00+00:00,,,,,,,,,,,,,No rule-based candidate at this daily endpoint,rule_candidate,pending
cup_and_handle__2026-02-18__0062308,cup_and_handle,0,no_pattern,neutral,0.0,,cup_and_handle/images/no_pattern/2026/02/cup_and_handle__2026-02-18__0062308.png,,2026-02-18,62109,62308,2026-02-06T06:00:00+00:00,2026-02-18T23:00:00+00:00,,,,,,,,,,,,,No rule-based candidate at this daily endpoint,rule_candidate,pending
cup_and_handle__2026-02-19__0062331,cup_and_handle,0,no_pattern,neutral,0.0,,cup_and_handle/images/no_pattern/2026/02/cup_and_handle__2026-02-19__0062331.png,,2026-02-19,62132,62331,2026-02-09T06:00:00+00:00,2026-02-19T23:00:00+00:00,,,,,,,,,,,,,No rule-based candidate at this daily endpoint,rule_candidate,pending
cup_and_handle__2026-02-20__0062354,cup_and_handle,0,no_pattern,neutral,0.0,,cup_and_handle/images/no_pattern/2026/02/cup_and_handle__2026-02-20__0062354.png,,2026-02-20,62155,62354,2026-02-10T06:00:00+00:00,2026-02-20T23:00:00+00:00,,,,,,,,,,,,,No rule-based candidate at this daily endpoint,rule_candidate,pending
cup_and_handle__2026-02-23__0062377,cup_and_handle,0,no_pattern,neutral,0.0,,cup_and_handle/images/no_pattern/2026/02/cup_and_handle__2026-02-23__0062377.png,,2026-02-23,62178,62377,2026-02-11T06:00:00+00:00,2026-02-23T23:00:00+00:00,,,,,,,,,,,,,No rule-based candidate at this daily endpoint,rule_candidate,pending
cup_and_handle__2026-02-24__0062400,cup_and_handle,0,no_pattern,neutral,0.0,,cup_and_handle/images/no_pattern/2026/02/cup_and_handle__2026-02-24__0062400.png,,2026-02-24,62201,62400,2026-02-12T06:00:00+00:00,2026-02-24T23:00:00+00:00,,,,,,,,,,,,,No rule-based candidate at this daily endpoint,rule_candidate,pending
cup_and_handle__2026-02-25__0062423,cup_and_handle,0,no_pattern,neutral,0.0,,cup_and_handle/images/no_pattern/2026/02/cup_and_handle__2026-02-25__0062423.png,,2026-02-25,62224,62423,2026-02-13T06:00:00+00:00,2026-02-25T23:00:00+00:00,,,,,,,,,,,,,No rule-based candidate at this daily endpoint,rule_candidate,pending
cup_and_handle__2026-02-26__0062446,cup_and_handle,0,no_pattern,neutral,0.0,,cup_and_handle/images/no_pattern/2026/02/cup_and_handle__2026-02-26__0062446.png,,2026-02-26,62247,62446,2026-02-16T06:00:00+00:00,2026-02-26T23:00:00+00:00,,,,,,,,,,,,,No rule-based candidate at this daily endpoint,rule_candidate,pending
cup_and_handle__2026-02-27__0062469,cup_and_handle,0,no_pattern,neutral,0.0,,cup_and_handle/images/no_pattern/2026/02/cup_and_handle__2026-02-27__0062469.png,,2026-02-27,62270,62469,2026-02-17T08:00:00+00:00,2026-02-27T23:00:00+00:00,,,,,,,,,,,,,No rule-based candidate at this daily endpoint,rule_candidate,pending
cup_and_handle__2026-03-02__0062492,cup_and_handle,0,no_pattern,neutral,0.0,,cup_and_handle/images/no_pattern/2026/03/cup_and_handle__2026-03-02__0062492.png,,2026-03-02,62293,62492,2026-02-18T08:00:00+00:00,2026-03-02T23:00:00+00:00,,,,,,,,,,,,,No rule-based candidate at this daily endpoint,rule_candidate,pending
cup_and_handle__2026-03-03__0062515,cup_and_handle,0,no_pattern,neutral,0.0,,cup_and_handle/images/no_pattern/2026/03/cup_and_handle__2026-03-03__0062515.png,,2026-03-03,62316,62515,2026-02-19T08:00:00+00:00,2026-03-03T23:00:00+00:00,,,,,,,,,,,,,No rule-based candidate at this daily endpoint,rule_candidate,pending
cup_and_handle__2026-03-04__0062538,cup_and_handle,0,no_pattern,neutral,0.0,,cup_and_handle/images/no_pattern/2026/03/cup_and_handle__2026-03-04__0062538.png,,2026-03-04,62339,62538,2026-02-20T08:00:00+00:00,2026-03-04T23:00:00+00:00,,,,,,,,,,,,,No rule-based candidate at this daily endpoint,rule_candidate,pending
cup_and_handle__2026-03-05__0062561,cup_and_handle,0,no_pattern,neutral,0.0,,cup_and_handle/images/no_pattern/2026/03/cup_and_handle__2026-03-05__0062561.png,,2026-03-05,62362,62561,2026-02-23T08:00:00+00:00,2026-03-05T23:00:00+00:00,,,,,,,,,,,,,No rule-based candidate at this daily endpoint,rule_candidate,pending
cup_and_handle__2026-03-06__0062584,cup_and_handle,0,no_pattern,neutral,0.0,,cup_and_handle/images/no_pattern/2026/03/cup_and_handle__2026-03-06__0062584.png,,2026-03-06,62385,62584,2026-02-24T08:00:00+00:00,2026-03-06T23:00:00+00:00,,,,,,,,,,,,,No rule-based candidate at this daily endpoint,rule_candidate,pending
cup_and_handle__2026-03-09__0062607,cup_and_handle,0,no_pattern,neutral,0.0,,cup_and_handle/images/no_pattern/2026/03/cup_and_handle__2026-03-09__0062607.png,,2026-03-09,62408,62607,2026-02-25T08:00:00+00:00,2026-03-09T22:00:00+00:00,,,,,,,,,,,,,No rule-based candidate at this daily endpoint,rule_candidate,pending
cup_and_handle__2026-03-10__0062630,cup_and_handle,0,no_pattern,neutral,0.0,,cup_and_handle/images/no_pattern/2026/03/cup_and_handle__2026-03-10__0062630.png,,2026-03-10,62431,62630,2026-02-26T08:00:00+00:00,2026-03-10T22:00:00+00:00,,,,,,,,,,,,,No rule-based candidate at this daily endpoint,rule_candidate,pending
cup_and_handle__2026-03-11__0062653,cup_and_handle,0,no_pattern,neutral,0.0,,cup_and_handle/images/no_pattern/2026/03/cup_and_handle__2026-03-11__0062653.png,,2026-03-11,62454,62653,2026-02-27T08:00:00+00:00,2026-03-11T22:00:00+00:00,,,,,,,,,,,,,No rule-based candidate at this daily endpoint,rule_candidate,pending
cup_and_handle__2026-03-12__0062676,cup_and_handle,0,no_pattern,neutral,0.0,,cup_and_handle/images/no_pattern/2026/03/cup_and_handle__2026-03-12__0062676.png,,2026-03-12,62477,62676,2026-03-02T08:00:00+00:00,2026-03-12T22:00:00+00:00,,,,,,,,,,,,,No rule-based candidate at this daily endpoint,rule_candidate,pending
cup_and_handle__2026-03-13__0062699,cup_and_handle,0,no_pattern,neutral,0.0,,cup_and_handle/images/no_pattern/2026/03/cup_and_handle__2026-03-13__0062699.png,,2026-03-13,62500,62699,2026-03-03T08:00:00+00:00,2026-03-13T22:00:00+00:00,,,,,,,,,,,,,No rule-based candidate at this daily endpoint,rule_candidate,pending
cup_and_handle__2026-03-16__0062722,cup_and_handle,0,no_pattern,neutral,0.0,,cup_and_handle/images/no_pattern/2026/03/cup_and_handle__2026-03-16__0062722.png,,2026-03-16,62523,62722,2026-03-04T08:00:00+00:00,2026-03-16T22:00:00+00:00,,,,,,,,,,,,,No rule-based candidate at this daily endpoint,rule_candidate,pending
cup_and_handle__2026-03-17__0062745,cup_and_handle,0,no_pattern,neutral,0.0,,cup_and_handle/images/no_pattern/2026/03/cup_and_handle__2026-03-17__0062745.png,,2026-03-17,62546,62745,2026-03-05T08:00:00+00:00,2026-03-17T22:00:00+00:00,,,,,,,,,,,,,No rule-based candidate at this daily endpoint,rule_candidate,pending
cup_and_handle__2026-03-18__0062768,cup_and_handle,0,no_pattern,neutral,0.0,,cup_and_handle/images/no_pattern/2026/03/cup_and_handle__2026-03-18__0062768.png,,2026-03-18,62569,62768,2026-03-06T08:00:00+00:00,2026-03-18T22:00:00+00:00,,,,,,,,,,,,,No rule-based candidate at this daily endpoint,rule_candidate,pending
cup_and_handle__2026-03-19__0062791,cup_and_handle,0,no_pattern,neutral,0.0,,cup_and_handle/images/no_pattern/2026/03/cup_and_handle__2026-03-19__0062791.png,,2026-03-19,62592,62791,2026-03-09T07:00:00+00:00,2026-03-19T22:00:00+00:00,,,,,,,,,,,,,No rule-based candidate at this daily endpoint,rule_candidate,pending
cup_and_handle__2026-03-20__0062814,cup_and_handle,0,no_pattern,neutral,0.0,,cup_and_handle/images/no_pattern/2026/03/cup_and_handle__2026-03-20__0062814.png,,2026-03-20,62615,62814,2026-03-10T07:00:00+00:00,2026-03-20T22:00:00+00:00,,,,,,,,,,,,,No rule-based candidate at this daily endpoint,rule_candidate,pending
cup_and_handle__2026-03-23__0062837,cup_and_handle,0,no_pattern,neutral,0.0,,cup_and_handle/images/no_pattern/2026/03/cup_and_handle__2026-03-23__0062837.png,,2026-03-23,62638,62837,2026-03-11T07:00:00+00:00,2026-03-23T22:00:00+00:00,,,,,,,,,,,,,No rule-based candidate at this daily endpoint,rule_candidate,pending
cup_and_handle__2026-03-24__0062860,cup_and_handle,0,no_pattern,neutral,0.0,,cup_and_handle/images/no_pattern/2026/03/cup_and_handle__2026-03-24__0062860.png,,2026-03-24,62661,62860,2026-03-12T07:00:00+00:00,2026-03-24T22:00:00+00:00,,,,,,,,,,,,,No rule-based candidate at this daily endpoint,rule_candidate,pending
cup_and_handle__2026-03-25__0062883,cup_and_handle,0,no_pattern,neutral,0.0,,cup_and_handle/images/no_pattern/2026/03/cup_and_handle__2026-03-25__0062883.png,,2026-03-25,62684,62883,2026-03-13T07:00:00+00:00,2026-03-25T22:00:00+00:00,,,,,,,,,,,,,No rule-based candidate at this daily endpoint,rule_candidate,pending
cup_and_handle__2026-03-26__0062906,cup_and_handle,0,no_pattern,neutral,0.0,,cup_and_handle/images/no_pattern/2026/03/cup_and_handle__2026-03-26__0062906.png,,2026-03-26,62707,62906,2026-03-16T07:00:00+00:00,2026-03-26T22:00:00+00:00,,,,,,,,,,,,,No rule-based candidate at this daily endpoint,rule_candidate,pending
cup_and_handle__2026-03-27__0062929,cup_and_handle,0,no_pattern,neutral,0.0,,cup_and_handle/images/no_pattern/2026/03/cup_and_handle__2026-03-27__0062929.png,,2026-03-27,62730,62929,2026-03-17T07:00:00+00:00,2026-03-27T22:00:00+00:00,,,,,,,,,,,,,No rule-based candidate at this daily endpoint,rule_candidate,pending
cup_and_handle__2026-03-30__0062952,cup_and_handle,0,no_pattern,neutral,0.0,,cup_and_handle/images/no_pattern/2026/03/cup_and_handle__2026-03-30__0062952.png,,2026-03-30,62753,62952,2026-03-18T07:00:00+00:00,2026-03-30T23:00:00+00:00,,,,,,,,,,,,,No rule-based candidate at this daily endpoint,rule_candidate,pending
cup_and_handle__2026-03-31__0062975,cup_and_handle,0,no_pattern,neutral,0.0,,cup_and_handle/images/no_pattern/2026/03/cup_and_handle__2026-03-31__0062975.png,,2026-03-31,62776,62975,2026-03-19T07:00:00+00:00,2026-03-31T23:00:00+00:00,,,,,,,,,,,,,No rule-based candidate at this daily endpoint,rule_candidate,pending
cup_and_handle__2026-04-01__0062998,cup_and_handle,0,no_pattern,neutral,0.0,,cup_and_handle/images/no_pattern/2026/04/cup_and_handle__2026-04-01__0062998.png,,2026-04-01,62799,62998,2026-03-20T07:00:00+00:00,2026-04-01T23:00:00+00:00,,,,,,,,,,,,,No rule-based candidate at this daily endpoint,rule_candidate,pending
cup_and_handle__2026-04-02__0063021,cup_and_handle,0,no_pattern,neutral,0.0,,cup_and_handle/images/no_pattern/2026/04/cup_and_handle__2026-04-02__0063021.png,,2026-04-02,62822,63021,2026-03-23T07:00:00+00:00,2026-04-02T23:00:00+00:00,,,,,,,,,,,,,No rule-based candidate at this daily endpoint,rule_candidate,pending
cup_and_handle__2026-04-06__0063044,cup_and_handle,0,no_pattern,neutral,0.0,,cup_and_handle/images/no_pattern/2026/04/cup_and_handle__2026-04-06__0063044.png,,2026-04-06,62845,63044,2026-03-24T07:00:00+00:00,2026-04-06T23:00:00+00:00,,,,,,,,,,,,,No rule-based candidate at this daily endpoint,rule_candidate,pending
cup_and_handle__2026-04-07__0063067,cup_and_handle,0,no_pattern,neutral,0.0,,cup_and_handle/images/no_pattern/2026/04/cup_and_handle__2026-04-07__0063067.png,,2026-04-07,62868,63067,2026-03-25T07:00:00+00:00,2026-04-07T23:00:00+00:00,,,,,,,,,,,,,No rule-based candidate at this daily endpoint,rule_candidate,pending
cup_and_handle__2026-04-08__0063090,cup_and_handle,0,no_pattern,neutral,0.0,,cup_and_handle/images/no_pattern/2026/04/cup_and_handle__2026-04-08__0063090.png,,2026-04-08,62891,63090,2026-03-26T07:00:00+00:00,2026-04-08T23:00:00+00:00,,,,,,,,,,,,,No rule-based candidate at this daily endpoint,rule_candidate,pending
cup_and_handle__2026-04-09__0063113,cup_and_handle,0,no_pattern,neutral,0.0,,cup_and_handle/images/no_pattern/2026/04/cup_and_handle__2026-04-09__0063113.png,,2026-04-09,62914,63113,2026-03-27T07:00:00+00:00,2026-04-09T23:00:00+00:00,,,,,,,,,,,,,No rule-based candidate at this daily endpoint,rule_candidate,pending
cup_and_handle__2026-04-10__0063136,cup_and_handle,0,no_pattern,neutral,0.0,,cup_and_handle/images/no_pattern/2026/04/cup_and_handle__2026-04-10__0063136.png,,2026-04-10,62937,63136,2026-03-30T08:00:00+00:00,2026-04-10T23:00:00+00:00,,,,,,,,,,,,,No rule-based candidate at this daily endpoint,rule_candidate,pending
cup_and_handle__2026-04-13__0063159,cup_and_handle,0,no_pattern,neutral,0.0,,cup_and_handle/images/no_pattern/2026/04/cup_and_handle__2026-04-13__0063159.png,,2026-04-13,62960,63159,2026-03-31T08:00:00+00:00,2026-04-13T23:00:00+00:00,,,,,,,,,,,,,No rule-based candidate at this daily endpoint,rule_candidate,pending
cup_and_handle__2026-04-14__0063182,cup_and_handle,0,no_pattern,neutral,0.0,,cup_and_handle/images/no_pattern/2026/04/cup_and_handle__2026-04-14__0063182.png,,2026-04-14,62983,63182,2026-04-01T08:00:00+00:00,2026-04-14T23:00:00+00:00,,,,,,,,,,,,,No rule-based candidate at this daily endpoint,rule_candidate,pending
cup_and_handle__2026-04-15__0063205,cup_and_handle,0,no_pattern,neutral,0.0,,cup_and_handle/images/no_pattern/2026/04/cup_and_handle__2026-04-15__0063205.png,,2026-04-15,63006,63205,2026-04-02T08:00:00+00:00,2026-04-15T23:00:00+00:00,,,,,,,,,,,,,No rule-based candidate at this daily endpoint,rule_candidate,pending
cup_and_handle__2026-04-16__0063228,cup_and_handle,0,no_pattern,neutral,0.0,,cup_and_handle/images/no_pattern/2026/04/cup_and_handle__2026-04-16__0063228.png,,2026-04-16,63029,63228,2026-04-06T08:00:00+00:00,2026-04-16T23:00:00+00:00,,,,,,,,,,,,,No rule-based candidate at this daily endpoint,rule_candidate,pending
cup_and_handle__2026-04-17__0063251,cup_and_handle,0,no_pattern,neutral,0.0,,cup_and_handle/images/no_pattern/2026/04/cup_and_handle__2026-04-17__0063251.png,,2026-04-17,63052,63251,2026-04-07T08:00:00+00:00,2026-04-17T23:00:00+00:00,,,,,,,,,,,,,No rule-based candidate at this daily endpoint,rule_candidate,pending
cup_and_handle__2026-04-20__0063274,cup_and_handle,0,no_pattern,neutral,0.0,,cup_and_handle/images/no_pattern/2026/04/cup_and_handle__2026-04-20__0063274.png,,2026-04-20,63075,63274,2026-04-08T08:00:00+00:00,2026-04-20T23:00:00+00:00,,,,,,,,,,,,,No rule-based candidate at this daily endpoint,rule_candidate,pending
cup_and_handle__2026-04-21__0063297,cup_and_handle,0,no_pattern,neutral,0.0,,cup_and_handle/images/no_pattern/2026/04/cup_and_handle__2026-04-21__0063297.png,,2026-04-21,63098,63297,2026-04-09T08:00:00+00:00,2026-04-21T23:00:00+00:00,,,,,,,,,,,,,No rule-based candidate at this daily endpoint,rule_candidate,pending
cup_and_handle__2026-04-22__0063320,cup_and_handle,0,no_pattern,neutral,0.0,,cup_and_handle/images/no_pattern/2026/04/cup_and_handle__2026-04-22__0063320.png,,2026-04-22,63121,63320,2026-04-10T08:00:00+00:00,2026-04-22T23:00:00+00:00,,,,,,,,,,,,,No rule-based candidate at this daily endpoint,rule_candidate,pending
cup_and_handle__2026-04-23__0063343,cup_and_handle,0,no_pattern,neutral,0.0,,cup_and_handle/images/no_pattern/2026/04/cup_and_handle__2026-04-23__0063343.png,,2026-04-23,63144,63343,2026-04-13T08:00:00+00:00,2026-04-23T23:00:00+00:00,,,,,,,,,,,,,No rule-based candidate at this daily endpoint,rule_candidate,pending
cup_and_handle__2026-04-24__0063366,cup_and_handle,0,no_pattern,neutral,0.0,,cup_and_handle/images/no_pattern/2026/04/cup_and_handle__2026-04-24__0063366.png,,2026-04-24,63167,63366,2026-04-14T08:00:00+00:00,2026-04-24T23:00:00+00:00,,,,,,,,,,,,,No rule-based candidate at this daily endpoint,rule_candidate,pending
cup_and_handle__2026-04-27__0063389,cup_and_handle,0,no_pattern,neutral,0.0,,cup_and_handle/images/no_pattern/2026/04/cup_and_handle__2026-04-27__0063389.png,,2026-04-27,63190,63389,2026-04-15T08:00:00+00:00,2026-04-27T23:00:00+00:00,,,,,,,,,,,,,No rule-based candidate at this daily endpoint,rule_candidate,pending
cup_and_handle__2026-04-28__0063412,cup_and_handle,0,no_pattern,neutral,0.0,,cup_and_handle/images/no_pattern/2026/04/cup_and_handle__2026-04-28__0063412.png,,2026-04-28,63213,63412,2026-04-16T08:00:00+00:00,2026-04-28T23:00:00+00:00,,,,,,,,,,,,,No rule-based candidate at this daily endpoint,rule_candidate,pending
cup_and_handle__2026-04-29__0063435,cup_and_handle,0,no_pattern,neutral,0.0,,cup_and_handle/images/no_pattern/2026/04/cup_and_handle__2026-04-29__0063435.png,,2026-04-29,63236,63435,2026-04-17T08:00:00+00:00,2026-04-29T23:00:00+00:00,,,,,,,,,,,,,No rule-based candidate at this daily endpoint,rule_candidate,pending
cup_and_handle__2026-04-30__0063458,cup_and_handle,0,no_pattern,neutral,0.0,,cup_and_handle/images/no_pattern/2026/04/cup_and_handle__2026-04-30__0063458.png,,2026-04-30,63259,63458,2026-04-20T08:00:00+00:00,2026-04-30T23:00:00+00:00,,,,,,,,,,,,,No rule-based candidate at this daily endpoint,rule_candidate,pending
cup_and_handle__2026-05-01__0063481,cup_and_handle,0,no_pattern,neutral,0.0,,cup_and_handle/images/no_pattern/2026/05/cup_and_handle__2026-05-01__0063481.png,,2026-05-01,63282,63481,2026-04-21T08:00:00+00:00,2026-05-01T23:00:00+00:00,,,,,,,,,,,,,No rule-based candidate at this daily endpoint,rule_candidate,pending
cup_and_handle__2026-05-04__0063504,cup_and_handle,0,no_pattern,neutral,0.0,,cup_and_handle/images/no_pattern/2026/05/cup_and_handle__2026-05-04__0063504.png,,2026-05-04,63305,63504,2026-04-22T08:00:00+00:00,2026-05-04T23:00:00+00:00,,,,,,,,,,,,,No rule-based candidate at this daily endpoint,rule_candidate,pending
cup_and_handle__2026-05-05__0063527,cup_and_handle,0,no_pattern,neutral,0.0,,cup_and_handle/images/no_pattern/2026/05/cup_and_handle__2026-05-05__0063527.png,,2026-05-05,63328,63527,2026-04-23T08:00:00+00:00,2026-05-05T23:00:00+00:00,,,,,,,,,,,,,No rule-based candidate at this daily endpoint,rule_candidate,pending
cup_and_handle__2026-05-06__0063550,cup_and_handle,0,no_pattern,neutral,0.0,,cup_and_handle/images/no_pattern/2026/05/cup_and_handle__2026-05-06__0063550.png,,2026-05-06,63351,63550,2026-04-24T08:00:00+00:00,2026-05-06T23:00:00+00:00,,,,,,,,,,,,,No rule-based candidate at this daily endpoint,rule_candidate,pending
cup_and_handle__2026-05-07__0063573,cup_and_handle,0,no_pattern,neutral,0.0,,cup_and_handle/images/no_pattern/2026/05/cup_and_handle__2026-05-07__0063573.png,,2026-05-07,63374,63573,2026-04-27T08:00:00+00:00,2026-05-07T23:00:00+00:00,,,,,,,,,,,,,No rule-based candidate at this daily endpoint,rule_candidate,pending
cup_and_handle__2026-05-08__0063596,cup_and_handle,0,no_pattern,neutral,0.0,,cup_and_handle/images/no_pattern/2026/05/cup_and_handle__2026-05-08__0063596.png,,2026-05-08,63397,63596,2026-04-28T08:00:00+00:00,2026-05-08T23:00:00+00:00,,,,,,,,,,,,,No rule-based candidate at this daily endpoint,rule_candidate,pending
cup_and_handle__2026-05-11__0063619,cup_and_handle,0,no_pattern,neutral,0.0,,cup_and_handle/images/no_pattern/2026/05/cup_and_handle__2026-05-11__0063619.png,,2026-05-11,63420,63619,2026-04-29T08:00:00+00:00,2026-05-11T23:00:00+00:00,,,,,,,,,,,,,No rule-based candidate at this daily endpoint,rule_candidate,pending
cup_and_handle__2026-05-12__0063642,cup_and_handle,0,no_pattern,neutral,0.0,,cup_and_handle/images/no_pattern/2026/05/cup_and_handle__2026-05-12__0063642.png,,2026-05-12,63443,63642,2026-04-30T08:00:00+00:00,2026-05-12T23:00:00+00:00,,,,,,,,,,,,,No rule-based candidate at this daily endpoint,rule_candidate,pending
cup_and_handle__2026-05-13__0063665,cup_and_handle,0,no_pattern,neutral,0.0,,cup_and_handle/images/no_pattern/2026/05/cup_and_handle__2026-05-13__0063665.png,,2026-05-13,63466,63665,2026-05-01T08:00:00+00:00,2026-05-13T23:00:00+00:00,,,,,,,,,,,,,No rule-based candidate at this daily endpoint,rule_candidate,pending
cup_and_handle__2026-05-14__0063688,cup_and_handle,0,no_pattern,neutral,0.0,,cup_and_handle/images/no_pattern/2026/05/cup_and_handle__2026-05-14__0063688.png,,2026-05-14,63489,63688,2026-05-04T08:00:00+00:00,2026-05-14T23:00:00+00:00,,,,,,,,,,,,,No rule-based candidate at this daily endpoint,rule_candidate,pending
cup_and_handle__2026-05-15__0063711,cup_and_handle,0,no_pattern,neutral,0.0,,cup_and_handle/images/no_pattern/2026/05/cup_and_handle__2026-05-15__0063711.png,,2026-05-15,63512,63711,2026-05-05T08:00:00+00:00,2026-05-15T23:00:00+00:00,,,,,,,,,,,,,No rule-based candidate at this daily endpoint,rule_candidate,pending
cup_and_handle__2026-05-18__0063734,cup_and_handle,0,no_pattern,neutral,0.0,,cup_and_handle/images/no_pattern/2026/05/cup_and_handle__2026-05-18__0063734.png,,2026-05-18,63535,63734,2026-05-06T08:00:00+00:00,2026-05-18T23:00:00+00:00,,,,,,,,,,,,,No rule-based candidate at this daily endpoint,rule_candidate,pending
cup_and_handle__2026-05-19__0063757,cup_and_handle,0,no_pattern,neutral,0.0,,cup_and_handle/images/no_pattern/2026/05/cup_and_handle__2026-05-19__0063757.png,,2026-05-19,63558,63757,2026-05-07T08:00:00+00:00,2026-05-19T23:00:00+00:00,,,,,,,,,,,,,No rule-based candidate at this daily endpoint,rule_candidate,pending
cup_and_handle__2026-05-20__0063780,cup_and_handle,0,no_pattern,neutral,0.0,,cup_and_handle/images/no_pattern/2026/05/cup_and_handle__2026-05-20__0063780.png,,2026-05-20,63581,63780,2026-05-08T08:00:00+00:00,2026-05-20T23:00:00+00:00,,,,,,,,,,,,,No rule-based candidate at this daily endpoint,rule_candidate,pending
cup_and_handle__2026-05-21__0063803,cup_and_handle,0,no_pattern,neutral,0.0,,cup_and_handle/images/no_pattern/2026/05/cup_and_handle__2026-05-21__0063803.png,,2026-05-21,63604,63803,2026-05-11T08:00:00+00:00,2026-05-21T23:00:00+00:00,,,,,,,,,,,,,No rule-based candidate at this daily endpoint,rule_candidate,pending
cup_and_handle__2026-05-22__0063826,cup_and_handle,0,no_pattern,neutral,0.0,,cup_and_handle/images/no_pattern/2026/05/cup_and_handle__2026-05-22__0063826.png,,2026-05-22,63627,63826,2026-05-12T08:00:00+00:00,2026-05-22T23:00:00+00:00,,,,,,,,,,,,,No rule-based candidate at this daily endpoint,rule_candidate,pending
cup_and_handle__2026-05-25__0063847,cup_and_handle,0,no_pattern,neutral,0.0,,cup_and_handle/images/no_pattern/2026/05/cup_and_handle__2026-05-25__0063847.png,,2026-05-25,63648,63847,2026-05-13T06:00:00+00:00,2026-05-25T21:00:00+00:00,,,,,,,,,,,,,No rule-based candidate at this daily endpoint,rule_candidate,pending
cup_and_handle__2026-05-26__0063870,cup_and_handle,0,no_pattern,neutral,0.0,,cup_and_handle/images/no_pattern/2026/05/cup_and_handle__2026-05-26__0063870.png,,2026-05-26,63671,63870,2026-05-14T06:00:00+00:00,2026-05-26T23:00:00+00:00,,,,,,,,,,,,,No rule-based candidate at this daily endpoint,rule_candidate,pending
cup_and_handle__2026-05-27__0063893,cup_and_handle,0,no_pattern,neutral,0.0,,cup_and_handle/images/no_pattern/2026/05/cup_and_handle__2026-05-27__0063893.png,,2026-05-27,63694,63893,2026-05-15T06:00:00+00:00,2026-05-27T23:00:00+00:00,,,,,,,,,,,,,No rule-based candidate at this daily endpoint,rule_candidate,pending
cup_and_handle__2026-05-28__0063916,cup_and_handle,0,no_pattern,neutral,0.0,,cup_and_handle/images/no_pattern/2026/05/cup_and_handle__2026-05-28__0063916.png,,2026-05-28,63717,63916,2026-05-18T06:00:00+00:00,2026-05-28T23:00:00+00:00,,,,,,,,,,,,,No rule-based candidate at this daily endpoint,rule_candidate,pending
cup_and_handle__2026-05-29__0063939,cup_and_handle,0,no_pattern,neutral,0.0,,cup_and_handle/images/no_pattern/2026/05/cup_and_handle__2026-05-29__0063939.png,,2026-05-29,63740,63939,2026-05-19T06:00:00+00:00,2026-05-29T23:00:00+00:00,,,,,,,,,,,,,No rule-based candidate at this daily endpoint,rule_candidate,pending
cup_and_handle__2026-06-01__0063962,cup_and_handle,0,no_pattern,neutral,0.0,,cup_and_handle/images/no_pattern/2026/06/cup_and_handle__2026-06-01__0063962.png,,2026-06-01,63763,63962,2026-05-20T06:00:00+00:00,2026-06-01T23:00:00+00:00,,,,,,,,,,,,,No rule-based candidate at this daily endpoint,rule_candidate,pending
cup_and_handle__2026-06-02__0063985,cup_and_handle,0,no_pattern,neutral,0.0,,cup_and_handle/images/no_pattern/2026/06/cup_and_handle__2026-06-02__0063985.png,,2026-06-02,63786,63985,2026-05-21T06:00:00+00:00,2026-06-02T23:00:00+00:00,,,,,,,,,,,,,No rule-based candidate at this daily endpoint,rule_candidate,pending
cup_and_handle__2026-06-03__0064008,cup_and_handle,0,no_pattern,neutral,0.0,,cup_and_handle/images/no_pattern/2026/06/cup_and_handle__2026-06-03__0064008.png,,2026-06-03,63809,64008,2026-05-22T06:00:00+00:00,2026-06-03T23:00:00+00:00,,,,,,,,,,,,,No rule-based candidate at this daily endpoint,rule_candidate,pending
cup_and_handle__2026-06-04__0064031,cup_and_handle,0,no_pattern,neutral,0.0,,cup_and_handle/images/no_pattern/2026/06/cup_and_handle__2026-06-04__0064031.png,,2026-06-04,63832,64031,2026-05-25T06:00:00+00:00,2026-06-04T23:00:00+00:00,,,,,,,,,,,,,No rule-based candidate at this daily endpoint,rule_candidate,pending
cup_and_handle__2026-06-05__0064054,cup_and_handle,0,no_pattern,neutral,0.0,,cup_and_handle/images/no_pattern/2026/06/cup_and_handle__2026-06-05__0064054.png,,2026-06-05,63855,64054,2026-05-26T08:00:00+00:00,2026-06-05T23:00:00+00:00,,,,,,,,,,,,,No rule-based candidate at this daily endpoint,rule_candidate,pending
cup_and_handle__2026-06-08__0064077,cup_and_handle,0,no_pattern,neutral,0.0,,cup_and_handle/images/no_pattern/2026/06/cup_and_handle__2026-06-08__0064077.png,,2026-06-08,63878,64077,2026-05-27T08:00:00+00:00,2026-06-08T23:00:00+00:00,,,,,,,,,,,,,No rule-based candidate at this daily endpoint,rule_candidate,pending
cup_and_handle__2026-06-09__0064100,cup_and_handle,0,no_pattern,neutral,0.0,,cup_and_handle/images/no_pattern/2026/06/cup_and_handle__2026-06-09__0064100.png,,2026-06-09,63901,64100,2026-05-28T08:00:00+00:00,2026-06-09T23:00:00+00:00,,,,,,,,,,,,,No rule-based candidate at this daily endpoint,rule_candidate,pending
cup_and_handle__2026-06-10__0064123,cup_and_handle,0,no_pattern,neutral,0.0,,cup_and_handle/images/no_pattern/2026/06/cup_and_handle__2026-06-10__0064123.png,,2026-06-10,63924,64123,2026-05-29T08:00:00+00:00,2026-06-10T23:00:00+00:00,,,,,,,,,,,,,No rule-based candidate at this daily endpoint,rule_candidate,pending
cup_and_handle__2026-06-11__0064146,cup_and_handle,0,no_pattern,neutral,0.0,,cup_and_handle/images/no_pattern/2026/06/cup_and_handle__2026-06-11__0064146.png,,2026-06-11,63947,64146,2026-06-01T08:00:00+00:00,2026-06-11T23:00:00+00:00,,,,,,,,,,,,,No rule-based candidate at this daily endpoint,rule_candidate,pending
cup_and_handle__2026-06-12__0064169,cup_and_handle,0,no_pattern,neutral,0.0,,cup_and_handle/images/no_pattern/2026/06/cup_and_handle__2026-06-12__0064169.png,,2026-06-12,63970,64169,2026-06-02T08:00:00+00:00,2026-06-12T23:00:00+00:00,,,,,,,,,,,,,No rule-based candidate at this daily endpoint,rule_candidate,pending
cup_and_handle__2026-06-15__0064192,cup_and_handle,0,no_pattern,neutral,0.0,,cup_and_handle/images/no_pattern/2026/06/cup_and_handle__2026-06-15__0064192.png,,2026-06-15,63993,64192,2026-06-03T08:00:00+00:00,2026-06-15T23:00:00+00:00,,,,,,,,,,,,,No rule-based candidate at this daily endpoint,rule_candidate,pending
cup_and_handle__2026-06-16__0064215,cup_and_handle,0,no_pattern,neutral,0.0,,cup_and_handle/images/no_pattern/2026/06/cup_and_handle__2026-06-16__0064215.png,,2026-06-16,64016,64215,2026-06-04T08:00:00+00:00,2026-06-16T23:00:00+00:00,,,,,,,,,,,,,No rule-based candidate at this daily endpoint,rule_candidate,pending
cup_and_handle__2026-06-17__0064238,cup_and_handle,0,no_pattern,neutral,0.0,,cup_and_handle/images/no_pattern/2026/06/cup_and_handle__2026-06-17__0064238.png,,2026-06-17,64039,64238,2026-06-05T08:00:00+00:00,2026-06-17T23:00:00+00:00,,,,,,,,,,,,,No rule-based candidate at this daily endpoint,rule_candidate,pending
cup_and_handle__2026-06-18__0064261,cup_and_handle,0,no_pattern,neutral,0.0,,cup_and_handle/images/no_pattern/2026/06/cup_and_handle__2026-06-18__0064261.png,,2026-06-18,64062,64261,2026-06-08T08:00:00+00:00,2026-06-18T23:00:00+00:00,,,,,,,,,,,,,No rule-based candidate at this daily endpoint,rule_candidate,pending
cup_and_handle__2026-06-19__0064280,cup_and_handle,0,no_pattern,neutral,0.0,,cup_and_handle/images/no_pattern/2026/06/cup_and_handle__2026-06-19__0064280.png,,2026-06-19,64081,64280,2026-06-09T04:00:00+00:00,2026-06-19T19:00:00+00:00,,,,,,,,,,,,,No rule-based candidate at this daily endpoint,rule_candidate,pending
cup_and_handle__2026-06-22__0064303,cup_and_handle,0,no_pattern,neutral,0.0,,cup_and_handle/images/no_pattern/2026/06/cup_and_handle__2026-06-22__0064303.png,,2026-06-22,64104,64303,2026-06-10T04:00:00+00:00,2026-06-22T23:00:00+00:00,,,,,,,,,,,,,No rule-based candidate at this daily endpoint,rule_candidate,pending
cup_and_handle__2026-06-23__0064326,cup_and_handle,0,no_pattern,neutral,0.0,,cup_and_handle/images/no_pattern/2026/06/cup_and_handle__2026-06-23__0064326.png,,2026-06-23,64127,64326,2026-06-11T04:00:00+00:00,2026-06-23T23:00:00+00:00,,,,,,,,,,,,,No rule-based candidate at this daily endpoint,rule_candidate,pending
cup_and_handle__2026-06-24__0064349,cup_and_handle,0,no_pattern,neutral,0.0,,cup_and_handle/images/no_pattern/2026/06/cup_and_handle__2026-06-24__0064349.png,,2026-06-24,64150,64349,2026-06-12T04:00:00+00:00,2026-06-24T23:00:00+00:00,,,,,,,,,,,,,No rule-based candidate at this daily endpoint,rule_candidate,pending
cup_and_handle__2026-06-25__0064372,cup_and_handle,0,no_pattern,neutral,0.0,,cup_and_handle/images/no_pattern/2026/06/cup_and_handle__2026-06-25__0064372.png,,2026-06-25,64173,64372,2026-06-15T04:00:00+00:00,2026-06-25T23:00:00+00:00,,,,,,,,,,,,,No rule-based candidate at this daily endpoint,rule_candidate,pending
cup_and_handle__2026-06-26__0064395,cup_and_handle,0,no_pattern,neutral,0.0,,cup_and_handle/images/no_pattern/2026/06/cup_and_handle__2026-06-26__0064395.png,,2026-06-26,64196,64395,2026-06-16T04:00:00+00:00,2026-06-26T23:00:00+00:00,,,,,,,,,,,,,No rule-based candidate at this daily endpoint,rule_candidate,pending
cup_and_handle__2026-06-29__0064418,cup_and_handle,0,no_pattern,neutral,0.0,,cup_and_handle/images/no_pattern/2026/06/cup_and_handle__2026-06-29__0064418.png,,2026-06-29,64219,64418,2026-06-17T04:00:00+00:00,2026-06-29T23:00:00+00:00,,,,,,,,,,,,,No rule-based candidate at this daily endpoint,rule_candidate,pending
cup_and_handle__2026-06-30__0064441,cup_and_handle,0,no_pattern,neutral,0.0,,cup_and_handle/images/no_pattern/2026/06/cup_and_handle__2026-06-30__0064441.png,,2026-06-30,64242,64441,2026-06-18T04:00:00+00:00,2026-06-30T23:00:00+00:00,,,,,,,,,,,,,No rule-based candidate at this daily endpoint,rule_candidate,pending
cup_and_handle__2026-07-01__0064464,cup_and_handle,0,no_pattern,neutral,0.0,,cup_and_handle/images/no_pattern/2026/07/cup_and_handle__2026-07-01__0064464.png,,2026-07-01,64265,64464,2026-06-19T04:00:00+00:00,2026-07-01T23:00:00+00:00,,,,,,,,,,,,,No rule-based candidate at this daily endpoint,rule_candidate,pending
cup_and_handle__2026-07-02__0064487,cup_and_handle,0,no_pattern,neutral,0.0,,cup_and_handle/images/no_pattern/2026/07/cup_and_handle__2026-07-02__0064487.png,,2026-07-02,64288,64487,2026-06-22T08:00:00+00:00,2026-07-02T23:00:00+00:00,,,,,,,,,,,,,No rule-based candidate at this daily endpoint,rule_candidate,pending
cup_and_handle__2026-07-03__0064506,cup_and_handle,0,no_pattern,neutral,0.0,,cup_and_handle/images/no_pattern/2026/07/cup_and_handle__2026-07-03__0064506.png,,2026-07-03,64307,64506,2026-06-23T04:00:00+00:00,2026-07-03T19:00:00+00:00,,,,,,,,,,,,,No rule-based candidate at this daily endpoint,rule_candidate,pending
cup_and_handle__2026-07-06__0064529,cup_and_handle,0,no_pattern,neutral,0.0,,cup_and_handle/images/no_pattern/2026/07/cup_and_handle__2026-07-06__0064529.png,,2026-07-06,64330,64529,2026-06-24T04:00:00+00:00,2026-07-06T23:00:00+00:00,,,,,,,,,,,,,No rule-based candidate at this daily endpoint,rule_candidate,pending
cup_and_handle__2026-07-07__0064552,cup_and_handle,0,no_pattern,neutral,0.0,,cup_and_handle/images/no_pattern/2026/07/cup_and_handle__2026-07-07__0064552.png,,2026-07-07,64353,64552,2026-06-25T04:00:00+00:00,2026-07-07T23:00:00+00:00,,,,,,,,,,,,,No rule-based candidate at this daily endpoint,rule_candidate,pending
cup_and_handle__2026-07-08__0064575,cup_and_handle,0,no_pattern,neutral,0.0,,cup_and_handle/images/no_pattern/2026/07/cup_and_handle__2026-07-08__0064575.png,,2026-07-08,64376,64575,2026-06-26T04:00:00+00:00,2026-07-08T23:00:00+00:00,,,,,,,,,,,,,No rule-based candidate at this daily endpoint,rule_candidate,pending
cup_and_handle__2026-07-09__0064598,cup_and_handle,0,no_pattern,neutral,0.0,,cup_and_handle/images/no_pattern/2026/07/cup_and_handle__2026-07-09__0064598.png,,2026-07-09,64399,64598,2026-06-29T04:00:00+00:00,2026-07-09T23:00:00+00:00,,,,,,,,,,,,,No rule-based candidate at this daily endpoint,rule_candidate,pending
cup_and_handle__2026-07-10__0064621,cup_and_handle,0,no_pattern,neutral,0.0,,cup_and_handle/images/no_pattern/2026/07/cup_and_handle__2026-07-10__0064621.png,,2026-07-10,64422,64621,2026-06-30T04:00:00+00:00,2026-07-10T23:00:00+00:00,,,,,,,,,,,,,No rule-based candidate at this daily endpoint,rule_candidate,pending
cup_and_handle__2026-07-13__0064644,cup_and_handle,0,no_pattern,neutral,0.0,,cup_and_handle/images/no_pattern/2026/07/cup_and_handle__2026-07-13__0064644.png,,2026-07-13,64445,64644,2026-07-01T04:00:00+00:00,2026-07-13T23:00:00+00:00,,,,,,,,,,,,,No rule-based candidate at this daily endpoint,rule_candidate,pending
cup_and_handle__2026-07-14__0064667,cup_and_handle,0,no_pattern,neutral,0.0,,cup_and_handle/images/no_pattern/2026/07/cup_and_handle__2026-07-14__0064667.png,,2026-07-14,64468,64667,2026-07-02T04:00:00+00:00,2026-07-14T23:00:00+00:00,,,,,,,,,,,,,No rule-based candidate at this daily endpoint,rule_candidate,pending
cup_and_handle__2026-07-15__0064690,cup_and_handle,0,no_pattern,neutral,0.0,,cup_and_handle/images/no_pattern/2026/07/cup_and_handle__2026-07-15__0064690.png,,2026-07-15,64491,64690,2026-07-03T04:00:00+00:00,2026-07-15T23:00:00+00:00,,,,,,,,,,,,,No rule-based candidate at this daily endpoint,rule_candidate,pending
cup_and_handle__2026-07-16__0064713,cup_and_handle,0,no_pattern,neutral,0.0,,cup_and_handle/images/no_pattern/2026/07/cup_and_handle__2026-07-16__0064713.png,,2026-07-16,64514,64713,2026-07-06T08:00:00+00:00,2026-07-16T23:00:00+00:00,,,,,,,,,,,,,No rule-based candidate at this daily endpoint,rule_candidate,pending
cup_and_handle__2026-07-17__0064736,cup_and_handle,0,no_pattern,neutral,0.0,,cup_and_handle/images/no_pattern/2026/07/cup_and_handle__2026-07-17__0064736.png,,2026-07-17,64537,64736,2026-07-07T08:00:00+00:00,2026-07-17T23:00:00+00:00,,,,,,,,,,,,,No rule-based candidate at this daily endpoint,rule_candidate,pending
cup_and_handle__2026-07-20__0064759,cup_and_handle,0,no_pattern,neutral,0.0,,cup_and_handle/images/no_pattern/2026/07/cup_and_handle__2026-07-20__0064759.png,,2026-07-20,64560,64759,2026-07-08T08:00:00+00:00,2026-07-20T23:00:00+00:00,,,,,,,,,,,,,No rule-based candidate at this daily endpoint,rule_candidate,pending
cup_and_handle__2026-07-21__0064782,cup_and_handle,0,no_pattern,neutral,0.0,,cup_and_handle/images/no_pattern/2026/07/cup_and_handle__2026-07-21__0064782.png,,2026-07-21,64583,64782,2026-07-09T08:00:00+00:00,2026-07-21T23:00:00+00:00,,,,,,,,,,,,,No rule-based candidate at this daily endpoint,rule_candidate,pending
cup_and_handle__2026-07-22__0064805,cup_and_handle,0,no_pattern,neutral,0.0,,cup_and_handle/images/no_pattern/2026/07/cup_and_handle__2026-07-22__0064805.png,,2026-07-22,64606,64805,2026-07-10T08:00:00+00:00,2026-07-22T23:00:00+00:00,,,,,,,,,,,,,No rule-based candidate at this daily endpoint,rule_candidate,pending
cup_and_handle__2026-07-23__0064828,cup_and_handle,0,no_pattern,neutral,0.0,,cup_and_handle/images/no_pattern/2026/07/cup_and_handle__2026-07-23__0064828.png,,2026-07-23,64629,64828,2026-07-13T08:00:00+00:00,2026-07-23T23:00:00+00:00,,,,,,,,,,,,,No rule-based candidate at this daily endpoint,rule_candidate,pending
cup_and_handle__2026-07-24__0064851,cup_and_handle,0,no_pattern,neutral,0.0,,cup_and_handle/images/no_pattern/2026/07/cup_and_handle__2026-07-24__0064851.png,,2026-07-24,64652,64851,2026-07-14T08:00:00+00:00,2026-07-24T23:00:00+00:00,,,,,,,,,,,,,No rule-based candidate at this daily endpoint,rule_candidate,pending
