sample_id,strategy,label,status,direction,confidence,scan_window_bars,image_path,review_image_path,day_utc,start_pos,end_pos,start_time,end_time,pattern_start_pos,pattern_end_pos,pattern_start_time,pattern_end_time,breakout_pos,breakout_time,entry_price,stop_loss,target_price,risk_reward,breakout_level,atr_at_entry,reason,label_source,review_status
flag__2015-08-10__0000218,flag,0,no_pattern,neutral,0.0,,flag/images/no_pattern/2015/08/flag__2015-08-10__0000218.png,,2015-08-10,19,218,2015-07-29T08:00:00+00:00,2015-08-10T23:00:00+00:00,,,,,,,,,,,,,No rule-based candidate at this daily endpoint,rule_candidate,pending
flag__2015-08-11__0000241,flag,0,no_pattern,neutral,0.0,,flag/images/no_pattern/2015/08/flag__2015-08-11__0000241.png,,2015-08-11,42,241,2015-07-30T08:00:00+00:00,2015-08-11T23:00:00+00:00,,,,,,,,,,,,,No rule-based candidate at this daily endpoint,rule_candidate,pending
flag__2015-08-12__0000264,flag,0,no_pattern,neutral,0.0,,flag/images/no_pattern/2015/08/flag__2015-08-12__0000264.png,,2015-08-12,65,264,2015-07-31T08:00:00+00:00,2015-08-12T23:00:00+00:00,,,,,,,,,,,,,No rule-based candidate at this daily endpoint,rule_candidate,pending
flag__2015-08-13__0000287,flag,1,forming,bullish,0.7152227554041306,64.0,flag/images/forming/2015/08/flag__2015-08-13__0000287.png,,2015-08-13,88,287,2015-08-03T08:00:00+00:00,2015-08-13T23:00:00+00:00,248.0,287.0,2015-08-12T07:00:00+00:00,2015-08-13T23:00:00+00:00,,,1126.66,1112.9483928571428,1154.0832142857146,2.0,1126.66,2.366428571428579,Bull flag after impulsive advance,rule_candidate,pending
flag__2015-08-14__0000310,flag,1,forming,bullish,0.6531545835949616,120.0,flag/images/forming/2015/08/flag__2015-08-14__0000310.png,,2015-08-14,111,310,2015-08-04T08:00:00+00:00,2015-08-14T23:00:00+00:00,235.0,310.0,2015-08-11T17:00:00+00:00,2015-08-14T23:00:00+00:00,,,1126.66,1111.0619642857143,1157.8560714285716,2.0,1126.66,2.592142857142871,Bull flag after impulsive advance,rule_candidate,pending
flag__2015-08-17__0000333,flag,1,forming,bullish,0.5614041026083679,160.0,flag/images/forming/2015/08/flag__2015-08-17__0000333.png,,2015-08-17,134,333,2015-08-05T08:00:00+00:00,2015-08-17T23:00:00+00:00,233.0,333.0,2015-08-11T15:00:00+00:00,2015-08-17T23:00:00+00:00,,,1126.66,1111.1169642857144,1160.91,2.203559242196212,1126.66,2.372142857142876,Bull flag after impulsive advance,rule_candidate,pending
flag__2015-08-18__0000356,flag,0,no_pattern,neutral,0.0,,flag/images/no_pattern/2015/08/flag__2015-08-18__0000356.png,,2015-08-18,157,356,2015-08-06T08:00:00+00:00,2015-08-18T23:00:00+00:00,,,,,,,,,,,,,No rule-based candidate at this daily endpoint,rule_candidate,pending
flag__2015-08-19__0000379,flag,0,no_pattern,neutral,0.0,,flag/images/no_pattern/2015/08/flag__2015-08-19__0000379.png,,2015-08-19,180,379,2015-08-07T08:00:00+00:00,2015-08-19T23:00:00+00:00,,,,,,,,,,,,,No rule-based candidate at this daily endpoint,rule_candidate,pending
flag__2015-08-20__0000402,flag,0,no_pattern,neutral,0.0,,flag/images/no_pattern/2015/08/flag__2015-08-20__0000402.png,,2015-08-20,203,402,2015-08-10T08:00:00+00:00,2015-08-20T23:00:00+00:00,,,,,,,,,,,,,No rule-based candidate at this daily endpoint,rule_candidate,pending
flag__2015-08-21__0000425,flag,1,forming,bullish,0.5310849616925806,48.0,flag/images/forming/2015/08/flag__2015-08-21__0000425.png,,2015-08-21,226,425,2015-08-11T08:00:00+00:00,2015-08-21T23:00:00+00:00,396.0,425.0,2015-08-20T17:00:00+00:00,2015-08-21T23:00:00+00:00,,,1168.16,1147.8508928571428,1208.7782142857147,2.0,1168.16,4.0764285714286,Bull flag after impulsive advance,rule_candidate,pending
flag__2015-08-24__0000448,flag,1,forming,bullish,0.5902490987275976,64.0,flag/images/forming/2015/08/flag__2015-08-24__0000448.png,,2015-08-24,249,448,2015-08-12T08:00:00+00:00,2015-08-24T23:00:00+00:00,409.0,448.0,2015-08-21T07:00:00+00:00,2015-08-24T23:00:00+00:00,,,1169.97,1144.013392857143,1221.8832142857143,2.0,1169.97,6.266428571428589,Bull flag after impulsive advance,rule_candidate,pending
flag__2015-08-25__0000471,flag,1,forming,bullish,0.6837272145790952,100.0,flag/images/forming/2015/08/flag__2015-08-25__0000471.png,,2015-08-25,272,471,2015-08-13T08:00:00+00:00,2015-08-25T23:00:00+00:00,409.0,471.0,2015-08-21T07:00:00+00:00,2015-08-25T23:00:00+00:00,,,1169.97,1133.4742857142855,1242.961428571429,2.0,1169.97,4.422857142857099,Bull flag after impulsive advance,rule_candidate,pending
flag__2015-08-26__0000494,flag,0,no_pattern,neutral,0.0,,flag/images/no_pattern/2015/08/flag__2015-08-26__0000494.png,,2015-08-26,295,494,2015-08-14T08:00:00+00:00,2015-08-26T23:00:00+00:00,,,,,,,,,,,,,No rule-based candidate at this daily endpoint,rule_candidate,pending
flag__2015-08-27__0000517,flag,0,no_pattern,neutral,0.0,,flag/images/no_pattern/2015/08/flag__2015-08-27__0000517.png,,2015-08-27,318,517,2015-08-17T08:00:00+00:00,2015-08-27T23:00:00+00:00,,,,,,,,,,,,,No rule-based candidate at this daily endpoint,rule_candidate,pending
flag__2015-08-28__0000540,flag,1,forming,bullish,0.6248068464939218,200.0,flag/images/forming/2015/08/flag__2015-08-28__0000540.png,,2015-08-28,341,540,2015-08-18T08:00:00+00:00,2015-08-28T23:00:00+00:00,415.0,540.0,2015-08-21T13:00:00+00:00,2015-08-28T23:00:00+00:00,,,1156.54,1116.6030357142859,1236.4139285714282,2.0,1156.54,4.267857142857175,Bull flag after impulsive advance,rule_candidate,pending
flag__2015-08-31__0000563,flag,1,forming,bullish,0.5312015092866976,64.0,flag/images/forming/2015/08/flag__2015-08-31__0000563.png,,2015-08-31,364,563,2015-08-19T08:00:00+00:00,2015-08-31T23:00:00+00:00,524.0,563.0,2015-08-28T07:00:00+00:00,2015-08-31T23:00:00+00:00,,,1137.67,1124.8673214285714,1163.2753571428575,2.0,1137.67,2.890714285714288,Bull flag after impulsive advance,rule_candidate,pending
flag__2015-09-01__0000586,flag,0,no_pattern,neutral,0.0,,flag/images/no_pattern/2015/09/flag__2015-09-01__0000586.png,,2015-09-01,387,586,2015-08-20T08:00:00+00:00,2015-09-01T23:00:00+00:00,,,,,,,,,,,,,No rule-based candidate at this daily endpoint,rule_candidate,pending
flag__2015-09-02__0000609,flag,1,forming,bullish,0.660629252661201,80.0,flag/images/forming/2015/09/flag__2015-09-02__0000609.png,,2015-09-02,410,609,2015-08-21T08:00:00+00:00,2015-09-02T23:00:00+00:00,560.0,609.0,2015-08-31T20:00:00+00:00,2015-09-02T23:00:00+00:00,,,1147.8,1131.3135714285713,1180.7728571428572,2.0,1147.8,2.7057142857142935,Bull flag after impulsive advance,rule_candidate,pending
flag__2015-09-03__0000632,flag,0,no_pattern,neutral,0.0,,flag/images/no_pattern/2015/09/flag__2015-09-03__0000632.png,,2015-09-03,433,632,2015-08-24T08:00:00+00:00,2015-09-03T23:00:00+00:00,,,,,,,,,,,,,No rule-based candidate at this daily endpoint,rule_candidate,pending
flag__2015-09-04__0000655,flag,0,no_pattern,neutral,0.0,,flag/images/no_pattern/2015/09/flag__2015-09-04__0000655.png,,2015-09-04,456,655,2015-08-25T08:00:00+00:00,2015-09-04T23:00:00+00:00,,,,,,,,,,,,,No rule-based candidate at this daily endpoint,rule_candidate,pending
flag__2015-09-07__0000675,flag,0,no_pattern,neutral,0.0,,flag/images/no_pattern/2015/09/flag__2015-09-07__0000675.png,,2015-09-07,476,675,2015-08-26T05:00:00+00:00,2015-09-07T20:00:00+00:00,,,,,,,,,,,,,No rule-based candidate at this daily endpoint,rule_candidate,pending
flag__2015-09-08__0000698,flag,0,no_pattern,neutral,0.0,,flag/images/no_pattern/2015/09/flag__2015-09-08__0000698.png,,2015-09-08,499,698,2015-08-27T05:00:00+00:00,2015-09-08T23:00:00+00:00,,,,,,,,,,,,,No rule-based candidate at this daily endpoint,rule_candidate,pending
flag__2015-09-09__0000721,flag,0,no_pattern,neutral,0.0,,flag/images/no_pattern/2015/09/flag__2015-09-09__0000721.png,,2015-09-09,522,721,2015-08-28T05:00:00+00:00,2015-09-09T23:00:00+00:00,,,,,,,,,,,,,No rule-based candidate at this daily endpoint,rule_candidate,pending
flag__2015-09-10__0000744,flag,0,no_pattern,neutral,0.0,,flag/images/no_pattern/2015/09/flag__2015-09-10__0000744.png,,2015-09-10,545,744,2015-08-31T05:00:00+00:00,2015-09-10T23:00:00+00:00,,,,,,,,,,,,,No rule-based candidate at this daily endpoint,rule_candidate,pending
flag__2015-09-11__0000767,flag,0,no_pattern,neutral,0.0,,flag/images/no_pattern/2015/09/flag__2015-09-11__0000767.png,,2015-09-11,568,767,2015-09-01T05:00:00+00:00,2015-09-11T23:00:00+00:00,,,,,,,,,,,,,No rule-based candidate at this daily endpoint,rule_candidate,pending
flag__2015-09-14__0000790,flag,0,no_pattern,neutral,0.0,,flag/images/no_pattern/2015/09/flag__2015-09-14__0000790.png,,2015-09-14,591,790,2015-09-02T05:00:00+00:00,2015-09-14T23:00:00+00:00,,,,,,,,,,,,,No rule-based candidate at this daily endpoint,rule_candidate,pending
flag__2015-09-15__0000813,flag,0,no_pattern,neutral,0.0,,flag/images/no_pattern/2015/09/flag__2015-09-15__0000813.png,,2015-09-15,614,813,2015-09-03T05:00:00+00:00,2015-09-15T23:00:00+00:00,,,,,,,,,,,,,No rule-based candidate at this daily endpoint,rule_candidate,pending
flag__2015-09-16__0000836,flag,0,no_pattern,neutral,0.0,,flag/images/no_pattern/2015/09/flag__2015-09-16__0000836.png,,2015-09-16,637,836,2015-09-04T05:00:00+00:00,2015-09-16T23:00:00+00:00,,,,,,,,,,,,,No rule-based candidate at this daily endpoint,rule_candidate,pending
flag__2015-09-17__0000859,flag,0,no_pattern,neutral,0.0,,flag/images/no_pattern/2015/09/flag__2015-09-17__0000859.png,,2015-09-17,660,859,2015-09-07T05:00:00+00:00,2015-09-17T23:00:00+00:00,,,,,,,,,,,,,No rule-based candidate at this daily endpoint,rule_candidate,pending
flag__2015-09-18__0000882,flag,0,no_pattern,neutral,0.0,,flag/images/no_pattern/2015/09/flag__2015-09-18__0000882.png,,2015-09-18,683,882,2015-09-08T08:00:00+00:00,2015-09-18T23:00:00+00:00,,,,,,,,,,,,,No rule-based candidate at this daily endpoint,rule_candidate,pending
flag__2015-09-21__0000905,flag,1,forming,bullish,0.6537567967620581,48.0,flag/images/forming/2015/09/flag__2015-09-21__0000905.png,,2015-09-21,706,905,2015-09-09T08:00:00+00:00,2015-09-21T23:00:00+00:00,876.0,905.0,2015-09-18T17:00:00+00:00,2015-09-21T23:00:00+00:00,,,1139.76,1128.9242857142856,1161.4314285714288,2.0,1139.76,2.3828571428571683,Bull flag after impulsive advance,rule_candidate,pending
flag__2015-09-22__0000928,flag,1,forming,bullish,0.6838194362444194,120.0,flag/images/forming/2015/09/flag__2015-09-22__0000928.png,,2015-09-22,729,928,2015-09-10T08:00:00+00:00,2015-09-22T23:00:00+00:00,853.0,928.0,2015-09-17T17:00:00+00:00,2015-09-22T23:00:00+00:00,,,1141.62,1120.48125,1183.8974999999996,2.0,1141.62,3.0749999999999966,Bull flag after impulsive advance,rule_candidate,pending
flag__2015-09-23__0000951,flag,1,forming,bullish,0.6401551665949884,160.0,flag/images/forming/2015/09/flag__2015-09-23__0000951.png,,2015-09-23,752,951,2015-09-11T08:00:00+00:00,2015-09-23T23:00:00+00:00,851.0,951.0,2015-09-17T15:00:00+00:00,2015-09-23T23:00:00+00:00,,,1139.77,1120.6292857142857,1178.0514285714285,2.0,1139.77,2.4828571428571258,Bull flag after impulsive advance,rule_candidate,pending
flag__2015-09-24__0000974,flag,0,no_pattern,neutral,0.0,,flag/images/no_pattern/2015/09/flag__2015-09-24__0000974.png,,2015-09-24,775,974,2015-09-14T08:00:00+00:00,2015-09-24T23:00:00+00:00,,,,,,,,,,,,,No rule-based candidate at this daily endpoint,rule_candidate,pending
flag__2015-09-25__0000997,flag,1,forming,bullish,0.6571403448065414,64.0,flag/images/forming/2015/09/flag__2015-09-25__0000997.png,,2015-09-25,798,997,2015-09-15T08:00:00+00:00,2015-09-25T23:00:00+00:00,958.0,997.0,2015-09-24T07:00:00+00:00,2015-09-25T23:00:00+00:00,,,1156.61,1140.0255357142858,1189.7789285714282,2.0,1156.61,2.617857142857133,Bull flag after impulsive advance,rule_candidate,pending
flag__2015-09-28__0001020,flag,1,forming,bullish,0.6618819859847974,80.0,flag/images/forming/2015/09/flag__2015-09-28__0001020.png,,2015-09-28,821,1020,2015-09-16T08:00:00+00:00,2015-09-28T23:00:00+00:00,971.0,1020.0,2015-09-24T20:00:00+00:00,2015-09-28T23:00:00+00:00,,,1148.53,1127.0655357142857,1191.4589285714285,2.0,1148.53,3.2978571428570995,Bull flag after impulsive advance,rule_candidate,pending
flag__2015-09-29__0001043,flag,1,forming,bullish,0.6048059692630733,200.0,flag/images/forming/2015/09/flag__2015-09-29__0001043.png,,2015-09-29,844,1043,2015-09-17T08:00:00+00:00,2015-09-29T23:00:00+00:00,918.0,1043.0,2015-09-22T13:00:00+00:00,2015-09-29T23:00:00+00:00,,,1156.61,1123.4403571428572,1222.9492857142852,2.0,1156.61,2.758571428571421,Bull flag after impulsive advance,rule_candidate,pending
flag__2015-09-30__0001066,flag,0,no_pattern,neutral,0.0,,flag/images/no_pattern/2015/09/flag__2015-09-30__0001066.png,,2015-09-30,867,1066,2015-09-18T08:00:00+00:00,2015-09-30T23:00:00+00:00,,,,,,,,,,,,,No rule-based candidate at this daily endpoint,rule_candidate,pending
flag__2015-10-01__0001089,flag,0,no_pattern,neutral,0.0,,flag/images/no_pattern/2015/10/flag__2015-10-01__0001089.png,,2015-10-01,890,1089,2015-09-21T08:00:00+00:00,2015-10-01T23:00:00+00:00,,,,,,,,,,,,,No rule-based candidate at this daily endpoint,rule_candidate,pending
flag__2015-10-02__0001112,flag,0,no_pattern,neutral,0.0,,flag/images/no_pattern/2015/10/flag__2015-10-02__0001112.png,,2015-10-02,913,1112,2015-09-22T08:00:00+00:00,2015-10-02T23:00:00+00:00,,,,,,,,,,,,,No rule-based candidate at this daily endpoint,rule_candidate,pending
flag__2015-10-05__0001135,flag,1,forming,bullish,0.5620372430604254,64.0,flag/images/forming/2015/10/flag__2015-10-05__0001135.png,,2015-10-05,936,1135,2015-09-23T08:00:00+00:00,2015-10-05T23:00:00+00:00,1096.0,1135.0,2015-10-02T07:00:00+00:00,2015-10-05T23:00:00+00:00,,,1141.86,1129.172142857143,1167.2357142857138,2.0,1141.86,3.3914285714285564,Bull flag after impulsive advance,rule_candidate,pending
flag__2015-10-06__0001158,flag,0,no_pattern,neutral,0.0,,flag/images/no_pattern/2015/10/flag__2015-10-06__0001158.png,,2015-10-06,959,1158,2015-09-24T08:00:00+00:00,2015-10-06T23:00:00+00:00,,,,,,,,,,,,,No rule-based candidate at this daily endpoint,rule_candidate,pending
flag__2015-10-07__0001181,flag,1,forming,bullish,0.5526849689877283,48.0,flag/images/forming/2015/10/flag__2015-10-07__0001181.png,,2015-10-07,982,1181,2015-09-25T08:00:00+00:00,2015-10-07T23:00:00+00:00,1152.0,1181.0,2015-10-06T17:00:00+00:00,2015-10-07T23:00:00+00:00,,,1153.49,1140.9219642857142,1178.6260714285715,2.0,1153.49,3.2321428571428408,Bull flag after impulsive advance,rule_candidate,pending
flag__2015-10-08__0001204,flag,1,forming,bullish,0.6565368332058227,80.0,flag/images/forming/2015/10/flag__2015-10-08__0001204.png,,2015-10-08,1005,1204,2015-09-28T08:00:00+00:00,2015-10-08T23:00:00+00:00,1155.0,1204.0,2015-10-06T20:00:00+00:00,2015-10-08T23:00:00+00:00,,,1153.49,1135.70625,1189.0575000000001,2.0,1153.49,3.2949999999999915,Bull flag after impulsive advance,rule_candidate,pending
flag__2015-10-09__0001227,flag,0,no_pattern,neutral,0.0,,flag/images/no_pattern/2015/10/flag__2015-10-09__0001227.png,,2015-10-09,1028,1227,2015-09-29T08:00:00+00:00,2015-10-09T23:00:00+00:00,,,,,,,,,,,,,No rule-based candidate at this daily endpoint,rule_candidate,pending
flag__2015-10-12__0001250,flag,0,no_pattern,neutral,0.0,,flag/images/no_pattern/2015/10/flag__2015-10-12__0001250.png,,2015-10-12,1051,1250,2015-09-30T08:00:00+00:00,2015-10-12T23:00:00+00:00,,,,,,,,,,,,,No rule-based candidate at this daily endpoint,rule_candidate,pending
flag__2015-10-13__0001273,flag,1,forming,bullish,0.5310451839224785,80.0,flag/images/forming/2015/10/flag__2015-10-13__0001273.png,,2015-10-13,1074,1273,2015-10-01T08:00:00+00:00,2015-10-13T23:00:00+00:00,1224.0,1273.0,2015-10-09T20:00:00+00:00,2015-10-13T23:00:00+00:00,,,1168.89,1150.9366071428572,1204.796785714286,2.0,1168.89,3.053571428571445,Bull flag after impulsive advance,rule_candidate,pending
flag__2015-10-14__0001296,flag,0,no_pattern,neutral,0.0,,flag/images/no_pattern/2015/10/flag__2015-10-14__0001296.png,,2015-10-14,1097,1296,2015-10-02T08:00:00+00:00,2015-10-14T23:00:00+00:00,,,,,,,,,,,,,No rule-based candidate at this daily endpoint,rule_candidate,pending
flag__2015-10-15__0001319,flag,0,no_pattern,neutral,0.0,,flag/images/no_pattern/2015/10/flag__2015-10-15__0001319.png,,2015-10-15,1120,1319,2015-10-05T08:00:00+00:00,2015-10-15T23:00:00+00:00,,,,,,,,,,,,,No rule-based candidate at this daily endpoint,rule_candidate,pending
flag__2015-10-16__0001342,flag,1,forming,bullish,0.6126349547385477,100.0,flag/images/forming/2015/10/flag__2015-10-16__0001342.png,,2015-10-16,1143,1342,2015-10-06T08:00:00+00:00,2015-10-16T23:00:00+00:00,1280.0,1342.0,2015-10-14T07:00:00+00:00,2015-10-16T23:00:00+00:00,,,1191.47,1173.29,1227.8300000000002,2.0,1191.47,3.7200000000000437,Bull flag after impulsive advance,rule_candidate,pending
flag__2015-10-19__0001365,flag,1,forming,bullish,0.6881098210739127,160.0,flag/images/forming/2015/10/flag__2015-10-19__0001365.png,,2015-10-19,1166,1365,2015-10-07T08:00:00+00:00,2015-10-19T23:00:00+00:00,1265.0,1365.0,2015-10-13T15:00:00+00:00,2015-10-19T23:00:00+00:00,,,1191.47,1167.7576785714286,1238.8946428571428,2.0,1191.47,2.7692857142857457,Bull flag after impulsive advance,rule_candidate,pending
flag__2015-10-20__0001388,flag,1,forming,bullish,0.6538828669878645,200.0,flag/images/forming/2015/10/flag__2015-10-20__0001388.png,,2015-10-20,1189,1388,2015-10-08T08:00:00+00:00,2015-10-20T23:00:00+00:00,1263.0,1388.0,2015-10-13T13:00:00+00:00,2015-10-20T23:00:00+00:00,,,1191.47,1166.4773214285715,1241.455357142857,2.0,1191.47,3.130714285714297,Bull flag after impulsive advance,rule_candidate,pending
flag__2015-10-21__0001411,flag,1,forming,bullish,0.5791798370845764,200.0,flag/images/forming/2015/10/flag__2015-10-21__0001411.png,,2015-10-21,1212,1411,2015-10-09T08:00:00+00:00,2015-10-21T23:00:00+00:00,1286.0,1411.0,2015-10-14T13:00:00+00:00,2015-10-21T23:00:00+00:00,,,1184.28,1162.90625,1227.0275,2.0,1184.28,2.6550000000000216,Bull flag after impulsive advance,rule_candidate,pending
flag__2015-10-22__0001434,flag,0,no_pattern,neutral,0.0,,flag/images/no_pattern/2015/10/flag__2015-10-22__0001434.png,,2015-10-22,1235,1434,2015-10-12T08:00:00+00:00,2015-10-22T23:00:00+00:00,,,,,,,,,,,,,No rule-based candidate at this daily endpoint,rule_candidate,pending
flag__2015-10-23__0001457,flag,1,forming,bullish,0.5895204259949519,200.0,flag/images/forming/2015/10/flag__2015-10-23__0001457.png,,2015-10-23,1258,1457,2015-10-13T08:00:00+00:00,2015-10-23T23:00:00+00:00,1332.0,1457.0,2015-10-16T13:00:00+00:00,2015-10-23T23:00:00+00:00,,,1180.73,1157.829107142857,1226.531785714286,2.0,1180.73,4.043571428571421,Bull flag after impulsive advance,rule_candidate,pending
flag__2015-10-26__0001480,flag,0,no_pattern,neutral,0.0,,flag/images/no_pattern/2015/10/flag__2015-10-26__0001480.png,,2015-10-26,1281,1480,2015-10-14T08:00:00+00:00,2015-10-26T22:00:00+00:00,,,,,,,,,,,,,No rule-based candidate at this daily endpoint,rule_candidate,pending
flag__2015-10-27__0001503,flag,0,no_pattern,neutral,0.0,,flag/images/no_pattern/2015/10/flag__2015-10-27__0001503.png,,2015-10-27,1304,1503,2015-10-15T08:00:00+00:00,2015-10-27T22:00:00+00:00,,,,,,,,,,,,,No rule-based candidate at this daily endpoint,rule_candidate,pending
flag__2015-10-28__0001526,flag,0,no_pattern,neutral,0.0,,flag/images/no_pattern/2015/10/flag__2015-10-28__0001526.png,,2015-10-28,1327,1526,2015-10-16T08:00:00+00:00,2015-10-28T22:00:00+00:00,,,,,,,,,,,,,No rule-based candidate at this daily endpoint,rule_candidate,pending
flag__2015-10-29__0001549,flag,0,no_pattern,neutral,0.0,,flag/images/no_pattern/2015/10/flag__2015-10-29__0001549.png,,2015-10-29,1350,1549,2015-10-19T08:00:00+00:00,2015-10-29T22:00:00+00:00,,,,,,,,,,,,,No rule-based candidate at this daily endpoint,rule_candidate,pending
flag__2015-10-30__0001572,flag,0,no_pattern,neutral,0.0,,flag/images/no_pattern/2015/10/flag__2015-10-30__0001572.png,,2015-10-30,1373,1572,2015-10-20T08:00:00+00:00,2015-10-30T22:00:00+00:00,,,,,,,,,,,,,No rule-based candidate at this daily endpoint,rule_candidate,pending
flag__2015-11-02__0001595,flag,0,no_pattern,neutral,0.0,,flag/images/no_pattern/2015/11/flag__2015-11-02__0001595.png,,2015-11-02,1396,1595,2015-10-21T08:00:00+00:00,2015-11-02T23:00:00+00:00,,,,,,,,,,,,,No rule-based candidate at this daily endpoint,rule_candidate,pending
flag__2015-11-03__0001618,flag,0,no_pattern,neutral,0.0,,flag/images/no_pattern/2015/11/flag__2015-11-03__0001618.png,,2015-11-03,1419,1618,2015-10-22T08:00:00+00:00,2015-11-03T23:00:00+00:00,,,,,,,,,,,,,No rule-based candidate at this daily endpoint,rule_candidate,pending
flag__2015-11-04__0001641,flag,0,no_pattern,neutral,0.0,,flag/images/no_pattern/2015/11/flag__2015-11-04__0001641.png,,2015-11-04,1442,1641,2015-10-23T08:00:00+00:00,2015-11-04T23:00:00+00:00,,,,,,,,,,,,,No rule-based candidate at this daily endpoint,rule_candidate,pending
flag__2015-11-05__0001664,flag,0,no_pattern,neutral,0.0,,flag/images/no_pattern/2015/11/flag__2015-11-05__0001664.png,,2015-11-05,1465,1664,2015-10-26T07:00:00+00:00,2015-11-05T23:00:00+00:00,,,,,,,,,,,,,No rule-based candidate at this daily endpoint,rule_candidate,pending
flag__2015-11-06__0001687,flag,0,no_pattern,neutral,0.0,,flag/images/no_pattern/2015/11/flag__2015-11-06__0001687.png,,2015-11-06,1488,1687,2015-10-27T07:00:00+00:00,2015-11-06T23:00:00+00:00,,,,,,,,,,,,,No rule-based candidate at this daily endpoint,rule_candidate,pending
flag__2015-11-09__0001710,flag,0,no_pattern,neutral,0.0,,flag/images/no_pattern/2015/11/flag__2015-11-09__0001710.png,,2015-11-09,1511,1710,2015-10-28T07:00:00+00:00,2015-11-09T23:00:00+00:00,,,,,,,,,,,,,No rule-based candidate at this daily endpoint,rule_candidate,pending
flag__2015-11-10__0001733,flag,1,forming,bullish,0.6266643451391372,48.0,flag/images/forming/2015/11/flag__2015-11-10__0001733.png,,2015-11-10,1534,1733,2015-10-29T07:00:00+00:00,2015-11-10T23:00:00+00:00,1704.0,1733.0,2015-11-09T17:00:00+00:00,2015-11-10T23:00:00+00:00,,,1094.75,1084.4855357142858,1115.2789285714284,2.0,1094.75,2.73785714285717,Bull flag after impulsive advance,rule_candidate,pending
flag__2015-11-11__0001756,flag,0,no_pattern,neutral,0.0,,flag/images/no_pattern/2015/11/flag__2015-11-11__0001756.png,,2015-11-11,1557,1756,2015-10-30T07:00:00+00:00,2015-11-11T23:00:00+00:00,,,,,,,,,,,,,No rule-based candidate at this daily endpoint,rule_candidate,pending
flag__2015-11-12__0001779,flag,0,no_pattern,neutral,0.0,,flag/images/no_pattern/2015/11/flag__2015-11-12__0001779.png,,2015-11-12,1580,1779,2015-11-02T08:00:00+00:00,2015-11-12T23:00:00+00:00,,,,,,,,,,,,,No rule-based candidate at this daily endpoint,rule_candidate,pending
flag__2015-11-13__0001802,flag,0,no_pattern,neutral,0.0,,flag/images/no_pattern/2015/11/flag__2015-11-13__0001802.png,,2015-11-13,1603,1802,2015-11-03T08:00:00+00:00,2015-11-13T23:00:00+00:00,,,,,,,,,,,,,No rule-based candidate at this daily endpoint,rule_candidate,pending
flag__2015-11-16__0001825,flag,0,no_pattern,neutral,0.0,,flag/images/no_pattern/2015/11/flag__2015-11-16__0001825.png,,2015-11-16,1626,1825,2015-11-04T08:00:00+00:00,2015-11-16T23:00:00+00:00,,,,,,,,,,,,,No rule-based candidate at this daily endpoint,rule_candidate,pending
flag__2015-11-17__0001848,flag,0,no_pattern,neutral,0.0,,flag/images/no_pattern/2015/11/flag__2015-11-17__0001848.png,,2015-11-17,1649,1848,2015-11-05T08:00:00+00:00,2015-11-17T23:00:00+00:00,,,,,,,,,,,,,No rule-based candidate at this daily endpoint,rule_candidate,pending
flag__2015-11-18__0001871,flag,0,no_pattern,neutral,0.0,,flag/images/no_pattern/2015/11/flag__2015-11-18__0001871.png,,2015-11-18,1672,1871,2015-11-06T08:00:00+00:00,2015-11-18T23:00:00+00:00,,,,,,,,,,,,,No rule-based candidate at this daily endpoint,rule_candidate,pending
flag__2015-11-19__0001894,flag,0,no_pattern,neutral,0.0,,flag/images/no_pattern/2015/11/flag__2015-11-19__0001894.png,,2015-11-19,1695,1894,2015-11-09T08:00:00+00:00,2015-11-19T23:00:00+00:00,,,,,,,,,,,,,No rule-based candidate at this daily endpoint,rule_candidate,pending
flag__2015-11-20__0001917,flag,1,forming,bullish,0.6349402838997465,48.0,flag/images/forming/2015/11/flag__2015-11-20__0001917.png,,2015-11-20,1718,1917,2015-11-10T08:00:00+00:00,2015-11-20T23:00:00+00:00,1888.0,1917.0,2015-11-19T17:00:00+00:00,2015-11-20T23:00:00+00:00,,,1087.97,1075.0242857142857,1113.8614285714286,2.0,1087.97,2.782857142857129,Bull flag after impulsive advance,rule_candidate,pending
flag__2015-11-23__0001940,flag,0,no_pattern,neutral,0.0,,flag/images/no_pattern/2015/11/flag__2015-11-23__0001940.png,,2015-11-23,1741,1940,2015-11-11T08:00:00+00:00,2015-11-23T23:00:00+00:00,,,,,,,,,,,,,No rule-based candidate at this daily endpoint,rule_candidate,pending
flag__2015-11-24__0001963,flag,1,forming,bullish,0.5319201931067725,120.0,flag/images/forming/2015/11/flag__2015-11-24__0001963.png,,2015-11-24,1764,1963,2015-11-12T08:00:00+00:00,2015-11-24T23:00:00+00:00,1888.0,1963.0,2015-11-19T17:00:00+00:00,2015-11-24T23:00:00+00:00,,,1083.19,1066.06,1117.4500000000003,2.0,1083.19,2.5599999999999454,Bull flag after impulsive advance,rule_candidate,pending
flag__2015-11-25__0001986,flag,0,no_pattern,neutral,0.0,,flag/images/no_pattern/2015/11/flag__2015-11-25__0001986.png,,2015-11-25,1787,1986,2015-11-13T08:00:00+00:00,2015-11-25T23:00:00+00:00,,,,,,,,,,,,,No rule-based candidate at this daily endpoint,rule_candidate,pending
flag__2015-11-26__0002005,flag,0,no_pattern,neutral,0.0,,flag/images/no_pattern/2015/11/flag__2015-11-26__0002005.png,,2015-11-26,1806,2005,2015-11-16T04:00:00+00:00,2015-11-26T19:00:00+00:00,,,,,,,,,,,,,No rule-based candidate at this daily endpoint,rule_candidate,pending
flag__2015-11-27__0002024,flag,0,no_pattern,neutral,0.0,,flag/images/no_pattern/2015/11/flag__2015-11-27__0002024.png,,2015-11-27,1825,2024,2015-11-16T23:00:00+00:00,2015-11-27T19:00:00+00:00,,,,,,,,,,,,,No rule-based candidate at this daily endpoint,rule_candidate,pending
flag__2015-11-30__0002047,flag,0,no_pattern,neutral,0.0,,flag/images/no_pattern/2015/11/flag__2015-11-30__0002047.png,,2015-11-30,1848,2047,2015-11-17T23:00:00+00:00,2015-11-30T23:00:00+00:00,,,,,,,,,,,,,No rule-based candidate at this daily endpoint,rule_candidate,pending
flag__2015-12-01__0002070,flag,0,no_pattern,neutral,0.0,,flag/images/no_pattern/2015/12/flag__2015-12-01__0002070.png,,2015-12-01,1871,2070,2015-11-18T23:00:00+00:00,2015-12-01T23:00:00+00:00,,,,,,,,,,,,,No rule-based candidate at this daily endpoint,rule_candidate,pending
flag__2015-12-02__0002093,flag,0,no_pattern,neutral,0.0,,flag/images/no_pattern/2015/12/flag__2015-12-02__0002093.png,,2015-12-02,1894,2093,2015-11-19T23:00:00+00:00,2015-12-02T23:00:00+00:00,,,,,,,,,,,,,No rule-based candidate at this daily endpoint,rule_candidate,pending
flag__2015-12-03__0002116,flag,1,forming,bullish,0.5322012664124244,80.0,flag/images/forming/2015/12/flag__2015-12-03__0002116.png,,2015-12-03,1917,2116,2015-11-20T23:00:00+00:00,2015-12-03T23:00:00+00:00,2067.0,2116.0,2015-12-01T20:00:00+00:00,2015-12-03T23:00:00+00:00,,,1068.37,1045.296607142857,1114.5167857142856,2.0,1068.37,3.9735714285713875,Bull flag after impulsive advance,rule_candidate,pending
flag__2015-12-04__0002139,flag,0,no_pattern,neutral,0.0,,flag/images/no_pattern/2015/12/flag__2015-12-04__0002139.png,,2015-12-04,1940,2139,2015-11-23T23:00:00+00:00,2015-12-04T23:00:00+00:00,,,,,,,,,,,,,No rule-based candidate at this daily endpoint,rule_candidate,pending
flag__2015-12-07__0002162,flag,1,forming,bullish,0.7053999086393465,48.0,flag/images/forming/2015/12/flag__2015-12-07__0002162.png,,2015-12-07,1963,2162,2015-11-24T23:00:00+00:00,2015-12-07T23:00:00+00:00,2133.0,2162.0,2015-12-04T17:00:00+00:00,2015-12-07T23:00:00+00:00,,,1086.57,1065.517857142857,1128.6742857142856,2.0,1086.57,2.8885714285714323,Bull flag after impulsive advance,rule_candidate,pending
flag__2015-12-08__0002185,flag,1,forming,bullish,0.6583513824901635,100.0,flag/images/forming/2015/12/flag__2015-12-08__0002185.png,,2015-12-08,1986,2185,2015-11-25T23:00:00+00:00,2015-12-08T23:00:00+00:00,2123.0,2185.0,2015-12-04T07:00:00+00:00,2015-12-08T23:00:00+00:00,,,1086.57,1065.434107142857,1128.8417857142856,2.0,1086.57,3.2235714285714203,Bull flag after impulsive advance,rule_candidate,pending
flag__2015-12-09__0002208,flag,0,no_pattern,neutral,0.0,,flag/images/no_pattern/2015/12/flag__2015-12-09__0002208.png,,2015-12-09,2009,2208,2015-11-27T04:00:00+00:00,2015-12-09T23:00:00+00:00,,,,,,,,,,,,,No rule-based candidate at this daily endpoint,rule_candidate,pending
flag__2015-12-10__0002231,flag,1,forming,bullish,0.5822870687537859,200.0,flag/images/forming/2015/12/flag__2015-12-10__0002231.png,,2015-12-10,2032,2231,2015-11-30T08:00:00+00:00,2015-12-10T23:00:00+00:00,2106.0,2231.0,2015-12-03T13:00:00+00:00,2015-12-10T23:00:00+00:00,,,1086.57,1065.6305357142858,1128.4489285714283,2.0,1086.57,2.4378571428571996,Bull flag after impulsive advance,rule_candidate,pending
flag__2015-12-11__0002254,flag,1,forming,bullish,0.5842455013217371,160.0,flag/images/forming/2015/12/flag__2015-12-11__0002254.png,,2015-12-11,2055,2254,2015-12-01T08:00:00+00:00,2015-12-11T23:00:00+00:00,2154.0,2254.0,2015-12-07T15:00:00+00:00,2015-12-11T23:00:00+00:00,,,1085.28,1061.2012499999998,1133.4375000000002,2.0,1085.28,4.47499999999999,Bull flag after impulsive advance,rule_candidate,pending
flag__2015-12-14__0002277,flag,0,no_pattern,neutral,0.0,,flag/images/no_pattern/2015/12/flag__2015-12-14__0002277.png,,2015-12-14,2078,2277,2015-12-02T08:00:00+00:00,2015-12-14T23:00:00+00:00,,,,,,,,,,,,,No rule-based candidate at this daily endpoint,rule_candidate,pending
flag__2015-12-15__0002300,flag,1,forming,bullish,0.6321760157588723,200.0,flag/images/forming/2015/12/flag__2015-12-15__0002300.png,,2015-12-15,2101,2300,2015-12-03T08:00:00+00:00,2015-12-15T23:00:00+00:00,2175.0,2300.0,2015-12-08T13:00:00+00:00,2015-12-15T23:00:00+00:00,,,1079.55,1057.6742857142856,1123.3014285714287,2.0,1079.55,3.462857142857144,Bull flag after impulsive advance,rule_candidate,pending
flag__2015-12-16__0002323,flag,1,forming,bullish,0.5443064342846892,200.0,flag/images/forming/2015/12/flag__2015-12-16__0002323.png,,2015-12-16,2124,2323,2015-12-04T08:00:00+00:00,2015-12-16T23:00:00+00:00,2198.0,2323.0,2015-12-09T13:00:00+00:00,2015-12-16T23:00:00+00:00,,,1079.55,1057.347142857143,1123.955714285714,2.0,1079.55,4.771428571428585,Bull flag after impulsive advance,rule_candidate,pending
flag__2015-12-17__0002346,flag,0,no_pattern,neutral,0.0,,flag/images/no_pattern/2015/12/flag__2015-12-17__0002346.png,,2015-12-17,2147,2346,2015-12-07T08:00:00+00:00,2015-12-17T23:00:00+00:00,,,,,,,,,,,,,No rule-based candidate at this daily endpoint,rule_candidate,pending
flag__2015-12-18__0002369,flag,0,no_pattern,neutral,0.0,,flag/images/no_pattern/2015/12/flag__2015-12-18__0002369.png,,2015-12-18,2170,2369,2015-12-08T08:00:00+00:00,2015-12-18T23:00:00+00:00,,,,,,,,,,,,,No rule-based candidate at this daily endpoint,rule_candidate,pending
flag__2015-12-21__0002392,flag,0,no_pattern,neutral,0.0,,flag/images/no_pattern/2015/12/flag__2015-12-21__0002392.png,,2015-12-21,2193,2392,2015-12-09T08:00:00+00:00,2015-12-21T23:00:00+00:00,,,,,,,,,,,,,No rule-based candidate at this daily endpoint,rule_candidate,pending
flag__2015-12-22__0002415,flag,1,forming,bullish,0.6688284265215144,64.0,flag/images/forming/2015/12/flag__2015-12-22__0002415.png,,2015-12-22,2216,2415,2015-12-10T08:00:00+00:00,2015-12-22T23:00:00+00:00,2376.0,2415.0,2015-12-21T07:00:00+00:00,2015-12-22T23:00:00+00:00,,,1081.67,1071.2091071428572,1106.0500000000002,2.330585001963099,1081.67,2.2835714285714794,Bull flag after impulsive advance,rule_candidate,pending
flag__2015-12-23__0002438,flag,1,forming,bullish,0.7014973116093042,100.0,flag/images/forming/2015/12/flag__2015-12-23__0002438.png,,2015-12-23,2239,2438,2015-12-11T08:00:00+00:00,2015-12-23T23:00:00+00:00,2376.0,2438.0,2015-12-21T07:00:00+00:00,2015-12-23T23:00:00+00:00,,,1080.67,1067.662142857143,1107.3300000000002,2.0495305035418254,1080.67,2.1514285714285637,Bull flag after impulsive advance,rule_candidate,pending
flag__2015-12-24__0002457,flag,1,forming,bullish,0.6272482159522847,160.0,flag/images/forming/2015/12/flag__2015-12-24__0002457.png,,2015-12-24,2258,2457,2015-12-14T04:00:00+00:00,2015-12-24T19:00:00+00:00,2357.0,2457.0,2015-12-18T11:00:00+00:00,2015-12-24T19:00:00+00:00,,,1081.67,1067.8301785714286,1109.349642857143,2.0,1081.67,1.4792857142857005,Bull flag after impulsive advance,rule_candidate,pending
flag__2015-12-28__0002480,flag,1,forming,bullish,0.6171329889725286,200.0,flag/images/forming/2015/12/flag__2015-12-28__0002480.png,,2015-12-28,2281,2480,2015-12-15T04:00:00+00:00,2015-12-28T23:00:00+00:00,2355.0,2480.0,2015-12-18T09:00:00+00:00,2015-12-28T23:00:00+00:00,,,1080.67,1065.9325,1110.1450000000004,2.0,1080.67,1.6699999999999915,Bull flag after impulsive advance,rule_candidate,pending
flag__2015-12-29__0002503,flag,1,forming,bullish,0.5660191911522522,200.0,flag/images/forming/2015/12/flag__2015-12-29__0002503.png,,2015-12-29,2304,2503,2015-12-16T04:00:00+00:00,2015-12-29T23:00:00+00:00,2378.0,2503.0,2015-12-21T09:00:00+00:00,2015-12-29T23:00:00+00:00,,,1076.83,1065.7496428571428,1098.9907142857141,2.0,1076.83,2.4014285714285637,Bull flag after impulsive advance,rule_candidate,pending
flag__2015-12-30__0002526,flag,0,no_pattern,neutral,0.0,,flag/images/no_pattern/2015/12/flag__2015-12-30__0002526.png,,2015-12-30,2327,2526,2015-12-17T04:00:00+00:00,2015-12-30T23:00:00+00:00,,,,,,,,,,,,,No rule-based candidate at this daily endpoint,rule_candidate,pending
flag__2015-12-31__0002545,flag,1,forming,bullish,0.6851331017856601,200.0,flag/images/forming/2015/12/flag__2015-12-31__0002545.png,,2015-12-31,2346,2545,2015-12-17T23:00:00+00:00,2015-12-31T19:00:00+00:00,2420.0,2545.0,2015-12-23T05:00:00+00:00,2015-12-31T19:00:00+00:00,,,1076.83,1057.6358928571428,1115.218214285714,2.0,1076.83,1.7764285714285961,Bull flag after impulsive advance,rule_candidate,pending
flag__2016-01-04__0002568,flag,0,no_pattern,neutral,0.0,,flag/images/no_pattern/2016/01/flag__2016-01-04__0002568.png,,2016-01-04,2369,2568,2015-12-18T23:00:00+00:00,2016-01-04T23:00:00+00:00,,,,,,,,,,,,,No rule-based candidate at this daily endpoint,rule_candidate,pending
flag__2016-01-05__0002591,flag,0,no_pattern,neutral,0.0,,flag/images/no_pattern/2016/01/flag__2016-01-05__0002591.png,,2016-01-05,2392,2591,2015-12-21T23:00:00+00:00,2016-01-05T23:00:00+00:00,,,,,,,,,,,,,No rule-based candidate at this daily endpoint,rule_candidate,pending
flag__2016-01-06__0002614,flag,0,no_pattern,neutral,0.0,,flag/images/no_pattern/2016/01/flag__2016-01-06__0002614.png,,2016-01-06,2415,2614,2015-12-22T23:00:00+00:00,2016-01-06T23:00:00+00:00,,,,,,,,,,,,,No rule-based candidate at this daily endpoint,rule_candidate,pending
flag__2016-01-07__0002637,flag,0,no_pattern,neutral,0.0,,flag/images/no_pattern/2016/01/flag__2016-01-07__0002637.png,,2016-01-07,2438,2637,2015-12-23T23:00:00+00:00,2016-01-07T23:00:00+00:00,,,,,,,,,,,,,No rule-based candidate at this daily endpoint,rule_candidate,pending
flag__2016-01-08__0002660,flag,1,forming,bullish,0.619318010580583,64.0,flag/images/forming/2016/01/flag__2016-01-08__0002660.png,,2016-01-08,2461,2660,2015-12-28T04:00:00+00:00,2016-01-08T23:00:00+00:00,2621.0,2660.0,2016-01-07T07:00:00+00:00,2016-01-08T23:00:00+00:00,,,1113.04,1091.2216071428572,1156.6767857142854,2.0,1113.04,3.673571428571466,Bull flag after impulsive advance,rule_candidate,pending
flag__2016-01-11__0002683,flag,1,forming,bullish,0.5893402345182307,120.0,flag/images/forming/2016/01/flag__2016-01-11__0002683.png,,2016-01-11,2484,2683,2015-12-29T04:00:00+00:00,2016-01-11T23:00:00+00:00,2608.0,2683.0,2016-01-06T17:00:00+00:00,2016-01-11T23:00:00+00:00,,,1113.04,1091.2525,1156.6149999999998,2.0,1113.04,3.549999999999971,Bull flag after impulsive advance,rule_candidate,pending
flag__2016-01-12__0002706,flag,1,forming,bullish,0.6673931337097806,160.0,flag/images/forming/2016/01/flag__2016-01-12__0002706.png,,2016-01-12,2507,2706,2015-12-30T04:00:00+00:00,2016-01-12T23:00:00+00:00,2606.0,2706.0,2016-01-06T15:00:00+00:00,2016-01-12T23:00:00+00:00,,,1113.04,1082.4064285714287,1174.3071428571425,2.0,1113.04,3.9342857142857093,Bull flag after impulsive advance,rule_candidate,pending
flag__2016-01-13__0002729,flag,1,forming,bullish,0.6763049946628535,160.0,flag/images/forming/2016/01/flag__2016-01-13__0002729.png,,2016-01-13,2530,2729,2015-12-31T04:00:00+00:00,2016-01-13T23:00:00+00:00,2629.0,2729.0,2016-01-07T15:00:00+00:00,2016-01-13T23:00:00+00:00,,,1108.44,1078.807857142857,1167.704285714286,2.0,1108.44,3.5685714285714476,Bull flag after impulsive advance,rule_candidate,pending
flag__2016-01-14__0002752,flag,0,no_pattern,neutral,0.0,,flag/images/no_pattern/2016/01/flag__2016-01-14__0002752.png,,2016-01-14,2553,2752,2016-01-04T08:00:00+00:00,2016-01-14T23:00:00+00:00,,,,,,,,,,,,,No rule-based candidate at this daily endpoint,rule_candidate,pending
flag__2016-01-15__0002775,flag,1,forming,bullish,0.5594971511639977,200.0,flag/images/forming/2016/01/flag__2016-01-15__0002775.png,,2016-01-15,2576,2775,2016-01-05T08:00:00+00:00,2016-01-15T23:00:00+00:00,2650.0,2775.0,2016-01-08T13:00:00+00:00,2016-01-15T23:00:00+00:00,,,1099.09,1070.246607142857,1156.7767857142856,2.0,1099.09,4.293571428571405,Bull flag after impulsive advance,rule_candidate,pending
flag__2016-01-18__0002795,flag,1,forming,bullish,0.5483070914616798,48.0,flag/images/forming/2016/01/flag__2016-01-18__0002795.png,,2016-01-18,2596,2795,2016-01-06T05:00:00+00:00,2016-01-18T20:00:00+00:00,2766.0,2795.0,2016-01-15T14:00:00+00:00,2016-01-18T20:00:00+00:00,,,1093.17,1086.9750000000001,1105.56,2.0,1093.17,1.7399999999999929,Bull flag after impulsive advance,rule_candidate,pending
flag__2016-01-19__0002818,flag,1,forming,bullish,0.5576628329695517,64.0,flag/images/forming/2016/01/flag__2016-01-19__0002818.png,,2016-01-19,2619,2818,2016-01-07T05:00:00+00:00,2016-01-19T23:00:00+00:00,2779.0,2818.0,2016-01-18T04:00:00+00:00,2016-01-19T23:00:00+00:00,,,1094.5,1081.575,1120.35,2.0,1094.5,3.259999999999991,Bull flag after impulsive advance,rule_candidate,pending
flag__2016-01-20__0002841,flag,0,no_pattern,neutral,0.0,,flag/images/no_pattern/2016/01/flag__2016-01-20__0002841.png,,2016-01-20,2642,2841,2016-01-08T05:00:00+00:00,2016-01-20T23:00:00+00:00,,,,,,,,,,,,,No rule-based candidate at this daily endpoint,rule_candidate,pending
flag__2016-01-21__0002864,flag,1,forming,bullish,0.5877200521872985,64.0,flag/images/forming/2016/01/flag__2016-01-21__0002864.png,,2016-01-21,2665,2864,2016-01-11T05:00:00+00:00,2016-01-21T23:00:00+00:00,2825.0,2864.0,2016-01-20T07:00:00+00:00,2016-01-21T23:00:00+00:00,,,1109.49,1091.4714285714288,1145.5271428571425,2.0,1109.49,3.674285714285702,Bull flag after impulsive advance,rule_candidate,pending
flag__2016-01-22__0002887,flag,1,forming,bullish,0.6078091586614902,120.0,flag/images/forming/2016/01/flag__2016-01-22__0002887.png,,2016-01-22,2688,2887,2016-01-12T05:00:00+00:00,2016-01-22T23:00:00+00:00,2812.0,2887.0,2016-01-19T17:00:00+00:00,2016-01-22T23:00:00+00:00,,,1109.49,1091.6910714285716,1145.0878571428568,2.0,1109.49,2.7957142857142765,Bull flag after impulsive advance,rule_candidate,pending
flag__2016-01-25__0002910,flag,0,no_pattern,neutral,0.0,,flag/images/no_pattern/2016/01/flag__2016-01-25__0002910.png,,2016-01-25,2711,2910,2016-01-13T05:00:00+00:00,2016-01-25T23:00:00+00:00,,,,,,,,,,,,,No rule-based candidate at this daily endpoint,rule_candidate,pending
flag__2016-01-26__0002933,flag,0,no_pattern,neutral,0.0,,flag/images/no_pattern/2016/01/flag__2016-01-26__0002933.png,,2016-01-26,2734,2933,2016-01-14T05:00:00+00:00,2016-01-26T23:00:00+00:00,,,,,,,,,,,,,No rule-based candidate at this daily endpoint,rule_candidate,pending
flag__2016-01-27__0002956,flag,0,no_pattern,neutral,0.0,,flag/images/no_pattern/2016/01/flag__2016-01-27__0002956.png,,2016-01-27,2757,2956,2016-01-15T05:00:00+00:00,2016-01-27T23:00:00+00:00,,,,,,,,,,,,,No rule-based candidate at this daily endpoint,rule_candidate,pending
flag__2016-01-28__0002979,flag,1,forming,bullish,0.5537389326351052,100.0,flag/images/forming/2016/01/flag__2016-01-28__0002979.png,,2016-01-28,2780,2979,2016-01-18T05:00:00+00:00,2016-01-28T23:00:00+00:00,2917.0,2979.0,2016-01-26T07:00:00+00:00,2016-01-28T23:00:00+00:00,,,1127.95,1110.1144642857143,1163.6210714285714,2.0,1127.95,3.1021428571428453,Bull flag after impulsive advance,rule_candidate,pending
flag__2016-01-29__0003002,flag,1,forming,bullish,0.6065400210728007,160.0,flag/images/forming/2016/01/flag__2016-01-29__0003002.png,,2016-01-29,2803,3002,2016-01-19T08:00:00+00:00,2016-01-29T23:00:00+00:00,2902.0,3002.0,2016-01-25T15:00:00+00:00,2016-01-29T23:00:00+00:00,,,1127.95,1107.60375,1168.6425000000002,2.0,1127.95,2.6249999999999836,Bull flag after impulsive advance,rule_candidate,pending
flag__2016-02-01__0003025,flag,0,no_pattern,neutral,0.0,,flag/images/no_pattern/2016/02/flag__2016-02-01__0003025.png,,2016-02-01,2826,3025,2016-01-20T08:00:00+00:00,2016-02-01T23:00:00+00:00,,,,,,,,,,,,,No rule-based candidate at this daily endpoint,rule_candidate,pending
flag__2016-02-02__0003048,flag,1,forming,bullish,0.5315541427006413,64.0,flag/images/forming/2016/02/flag__2016-02-02__0003048.png,,2016-02-02,2849,3048,2016-01-21T08:00:00+00:00,2016-02-02T23:00:00+00:00,3009.0,3048.0,2016-02-01T07:00:00+00:00,2016-02-02T23:00:00+00:00,,,1130.93,1121.580357142857,1149.629285714286,2.0,1130.93,2.398571428571391,Bull flag after impulsive advance,rule_candidate,pending
flag__2016-02-03__0003071,flag,0,no_pattern,neutral,0.0,,flag/images/no_pattern/2016/02/flag__2016-02-03__0003071.png,,2016-02-03,2872,3071,2016-01-22T08:00:00+00:00,2016-02-03T23:00:00+00:00,,,,,,,,,,,,,No rule-based candidate at this daily endpoint,rule_candidate,pending
flag__2016-02-04__0003094,flag,0,no_pattern,neutral,0.0,,flag/images/no_pattern/2016/02/flag__2016-02-04__0003094.png,,2016-02-04,2895,3094,2016-01-25T08:00:00+00:00,2016-02-04T23:00:00+00:00,,,,,,,,,,,,,No rule-based candidate at this daily endpoint,rule_candidate,pending
flag__2016-02-05__0003117,flag,0,no_pattern,neutral,0.0,,flag/images/no_pattern/2016/02/flag__2016-02-05__0003117.png,,2016-02-05,2918,3117,2016-01-26T08:00:00+00:00,2016-02-05T23:00:00+00:00,,,,,,,,,,,,,No rule-based candidate at this daily endpoint,rule_candidate,pending
flag__2016-02-08__0003140,flag,0,no_pattern,neutral,0.0,,flag/images/no_pattern/2016/02/flag__2016-02-08__0003140.png,,2016-02-08,2941,3140,2016-01-27T08:00:00+00:00,2016-02-08T23:00:00+00:00,,,,,,,,,,,,,No rule-based candidate at this daily endpoint,rule_candidate,pending
flag__2016-02-09__0003163,flag,1,forming,bullish,0.5364894528544166,64.0,flag/images/forming/2016/02/flag__2016-02-09__0003163.png,,2016-02-09,2964,3163,2016-01-28T08:00:00+00:00,2016-02-09T23:00:00+00:00,3124.0,3163.0,2016-02-08T07:00:00+00:00,2016-02-09T23:00:00+00:00,,,1200.74,1184.3791071428573,1238.55,2.3109985701968014,1200.74,5.0835714285714175,Bull flag after impulsive advance,rule_candidate,pending
flag__2016-02-10__0003186,flag,1,forming,bullish,0.5448324141845448,120.0,flag/images/forming/2016/02/flag__2016-02-10__0003186.png,,2016-02-10,2987,3186,2016-01-29T08:00:00+00:00,2016-02-10T23:00:00+00:00,3111.0,3186.0,2016-02-05T17:00:00+00:00,2016-02-10T23:00:00+00:00,,,1200.74,1180.1141071428572,1242.96,2.0469416908358973,1200.74,4.703571428571438,Bull flag after impulsive advance,rule_candidate,pending
flag__2016-02-11__0003209,flag,0,no_pattern,neutral,0.0,,flag/images/no_pattern/2016/02/flag__2016-02-11__0003209.png,,2016-02-11,3010,3209,2016-02-01T08:00:00+00:00,2016-02-11T23:00:00+00:00,,,,,,,,,,,,,No rule-based candidate at this daily endpoint,rule_candidate,pending
flag__2016-02-12__0003232,flag,1,forming,bullish,0.6039919083511912,64.0,flag/images/forming/2016/02/flag__2016-02-12__0003232.png,,2016-02-12,3033,3232,2016-02-02T08:00:00+00:00,2016-02-12T23:00:00+00:00,3193.0,3232.0,2016-02-11T07:00:00+00:00,2016-02-12T23:00:00+00:00,,,1263.28,1231.1753571428574,1327.4892857142852,2.0,1263.28,4.818571428571398,Bull flag after impulsive advance,rule_candidate,pending
flag__2016-02-15__0003251,flag,1,forming,bullish,0.6925737654495653,100.0,flag/images/forming/2016/02/flag__2016-02-15__0003251.png,,2016-02-15,3052,3251,2016-02-03T04:00:00+00:00,2016-02-15T19:00:00+00:00,3189.0,3251.0,2016-02-11T03:00:00+00:00,2016-02-15T19:00:00+00:00,,,1257.66,1200.902857142857,1371.174285714286,2.0,1257.66,4.588571428571446,Bull flag after impulsive advance,rule_candidate,pending
flag__2016-02-16__0003274,flag,1,forming,bullish,0.564573613135469,200.0,flag/images/forming/2016/02/flag__2016-02-16__0003274.png,,2016-02-16,3075,3274,2016-02-04T04:00:00+00:00,2016-02-16T23:00:00+00:00,3149.0,3274.0,2016-02-09T09:00:00+00:00,2016-02-16T23:00:00+00:00,,,1263.28,1189.2941071428572,1411.2517857142855,2.0,1263.28,5.86357142857139,Bull flag after impulsive advance,rule_candidate,pending
flag__2016-02-17__0003297,flag,1,forming,bullish,0.660733494182969,200.0,flag/images/forming/2016/02/flag__2016-02-17__0003297.png,,2016-02-17,3098,3297,2016-02-05T04:00:00+00:00,2016-02-17T23:00:00+00:00,3172.0,3297.0,2016-02-10T09:00:00+00:00,2016-02-17T23:00:00+00:00,,,1251.33,1189.4401785714285,1375.1096428571427,2.0,1251.33,5.27928571428572,Bull flag after impulsive advance,rule_candidate,pending
flag__2016-02-18__0003320,flag,1,forming,bullish,0.530705062904229,200.0,flag/images/forming/2016/02/flag__2016-02-18__0003320.png,,2016-02-18,3121,3320,2016-02-08T04:00:00+00:00,2016-02-18T23:00:00+00:00,3195.0,3320.0,2016-02-11T09:00:00+00:00,2016-02-18T23:00:00+00:00,,,1239.94,1189.4478571428572,1340.9242857142858,2.0,1239.94,5.248571428571446,Bull flag after impulsive advance,rule_candidate,pending
flag__2016-02-19__0003343,flag,0,no_pattern,neutral,0.0,,flag/images/no_pattern/2016/02/flag__2016-02-19__0003343.png,,2016-02-19,3144,3343,2016-02-09T04:00:00+00:00,2016-02-19T23:00:00+00:00,,,,,,,,,,,,,No rule-based candidate at this daily endpoint,rule_candidate,pending
flag__2016-02-22__0003366,flag,1,forming,bullish,0.679110159996005,80.0,flag/images/forming/2016/02/flag__2016-02-22__0003366.png,,2016-02-22,3167,3366,2016-02-10T04:00:00+00:00,2016-02-22T23:00:00+00:00,3317.0,3366.0,2016-02-18T20:00:00+00:00,2016-02-22T23:00:00+00:00,,,1234.37,1200.7475,1301.6149999999998,2.0,1234.37,4.2100000000000035,Bull flag after impulsive advance,rule_candidate,pending
flag__2016-02-23__0003389,flag,1,forming,bullish,0.5356033702730567,120.0,flag/images/forming/2016/02/flag__2016-02-23__0003389.png,,2016-02-23,3190,3389,2016-02-11T04:00:00+00:00,2016-02-23T23:00:00+00:00,3314.0,3389.0,2016-02-18T17:00:00+00:00,2016-02-23T23:00:00+00:00,,,1233.28,1200.69625,1298.4475,2.0,1233.28,4.4150000000000285,Bull flag after impulsive advance,rule_candidate,pending
flag__2016-02-24__0003412,flag,0,no_pattern,neutral,0.0,,flag/images/no_pattern/2016/02/flag__2016-02-24__0003412.png,,2016-02-24,3213,3412,2016-02-12T04:00:00+00:00,2016-02-24T23:00:00+00:00,,,,,,,,,,,,,No rule-based candidate at this daily endpoint,rule_candidate,pending
flag__2016-02-25__0003435,flag,1,forming,bullish,0.5319711179145824,80.0,flag/images/forming/2016/02/flag__2016-02-25__0003435.png,,2016-02-25,3236,3435,2016-02-15T04:00:00+00:00,2016-02-25T23:00:00+00:00,3386.0,3435.0,2016-02-23T20:00:00+00:00,2016-02-25T23:00:00+00:00,,,1253.2,1219.621607142857,1320.356785714286,2.0,1253.2,5.7535714285714095,Bull flag after impulsive advance,rule_candidate,pending
flag__2016-02-26__0003458,flag,1,forming,bullish,0.627928292901978,80.0,flag/images/forming/2016/02/flag__2016-02-26__0003458.png,,2016-02-26,3259,3458,2016-02-16T08:00:00+00:00,2016-02-26T23:00:00+00:00,3409.0,3458.0,2016-02-24T20:00:00+00:00,2016-02-26T23:00:00+00:00,,,1242.91,1209.9548214285712,1308.8203571428578,2.0,1242.91,5.5807142857143095,Bull flag after impulsive advance,rule_candidate,pending
flag__2016-02-29__0003481,flag,1,forming,bullish,0.5441644764468988,120.0,flag/images/forming/2016/02/flag__2016-02-29__0003481.png,,2016-02-29,3282,3481,2016-02-17T08:00:00+00:00,2016-02-29T23:00:00+00:00,3406.0,3481.0,2016-02-24T17:00:00+00:00,2016-02-29T23:00:00+00:00,,,1242.91,1210.3083928571427,1308.1132142857148,2.0,1242.91,4.1664285714285665,Bull flag after impulsive advance,rule_candidate,pending
flag__2016-03-01__0003504,flag,1,forming,bullish,0.6495730033437196,48.0,flag/images/forming/2016/03/flag__2016-03-01__0003504.png,,2016-03-01,3305,3504,2016-02-18T08:00:00+00:00,2016-03-01T23:00:00+00:00,3475.0,3504.0,2016-02-29T17:00:00+00:00,2016-03-01T23:00:00+00:00,,,1248.44,1225.7848214285714,1293.7503571428574,2.0,1248.44,5.020714285714315,Bull flag after impulsive advance,rule_candidate,pending
flag__2016-03-02__0003527,flag,0,no_pattern,neutral,0.0,,flag/images/no_pattern/2016/03/flag__2016-03-02__0003527.png,,2016-03-02,3328,3527,2016-02-19T08:00:00+00:00,2016-03-02T23:00:00+00:00,,,,,,,,,,,,,No rule-based candidate at this daily endpoint,rule_candidate,pending
flag__2016-03-03__0003550,flag,0,no_pattern,neutral,0.0,,flag/images/no_pattern/2016/03/flag__2016-03-03__0003550.png,,2016-03-03,3351,3550,2016-02-22T08:00:00+00:00,2016-03-03T23:00:00+00:00,,,,,,,,,,,,,No rule-based candidate at this daily endpoint,rule_candidate,pending
flag__2016-03-04__0003573,flag,0,no_pattern,neutral,0.0,,flag/images/no_pattern/2016/03/flag__2016-03-04__0003573.png,,2016-03-04,3374,3573,2016-02-23T08:00:00+00:00,2016-03-04T23:00:00+00:00,,,,,,,,,,,,,No rule-based candidate at this daily endpoint,rule_candidate,pending
flag__2016-03-07__0003596,flag,1,forming,bullish,0.5319973830947309,80.0,flag/images/forming/2016/03/flag__2016-03-07__0003596.png,,2016-03-07,3397,3596,2016-02-24T08:00:00+00:00,2016-03-07T23:00:00+00:00,3547.0,3596.0,2016-03-03T20:00:00+00:00,2016-03-07T23:00:00+00:00,,,1279.69,1249.0294642857143,1341.0110714285715,2.0,1279.69,4.442142857142861,Bull flag after impulsive advance,rule_candidate,pending
flag__2016-03-08__0003619,flag,1,forming,bullish,0.5309524029912402,80.0,flag/images/forming/2016/03/flag__2016-03-08__0003619.png,,2016-03-08,3420,3619,2016-02-25T08:00:00+00:00,2016-03-08T23:00:00+00:00,3570.0,3619.0,2016-03-04T20:00:00+00:00,2016-03-08T23:00:00+00:00,,,1277.96,1258.1858928571428,1317.5082142857145,2.0,1277.96,4.536428571428571,Bull flag after impulsive advance,rule_candidate,pending
flag__2016-03-09__0003642,flag,1,forming,bullish,0.6552458923635103,120.0,flag/images/forming/2016/03/flag__2016-03-09__0003642.png,,2016-03-09,3443,3642,2016-02-26T08:00:00+00:00,2016-03-09T23:00:00+00:00,3567.0,3642.0,2016-03-04T17:00:00+00:00,2016-03-09T23:00:00+00:00,,,1277.96,1241.4826785714286,1350.914642857143,2.0,1277.96,5.429285714285713,Bull flag after impulsive advance,rule_candidate,pending
flag__2016-03-10__0003665,flag,1,forming,bullish,0.580581614654114,160.0,flag/images/forming/2016/03/flag__2016-03-10__0003665.png,,2016-03-10,3466,3665,2016-02-29T08:00:00+00:00,2016-03-10T23:00:00+00:00,3565.0,3665.0,2016-03-04T15:00:00+00:00,2016-03-10T23:00:00+00:00,,,1277.96,1235.2641071428573,1363.3517857142856,2.0,1277.96,6.703571428571471,Bull flag after impulsive advance,rule_candidate,pending
flag__2016-03-11__0003688,flag,0,no_pattern,neutral,0.0,,flag/images/no_pattern/2016/03/flag__2016-03-11__0003688.png,,2016-03-11,3489,3688,2016-03-01T08:00:00+00:00,2016-03-11T23:00:00+00:00,,,,,,,,,,,,,No rule-based candidate at this daily endpoint,rule_candidate,pending
flag__2016-03-14__0003711,flag,1,forming,bullish,0.5324948669981999,200.0,flag/images/forming/2016/03/flag__2016-03-14__0003711.png,,2016-03-14,3512,3711,2016-03-02T08:00:00+00:00,2016-03-14T22:00:00+00:00,3586.0,3711.0,2016-03-07T13:00:00+00:00,2016-03-14T22:00:00+00:00,,,1283.22,1227.9275,1393.805,2.0,1283.22,5.169999999999992,Bull flag after impulsive advance,rule_candidate,pending
flag__2016-03-15__0003734,flag,0,no_pattern,neutral,0.0,,flag/images/no_pattern/2016/03/flag__2016-03-15__0003734.png,,2016-03-15,3535,3734,2016-03-03T08:00:00+00:00,2016-03-15T22:00:00+00:00,,,,,,,,,,,,,No rule-based candidate at this daily endpoint,rule_candidate,pending
flag__2016-03-16__0003757,flag,0,no_pattern,neutral,0.0,,flag/images/no_pattern/2016/03/flag__2016-03-16__0003757.png,,2016-03-16,3558,3757,2016-03-04T08:00:00+00:00,2016-03-16T22:00:00+00:00,,,,,,,,,,,,,No rule-based candidate at this daily endpoint,rule_candidate,pending
flag__2016-03-17__0003780,flag,0,no_pattern,neutral,0.0,,flag/images/no_pattern/2016/03/flag__2016-03-17__0003780.png,,2016-03-17,3581,3780,2016-03-07T08:00:00+00:00,2016-03-17T22:00:00+00:00,,,,,,,,,,,,,No rule-based candidate at this daily endpoint,rule_candidate,pending
flag__2016-03-18__0003803,flag,1,forming,bullish,0.6725108664683559,80.0,flag/images/forming/2016/03/flag__2016-03-18__0003803.png,,2016-03-18,3604,3803,2016-03-08T08:00:00+00:00,2016-03-18T22:00:00+00:00,3754.0,3803.0,2016-03-16T19:00:00+00:00,2016-03-18T22:00:00+00:00,,,1270.81,1246.6710714285714,1319.087857142857,2.0,1270.81,4.23571428571425,Bull flag after impulsive advance,rule_candidate,pending
flag__2016-03-21__0003826,flag,1,forming,bullish,0.6946515838062471,100.0,flag/images/forming/2016/03/flag__2016-03-21__0003826.png,,2016-03-21,3627,3826,2016-03-09T08:00:00+00:00,2016-03-21T22:00:00+00:00,3764.0,3826.0,2016-03-17T06:00:00+00:00,2016-03-21T22:00:00+00:00,,,1266.8,1239.6119642857143,1321.1760714285713,2.0,1266.8,3.47214285714285,Bull flag after impulsive advance,rule_candidate,pending
flag__2016-03-22__0003849,flag,1,forming,bullish,0.5391372027081427,120.0,flag/images/forming/2016/03/flag__2016-03-22__0003849.png,,2016-03-22,3650,3849,2016-03-10T08:00:00+00:00,2016-03-22T22:00:00+00:00,3774.0,3849.0,2016-03-17T16:00:00+00:00,2016-03-22T22:00:00+00:00,,,1260.04,1239.2835714285713,1301.5528571428572,2.0,1260.04,4.78571428571427,Bull flag after impulsive advance,rule_candidate,pending
flag__2016-03-23__0003872,flag,0,no_pattern,neutral,0.0,,flag/images/no_pattern/2016/03/flag__2016-03-23__0003872.png,,2016-03-23,3673,3872,2016-03-11T08:00:00+00:00,2016-03-23T22:00:00+00:00,,,,,,,,,,,,,No rule-based candidate at this daily endpoint,rule_candidate,pending
flag__2016-03-24__0003895,flag,0,no_pattern,neutral,0.0,,flag/images/no_pattern/2016/03/flag__2016-03-24__0003895.png,,2016-03-24,3696,3895,2016-03-14T07:00:00+00:00,2016-03-24T22:00:00+00:00,,,,,,,,,,,,,No rule-based candidate at this daily endpoint,rule_candidate,pending
flag__2016-03-28__0003918,flag,0,no_pattern,neutral,0.0,,flag/images/no_pattern/2016/03/flag__2016-03-28__0003918.png,,2016-03-28,3719,3918,2016-03-15T07:00:00+00:00,2016-03-28T23:00:00+00:00,,,,,,,,,,,,,No rule-based candidate at this daily endpoint,rule_candidate,pending
flag__2016-03-29__0003941,flag,1,forming,bullish,0.5401631716704733,200.0,flag/images/forming/2016/03/flag__2016-03-29__0003941.png,,2016-03-29,3742,3941,2016-03-16T07:00:00+00:00,2016-03-29T23:00:00+00:00,3816.0,3941.0,2016-03-21T12:00:00+00:00,2016-03-29T23:00:00+00:00,,,1249.26,1207.0008928571428,1333.7782142857143,2.0,1249.26,4.8364285714285575,Bull flag after impulsive advance,rule_candidate,pending
flag__2016-03-30__0003964,flag,1,forming,bullish,0.6170537273573214,64.0,flag/images/forming/2016/03/flag__2016-03-30__0003964.png,,2016-03-30,3765,3964,2016-03-17T07:00:00+00:00,2016-03-30T23:00:00+00:00,3925.0,3964.0,2016-03-29T07:00:00+00:00,2016-03-30T23:00:00+00:00,,,1243.92,1221.9833928571427,1287.7932142857148,2.0,1243.92,4.466428571428602,Bull flag after impulsive advance,rule_candidate,pending
flag__2016-03-31__0003987,flag,1,forming,bullish,0.5544308061187484,100.0,flag/images/forming/2016/03/flag__2016-03-31__0003987.png,,2016-03-31,3788,3987,2016-03-18T07:00:00+00:00,2016-03-31T23:00:00+00:00,3925.0,3987.0,2016-03-29T07:00:00+00:00,2016-03-31T23:00:00+00:00,,,1243.92,1222.1360714285713,1287.4878571428576,2.0,1243.92,3.8557142857142384,Bull flag after impulsive advance,rule_candidate,pending
flag__2016-04-01__0004010,flag,0,no_pattern,neutral,0.0,,flag/images/no_pattern/2016/04/flag__2016-04-01__0004010.png,,2016-04-01,3811,4010,2016-03-21T07:00:00+00:00,2016-04-01T23:00:00+00:00,,,,,,,,,,,,,No rule-based candidate at this daily endpoint,rule_candidate,pending
flag__2016-04-04__0004033,flag,0,no_pattern,neutral,0.0,,flag/images/no_pattern/2016/04/flag__2016-04-04__0004033.png,,2016-04-04,3834,4033,2016-03-22T07:00:00+00:00,2016-04-04T23:00:00+00:00,,,,,,,,,,,,,No rule-based candidate at this daily endpoint,rule_candidate,pending
flag__2016-04-05__0004056,flag,1,forming,bullish,0.5304562793009991,160.0,flag/images/forming/2016/04/flag__2016-04-05__0004056.png,,2016-04-05,3857,4056,2016-03-23T07:00:00+00:00,2016-04-05T23:00:00+00:00,3956.0,4056.0,2016-03-30T15:00:00+00:00,2016-04-05T23:00:00+00:00,,,1236.66,1207.8476785714286,1294.2846428571431,2.0,1236.66,4.009285714285722,Bull flag after impulsive advance,rule_candidate,pending
flag__2016-04-06__0004079,flag,1,forming,bullish,0.6672312113791183,48.0,flag/images/forming/2016/04/flag__2016-04-06__0004079.png,,2016-04-06,3880,4079,2016-03-24T07:00:00+00:00,2016-04-06T23:00:00+00:00,4050.0,4079.0,2016-04-05T17:00:00+00:00,2016-04-06T23:00:00+00:00,,,1232.07,1215.9128571428573,1264.3842857142852,2.0,1232.07,3.988571428571439,Bull flag after impulsive advance,rule_candidate,pending
flag__2016-04-07__0004102,flag,0,no_pattern,neutral,0.0,,flag/images/no_pattern/2016/04/flag__2016-04-07__0004102.png,,2016-04-07,3903,4102,2016-03-28T08:00:00+00:00,2016-04-07T23:00:00+00:00,,,,,,,,,,,,,No rule-based candidate at this daily endpoint,rule_candidate,pending
flag__2016-04-08__0004125,flag,0,no_pattern,neutral,0.0,,flag/images/no_pattern/2016/04/flag__2016-04-08__0004125.png,,2016-04-08,3926,4125,2016-03-29T08:00:00+00:00,2016-04-08T23:00:00+00:00,,,,,,,,,,,,,No rule-based candidate at this daily endpoint,rule_candidate,pending
flag__2016-04-11__0004148,flag,0,no_pattern,neutral,0.0,,flag/images/no_pattern/2016/04/flag__2016-04-11__0004148.png,,2016-04-11,3949,4148,2016-03-30T08:00:00+00:00,2016-04-11T23:00:00+00:00,,,,,,,,,,,,,No rule-based candidate at this daily endpoint,rule_candidate,pending
flag__2016-04-12__0004171,flag,0,no_pattern,neutral,0.0,,flag/images/no_pattern/2016/04/flag__2016-04-12__0004171.png,,2016-04-12,3972,4171,2016-03-31T08:00:00+00:00,2016-04-12T23:00:00+00:00,,,,,,,,,,,,,No rule-based candidate at this daily endpoint,rule_candidate,pending
flag__2016-04-13__0004194,flag,1,forming,bullish,0.660264285107993,120.0,flag/images/forming/2016/04/flag__2016-04-13__0004194.png,,2016-04-13,3995,4194,2016-04-01T08:00:00+00:00,2016-04-13T23:00:00+00:00,4119.0,4194.0,2016-04-08T17:00:00+00:00,2016-04-13T23:00:00+00:00,,,1262.51,1238.62625,1310.2775,2.0,1262.51,4.054999999999999,Bull flag after impulsive advance,rule_candidate,pending
flag__2016-04-14__0004217,flag,0,no_pattern,neutral,0.0,,flag/images/no_pattern/2016/04/flag__2016-04-14__0004217.png,,2016-04-14,4018,4217,2016-04-04T08:00:00+00:00,2016-04-14T23:00:00+00:00,,,,,,,,,,,,,No rule-based candidate at this daily endpoint,rule_candidate,pending
flag__2016-04-15__0004240,flag,0,no_pattern,neutral,0.0,,flag/images/no_pattern/2016/04/flag__2016-04-15__0004240.png,,2016-04-15,4041,4240,2016-04-05T08:00:00+00:00,2016-04-15T23:00:00+00:00,,,,,,,,,,,,,No rule-based candidate at this daily endpoint,rule_candidate,pending
flag__2016-04-18__0004263,flag,1,forming,bullish,0.5568830165723809,48.0,flag/images/forming/2016/04/flag__2016-04-18__0004263.png,,2016-04-18,4064,4263,2016-04-06T08:00:00+00:00,2016-04-18T23:00:00+00:00,4234.0,4263.0,2016-04-15T17:00:00+00:00,2016-04-18T23:00:00+00:00,,,1241.49,1228.9330357142858,1266.6039285714285,2.0,1241.49,3.3878571428570985,Bull flag after impulsive advance,rule_candidate,pending
flag__2016-04-19__0004286,flag,0,no_pattern,neutral,0.0,,flag/images/no_pattern/2016/04/flag__2016-04-19__0004286.png,,2016-04-19,4087,4286,2016-04-07T08:00:00+00:00,2016-04-19T23:00:00+00:00,,,,,,,,,,,,,No rule-based candidate at this daily endpoint,rule_candidate,pending
flag__2016-04-20__0004309,flag,1,forming,bullish,0.5547391213981773,64.0,flag/images/forming/2016/04/flag__2016-04-20__0004309.png,,2016-04-20,4110,4309,2016-04-08T08:00:00+00:00,2016-04-20T23:00:00+00:00,4270.0,4309.0,2016-04-19T07:00:00+00:00,2016-04-20T23:00:00+00:00,,,1257.81,1241.3628571428571,1290.7042857142856,2.0,1257.81,3.628571428571458,Bull flag after impulsive advance,rule_candidate,pending
flag__2016-04-21__0004332,flag,0,no_pattern,neutral,0.0,,flag/images/no_pattern/2016/04/flag__2016-04-21__0004332.png,,2016-04-21,4133,4332,2016-04-11T08:00:00+00:00,2016-04-21T23:00:00+00:00,,,,,,,,,,,,,No rule-based candidate at this daily endpoint,rule_candidate,pending
flag__2016-04-22__0004355,flag,0,no_pattern,neutral,0.0,,flag/images/no_pattern/2016/04/flag__2016-04-22__0004355.png,,2016-04-22,4156,4355,2016-04-12T08:00:00+00:00,2016-04-22T23:00:00+00:00,,,,,,,,,,,,,No rule-based candidate at this daily endpoint,rule_candidate,pending
flag__2016-04-25__0004378,flag,1,forming,bullish,0.6481713656225268,120.0,flag/images/forming/2016/04/flag__2016-04-25__0004378.png,,2016-04-25,4179,4378,2016-04-13T08:00:00+00:00,2016-04-25T23:00:00+00:00,4303.0,4378.0,2016-04-20T17:00:00+00:00,2016-04-25T23:00:00+00:00,,,1270.12,1226.6019642857143,1357.156071428571,2.0,1270.12,2.6721428571428305,Bull flag after impulsive advance,rule_candidate,pending
flag__2016-04-26__0004401,flag,1,forming,bullish,0.6227078924469674,200.0,flag/images/forming/2016/04/flag__2016-04-26__0004401.png,,2016-04-26,4202,4401,2016-04-14T08:00:00+00:00,2016-04-26T23:00:00+00:00,4276.0,4401.0,2016-04-19T13:00:00+00:00,2016-04-26T23:00:00+00:00,,,1270.12,1226.4582142857143,1357.443571428571,2.0,1270.12,3.2471428571428436,Bull flag after impulsive advance,rule_candidate,pending
flag__2016-04-27__0004424,flag,0,no_pattern,neutral,0.0,,flag/images/no_pattern/2016/04/flag__2016-04-27__0004424.png,,2016-04-27,4225,4424,2016-04-15T08:00:00+00:00,2016-04-27T23:00:00+00:00,,,,,,,,,,,,,No rule-based candidate at this daily endpoint,rule_candidate,pending
flag__2016-04-28__0004447,flag,0,no_pattern,neutral,0.0,,flag/images/no_pattern/2016/04/flag__2016-04-28__0004447.png,,2016-04-28,4248,4447,2016-04-18T08:00:00+00:00,2016-04-28T23:00:00+00:00,,,,,,,,,,,,,No rule-based candidate at this daily endpoint,rule_candidate,pending
flag__2016-04-29__0004470,flag,0,no_pattern,neutral,0.0,,flag/images/no_pattern/2016/04/flag__2016-04-29__0004470.png,,2016-04-29,4271,4470,2016-04-19T08:00:00+00:00,2016-04-29T23:00:00+00:00,,,,,,,,,,,,,No rule-based candidate at this daily endpoint,rule_candidate,pending
flag__2016-05-02__0004493,flag,1,forming,bullish,0.5396473492899475,48.0,flag/images/forming/2016/05/flag__2016-05-02__0004493.png,,2016-05-02,4294,4493,2016-04-20T08:00:00+00:00,2016-05-02T23:00:00+00:00,4464.0,4493.0,2016-04-29T17:00:00+00:00,2016-05-02T23:00:00+00:00,,,1303.58,1286.3214285714287,1338.0971428571424,2.0,1303.58,4.594285714285742,Bull flag after impulsive advance,rule_candidate,pending
flag__2016-05-03__0004516,flag,1,forming,bullish,0.5966246021767769,80.0,flag/images/forming/2016/05/flag__2016-05-03__0004516.png,,2016-05-03,4317,4516,2016-04-21T08:00:00+00:00,2016-05-03T23:00:00+00:00,4467.0,4516.0,2016-04-29T20:00:00+00:00,2016-05-03T23:00:00+00:00,,,1303.58,1281.0339285714288,1348.6721428571423,2.0,1303.58,4.424285714285702,Bull flag after impulsive advance,rule_candidate,pending
flag__2016-05-04__0004539,flag,1,forming,bullish,0.6766822097242018,100.0,flag/images/forming/2016/05/flag__2016-05-04__0004539.png,,2016-05-04,4340,4539,2016-04-22T08:00:00+00:00,2016-05-04T23:00:00+00:00,4477.0,4539.0,2016-05-02T07:00:00+00:00,2016-05-04T23:00:00+00:00,,,1301.6,1270.3817857142858,1364.0364285714281,2.0,1301.6,5.072857142857093,Bull flag after impulsive advance,rule_candidate,pending
flag__2016-05-05__0004562,flag,1,forming,bullish,0.6833835832729411,200.0,flag/images/forming/2016/05/flag__2016-05-05__0004562.png,,2016-05-05,4363,4562,2016-04-25T08:00:00+00:00,2016-05-05T23:00:00+00:00,4437.0,4562.0,2016-04-28T13:00:00+00:00,2016-05-05T23:00:00+00:00,,,1303.58,1267.6139285714287,1375.5121428571424,2.0,1303.58,4.424285714285702,Bull flag after impulsive advance,rule_candidate,pending
flag__2016-05-06__0004585,flag,1,forming,bullish,0.5667292261250251,200.0,flag/images/forming/2016/05/flag__2016-05-06__0004585.png,,2016-05-06,4386,4585,2016-04-26T08:00:00+00:00,2016-05-06T23:00:00+00:00,4460.0,4585.0,2016-04-29T13:00:00+00:00,2016-05-06T23:00:00+00:00,,,1301.6,1267.43875,1369.9224999999997,2.0,1301.6,5.125000000000033,Bull flag after impulsive advance,rule_candidate,pending
flag__2016-05-09__0004608,flag,1,forming,bullish,0.5419650166420268,200.0,flag/images/forming/2016/05/flag__2016-05-09__0004608.png,,2016-05-09,4409,4608,2016-04-27T08:00:00+00:00,2016-05-09T23:00:00+00:00,4483.0,4608.0,2016-05-02T13:00:00+00:00,2016-05-09T23:00:00+00:00,,,1295.43,1260.246607142857,1365.796785714286,2.0,1295.43,3.7735714285714397,Bull flag after impulsive advance,rule_candidate,pending
flag__2016-05-10__0004631,flag,1,forming,bullish,0.6163702927247631,200.0,flag/images/forming/2016/05/flag__2016-05-10__0004631.png,,2016-05-10,4432,4631,2016-04-28T08:00:00+00:00,2016-05-10T23:00:00+00:00,4506.0,4631.0,2016-05-03T13:00:00+00:00,2016-05-10T23:00:00+00:00,,,1295.43,1255.8225,1374.6450000000002,2.0,1295.43,3.6300000000000443,Bull flag after impulsive advance,rule_candidate,pending
flag__2016-05-11__0004654,flag,0,no_pattern,neutral,0.0,,flag/images/no_pattern/2016/05/flag__2016-05-11__0004654.png,,2016-05-11,4455,4654,2016-04-29T08:00:00+00:00,2016-05-11T23:00:00+00:00,,,,,,,,,,,,,No rule-based candidate at this daily endpoint,rule_candidate,pending
flag__2016-05-12__0004677,flag,0,no_pattern,neutral,0.0,,flag/images/no_pattern/2016/05/flag__2016-05-12__0004677.png,,2016-05-12,4478,4677,2016-05-02T08:00:00+00:00,2016-05-12T23:00:00+00:00,,,,,,,,,,,,,No rule-based candidate at this daily endpoint,rule_candidate,pending
flag__2016-05-13__0004700,flag,1,forming,bullish,0.5308896599219616,100.0,flag/images/forming/2016/05/flag__2016-05-13__0004700.png,,2016-05-13,4501,4700,2016-05-03T08:00:00+00:00,2016-05-13T23:00:00+00:00,4638.0,4700.0,2016-05-11T07:00:00+00:00,2016-05-13T23:00:00+00:00,,,1280.74,1260.43625,1321.3475,2.0,1280.74,3.7350000000000136,Bull flag after impulsive advance,rule_candidate,pending
flag__2016-05-16__0004723,flag,0,no_pattern,neutral,0.0,,flag/images/no_pattern/2016/05/flag__2016-05-16__0004723.png,,2016-05-16,4524,4723,2016-05-04T08:00:00+00:00,2016-05-16T23:00:00+00:00,,,,,,,,,,,,,No rule-based candidate at this daily endpoint,rule_candidate,pending
flag__2016-05-17__0004746,flag,1,forming,bullish,0.5496973871135195,80.0,flag/images/forming/2016/05/flag__2016-05-17__0004746.png,,2016-05-17,4547,4746,2016-05-05T08:00:00+00:00,2016-05-17T23:00:00+00:00,4697.0,4746.0,2016-05-13T20:00:00+00:00,2016-05-17T23:00:00+00:00,,,1288.59,1268.0014285714285,1329.7671428571427,2.0,1288.59,3.874285714285715,Bull flag after impulsive advance,rule_candidate,pending
flag__2016-05-18__0004769,flag,0,no_pattern,neutral,0.0,,flag/images/no_pattern/2016/05/flag__2016-05-18__0004769.png,,2016-05-18,4570,4769,2016-05-06T08:00:00+00:00,2016-05-18T23:00:00+00:00,,,,,,,,,,,,,No rule-based candidate at this daily endpoint,rule_candidate,pending
flag__2016-05-19__0004792,flag,0,no_pattern,neutral,0.0,,flag/images/no_pattern/2016/05/flag__2016-05-19__0004792.png,,2016-05-19,4593,4792,2016-05-09T08:00:00+00:00,2016-05-19T23:00:00+00:00,,,,,,,,,,,,,No rule-based candidate at this daily endpoint,rule_candidate,pending
flag__2016-05-20__0004815,flag,0,no_pattern,neutral,0.0,,flag/images/no_pattern/2016/05/flag__2016-05-20__0004815.png,,2016-05-20,4616,4815,2016-05-10T08:00:00+00:00,2016-05-20T23:00:00+00:00,,,,,,,,,,,,,No rule-based candidate at this daily endpoint,rule_candidate,pending
flag__2016-05-23__0004838,flag,0,no_pattern,neutral,0.0,,flag/images/no_pattern/2016/05/flag__2016-05-23__0004838.png,,2016-05-23,4639,4838,2016-05-11T08:00:00+00:00,2016-05-23T23:00:00+00:00,,,,,,,,,,,,,No rule-based candidate at this daily endpoint,rule_candidate,pending
flag__2016-05-24__0004861,flag,0,no_pattern,neutral,0.0,,flag/images/no_pattern/2016/05/flag__2016-05-24__0004861.png,,2016-05-24,4662,4861,2016-05-12T08:00:00+00:00,2016-05-24T23:00:00+00:00,,,,,,,,,,,,,No rule-based candidate at this daily endpoint,rule_candidate,pending
flag__2016-05-25__0004884,flag,0,no_pattern,neutral,0.0,,flag/images/no_pattern/2016/05/flag__2016-05-25__0004884.png,,2016-05-25,4685,4884,2016-05-13T08:00:00+00:00,2016-05-25T23:00:00+00:00,,,,,,,,,,,,,No rule-based candidate at this daily endpoint,rule_candidate,pending
flag__2016-05-26__0004907,flag,0,no_pattern,neutral,0.0,,flag/images/no_pattern/2016/05/flag__2016-05-26__0004907.png,,2016-05-26,4708,4907,2016-05-16T08:00:00+00:00,2016-05-26T23:00:00+00:00,,,,,,,,,,,,,No rule-based candidate at this daily endpoint,rule_candidate,pending
flag__2016-05-27__0004930,flag,0,no_pattern,neutral,0.0,,flag/images/no_pattern/2016/05/flag__2016-05-27__0004930.png,,2016-05-27,4731,4930,2016-05-17T08:00:00+00:00,2016-05-27T23:00:00+00:00,,,,,,,,,,,,,No rule-based candidate at this daily endpoint,rule_candidate,pending
flag__2016-05-30__0004949,flag,0,no_pattern,neutral,0.0,,flag/images/no_pattern/2016/05/flag__2016-05-30__0004949.png,,2016-05-30,4750,4949,2016-05-18T04:00:00+00:00,2016-05-30T19:00:00+00:00,,,,,,,,,,,,,No rule-based candidate at this daily endpoint,rule_candidate,pending
flag__2016-05-31__0004972,flag,0,no_pattern,neutral,0.0,,flag/images/no_pattern/2016/05/flag__2016-05-31__0004972.png,,2016-05-31,4773,4972,2016-05-19T04:00:00+00:00,2016-05-31T23:00:00+00:00,,,,,,,,,,,,,No rule-based candidate at this daily endpoint,rule_candidate,pending
flag__2016-06-01__0004995,flag,1,forming,bullish,0.6168357896574151,48.0,flag/images/forming/2016/06/flag__2016-06-01__0004995.png,,2016-06-01,4796,4995,2016-05-20T04:00:00+00:00,2016-06-01T23:00:00+00:00,4966.0,4995.0,2016-05-31T17:00:00+00:00,2016-06-01T23:00:00+00:00,,,1220.29,1205.0917857142858,1250.6864285714282,2.0,1220.29,3.1528571428571177,Bull flag after impulsive advance,rule_candidate,pending
flag__2016-06-02__0005018,flag,1,forming,bullish,0.5415954874439434,80.0,flag/images/forming/2016/06/flag__2016-06-02__0005018.png,,2016-06-02,4819,5018,2016-05-23T04:00:00+00:00,2016-06-02T23:00:00+00:00,4969.0,5018.0,2016-05-31T20:00:00+00:00,2016-06-02T23:00:00+00:00,,,1220.29,1205.3035714285716,1250.2628571428568,2.0,1220.29,2.305714285714284,Bull flag after impulsive advance,rule_candidate,pending
flag__2016-06-03__0005041,flag,0,no_pattern,neutral,0.0,,flag/images/no_pattern/2016/06/flag__2016-06-03__0005041.png,,2016-06-03,4842,5041,2016-05-24T04:00:00+00:00,2016-06-03T23:00:00+00:00,,,,,,,,,,,,,No rule-based candidate at this daily endpoint,rule_candidate,pending
flag__2016-06-06__0005064,flag,0,no_pattern,neutral,0.0,,flag/images/no_pattern/2016/06/flag__2016-06-06__0005064.png,,2016-06-06,4865,5064,2016-05-25T04:00:00+00:00,2016-06-06T23:00:00+00:00,,,,,,,,,,,,,No rule-based candidate at this daily endpoint,rule_candidate,pending
flag__2016-06-07__0005087,flag,1,forming,bullish,0.5873780084488045,64.0,flag/images/forming/2016/06/flag__2016-06-07__0005087.png,,2016-06-07,4888,5087,2016-05-26T04:00:00+00:00,2016-06-07T23:00:00+00:00,5048.0,5087.0,2016-06-06T07:00:00+00:00,2016-06-07T23:00:00+00:00,,,1247.35,1234.0182142857143,1281.35,2.5502960165019344,1247.35,2.6071428571428408,Bull flag after impulsive advance,rule_candidate,pending
flag__2016-06-08__0005110,flag,0,no_pattern,neutral,0.0,,flag/images/no_pattern/2016/06/flag__2016-06-08__0005110.png,,2016-06-08,4911,5110,2016-05-27T04:00:00+00:00,2016-06-08T23:00:00+00:00,,,,,,,,,,,,,No rule-based candidate at this daily endpoint,rule_candidate,pending
flag__2016-06-09__0005133,flag,0,no_pattern,neutral,0.0,,flag/images/no_pattern/2016/06/flag__2016-06-09__0005133.png,,2016-06-09,4934,5133,2016-05-30T04:00:00+00:00,2016-06-09T23:00:00+00:00,,,,,,,,,,,,,No rule-based candidate at this daily endpoint,rule_candidate,pending
flag__2016-06-10__0005156,flag,0,no_pattern,neutral,0.0,,flag/images/no_pattern/2016/06/flag__2016-06-10__0005156.png,,2016-06-10,4957,5156,2016-05-31T08:00:00+00:00,2016-06-10T23:00:00+00:00,,,,,,,,,,,,,No rule-based candidate at this daily endpoint,rule_candidate,pending
flag__2016-06-13__0005179,flag,0,no_pattern,neutral,0.0,,flag/images/no_pattern/2016/06/flag__2016-06-13__0005179.png,,2016-06-13,4980,5179,2016-06-01T08:00:00+00:00,2016-06-13T23:00:00+00:00,,,,,,,,,,,,,No rule-based candidate at this daily endpoint,rule_candidate,pending
flag__2016-06-14__0005202,flag,0,no_pattern,neutral,0.0,,flag/images/no_pattern/2016/06/flag__2016-06-14__0005202.png,,2016-06-14,5003,5202,2016-06-02T08:00:00+00:00,2016-06-14T23:00:00+00:00,,,,,,,,,,,,,No rule-based candidate at this daily endpoint,rule_candidate,pending
flag__2016-06-15__0005225,flag,0,no_pattern,neutral,0.0,,flag/images/no_pattern/2016/06/flag__2016-06-15__0005225.png,,2016-06-15,5026,5225,2016-06-03T08:00:00+00:00,2016-06-15T23:00:00+00:00,,,,,,,,,,,,,No rule-based candidate at this daily endpoint,rule_candidate,pending
flag__2016-06-16__0005248,flag,0,no_pattern,neutral,0.0,,flag/images/no_pattern/2016/06/flag__2016-06-16__0005248.png,,2016-06-16,5049,5248,2016-06-06T08:00:00+00:00,2016-06-16T23:00:00+00:00,,,,,,,,,,,,,No rule-based candidate at this daily endpoint,rule_candidate,pending
flag__2016-06-17__0005271,flag,1,forming,bullish,0.5829408756474771,100.0,flag/images/forming/2016/06/flag__2016-06-17__0005271.png,,2016-06-17,5072,5271,2016-06-07T08:00:00+00:00,2016-06-17T23:00:00+00:00,5209.0,5271.0,2016-06-15T07:00:00+00:00,2016-06-17T23:00:00+00:00,,,1315.47,1275.29,1395.8300000000002,2.0,1315.47,4.0399999999999965,Bull flag after impulsive advance,rule_candidate,pending
flag__2016-06-20__0005294,flag,1,forming,bullish,0.5887643346984038,160.0,flag/images/forming/2016/06/flag__2016-06-20__0005294.png,,2016-06-20,5095,5294,2016-06-08T08:00:00+00:00,2016-06-20T23:00:00+00:00,5194.0,5294.0,2016-06-14T15:00:00+00:00,2016-06-20T23:00:00+00:00,,,1315.47,1275.1851785714284,1396.0396428571432,2.0,1315.47,4.459285714285751,Bull flag after impulsive advance,rule_candidate,pending
flag__2016-06-21__0005317,flag,0,no_pattern,neutral,0.0,,flag/images/no_pattern/2016/06/flag__2016-06-21__0005317.png,,2016-06-21,5118,5317,2016-06-09T08:00:00+00:00,2016-06-21T23:00:00+00:00,,,,,,,,,,,,,No rule-based candidate at this daily endpoint,rule_candidate,pending
flag__2016-06-22__0005340,flag,0,no_pattern,neutral,0.0,,flag/images/no_pattern/2016/06/flag__2016-06-22__0005340.png,,2016-06-22,5141,5340,2016-06-10T08:00:00+00:00,2016-06-22T23:00:00+00:00,,,,,,,,,,,,,No rule-based candidate at this daily endpoint,rule_candidate,pending
flag__2016-06-23__0005363,flag,0,no_pattern,neutral,0.0,,flag/images/no_pattern/2016/06/flag__2016-06-23__0005363.png,,2016-06-23,5164,5363,2016-06-13T08:00:00+00:00,2016-06-23T23:00:00+00:00,,,,,,,,,,,,,No rule-based candidate at this daily endpoint,rule_candidate,pending
flag__2016-06-24__0005386,flag,0,no_pattern,neutral,0.0,,flag/images/no_pattern/2016/06/flag__2016-06-24__0005386.png,,2016-06-24,5187,5386,2016-06-14T08:00:00+00:00,2016-06-24T23:00:00+00:00,,,,,,,,,,,,,No rule-based candidate at this daily endpoint,rule_candidate,pending
flag__2016-06-27__0005409,flag,1,forming,bullish,0.5729452057205157,48.0,flag/images/forming/2016/06/flag__2016-06-27__0005409.png,,2016-06-27,5210,5409,2016-06-15T08:00:00+00:00,2016-06-27T23:00:00+00:00,5380.0,5409.0,2016-06-24T17:00:00+00:00,2016-06-27T23:00:00+00:00,,,1335.24,1316.4130357142856,1407.19,3.8216463848393447,1335.24,4.6678571428571365,Bull flag after impulsive advance,rule_candidate,pending
flag__2016-06-28__0005432,flag,1,forming,bullish,0.6876809882545158,100.0,flag/images/forming/2016/06/flag__2016-06-28__0005432.png,,2016-06-28,5233,5432,2016-06-16T08:00:00+00:00,2016-06-28T23:00:00+00:00,5370.0,5432.0,2016-06-24T07:00:00+00:00,2016-06-28T23:00:00+00:00,,,1335.24,1304.1501785714286,1398.5,2.0347495448096806,1335.24,4.319285714285717,Bull flag after impulsive advance,rule_candidate,pending
flag__2016-06-29__0005455,flag,1,forming,bullish,0.5666734743254466,160.0,flag/images/forming/2016/06/flag__2016-06-29__0005455.png,,2016-06-29,5256,5455,2016-06-17T08:00:00+00:00,2016-06-29T23:00:00+00:00,5355.0,5455.0,2016-06-23T15:00:00+00:00,2016-06-29T23:00:00+00:00,,,1335.24,1304.2037500000001,1397.3124999999998,2.0,1335.24,4.105000000000002,Bull flag after impulsive advance,rule_candidate,pending
flag__2016-06-30__0005478,flag,1,forming,bullish,0.5656695008658433,200.0,flag/images/forming/2016/06/flag__2016-06-30__0005478.png,,2016-06-30,5279,5478,2016-06-20T08:00:00+00:00,2016-06-30T23:00:00+00:00,5353.0,5478.0,2016-06-23T13:00:00+00:00,2016-06-30T23:00:00+00:00,,,1333.49,1304.2173214285715,1392.035357142857,2.0,1333.49,4.050714285714272,Bull flag after impulsive advance,rule_candidate,pending
flag__2016-07-01__0005501,flag,0,no_pattern,neutral,0.0,,flag/images/no_pattern/2016/07/flag__2016-07-01__0005501.png,,2016-07-01,5302,5501,2016-06-21T08:00:00+00:00,2016-07-01T23:00:00+00:00,,,,,,,,,,,,,No rule-based candidate at this daily endpoint,rule_candidate,pending
flag__2016-07-04__0005518,flag,0,no_pattern,neutral,0.0,,flag/images/no_pattern/2016/07/flag__2016-07-04__0005518.png,,2016-07-04,5319,5518,2016-06-22T02:00:00+00:00,2016-07-04T17:00:00+00:00,,,,,,,,,,,,,No rule-based candidate at this daily endpoint,rule_candidate,pending
flag__2016-07-05__0005541,flag,0,no_pattern,neutral,0.0,,flag/images/no_pattern/2016/07/flag__2016-07-05__0005541.png,,2016-07-05,5342,5541,2016-06-23T02:00:00+00:00,2016-07-05T23:00:00+00:00,,,,,,,,,,,,,No rule-based candidate at this daily endpoint,rule_candidate,pending
flag__2016-07-06__0005564,flag,0,no_pattern,neutral,0.0,,flag/images/no_pattern/2016/07/flag__2016-07-06__0005564.png,,2016-07-06,5365,5564,2016-06-24T02:00:00+00:00,2016-07-06T23:00:00+00:00,,,,,,,,,,,,,No rule-based candidate at this daily endpoint,rule_candidate,pending
flag__2016-07-07__0005587,flag,1,forming,bullish,0.6603214751993477,48.0,flag/images/forming/2016/07/flag__2016-07-07__0005587.png,,2016-07-07,5388,5587,2016-06-27T02:00:00+00:00,2016-07-07T23:00:00+00:00,5558.0,5587.0,2016-07-06T17:00:00+00:00,2016-07-07T23:00:00+00:00,,,1370.61,1349.6212500000001,1412.5874999999994,2.0,1370.61,4.275000000000026,Bull flag after impulsive advance,rule_candidate,pending
flag__2016-07-08__0005610,flag,1,forming,bullish,0.6247678954324167,120.0,flag/images/forming/2016/07/flag__2016-07-08__0005610.png,,2016-07-08,5411,5610,2016-06-28T02:00:00+00:00,2016-07-08T23:00:00+00:00,5535.0,5610.0,2016-07-05T17:00:00+00:00,2016-07-08T23:00:00+00:00,,,1373.24,1333.3864285714285,1452.947142857143,2.0,1373.24,6.814285714285737,Bull flag after impulsive advance,rule_candidate,pending
flag__2016-07-11__0005633,flag,1,forming,bullish,0.5953785708200581,200.0,flag/images/forming/2016/07/flag__2016-07-11__0005633.png,,2016-07-11,5434,5633,2016-06-29T02:00:00+00:00,2016-07-11T23:00:00+00:00,5508.0,5633.0,2016-07-04T07:00:00+00:00,2016-07-11T23:00:00+00:00,,,1375.0,1334.1257142857141,1456.7485714285717,2.0,1375.0,3.857142857142857,Bull flag after impulsive advance,rule_candidate,pending
flag__2016-07-12__0005656,flag,0,no_pattern,neutral,0.0,,flag/images/no_pattern/2016/07/flag__2016-07-12__0005656.png,,2016-07-12,5457,5656,2016-06-30T02:00:00+00:00,2016-07-12T23:00:00+00:00,,,,,,,,,,,,,No rule-based candidate at this daily endpoint,rule_candidate,pending
flag__2016-07-13__0005679,flag,1,forming,bullish,0.6448962786954878,200.0,flag/images/forming/2016/07/flag__2016-07-13__0005679.png,,2016-07-13,5480,5679,2016-07-01T02:00:00+00:00,2016-07-13T23:00:00+00:00,5554.0,5679.0,2016-07-06T13:00:00+00:00,2016-07-13T23:00:00+00:00,,,1374.99,1326.5280357142858,1471.9139285714284,2.0,1374.99,3.607857142857142,Bull flag after impulsive advance,rule_candidate,pending
flag__2016-07-14__0005702,flag,0,no_pattern,neutral,0.0,,flag/images/no_pattern/2016/07/flag__2016-07-14__0005702.png,,2016-07-14,5503,5702,2016-07-04T02:00:00+00:00,2016-07-14T23:00:00+00:00,,,,,,,,,,,,,No rule-based candidate at this daily endpoint,rule_candidate,pending
flag__2016-07-15__0005725,flag,0,no_pattern,neutral,0.0,,flag/images/no_pattern/2016/07/flag__2016-07-15__0005725.png,,2016-07-15,5526,5725,2016-07-05T08:00:00+00:00,2016-07-15T23:00:00+00:00,,,,,,,,,,,,,No rule-based candidate at this daily endpoint,rule_candidate,pending
flag__2016-07-18__0005748,flag,0,no_pattern,neutral,0.0,,flag/images/no_pattern/2016/07/flag__2016-07-18__0005748.png,,2016-07-18,5549,5748,2016-07-06T08:00:00+00:00,2016-07-18T23:00:00+00:00,,,,,,,,,,,,,No rule-based candidate at this daily endpoint,rule_candidate,pending
flag__2016-07-19__0005771,flag,0,no_pattern,neutral,0.0,,flag/images/no_pattern/2016/07/flag__2016-07-19__0005771.png,,2016-07-19,5572,5771,2016-07-07T08:00:00+00:00,2016-07-19T23:00:00+00:00,,,,,,,,,,,,,No rule-based candidate at this daily endpoint,rule_candidate,pending
flag__2016-07-20__0005794,flag,0,no_pattern,neutral,0.0,,flag/images/no_pattern/2016/07/flag__2016-07-20__0005794.png,,2016-07-20,5595,5794,2016-07-08T08:00:00+00:00,2016-07-20T23:00:00+00:00,,,,,,,,,,,,,No rule-based candidate at this daily endpoint,rule_candidate,pending
flag__2016-07-21__0005817,flag,0,no_pattern,neutral,0.0,,flag/images/no_pattern/2016/07/flag__2016-07-21__0005817.png,,2016-07-21,5618,5817,2016-07-11T08:00:00+00:00,2016-07-21T23:00:00+00:00,,,,,,,,,,,,,No rule-based candidate at this daily endpoint,rule_candidate,pending
flag__2016-07-22__0005840,flag,1,forming,bullish,0.6800305213836797,48.0,flag/images/forming/2016/07/flag__2016-07-22__0005840.png,,2016-07-22,5641,5840,2016-07-12T08:00:00+00:00,2016-07-22T23:00:00+00:00,5811.0,5840.0,2016-07-21T17:00:00+00:00,2016-07-22T23:00:00+00:00,,,1333.66,1318.6666071428572,1363.646785714286,2.0,1333.66,3.4935714285713693,Bull flag after impulsive advance,rule_candidate,pending
flag__2016-07-25__0005863,flag,0,no_pattern,neutral,0.0,,flag/images/no_pattern/2016/07/flag__2016-07-25__0005863.png,,2016-07-25,5664,5863,2016-07-13T08:00:00+00:00,2016-07-25T23:00:00+00:00,,,,,,,,,,,,,No rule-based candidate at this daily endpoint,rule_candidate,pending
flag__2016-07-26__0005886,flag,0,no_pattern,neutral,0.0,,flag/images/no_pattern/2016/07/flag__2016-07-26__0005886.png,,2016-07-26,5687,5886,2016-07-14T08:00:00+00:00,2016-07-26T23:00:00+00:00,,,,,,,,,,,,,No rule-based candidate at this daily endpoint,rule_candidate,pending
flag__2016-07-27__0005909,flag,0,no_pattern,neutral,0.0,,flag/images/no_pattern/2016/07/flag__2016-07-27__0005909.png,,2016-07-27,5710,5909,2016-07-15T08:00:00+00:00,2016-07-27T23:00:00+00:00,,,,,,,,,,,,,No rule-based candidate at this daily endpoint,rule_candidate,pending
flag__2016-07-28__0005932,flag,1,forming,bullish,0.563523410482249,48.0,flag/images/forming/2016/07/flag__2016-07-28__0005932.png,,2016-07-28,5733,5932,2016-07-18T08:00:00+00:00,2016-07-28T23:00:00+00:00,5903.0,5932.0,2016-07-27T17:00:00+00:00,2016-07-28T23:00:00+00:00,,,1345.45,1331.5694642857143,1373.2110714285716,2.0,1345.45,3.0821428571428635,Bull flag after impulsive advance,rule_candidate,pending
flag__2016-07-29__0005955,flag,0,no_pattern,neutral,0.0,,flag/images/no_pattern/2016/07/flag__2016-07-29__0005955.png,,2016-07-29,5756,5955,2016-07-19T08:00:00+00:00,2016-07-29T23:00:00+00:00,,,,,,,,,,,,,No rule-based candidate at this daily endpoint,rule_candidate,pending
flag__2016-08-01__0005978,flag,0,no_pattern,neutral,0.0,,flag/images/no_pattern/2016/08/flag__2016-08-01__0005978.png,,2016-08-01,5779,5978,2016-07-20T08:00:00+00:00,2016-08-01T23:00:00+00:00,,,,,,,,,,,,,No rule-based candidate at this daily endpoint,rule_candidate,pending
flag__2016-08-02__0006001,flag,0,no_pattern,neutral,0.0,,flag/images/no_pattern/2016/08/flag__2016-08-02__0006001.png,,2016-08-02,5802,6001,2016-07-21T08:00:00+00:00,2016-08-02T23:00:00+00:00,,,,,,,,,,,,,No rule-based candidate at this daily endpoint,rule_candidate,pending
flag__2016-08-03__0006024,flag,1,forming,bullish,0.6552963192531659,64.0,flag/images/forming/2016/08/flag__2016-08-03__0006024.png,,2016-08-03,5825,6024,2016-07-22T08:00:00+00:00,2016-08-03T23:00:00+00:00,5985.0,6024.0,2016-08-02T07:00:00+00:00,2016-08-03T23:00:00+00:00,,,1367.14,1353.4235714285714,1394.5728571428574,2.0,1367.14,2.5057142857142805,Bull flag after impulsive advance,rule_candidate,pending
flag__2016-08-04__0006047,flag,1,forming,bullish,0.5874971160613406,120.0,flag/images/forming/2016/08/flag__2016-08-04__0006047.png,,2016-08-04,5848,6047,2016-07-25T08:00:00+00:00,2016-08-04T23:00:00+00:00,5972.0,6047.0,2016-08-01T17:00:00+00:00,2016-08-04T23:00:00+00:00,,,1367.14,1348.1730357142858,1405.0739285714287,2.0,1367.14,3.1878571428571507,Bull flag after impulsive advance,rule_candidate,pending
flag__2016-08-05__0006070,flag,1,forming,bullish,0.5532509000954461,200.0,flag/images/forming/2016/08/flag__2016-08-05__0006070.png,,2016-08-05,5871,6070,2016-07-26T08:00:00+00:00,2016-08-05T23:00:00+00:00,5945.0,6070.0,2016-07-29T13:00:00+00:00,2016-08-05T23:00:00+00:00,,,1367.14,1333.5889285714286,1434.242142857143,2.0,1367.14,3.884285714285657,Bull flag after impulsive advance,rule_candidate,pending
flag__2016-08-08__0006093,flag,1,forming,bullish,0.6603487503056893,200.0,flag/images/forming/2016/08/flag__2016-08-08__0006093.png,,2016-08-08,5894,6093,2016-07-27T08:00:00+00:00,2016-08-08T23:00:00+00:00,5968.0,6093.0,2016-08-01T13:00:00+00:00,2016-08-08T23:00:00+00:00,,,1366.28,1329.1864285714287,1440.4671428571426,2.0,1366.28,2.254285714285694,Bull flag after impulsive advance,rule_candidate,pending
flag__2016-08-09__0006116,flag,0,no_pattern,neutral,0.0,,flag/images/no_pattern/2016/08/flag__2016-08-09__0006116.png,,2016-08-09,5917,6116,2016-07-28T08:00:00+00:00,2016-08-09T23:00:00+00:00,,,,,,,,,,,,,No rule-based candidate at this daily endpoint,rule_candidate,pending
flag__2016-08-10__0006139,flag,1,forming,bullish,0.5322502065261198,200.0,flag/images/forming/2016/08/flag__2016-08-10__0006139.png,,2016-08-10,5940,6139,2016-07-29T08:00:00+00:00,2016-08-10T23:00:00+00:00,6014.0,6139.0,2016-08-03T13:00:00+00:00,2016-08-10T23:00:00+00:00,,,1364.6,1328.9880357142856,1435.8239285714285,2.0,1364.6,3.0478571428571155,Bull flag after impulsive advance,rule_candidate,pending
flag__2016-08-11__0006162,flag,0,no_pattern,neutral,0.0,,flag/images/no_pattern/2016/08/flag__2016-08-11__0006162.png,,2016-08-11,5963,6162,2016-08-01T08:00:00+00:00,2016-08-11T23:00:00+00:00,,,,,,,,,,,,,No rule-based candidate at this daily endpoint,rule_candidate,pending
flag__2016-08-12__0006185,flag,0,no_pattern,neutral,0.0,,flag/images/no_pattern/2016/08/flag__2016-08-12__0006185.png,,2016-08-12,5986,6185,2016-08-02T08:00:00+00:00,2016-08-12T23:00:00+00:00,,,,,,,,,,,,,No rule-based candidate at this daily endpoint,rule_candidate,pending
flag__2016-08-15__0006208,flag,0,no_pattern,neutral,0.0,,flag/images/no_pattern/2016/08/flag__2016-08-15__0006208.png,,2016-08-15,6009,6208,2016-08-03T08:00:00+00:00,2016-08-15T23:00:00+00:00,,,,,,,,,,,,,No rule-based candidate at this daily endpoint,rule_candidate,pending
flag__2016-08-16__0006231,flag,0,no_pattern,neutral,0.0,,flag/images/no_pattern/2016/08/flag__2016-08-16__0006231.png,,2016-08-16,6032,6231,2016-08-04T08:00:00+00:00,2016-08-16T23:00:00+00:00,,,,,,,,,,,,,No rule-based candidate at this daily endpoint,rule_candidate,pending
flag__2016-08-17__0006254,flag,1,forming,bullish,0.6050286804512723,80.0,flag/images/forming/2016/08/flag__2016-08-17__0006254.png,,2016-08-17,6055,6254,2016-08-05T08:00:00+00:00,2016-08-17T23:00:00+00:00,6205.0,6254.0,2016-08-15T20:00:00+00:00,2016-08-17T23:00:00+00:00,,,1357.89,1335.2567857142858,1403.1564285714287,2.0,1357.89,3.492857142857133,Bull flag after impulsive advance,rule_candidate,pending
flag__2016-08-18__0006277,flag,0,no_pattern,neutral,0.0,,flag/images/no_pattern/2016/08/flag__2016-08-18__0006277.png,,2016-08-18,6078,6277,2016-08-08T08:00:00+00:00,2016-08-18T23:00:00+00:00,,,,,,,,,,,,,No rule-based candidate at this daily endpoint,rule_candidate,pending
flag__2016-08-19__0006300,flag,1,forming,bullish,0.5700231939415108,120.0,flag/images/forming/2016/08/flag__2016-08-19__0006300.png,,2016-08-19,6101,6300,2016-08-09T08:00:00+00:00,2016-08-19T23:00:00+00:00,6225.0,6300.0,2016-08-16T17:00:00+00:00,2016-08-19T23:00:00+00:00,,,1355.92,1335.225892857143,1397.3082142857143,2.0,1355.92,3.616428571428579,Bull flag after impulsive advance,rule_candidate,pending
flag__2016-08-22__0006323,flag,0,no_pattern,neutral,0.0,,flag/images/no_pattern/2016/08/flag__2016-08-22__0006323.png,,2016-08-22,6124,6323,2016-08-10T08:00:00+00:00,2016-08-22T23:00:00+00:00,,,,,,,,,,,,,No rule-based candidate at this daily endpoint,rule_candidate,pending
flag__2016-08-23__0006346,flag,0,no_pattern,neutral,0.0,,flag/images/no_pattern/2016/08/flag__2016-08-23__0006346.png,,2016-08-23,6147,6346,2016-08-11T08:00:00+00:00,2016-08-23T23:00:00+00:00,,,,,,,,,,,,,No rule-based candidate at this daily endpoint,rule_candidate,pending
flag__2016-08-24__0006369,flag,0,no_pattern,neutral,0.0,,flag/images/no_pattern/2016/08/flag__2016-08-24__0006369.png,,2016-08-24,6170,6369,2016-08-12T08:00:00+00:00,2016-08-24T23:00:00+00:00,,,,,,,,,,,,,No rule-based candidate at this daily endpoint,rule_candidate,pending
flag__2016-08-25__0006392,flag,0,no_pattern,neutral,0.0,,flag/images/no_pattern/2016/08/flag__2016-08-25__0006392.png,,2016-08-25,6193,6392,2016-08-15T08:00:00+00:00,2016-08-25T23:00:00+00:00,,,,,,,,,,,,,No rule-based candidate at this daily endpoint,rule_candidate,pending
flag__2016-08-26__0006415,flag,0,no_pattern,neutral,0.0,,flag/images/no_pattern/2016/08/flag__2016-08-26__0006415.png,,2016-08-26,6216,6415,2016-08-16T08:00:00+00:00,2016-08-26T23:00:00+00:00,,,,,,,,,,,,,No rule-based candidate at this daily endpoint,rule_candidate,pending
flag__2016-08-29__0006438,flag,0,no_pattern,neutral,0.0,,flag/images/no_pattern/2016/08/flag__2016-08-29__0006438.png,,2016-08-29,6239,6438,2016-08-17T08:00:00+00:00,2016-08-29T23:00:00+00:00,,,,,,,,,,,,,No rule-based candidate at this daily endpoint,rule_candidate,pending
flag__2016-08-30__0006461,flag,0,no_pattern,neutral,0.0,,flag/images/no_pattern/2016/08/flag__2016-08-30__0006461.png,,2016-08-30,6262,6461,2016-08-18T08:00:00+00:00,2016-08-30T23:00:00+00:00,,,,,,,,,,,,,No rule-based candidate at this daily endpoint,rule_candidate,pending
flag__2016-08-31__0006484,flag,0,no_pattern,neutral,0.0,,flag/images/no_pattern/2016/08/flag__2016-08-31__0006484.png,,2016-08-31,6285,6484,2016-08-19T08:00:00+00:00,2016-08-31T23:00:00+00:00,,,,,,,,,,,,,No rule-based candidate at this daily endpoint,rule_candidate,pending
flag__2016-09-01__0006507,flag,0,no_pattern,neutral,0.0,,flag/images/no_pattern/2016/09/flag__2016-09-01__0006507.png,,2016-09-01,6308,6507,2016-08-22T08:00:00+00:00,2016-09-01T23:00:00+00:00,,,,,,,,,,,,,No rule-based candidate at this daily endpoint,rule_candidate,pending
flag__2016-09-02__0006530,flag,0,no_pattern,neutral,0.0,,flag/images/no_pattern/2016/09/flag__2016-09-02__0006530.png,,2016-09-02,6331,6530,2016-08-23T08:00:00+00:00,2016-09-02T23:00:00+00:00,,,,,,,,,,,,,No rule-based candidate at this daily endpoint,rule_candidate,pending
flag__2016-09-05__0006549,flag,0,no_pattern,neutral,0.0,,flag/images/no_pattern/2016/09/flag__2016-09-05__0006549.png,,2016-09-05,6350,6549,2016-08-24T04:00:00+00:00,2016-09-05T19:00:00+00:00,,,,,,,,,,,,,No rule-based candidate at this daily endpoint,rule_candidate,pending
flag__2016-09-06__0006572,flag,0,no_pattern,neutral,0.0,,flag/images/no_pattern/2016/09/flag__2016-09-06__0006572.png,,2016-09-06,6373,6572,2016-08-25T04:00:00+00:00,2016-09-06T23:00:00+00:00,,,,,,,,,,,,,No rule-based candidate at this daily endpoint,rule_candidate,pending
flag__2016-09-07__0006595,flag,1,forming,bullish,0.6542667374976746,48.0,flag/images/forming/2016/09/flag__2016-09-07__0006595.png,,2016-09-07,6396,6595,2016-08-26T04:00:00+00:00,2016-09-07T23:00:00+00:00,6566.0,6595.0,2016-09-06T17:00:00+00:00,2016-09-07T23:00:00+00:00,,,1352.46,1341.9305357142857,1373.5189285714287,2.0,1352.46,2.5578571428571553,Bull flag after impulsive advance,rule_candidate,pending
flag__2016-09-08__0006618,flag,1,forming,bullish,0.6423865447097334,100.0,flag/images/forming/2016/09/flag__2016-09-08__0006618.png,,2016-09-08,6419,6618,2016-08-29T04:00:00+00:00,2016-09-08T23:00:00+00:00,6556.0,6618.0,2016-09-06T07:00:00+00:00,2016-09-08T23:00:00+00:00,,,1352.46,1334.8323214285715,1388.3,2.0331661854834624,1352.46,2.6707142857143253,Bull flag after impulsive advance,rule_candidate,pending
flag__2016-09-09__0006641,flag,1,forming,bullish,0.6988248336829755,160.0,flag/images/forming/2016/09/flag__2016-09-09__0006641.png,,2016-09-09,6442,6641,2016-08-30T04:00:00+00:00,2016-09-09T23:00:00+00:00,6541.0,6641.0,2016-09-05T11:00:00+00:00,2016-09-09T23:00:00+00:00,,,1352.46,1326.7730357142857,1403.8339285714287,2.0,1352.46,2.787857142857157,Bull flag after impulsive advance,rule_candidate,pending
flag__2016-09-12__0006664,flag,1,forming,bullish,0.7113664574460287,160.0,flag/images/forming/2016/09/flag__2016-09-12__0006664.png,,2016-09-12,6465,6664,2016-08-31T04:00:00+00:00,2016-09-12T23:00:00+00:00,6564.0,6664.0,2016-09-06T15:00:00+00:00,2016-09-12T23:00:00+00:00,,,1349.21,1319.4598214285713,1408.7103571428574,2.0,1349.21,3.440714285714307,Bull flag after impulsive advance,rule_candidate,pending
flag__2016-09-13__0006687,flag,0,no_pattern,neutral,0.0,,flag/images/no_pattern/2016/09/flag__2016-09-13__0006687.png,,2016-09-13,6488,6687,2016-09-01T04:00:00+00:00,2016-09-13T23:00:00+00:00,,,,,,,,,,,,,No rule-based candidate at this daily endpoint,rule_candidate,pending
flag__2016-09-14__0006710,flag,1,forming,bullish,0.6737724836362575,200.0,flag/images/forming/2016/09/flag__2016-09-14__0006710.png,,2016-09-14,6511,6710,2016-09-02T04:00:00+00:00,2016-09-14T23:00:00+00:00,6585.0,6710.0,2016-09-07T13:00:00+00:00,2016-09-14T23:00:00+00:00,,,1339.38,1312.6248214285715,1392.8903571428573,2.0,1339.38,2.54071428571433,Bull flag after impulsive advance,rule_candidate,pending
flag__2016-09-15__0006733,flag,0,no_pattern,neutral,0.0,,flag/images/no_pattern/2016/09/flag__2016-09-15__0006733.png,,2016-09-15,6534,6733,2016-09-05T04:00:00+00:00,2016-09-15T23:00:00+00:00,,,,,,,,,,,,,No rule-based candidate at this daily endpoint,rule_candidate,pending
flag__2016-09-16__0006756,flag,0,no_pattern,neutral,0.0,,flag/images/no_pattern/2016/09/flag__2016-09-16__0006756.png,,2016-09-16,6557,6756,2016-09-06T08:00:00+00:00,2016-09-16T23:00:00+00:00,,,,,,,,,,,,,No rule-based candidate at this daily endpoint,rule_candidate,pending
flag__2016-09-19__0006779,flag,0,no_pattern,neutral,0.0,,flag/images/no_pattern/2016/09/flag__2016-09-19__0006779.png,,2016-09-19,6580,6779,2016-09-07T08:00:00+00:00,2016-09-19T23:00:00+00:00,,,,,,,,,,,,,No rule-based candidate at this daily endpoint,rule_candidate,pending
flag__2016-09-20__0006802,flag,0,no_pattern,neutral,0.0,,flag/images/no_pattern/2016/09/flag__2016-09-20__0006802.png,,2016-09-20,6603,6802,2016-09-08T08:00:00+00:00,2016-09-20T23:00:00+00:00,,,,,,,,,,,,,No rule-based candidate at this daily endpoint,rule_candidate,pending
flag__2016-09-21__0006825,flag,0,no_pattern,neutral,0.0,,flag/images/no_pattern/2016/09/flag__2016-09-21__0006825.png,,2016-09-21,6626,6825,2016-09-09T08:00:00+00:00,2016-09-21T23:00:00+00:00,,,,,,,,,,,,,No rule-based candidate at this daily endpoint,rule_candidate,pending
flag__2016-09-22__0006848,flag,0,no_pattern,neutral,0.0,,flag/images/no_pattern/2016/09/flag__2016-09-22__0006848.png,,2016-09-22,6649,6848,2016-09-12T08:00:00+00:00,2016-09-22T23:00:00+00:00,,,,,,,,,,,,,No rule-based candidate at this daily endpoint,rule_candidate,pending
flag__2016-09-23__0006871,flag,1,forming,bullish,0.5303039033355704,64.0,flag/images/forming/2016/09/flag__2016-09-23__0006871.png,,2016-09-23,6672,6871,2016-09-13T08:00:00+00:00,2016-09-23T23:00:00+00:00,6832.0,6871.0,2016-09-22T07:00:00+00:00,2016-09-23T23:00:00+00:00,,,1343.53,1333.1260714285715,1365.28,2.090556451889769,1343.53,2.1357142857143248,Bull flag after impulsive advance,rule_candidate,pending
flag__2016-09-26__0006894,flag,0,no_pattern,neutral,0.0,,flag/images/no_pattern/2016/09/flag__2016-09-26__0006894.png,,2016-09-26,6695,6894,2016-09-14T08:00:00+00:00,2016-09-26T23:00:00+00:00,,,,,,,,,,,,,No rule-based candidate at this daily endpoint,rule_candidate,pending
flag__2016-09-27__0006917,flag,1,forming,bullish,0.6130600801245045,120.0,flag/images/forming/2016/09/flag__2016-09-27__0006917.png,,2016-09-27,6718,6917,2016-09-15T08:00:00+00:00,2016-09-27T23:00:00+00:00,6842.0,6917.0,2016-09-22T17:00:00+00:00,2016-09-27T23:00:00+00:00,,,1342.0,1323.8314285714287,1378.3371428571427,2.0,1342.0,2.6342857142856895,Bull flag after impulsive advance,rule_candidate,pending
flag__2016-09-28__0006940,flag,0,no_pattern,neutral,0.0,,flag/images/no_pattern/2016/09/flag__2016-09-28__0006940.png,,2016-09-28,6741,6940,2016-09-16T08:00:00+00:00,2016-09-28T23:00:00+00:00,,,,,,,,,,,,,No rule-based candidate at this daily endpoint,rule_candidate,pending
flag__2016-09-29__0006963,flag,0,no_pattern,neutral,0.0,,flag/images/no_pattern/2016/09/flag__2016-09-29__0006963.png,,2016-09-29,6764,6963,2016-09-19T08:00:00+00:00,2016-09-29T23:00:00+00:00,,,,,,,,,,,,,No rule-based candidate at this daily endpoint,rule_candidate,pending
flag__2016-09-30__0006986,flag,0,no_pattern,neutral,0.0,,flag/images/no_pattern/2016/09/flag__2016-09-30__0006986.png,,2016-09-30,6787,6986,2016-09-20T08:00:00+00:00,2016-09-30T23:00:00+00:00,,,,,,,,,,,,,No rule-based candidate at this daily endpoint,rule_candidate,pending
flag__2016-10-03__0007009,flag,0,no_pattern,neutral,0.0,,flag/images/no_pattern/2016/10/flag__2016-10-03__0007009.png,,2016-10-03,6810,7009,2016-09-21T08:00:00+00:00,2016-10-03T23:00:00+00:00,,,,,,,,,,,,,No rule-based candidate at this daily endpoint,rule_candidate,pending
flag__2016-10-04__0007032,flag,0,no_pattern,neutral,0.0,,flag/images/no_pattern/2016/10/flag__2016-10-04__0007032.png,,2016-10-04,6833,7032,2016-09-22T08:00:00+00:00,2016-10-04T23:00:00+00:00,,,,,,,,,,,,,No rule-based candidate at this daily endpoint,rule_candidate,pending
flag__2016-10-05__0007055,flag,0,no_pattern,neutral,0.0,,flag/images/no_pattern/2016/10/flag__2016-10-05__0007055.png,,2016-10-05,6856,7055,2016-09-23T08:00:00+00:00,2016-10-05T23:00:00+00:00,,,,,,,,,,,,,No rule-based candidate at this daily endpoint,rule_candidate,pending
flag__2016-10-06__0007078,flag,0,no_pattern,neutral,0.0,,flag/images/no_pattern/2016/10/flag__2016-10-06__0007078.png,,2016-10-06,6879,7078,2016-09-26T08:00:00+00:00,2016-10-06T23:00:00+00:00,,,,,,,,,,,,,No rule-based candidate at this daily endpoint,rule_candidate,pending
flag__2016-10-07__0007101,flag,0,no_pattern,neutral,0.0,,flag/images/no_pattern/2016/10/flag__2016-10-07__0007101.png,,2016-10-07,6902,7101,2016-09-27T08:00:00+00:00,2016-10-07T23:00:00+00:00,,,,,,,,,,,,,No rule-based candidate at this daily endpoint,rule_candidate,pending
flag__2016-10-10__0007124,flag,0,no_pattern,neutral,0.0,,flag/images/no_pattern/2016/10/flag__2016-10-10__0007124.png,,2016-10-10,6925,7124,2016-09-28T08:00:00+00:00,2016-10-10T23:00:00+00:00,,,,,,,,,,,,,No rule-based candidate at this daily endpoint,rule_candidate,pending
flag__2016-10-11__0007147,flag,0,no_pattern,neutral,0.0,,flag/images/no_pattern/2016/10/flag__2016-10-11__0007147.png,,2016-10-11,6948,7147,2016-09-29T08:00:00+00:00,2016-10-11T23:00:00+00:00,,,,,,,,,,,,,No rule-based candidate at this daily endpoint,rule_candidate,pending
flag__2016-10-12__0007170,flag,0,no_pattern,neutral,0.0,,flag/images/no_pattern/2016/10/flag__2016-10-12__0007170.png,,2016-10-12,6971,7170,2016-09-30T08:00:00+00:00,2016-10-12T23:00:00+00:00,,,,,,,,,,,,,No rule-based candidate at this daily endpoint,rule_candidate,pending
flag__2016-10-13__0007193,flag,0,no_pattern,neutral,0.0,,flag/images/no_pattern/2016/10/flag__2016-10-13__0007193.png,,2016-10-13,6994,7193,2016-10-03T08:00:00+00:00,2016-10-13T23:00:00+00:00,,,,,,,,,,,,,No rule-based candidate at this daily endpoint,rule_candidate,pending
flag__2016-10-14__0007216,flag,0,no_pattern,neutral,0.0,,flag/images/no_pattern/2016/10/flag__2016-10-14__0007216.png,,2016-10-14,7017,7216,2016-10-04T08:00:00+00:00,2016-10-14T23:00:00+00:00,,,,,,,,,,,,,No rule-based candidate at this daily endpoint,rule_candidate,pending
flag__2016-10-17__0007239,flag,0,no_pattern,neutral,0.0,,flag/images/no_pattern/2016/10/flag__2016-10-17__0007239.png,,2016-10-17,7040,7239,2016-10-05T08:00:00+00:00,2016-10-17T23:00:00+00:00,,,,,,,,,,,,,No rule-based candidate at this daily endpoint,rule_candidate,pending
flag__2016-10-18__0007262,flag,0,no_pattern,neutral,0.0,,flag/images/no_pattern/2016/10/flag__2016-10-18__0007262.png,,2016-10-18,7063,7262,2016-10-06T08:00:00+00:00,2016-10-18T23:00:00+00:00,,,,,,,,,,,,,No rule-based candidate at this daily endpoint,rule_candidate,pending
flag__2016-10-19__0007285,flag,0,no_pattern,neutral,0.0,,flag/images/no_pattern/2016/10/flag__2016-10-19__0007285.png,,2016-10-19,7086,7285,2016-10-07T08:00:00+00:00,2016-10-19T23:00:00+00:00,,,,,,,,,,,,,No rule-based candidate at this daily endpoint,rule_candidate,pending
flag__2016-10-20__0007308,flag,1,forming,bullish,0.6466766723428609,48.0,flag/images/forming/2016/10/flag__2016-10-20__0007308.png,,2016-10-20,7109,7308,2016-10-10T08:00:00+00:00,2016-10-20T23:00:00+00:00,7279.0,7308.0,2016-10-19T17:00:00+00:00,2016-10-20T23:00:00+00:00,,,1274.54,1264.0432142857144,1295.5335714285711,2.0,1274.54,2.4271428571428424,Bull flag after impulsive advance,rule_candidate,pending
flag__2016-10-21__0007331,flag,1,forming,bullish,0.6304983260709274,120.0,flag/images/forming/2016/10/flag__2016-10-21__0007331.png,,2016-10-21,7132,7331,2016-10-11T08:00:00+00:00,2016-10-21T23:00:00+00:00,7256.0,7331.0,2016-10-18T17:00:00+00:00,2016-10-21T23:00:00+00:00,,,1274.54,1260.4871428571428,1302.6457142857143,2.0,1274.54,1.971428571428581,Bull flag after impulsive advance,rule_candidate,pending
flag__2016-10-24__0007354,flag,1,forming,bullish,0.6186825137031371,160.0,flag/images/forming/2016/10/flag__2016-10-24__0007354.png,,2016-10-24,7155,7354,2016-10-12T08:00:00+00:00,2016-10-24T23:00:00+00:00,7254.0,7354.0,2016-10-18T15:00:00+00:00,2016-10-24T23:00:00+00:00,,,1274.54,1259.6128571428571,1304.3942857142856,2.0,1274.54,2.6285714285714255,Bull flag after impulsive advance,rule_candidate,pending
flag__2016-10-25__0007377,flag,0,no_pattern,neutral,0.0,,flag/images/no_pattern/2016/10/flag__2016-10-25__0007377.png,,2016-10-25,7178,7377,2016-10-13T08:00:00+00:00,2016-10-25T23:00:00+00:00,,,,,,,,,,,,,No rule-based candidate at this daily endpoint,rule_candidate,pending
flag__2016-10-26__0007400,flag,0,no_pattern,neutral,0.0,,flag/images/no_pattern/2016/10/flag__2016-10-26__0007400.png,,2016-10-26,7201,7400,2016-10-14T08:00:00+00:00,2016-10-26T23:00:00+00:00,,,,,,,,,,,,,No rule-based candidate at this daily endpoint,rule_candidate,pending
flag__2016-10-27__0007423,flag,1,forming,bullish,0.5399009189745748,80.0,flag/images/forming/2016/10/flag__2016-10-27__0007423.png,,2016-10-27,7224,7423,2016-10-17T08:00:00+00:00,2016-10-27T23:00:00+00:00,7374.0,7423.0,2016-10-25T20:00:00+00:00,2016-10-27T23:00:00+00:00,,,1275.16,1263.9955357142856,1297.4889285714291,2.0,1275.16,2.377857142857124,Bull flag after impulsive advance,rule_candidate,pending
flag__2016-10-28__0007446,flag,0,no_pattern,neutral,0.0,,flag/images/no_pattern/2016/10/flag__2016-10-28__0007446.png,,2016-10-28,7247,7446,2016-10-18T08:00:00+00:00,2016-10-28T23:00:00+00:00,,,,,,,,,,,,,No rule-based candidate at this daily endpoint,rule_candidate,pending
flag__2016-10-31__0007469,flag,1,forming,bullish,0.5744359930860131,48.0,flag/images/forming/2016/10/flag__2016-10-31__0007469.png,,2016-10-31,7270,7469,2016-10-19T08:00:00+00:00,2016-10-31T22:00:00+00:00,7440.0,7469.0,2016-10-28T17:00:00+00:00,2016-10-31T22:00:00+00:00,,,1279.39,1270.5219642857141,1297.126071428572,2.0,1279.39,2.232142857142906,Bull flag after impulsive advance,rule_candidate,pending
flag__2016-11-01__0007492,flag,0,no_pattern,neutral,0.0,,flag/images/no_pattern/2016/11/flag__2016-11-01__0007492.png,,2016-11-01,7293,7492,2016-10-20T08:00:00+00:00,2016-11-01T22:00:00+00:00,,,,,,,,,,,,,No rule-based candidate at this daily endpoint,rule_candidate,pending
flag__2016-11-02__0007515,flag,0,no_pattern,neutral,0.0,,flag/images/no_pattern/2016/11/flag__2016-11-02__0007515.png,,2016-11-02,7316,7515,2016-10-21T08:00:00+00:00,2016-11-02T22:00:00+00:00,,,,,,,,,,,,,No rule-based candidate at this daily endpoint,rule_candidate,pending
flag__2016-11-03__0007538,flag,1,forming,bullish,0.5425140404175826,64.0,flag/images/forming/2016/11/flag__2016-11-03__0007538.png,,2016-11-03,7339,7538,2016-10-24T08:00:00+00:00,2016-11-03T22:00:00+00:00,7499.0,7538.0,2016-11-02T06:00:00+00:00,2016-11-03T22:00:00+00:00,,,1307.84,1284.4391071428572,1354.6417857142853,2.0,1307.84,4.163571428571426,Bull flag after impulsive advance,rule_candidate,pending
flag__2016-11-04__0007561,flag,0,no_pattern,neutral,0.0,,flag/images/no_pattern/2016/11/flag__2016-11-04__0007561.png,,2016-11-04,7362,7561,2016-10-25T08:00:00+00:00,2016-11-04T22:00:00+00:00,,,,,,,,,,,,,No rule-based candidate at this daily endpoint,rule_candidate,pending
flag__2016-11-07__0007584,flag,1,forming,bullish,0.6143727770062766,160.0,flag/images/forming/2016/11/flag__2016-11-07__0007584.png,,2016-11-07,7385,7584,2016-10-26T08:00:00+00:00,2016-11-07T23:00:00+00:00,7484.0,7584.0,2016-11-01T14:00:00+00:00,2016-11-07T23:00:00+00:00,,,1307.84,1277.3146428571429,1368.890714285714,2.0,1307.84,3.0214285714285842,Bull flag after impulsive advance,rule_candidate,pending
flag__2016-11-08__0007607,flag,0,no_pattern,neutral,0.0,,flag/images/no_pattern/2016/11/flag__2016-11-08__0007607.png,,2016-11-08,7408,7607,2016-10-27T08:00:00+00:00,2016-11-08T23:00:00+00:00,,,,,,,,,,,,,No rule-based candidate at this daily endpoint,rule_candidate,pending
flag__2016-11-09__0007630,flag,0,no_pattern,neutral,0.0,,flag/images/no_pattern/2016/11/flag__2016-11-09__0007630.png,,2016-11-09,7431,7630,2016-10-28T08:00:00+00:00,2016-11-09T23:00:00+00:00,,,,,,,,,,,,,No rule-based candidate at this daily endpoint,rule_candidate,pending
flag__2016-11-10__0007653,flag,0,no_pattern,neutral,0.0,,flag/images/no_pattern/2016/11/flag__2016-11-10__0007653.png,,2016-11-10,7454,7653,2016-10-31T07:00:00+00:00,2016-11-10T23:00:00+00:00,,,,,,,,,,,,,No rule-based candidate at this daily endpoint,rule_candidate,pending
flag__2016-11-11__0007676,flag,0,no_pattern,neutral,0.0,,flag/images/no_pattern/2016/11/flag__2016-11-11__0007676.png,,2016-11-11,7477,7676,2016-11-01T07:00:00+00:00,2016-11-11T23:00:00+00:00,,,,,,,,,,,,,No rule-based candidate at this daily endpoint,rule_candidate,pending
flag__2016-11-14__0007699,flag,0,no_pattern,neutral,0.0,,flag/images/no_pattern/2016/11/flag__2016-11-14__0007699.png,,2016-11-14,7500,7699,2016-11-02T07:00:00+00:00,2016-11-14T23:00:00+00:00,,,,,,,,,,,,,No rule-based candidate at this daily endpoint,rule_candidate,pending
flag__2016-11-15__0007722,flag,0,no_pattern,neutral,0.0,,flag/images/no_pattern/2016/11/flag__2016-11-15__0007722.png,,2016-11-15,7523,7722,2016-11-03T07:00:00+00:00,2016-11-15T23:00:00+00:00,,,,,,,,,,,,,No rule-based candidate at this daily endpoint,rule_candidate,pending
flag__2016-11-16__0007745,flag,1,forming,bullish,0.6541339339355753,48.0,flag/images/forming/2016/11/flag__2016-11-16__0007745.png,,2016-11-16,7546,7745,2016-11-04T07:00:00+00:00,2016-11-16T23:00:00+00:00,7716.0,7745.0,2016-11-15T17:00:00+00:00,2016-11-16T23:00:00+00:00,,,1232.89,1220.5142857142857,1257.6414285714288,2.0,1232.89,3.342857142857107,Bull flag after impulsive advance,rule_candidate,pending
flag__2016-11-17__0007768,flag,0,no_pattern,neutral,0.0,,flag/images/no_pattern/2016/11/flag__2016-11-17__0007768.png,,2016-11-17,7569,7768,2016-11-07T08:00:00+00:00,2016-11-17T23:00:00+00:00,,,,,,,,,,,,,No rule-based candidate at this daily endpoint,rule_candidate,pending
flag__2016-11-18__0007791,flag,0,no_pattern,neutral,0.0,,flag/images/no_pattern/2016/11/flag__2016-11-18__0007791.png,,2016-11-18,7592,7791,2016-11-08T08:00:00+00:00,2016-11-18T23:00:00+00:00,,,,,,,,,,,,,No rule-based candidate at this daily endpoint,rule_candidate,pending
flag__2016-11-21__0007814,flag,0,no_pattern,neutral,0.0,,flag/images/no_pattern/2016/11/flag__2016-11-21__0007814.png,,2016-11-21,7615,7814,2016-11-09T08:00:00+00:00,2016-11-21T23:00:00+00:00,,,,,,,,,,,,,No rule-based candidate at this daily endpoint,rule_candidate,pending
flag__2016-11-22__0007837,flag,0,no_pattern,neutral,0.0,,flag/images/no_pattern/2016/11/flag__2016-11-22__0007837.png,,2016-11-22,7638,7837,2016-11-10T08:00:00+00:00,2016-11-22T23:00:00+00:00,,,,,,,,,,,,,No rule-based candidate at this daily endpoint,rule_candidate,pending
flag__2016-11-23__0007860,flag,0,no_pattern,neutral,0.0,,flag/images/no_pattern/2016/11/flag__2016-11-23__0007860.png,,2016-11-23,7661,7860,2016-11-11T08:00:00+00:00,2016-11-23T23:00:00+00:00,,,,,,,,,,,,,No rule-based candidate at this daily endpoint,rule_candidate,pending
flag__2016-11-24__0007879,flag,0,no_pattern,neutral,0.0,,flag/images/no_pattern/2016/11/flag__2016-11-24__0007879.png,,2016-11-24,7680,7879,2016-11-14T04:00:00+00:00,2016-11-24T19:00:00+00:00,,,,,,,,,,,,,No rule-based candidate at this daily endpoint,rule_candidate,pending
flag__2016-11-25__0007899,flag,0,no_pattern,neutral,0.0,,flag/images/no_pattern/2016/11/flag__2016-11-25__0007899.png,,2016-11-25,7700,7899,2016-11-15T01:00:00+00:00,2016-11-25T20:00:00+00:00,,,,,,,,,,,,,No rule-based candidate at this daily endpoint,rule_candidate,pending
flag__2016-11-28__0007922,flag,0,no_pattern,neutral,0.0,,flag/images/no_pattern/2016/11/flag__2016-11-28__0007922.png,,2016-11-28,7723,7922,2016-11-16T01:00:00+00:00,2016-11-28T23:00:00+00:00,,,,,,,,,,,,,No rule-based candidate at this daily endpoint,rule_candidate,pending
flag__2016-11-29__0007945,flag,1,forming,bullish,0.6207115049637613,64.0,flag/images/forming/2016/11/flag__2016-11-29__0007945.png,,2016-11-29,7746,7945,2016-11-17T01:00:00+00:00,2016-11-29T23:00:00+00:00,7906.0,7945.0,2016-11-28T07:00:00+00:00,2016-11-29T23:00:00+00:00,,,1194.88,1180.1073214285714,1224.4253571428576,2.0,1194.88,3.410714285714318,Bull flag after impulsive advance,rule_candidate,pending
flag__2016-11-30__0007968,flag,0,no_pattern,neutral,0.0,,flag/images/no_pattern/2016/11/flag__2016-11-30__0007968.png,,2016-11-30,7769,7968,2016-11-18T01:00:00+00:00,2016-11-30T23:00:00+00:00,,,,,,,,,,,,,No rule-based candidate at this daily endpoint,rule_candidate,pending
flag__2016-12-01__0007991,flag,0,no_pattern,neutral,0.0,,flag/images/no_pattern/2016/12/flag__2016-12-01__0007991.png,,2016-12-01,7792,7991,2016-11-21T01:00:00+00:00,2016-12-01T23:00:00+00:00,,,,,,,,,,,,,No rule-based candidate at this daily endpoint,rule_candidate,pending
flag__2016-12-02__0008014,flag,0,no_pattern,neutral,0.0,,flag/images/no_pattern/2016/12/flag__2016-12-02__0008014.png,,2016-12-02,7815,8014,2016-11-22T01:00:00+00:00,2016-12-02T23:00:00+00:00,,,,,,,,,,,,,No rule-based candidate at this daily endpoint,rule_candidate,pending
flag__2016-12-05__0008037,flag,0,no_pattern,neutral,0.0,,flag/images/no_pattern/2016/12/flag__2016-12-05__0008037.png,,2016-12-05,7838,8037,2016-11-23T01:00:00+00:00,2016-12-05T23:00:00+00:00,,,,,,,,,,,,,No rule-based candidate at this daily endpoint,rule_candidate,pending
flag__2016-12-06__0008060,flag,0,no_pattern,neutral,0.0,,flag/images/no_pattern/2016/12/flag__2016-12-06__0008060.png,,2016-12-06,7861,8060,2016-11-24T01:00:00+00:00,2016-12-06T23:00:00+00:00,,,,,,,,,,,,,No rule-based candidate at this daily endpoint,rule_candidate,pending
flag__2016-12-07__0008083,flag,0,no_pattern,neutral,0.0,,flag/images/no_pattern/2016/12/flag__2016-12-07__0008083.png,,2016-12-07,7884,8083,2016-11-25T05:00:00+00:00,2016-12-07T23:00:00+00:00,,,,,,,,,,,,,No rule-based candidate at this daily endpoint,rule_candidate,pending
flag__2016-12-08__0008106,flag,0,no_pattern,neutral,0.0,,flag/images/no_pattern/2016/12/flag__2016-12-08__0008106.png,,2016-12-08,7907,8106,2016-11-28T08:00:00+00:00,2016-12-08T23:00:00+00:00,,,,,,,,,,,,,No rule-based candidate at this daily endpoint,rule_candidate,pending
flag__2016-12-09__0008129,flag,0,no_pattern,neutral,0.0,,flag/images/no_pattern/2016/12/flag__2016-12-09__0008129.png,,2016-12-09,7930,8129,2016-11-29T08:00:00+00:00,2016-12-09T23:00:00+00:00,,,,,,,,,,,,,No rule-based candidate at this daily endpoint,rule_candidate,pending
flag__2016-12-12__0008152,flag,0,no_pattern,neutral,0.0,,flag/images/no_pattern/2016/12/flag__2016-12-12__0008152.png,,2016-12-12,7953,8152,2016-11-30T08:00:00+00:00,2016-12-12T23:00:00+00:00,,,,,,,,,,,,,No rule-based candidate at this daily endpoint,rule_candidate,pending
flag__2016-12-13__0008175,flag,0,no_pattern,neutral,0.0,,flag/images/no_pattern/2016/12/flag__2016-12-13__0008175.png,,2016-12-13,7976,8175,2016-12-01T08:00:00+00:00,2016-12-13T23:00:00+00:00,,,,,,,,,,,,,No rule-based candidate at this daily endpoint,rule_candidate,pending
flag__2016-12-14__0008198,flag,0,no_pattern,neutral,0.0,,flag/images/no_pattern/2016/12/flag__2016-12-14__0008198.png,,2016-12-14,7999,8198,2016-12-02T08:00:00+00:00,2016-12-14T23:00:00+00:00,,,,,,,,,,,,,No rule-based candidate at this daily endpoint,rule_candidate,pending
flag__2016-12-15__0008221,flag,0,no_pattern,neutral,0.0,,flag/images/no_pattern/2016/12/flag__2016-12-15__0008221.png,,2016-12-15,8022,8221,2016-12-05T08:00:00+00:00,2016-12-15T23:00:00+00:00,,,,,,,,,,,,,No rule-based candidate at this daily endpoint,rule_candidate,pending
flag__2016-12-16__0008244,flag,0,no_pattern,neutral,0.0,,flag/images/no_pattern/2016/12/flag__2016-12-16__0008244.png,,2016-12-16,8045,8244,2016-12-06T08:00:00+00:00,2016-12-16T23:00:00+00:00,,,,,,,,,,,,,No rule-based candidate at this daily endpoint,rule_candidate,pending
flag__2016-12-19__0008267,flag,0,no_pattern,neutral,0.0,,flag/images/no_pattern/2016/12/flag__2016-12-19__0008267.png,,2016-12-19,8068,8267,2016-12-07T08:00:00+00:00,2016-12-19T23:00:00+00:00,,,,,,,,,,,,,No rule-based candidate at this daily endpoint,rule_candidate,pending
flag__2016-12-20__0008290,flag,1,forming,bullish,0.6798556864487824,80.0,flag/images/forming/2016/12/flag__2016-12-20__0008290.png,,2016-12-20,8091,8290,2016-12-08T08:00:00+00:00,2016-12-20T23:00:00+00:00,8241.0,8290.0,2016-12-16T20:00:00+00:00,2016-12-20T23:00:00+00:00,,,1142.22,1124.919107142857,1176.821785714286,2.0,1142.22,2.7235714285714203,Bull flag after impulsive advance,rule_candidate,pending
flag__2016-12-21__0008313,flag,0,no_pattern,neutral,0.0,,flag/images/no_pattern/2016/12/flag__2016-12-21__0008313.png,,2016-12-21,8114,8313,2016-12-09T08:00:00+00:00,2016-12-21T23:00:00+00:00,,,,,,,,,,,,,No rule-based candidate at this daily endpoint,rule_candidate,pending
flag__2016-12-22__0008336,flag,0,no_pattern,neutral,0.0,,flag/images/no_pattern/2016/12/flag__2016-12-22__0008336.png,,2016-12-22,8137,8336,2016-12-12T08:00:00+00:00,2016-12-22T23:00:00+00:00,,,,,,,,,,,,,No rule-based candidate at this daily endpoint,rule_candidate,pending
flag__2016-12-23__0008359,flag,0,no_pattern,neutral,0.0,,flag/images/no_pattern/2016/12/flag__2016-12-23__0008359.png,,2016-12-23,8160,8359,2016-12-13T08:00:00+00:00,2016-12-23T23:00:00+00:00,,,,,,,,,,,,,No rule-based candidate at this daily endpoint,rule_candidate,pending
flag__2016-12-27__0008382,flag,0,no_pattern,neutral,0.0,,flag/images/no_pattern/2016/12/flag__2016-12-27__0008382.png,,2016-12-27,8183,8382,2016-12-14T08:00:00+00:00,2016-12-27T23:00:00+00:00,,,,,,,,,,,,,No rule-based candidate at this daily endpoint,rule_candidate,pending
flag__2016-12-28__0008405,flag,1,forming,bullish,0.5569913146752397,48.0,flag/images/forming/2016/12/flag__2016-12-28__0008405.png,,2016-12-28,8206,8405,2016-12-15T08:00:00+00:00,2016-12-28T23:00:00+00:00,8376.0,8405.0,2016-12-27T17:00:00+00:00,2016-12-28T23:00:00+00:00,,,1144.3,1135.884642857143,1161.1307142857138,2.0,1144.3,2.0614285714285807,Bull flag after impulsive advance,rule_candidate,pending
flag__2016-12-29__0008428,flag,0,no_pattern,neutral,0.0,,flag/images/no_pattern/2016/12/flag__2016-12-29__0008428.png,,2016-12-29,8229,8428,2016-12-16T08:00:00+00:00,2016-12-29T23:00:00+00:00,,,,,,,,,,,,,No rule-based candidate at this daily endpoint,rule_candidate,pending
flag__2016-12-30__0008451,flag,1,forming,bullish,0.6825059768277242,48.0,flag/images/forming/2016/12/flag__2016-12-30__0008451.png,,2016-12-30,8252,8451,2016-12-19T08:00:00+00:00,2016-12-30T23:00:00+00:00,8422.0,8451.0,2016-12-29T17:00:00+00:00,2016-12-30T23:00:00+00:00,,,1163.09,1148.8871428571429,1191.495714285714,2.0,1163.09,2.6914285714285597,Bull flag after impulsive advance,rule_candidate,pending
flag__2017-01-03__0008474,flag,1,forming,bullish,0.557215430311224,100.0,flag/images/forming/2017/01/flag__2017-01-03__0008474.png,,2017-01-03,8275,8474,2016-12-20T08:00:00+00:00,2017-01-03T23:00:00+00:00,8412.0,8474.0,2016-12-29T07:00:00+00:00,2017-01-03T23:00:00+00:00,,,1164.21,1144.8510714285715,1202.9278571428572,2.0,1164.21,4.275714285714295,Bull flag after impulsive advance,rule_candidate,pending
flag__2017-01-04__0008497,flag,0,no_pattern,neutral,0.0,,flag/images/no_pattern/2017/01/flag__2017-01-04__0008497.png,,2017-01-04,8298,8497,2016-12-21T08:00:00+00:00,2017-01-04T23:00:00+00:00,,,,,,,,,,,,,No rule-based candidate at this daily endpoint,rule_candidate,pending
flag__2017-01-05__0008520,flag,0,no_pattern,neutral,0.0,,flag/images/no_pattern/2017/01/flag__2017-01-05__0008520.png,,2017-01-05,8321,8520,2016-12-22T08:00:00+00:00,2017-01-05T23:00:00+00:00,,,,,,,,,,,,,No rule-based candidate at this daily endpoint,rule_candidate,pending
flag__2017-01-06__0008543,flag,1,forming,bullish,0.6947761041592406,64.0,flag/images/forming/2017/01/flag__2017-01-06__0008543.png,,2017-01-06,8344,8543,2016-12-23T08:00:00+00:00,2017-01-06T23:00:00+00:00,8504.0,8543.0,2017-01-05T07:00:00+00:00,2017-01-06T23:00:00+00:00,,,1184.91,1169.9251785714284,1214.8796428571434,2.0,1184.91,3.4992857142856826,Bull flag after impulsive advance,rule_candidate,pending
flag__2017-01-09__0008566,flag,1,forming,bullish,0.5300000336814128,120.0,flag/images/forming/2017/01/flag__2017-01-09__0008566.png,,2017-01-09,8367,8566,2016-12-27T08:00:00+00:00,2017-01-09T23:00:00+00:00,8491.0,8566.0,2017-01-04T17:00:00+00:00,2017-01-09T23:00:00+00:00,,,1186.03,1170.0339285714285,1218.0221428571429,2.0,1186.03,3.0642857142857207,Bull flag after impulsive advance,rule_candidate,pending
flag__2017-01-10__0008589,flag,0,no_pattern,neutral,0.0,,flag/images/no_pattern/2017/01/flag__2017-01-10__0008589.png,,2017-01-10,8390,8589,2016-12-28T08:00:00+00:00,2017-01-10T23:00:00+00:00,,,,,,,,,,,,,No rule-based candidate at this daily endpoint,rule_candidate,pending
flag__2017-01-11__0008612,flag,0,no_pattern,neutral,0.0,,flag/images/no_pattern/2017/01/flag__2017-01-11__0008612.png,,2017-01-11,8413,8612,2016-12-29T08:00:00+00:00,2017-01-11T23:00:00+00:00,,,,,,,,,,,,,No rule-based candidate at this daily endpoint,rule_candidate,pending
flag__2017-01-12__0008635,flag,0,no_pattern,neutral,0.0,,flag/images/no_pattern/2017/01/flag__2017-01-12__0008635.png,,2017-01-12,8436,8635,2016-12-30T08:00:00+00:00,2017-01-12T23:00:00+00:00,,,,,,,,,,,,,No rule-based candidate at this daily endpoint,rule_candidate,pending
flag__2017-01-13__0008658,flag,1,forming,bullish,0.6054970377923437,80.0,flag/images/forming/2017/01/flag__2017-01-13__0008658.png,,2017-01-13,8459,8658,2017-01-03T08:00:00+00:00,2017-01-13T23:00:00+00:00,8609.0,8658.0,2017-01-11T20:00:00+00:00,2017-01-13T23:00:00+00:00,,,1206.42,1186.9405357142857,1245.3789285714288,2.0,1206.42,3.4378571428571507,Bull flag after impulsive advance,rule_candidate,pending
flag__2017-01-16__0008677,flag,0,no_pattern,neutral,0.0,,flag/images/no_pattern/2017/01/flag__2017-01-16__0008677.png,,2017-01-16,8478,8677,2017-01-04T04:00:00+00:00,2017-01-16T19:00:00+00:00,,,,,,,,,,,,,No rule-based candidate at this daily endpoint,rule_candidate,pending
flag__2017-01-17__0008700,flag,0,no_pattern,neutral,0.0,,flag/images/no_pattern/2017/01/flag__2017-01-17__0008700.png,,2017-01-17,8501,8700,2017-01-05T04:00:00+00:00,2017-01-17T23:00:00+00:00,,,,,,,,,,,,,No rule-based candidate at this daily endpoint,rule_candidate,pending
flag__2017-01-18__0008723,flag,0,no_pattern,neutral,0.0,,flag/images/no_pattern/2017/01/flag__2017-01-18__0008723.png,,2017-01-18,8524,8723,2017-01-06T04:00:00+00:00,2017-01-18T23:00:00+00:00,,,,,,,,,,,,,No rule-based candidate at this daily endpoint,rule_candidate,pending
flag__2017-01-19__0008746,flag,1,forming,bullish,0.6751711335335713,100.0,flag/images/forming/2017/01/flag__2017-01-19__0008746.png,,2017-01-19,8547,8746,2017-01-09T04:00:00+00:00,2017-01-19T23:00:00+00:00,8684.0,8746.0,2017-01-17T07:00:00+00:00,2017-01-19T23:00:00+00:00,,,1217.38,1194.8328571428572,1262.474285714286,2.0,1217.38,3.588571428571462,Bull flag after impulsive advance,rule_candidate,pending
flag__2017-01-20__0008769,flag,1,forming,bullish,0.6124238638151756,160.0,flag/images/forming/2017/01/flag__2017-01-20__0008769.png,,2017-01-20,8570,8769,2017-01-10T04:00:00+00:00,2017-01-20T23:00:00+00:00,8669.0,8769.0,2017-01-16T11:00:00+00:00,2017-01-20T23:00:00+00:00,,,1217.57,1194.69625,1263.3174999999999,2.0,1217.57,4.134999999999958,Bull flag after impulsive advance,rule_candidate,pending
flag__2017-01-23__0008792,flag,0,no_pattern,neutral,0.0,,flag/images/no_pattern/2017/01/flag__2017-01-23__0008792.png,,2017-01-23,8593,8792,2017-01-11T04:00:00+00:00,2017-01-23T23:00:00+00:00,,,,,,,,,,,,,No rule-based candidate at this daily endpoint,rule_candidate,pending
flag__2017-01-24__0008815,flag,1,forming,bullish,0.577260305310473,80.0,flag/images/forming/2017/01/flag__2017-01-24__0008815.png,,2017-01-24,8616,8815,2017-01-12T04:00:00+00:00,2017-01-24T23:00:00+00:00,8766.0,8815.0,2017-01-20T20:00:00+00:00,2017-01-24T23:00:00+00:00,,,1219.98,1205.8323214285715,1248.275357142857,2.0,1219.98,2.4707142857142634,Bull flag after impulsive advance,rule_candidate,pending
flag__2017-01-25__0008838,flag,1,forming,bullish,0.5411152597499277,200.0,flag/images/forming/2017/01/flag__2017-01-25__0008838.png,,2017-01-25,8639,8838,2017-01-13T04:00:00+00:00,2017-01-25T23:00:00+00:00,8713.0,8838.0,2017-01-18T13:00:00+00:00,2017-01-25T23:00:00+00:00,,,1219.98,1192.2591071428571,1275.4217857142858,2.0,1219.98,3.603571428571448,Bull flag after impulsive advance,rule_candidate,pending
flag__2017-01-26__0008861,flag,0,no_pattern,neutral,0.0,,flag/images/no_pattern/2017/01/flag__2017-01-26__0008861.png,,2017-01-26,8662,8861,2017-01-16T04:00:00+00:00,2017-01-26T23:00:00+00:00,,,,,,,,,,,,,No rule-based candidate at this daily endpoint,rule_candidate,pending
flag__2017-01-27__0008884,flag,0,no_pattern,neutral,0.0,,flag/images/no_pattern/2017/01/flag__2017-01-27__0008884.png,,2017-01-27,8685,8884,2017-01-17T08:00:00+00:00,2017-01-27T23:00:00+00:00,,,,,,,,,,,,,No rule-based candidate at this daily endpoint,rule_candidate,pending
flag__2017-01-30__0008907,flag,0,no_pattern,neutral,0.0,,flag/images/no_pattern/2017/01/flag__2017-01-30__0008907.png,,2017-01-30,8708,8907,2017-01-18T08:00:00+00:00,2017-01-30T23:00:00+00:00,,,,,,,,,,,,,No rule-based candidate at this daily endpoint,rule_candidate,pending
flag__2017-01-31__0008930,flag,0,no_pattern,neutral,0.0,,flag/images/no_pattern/2017/01/flag__2017-01-31__0008930.png,,2017-01-31,8731,8930,2017-01-19T08:00:00+00:00,2017-01-31T23:00:00+00:00,,,,,,,,,,,,,No rule-based candidate at this daily endpoint,rule_candidate,pending
flag__2017-02-01__0008953,flag,1,forming,bullish,0.616634165915571,64.0,flag/images/forming/2017/02/flag__2017-02-01__0008953.png,,2017-02-01,8754,8953,2017-01-20T08:00:00+00:00,2017-02-01T23:00:00+00:00,8914.0,8953.0,2017-01-31T07:00:00+00:00,2017-02-01T23:00:00+00:00,,,1214.6,1197.1580357142857,1249.4839285714284,2.0,1214.6,3.5278571428571177,Bull flag after impulsive advance,rule_candidate,pending
flag__2017-02-02__0008976,flag,0,no_pattern,neutral,0.0,,flag/images/no_pattern/2017/02/flag__2017-02-02__0008976.png,,2017-02-02,8777,8976,2017-01-23T08:00:00+00:00,2017-02-02T23:00:00+00:00,,,,,,,,,,,,,No rule-based candidate at this daily endpoint,rule_candidate,pending
flag__2017-02-03__0008999,flag,1,forming,bullish,0.5445392840012331,80.0,flag/images/forming/2017/02/flag__2017-02-03__0008999.png,,2017-02-03,8800,8999,2017-01-24T08:00:00+00:00,2017-02-03T23:00:00+00:00,8950.0,8999.0,2017-02-01T20:00:00+00:00,2017-02-03T23:00:00+00:00,,,1225.17,1205.7649999999999,1263.9800000000005,2.0,1225.17,3.300000000000036,Bull flag after impulsive advance,rule_candidate,pending
flag__2017-02-06__0009022,flag,0,no_pattern,neutral,0.0,,flag/images/no_pattern/2017/02/flag__2017-02-06__0009022.png,,2017-02-06,8823,9022,2017-01-25T08:00:00+00:00,2017-02-06T23:00:00+00:00,,,,,,,,,,,,,No rule-based candidate at this daily endpoint,rule_candidate,pending
flag__2017-02-07__0009045,flag,0,no_pattern,neutral,0.0,,flag/images/no_pattern/2017/02/flag__2017-02-07__0009045.png,,2017-02-07,8846,9045,2017-01-26T08:00:00+00:00,2017-02-07T23:00:00+00:00,,,,,,,,,,,,,No rule-based candidate at this daily endpoint,rule_candidate,pending
flag__2017-02-08__0009068,flag,0,no_pattern,neutral,0.0,,flag/images/no_pattern/2017/02/flag__2017-02-08__0009068.png,,2017-02-08,8869,9068,2017-01-27T08:00:00+00:00,2017-02-08T23:00:00+00:00,,,,,,,,,,,,,No rule-based candidate at this daily endpoint,rule_candidate,pending
flag__2017-02-09__0009091,flag,1,forming,bullish,0.5845766365923117,80.0,flag/images/forming/2017/02/flag__2017-02-09__0009091.png,,2017-02-09,8892,9091,2017-01-30T08:00:00+00:00,2017-02-09T23:00:00+00:00,9042.0,9091.0,2017-02-07T20:00:00+00:00,2017-02-09T23:00:00+00:00,,,1244.59,1224.4817857142857,1284.8064285714283,2.0,1244.59,3.8328571428571485,Bull flag after impulsive advance,rule_candidate,pending
flag__2017-02-10__0009114,flag,1,forming,bullish,0.6464370723518892,120.0,flag/images/forming/2017/02/flag__2017-02-10__0009114.png,,2017-02-10,8915,9114,2017-01-31T08:00:00+00:00,2017-02-10T23:00:00+00:00,9039.0,9114.0,2017-02-07T17:00:00+00:00,2017-02-10T23:00:00+00:00,,,1244.59,1220.6769642857143,1292.416071428571,2.0,1244.59,3.3321428571428635,Bull flag after impulsive advance,rule_candidate,pending
flag__2017-02-13__0009137,flag,1,forming,bullish,0.6314680834572581,160.0,flag/images/forming/2017/02/flag__2017-02-13__0009137.png,,2017-02-13,8938,9137,2017-02-01T08:00:00+00:00,2017-02-13T23:00:00+00:00,9037.0,9137.0,2017-02-07T15:00:00+00:00,2017-02-13T23:00:00+00:00,,,1244.43,1218.6167857142857,1296.0564285714288,2.0,1244.43,2.2928571428571525,Bull flag after impulsive advance,rule_candidate,pending
flag__2017-02-14__0009160,flag,1,forming,bullish,0.5983019208397083,200.0,flag/images/forming/2017/02/flag__2017-02-14__0009160.png,,2017-02-14,8961,9160,2017-02-02T08:00:00+00:00,2017-02-14T23:00:00+00:00,9035.0,9160.0,2017-02-07T13:00:00+00:00,2017-02-14T23:00:00+00:00,,,1244.43,1218.3076785714286,1296.674642857143,2.0,1244.43,3.5292857142857366,Bull flag after impulsive advance,rule_candidate,pending
flag__2017-02-15__0009183,flag,1,forming,bullish,0.5300214093812496,200.0,flag/images/forming/2017/02/flag__2017-02-15__0009183.png,,2017-02-15,8984,9183,2017-02-03T08:00:00+00:00,2017-02-15T23:00:00+00:00,9058.0,9183.0,2017-02-08T13:00:00+00:00,2017-02-15T23:00:00+00:00,,,1236.98,1215.7692857142856,1279.4014285714288,2.0,1236.98,3.1628571428571735,Bull flag after impulsive advance,rule_candidate,pending
flag__2017-02-16__0009206,flag,0,no_pattern,neutral,0.0,,flag/images/no_pattern/2017/02/flag__2017-02-16__0009206.png,,2017-02-16,9007,9206,2017-02-06T08:00:00+00:00,2017-02-16T23:00:00+00:00,,,,,,,,,,,,,No rule-based candidate at this daily endpoint,rule_candidate,pending
flag__2017-02-17__0009229,flag,1,forming,bullish,0.5376324734065835,64.0,flag/images/forming/2017/02/flag__2017-02-17__0009229.png,,2017-02-17,9030,9229,2017-02-07T08:00:00+00:00,2017-02-17T23:00:00+00:00,9190.0,9229.0,2017-02-16T07:00:00+00:00,2017-02-17T23:00:00+00:00,,,1243.64,1233.7603571428572,1263.399285714286,2.0,1243.64,2.5585714285714727,Bull flag after impulsive advance,rule_candidate,pending
flag__2017-02-20__0009248,flag,1,forming,bullish,0.5813508669706015,100.0,flag/images/forming/2017/02/flag__2017-02-20__0009248.png,,2017-02-20,9049,9248,2017-02-08T04:00:00+00:00,2017-02-20T19:00:00+00:00,9186.0,9248.0,2017-02-16T03:00:00+00:00,2017-02-20T19:00:00+00:00,,,1243.64,1232.3073214285714,1266.3053571428575,2.0,1243.64,1.4907142857143103,Bull flag after impulsive advance,rule_candidate,pending
flag__2017-02-21__0009271,flag,1,forming,bullish,0.540621654957825,100.0,flag/images/forming/2017/02/flag__2017-02-21__0009271.png,,2017-02-21,9072,9271,2017-02-09T04:00:00+00:00,2017-02-21T23:00:00+00:00,9209.0,9271.0,2017-02-17T03:00:00+00:00,2017-02-21T23:00:00+00:00,,,1238.81,1225.2725,1265.8849999999998,2.0,1238.81,2.75,Bull flag after impulsive advance,rule_candidate,pending
flag__2017-02-22__0009294,flag,1,forming,bullish,0.5618850611089663,200.0,flag/images/forming/2017/02/flag__2017-02-22__0009294.png,,2017-02-22,9095,9294,2017-02-10T04:00:00+00:00,2017-02-22T23:00:00+00:00,9169.0,9294.0,2017-02-15T09:00:00+00:00,2017-02-22T23:00:00+00:00,,,1243.64,1225.224642857143,1280.4707142857144,2.0,1243.64,2.9414285714286246,Bull flag after impulsive advance,rule_candidate,pending
flag__2017-02-23__0009317,flag,0,no_pattern,neutral,0.0,,flag/images/no_pattern/2017/02/flag__2017-02-23__0009317.png,,2017-02-23,9118,9317,2017-02-13T04:00:00+00:00,2017-02-23T23:00:00+00:00,,,,,,,,,,,,,No rule-based candidate at this daily endpoint,rule_candidate,pending
flag__2017-02-24__0009340,flag,0,no_pattern,neutral,0.0,,flag/images/no_pattern/2017/02/flag__2017-02-24__0009340.png,,2017-02-24,9141,9340,2017-02-14T04:00:00+00:00,2017-02-24T23:00:00+00:00,,,,,,,,,,,,,No rule-based candidate at this daily endpoint,rule_candidate,pending
flag__2017-02-27__0009363,flag,1,forming,bullish,0.5320133449598226,64.0,flag/images/forming/2017/02/flag__2017-02-27__0009363.png,,2017-02-27,9164,9363,2017-02-15T04:00:00+00:00,2017-02-27T23:00:00+00:00,9324.0,9363.0,2017-02-24T07:00:00+00:00,2017-02-27T23:00:00+00:00,,,1263.74,1250.096607142857,1291.026785714286,2.0,1263.74,2.9735714285714527,Bull flag after impulsive advance,rule_candidate,pending
flag__2017-02-28__0009386,flag,1,forming,bullish,0.5911665329241288,100.0,flag/images/forming/2017/02/flag__2017-02-28__0009386.png,,2017-02-28,9187,9386,2017-02-16T04:00:00+00:00,2017-02-28T23:00:00+00:00,9324.0,9386.0,2017-02-24T07:00:00+00:00,2017-02-28T23:00:00+00:00,,,1263.74,1246.6896428571429,1297.8407142857143,2.0,1263.74,3.4814285714286206,Bull flag after impulsive advance,rule_candidate,pending
flag__2017-03-01__0009409,flag,1,forming,bullish,0.6641652458006049,160.0,flag/images/forming/2017/03/flag__2017-03-01__0009409.png,,2017-03-01,9210,9409,2017-02-17T04:00:00+00:00,2017-03-01T23:00:00+00:00,9309.0,9409.0,2017-02-23T15:00:00+00:00,2017-03-01T23:00:00+00:00,,,1263.74,1235.91875,1319.3825,2.0,1263.74,3.4849999999999812,Bull flag after impulsive advance,rule_candidate,pending
flag__2017-03-02__0009432,flag,0,no_pattern,neutral,0.0,,flag/images/no_pattern/2017/03/flag__2017-03-02__0009432.png,,2017-03-02,9233,9432,2017-02-20T04:00:00+00:00,2017-03-02T23:00:00+00:00,,,,,,,,,,,,,No rule-based candidate at this daily endpoint,rule_candidate,pending
flag__2017-03-03__0009455,flag,0,no_pattern,neutral,0.0,,flag/images/no_pattern/2017/03/flag__2017-03-03__0009455.png,,2017-03-03,9256,9455,2017-02-21T08:00:00+00:00,2017-03-03T23:00:00+00:00,,,,,,,,,,,,,No rule-based candidate at this daily endpoint,rule_candidate,pending
flag__2017-03-06__0009478,flag,0,no_pattern,neutral,0.0,,flag/images/no_pattern/2017/03/flag__2017-03-06__0009478.png,,2017-03-06,9279,9478,2017-02-22T08:00:00+00:00,2017-03-06T23:00:00+00:00,,,,,,,,,,,,,No rule-based candidate at this daily endpoint,rule_candidate,pending
flag__2017-03-07__0009501,flag,0,no_pattern,neutral,0.0,,flag/images/no_pattern/2017/03/flag__2017-03-07__0009501.png,,2017-03-07,9302,9501,2017-02-23T08:00:00+00:00,2017-03-07T23:00:00+00:00,,,,,,,,,,,,,No rule-based candidate at this daily endpoint,rule_candidate,pending
flag__2017-03-08__0009524,flag,0,no_pattern,neutral,0.0,,flag/images/no_pattern/2017/03/flag__2017-03-08__0009524.png,,2017-03-08,9325,9524,2017-02-24T08:00:00+00:00,2017-03-08T23:00:00+00:00,,,,,,,,,,,,,No rule-based candidate at this daily endpoint,rule_candidate,pending
flag__2017-03-09__0009547,flag,0,no_pattern,neutral,0.0,,flag/images/no_pattern/2017/03/flag__2017-03-09__0009547.png,,2017-03-09,9348,9547,2017-02-27T08:00:00+00:00,2017-03-09T23:00:00+00:00,,,,,,,,,,,,,No rule-based candidate at this daily endpoint,rule_candidate,pending
flag__2017-03-10__0009570,flag,0,no_pattern,neutral,0.0,,flag/images/no_pattern/2017/03/flag__2017-03-10__0009570.png,,2017-03-10,9371,9570,2017-02-28T08:00:00+00:00,2017-03-10T23:00:00+00:00,,,,,,,,,,,,,No rule-based candidate at this daily endpoint,rule_candidate,pending
flag__2017-03-13__0009593,flag,0,no_pattern,neutral,0.0,,flag/images/no_pattern/2017/03/flag__2017-03-13__0009593.png,,2017-03-13,9394,9593,2017-03-01T08:00:00+00:00,2017-03-13T22:00:00+00:00,,,,,,,,,,,,,No rule-based candidate at this daily endpoint,rule_candidate,pending
flag__2017-03-14__0009616,flag,0,no_pattern,neutral,0.0,,flag/images/no_pattern/2017/03/flag__2017-03-14__0009616.png,,2017-03-14,9417,9616,2017-03-02T08:00:00+00:00,2017-03-14T22:00:00+00:00,,,,,,,,,,,,,No rule-based candidate at this daily endpoint,rule_candidate,pending
flag__2017-03-15__0009639,flag,0,no_pattern,neutral,0.0,,flag/images/no_pattern/2017/03/flag__2017-03-15__0009639.png,,2017-03-15,9440,9639,2017-03-03T08:00:00+00:00,2017-03-15T22:00:00+00:00,,,,,,,,,,,,,No rule-based candidate at this daily endpoint,rule_candidate,pending
flag__2017-03-16__0009662,flag,0,no_pattern,neutral,0.0,,flag/images/no_pattern/2017/03/flag__2017-03-16__0009662.png,,2017-03-16,9463,9662,2017-03-06T08:00:00+00:00,2017-03-16T22:00:00+00:00,,,,,,,,,,,,,No rule-based candidate at this daily endpoint,rule_candidate,pending
flag__2017-03-17__0009685,flag,0,no_pattern,neutral,0.0,,flag/images/no_pattern/2017/03/flag__2017-03-17__0009685.png,,2017-03-17,9486,9685,2017-03-07T08:00:00+00:00,2017-03-17T22:00:00+00:00,,,,,,,,,,,,,No rule-based candidate at this daily endpoint,rule_candidate,pending
flag__2017-03-20__0009708,flag,0,no_pattern,neutral,0.0,,flag/images/no_pattern/2017/03/flag__2017-03-20__0009708.png,,2017-03-20,9509,9708,2017-03-08T08:00:00+00:00,2017-03-20T22:00:00+00:00,,,,,,,,,,,,,No rule-based candidate at this daily endpoint,rule_candidate,pending
flag__2017-03-21__0009731,flag,0,no_pattern,neutral,0.0,,flag/images/no_pattern/2017/03/flag__2017-03-21__0009731.png,,2017-03-21,9532,9731,2017-03-09T08:00:00+00:00,2017-03-21T22:00:00+00:00,,,,,,,,,,,,,No rule-based candidate at this daily endpoint,rule_candidate,pending
flag__2017-03-22__0009754,flag,0,no_pattern,neutral,0.0,,flag/images/no_pattern/2017/03/flag__2017-03-22__0009754.png,,2017-03-22,9555,9754,2017-03-10T08:00:00+00:00,2017-03-22T22:00:00+00:00,,,,,,,,,,,,,No rule-based candidate at this daily endpoint,rule_candidate,pending
flag__2017-03-23__0009777,flag,1,forming,bullish,0.5567065593567345,64.0,flag/images/forming/2017/03/flag__2017-03-23__0009777.png,,2017-03-23,9578,9777,2017-03-13T07:00:00+00:00,2017-03-23T22:00:00+00:00,9738.0,9777.0,2017-03-22T06:00:00+00:00,2017-03-23T22:00:00+00:00,,,1253.15,1241.84375,1275.7625000000003,2.0,1253.15,3.1050000000000018,Bull flag after impulsive advance,rule_candidate,pending
flag__2017-03-24__0009800,flag,1,forming,bullish,0.5626622292055097,120.0,flag/images/forming/2017/03/flag__2017-03-24__0009800.png,,2017-03-24,9601,9800,2017-03-14T07:00:00+00:00,2017-03-24T22:00:00+00:00,9725.0,9800.0,2017-03-21T16:00:00+00:00,2017-03-24T22:00:00+00:00,,,1253.15,1240.2257142857143,1278.9985714285717,2.0,1253.15,2.577142857142868,Bull flag after impulsive advance,rule_candidate,pending
flag__2017-03-27__0009823,flag,1,forming,bullish,0.5360953634290226,48.0,flag/images/forming/2017/03/flag__2017-03-27__0009823.png,,2017-03-27,9624,9823,2017-03-15T07:00:00+00:00,2017-03-27T23:00:00+00:00,9794.0,9823.0,2017-03-24T16:00:00+00:00,2017-03-27T23:00:00+00:00,,,1260.92,1250.8605357142858,1281.0389285714286,2.0,1260.92,2.2378571428571865,Bull flag after impulsive advance,rule_candidate,pending
flag__2017-03-28__0009846,flag,1,forming,bullish,0.5994495929513964,80.0,flag/images/forming/2017/03/flag__2017-03-28__0009846.png,,2017-03-28,9647,9846,2017-03-16T07:00:00+00:00,2017-03-28T23:00:00+00:00,9797.0,9846.0,2017-03-24T19:00:00+00:00,2017-03-28T23:00:00+00:00,,,1260.92,1246.9173214285713,1288.9253571428576,2.0,1260.92,2.410714285714302,Bull flag after impulsive advance,rule_candidate,pending
flag__2017-03-29__0009869,flag,1,forming,bullish,0.5843964078041374,120.0,flag/images/forming/2017/03/flag__2017-03-29__0009869.png,,2017-03-29,9670,9869,2017-03-17T07:00:00+00:00,2017-03-29T23:00:00+00:00,9794.0,9869.0,2017-03-24T16:00:00+00:00,2017-03-29T23:00:00+00:00,,,1260.92,1246.6353571428572,1289.4892857142859,2.0,1260.92,2.0585714285714567,Bull flag after impulsive advance,rule_candidate,pending
flag__2017-03-30__0009892,flag,1,forming,bullish,0.663968662435616,200.0,flag/images/forming/2017/03/flag__2017-03-30__0009892.png,,2017-03-30,9693,9892,2017-03-20T07:00:00+00:00,2017-03-30T23:00:00+00:00,9767.0,9892.0,2017-03-23T12:00:00+00:00,2017-03-30T23:00:00+00:00,,,1260.92,1241.4780357142859,1299.8039285714285,2.0,1260.92,2.6078571428571258,Bull flag after impulsive advance,rule_candidate,pending
flag__2017-03-31__0009915,flag,1,forming,bullish,0.6488648201120968,200.0,flag/images/forming/2017/03/flag__2017-03-31__0009915.png,,2017-03-31,9716,9915,2017-03-21T07:00:00+00:00,2017-03-31T23:00:00+00:00,9790.0,9915.0,2017-03-24T12:00:00+00:00,2017-03-31T23:00:00+00:00,,,1258.23,1238.9360714285715,1296.817857142857,2.0,1258.23,2.4157142857142975,Bull flag after impulsive advance,rule_candidate,pending
flag__2017-04-03__0009938,flag,1,forming,bullish,0.5465794315808137,200.0,flag/images/forming/2017/04/flag__2017-04-03__0009938.png,,2017-04-03,9739,9938,2017-03-22T07:00:00+00:00,2017-04-03T23:00:00+00:00,9813.0,9938.0,2017-03-27T13:00:00+00:00,2017-04-03T23:00:00+00:00,,,1254.81,1239.0082142857143,1286.4135714285712,2.0,1254.81,2.127142857142839,Bull flag after impulsive advance,rule_candidate,pending
flag__2017-04-04__0009961,flag,0,no_pattern,neutral,0.0,,flag/images/no_pattern/2017/04/flag__2017-04-04__0009961.png,,2017-04-04,9762,9961,2017-03-23T07:00:00+00:00,2017-04-04T23:00:00+00:00,,,,,,,,,,,,,No rule-based candidate at this daily endpoint,rule_candidate,pending
flag__2017-04-05__0009984,flag,1,forming,bullish,0.6380988995766224,80.0,flag/images/forming/2017/04/flag__2017-04-05__0009984.png,,2017-04-05,9785,9984,2017-03-24T07:00:00+00:00,2017-04-05T23:00:00+00:00,9935.0,9984.0,2017-04-03T20:00:00+00:00,2017-04-05T23:00:00+00:00,,,1261.12,1242.6975,1297.9649999999997,2.0,1261.12,3.450000000000013,Bull flag after impulsive advance,rule_candidate,pending
flag__2017-04-06__0010007,flag,1,forming,bullish,0.5575397083921011,120.0,flag/images/forming/2017/04/flag__2017-04-06__0010007.png,,2017-04-06,9808,10007,2017-03-27T08:00:00+00:00,2017-04-06T23:00:00+00:00,9932.0,10007.0,2017-04-03T17:00:00+00:00,2017-04-06T23:00:00+00:00,,,1258.78,1243.0773214285714,1290.1853571428571,2.0,1258.78,1.9307142857142512,Bull flag after impulsive advance,rule_candidate,pending
flag__2017-04-07__0010030,flag,0,no_pattern,neutral,0.0,,flag/images/no_pattern/2017/04/flag__2017-04-07__0010030.png,,2017-04-07,9831,10030,2017-03-28T08:00:00+00:00,2017-04-07T23:00:00+00:00,,,,,,,,,,,,,No rule-based candidate at this daily endpoint,rule_candidate,pending
flag__2017-04-10__0010053,flag,0,no_pattern,neutral,0.0,,flag/images/no_pattern/2017/04/flag__2017-04-10__0010053.png,,2017-04-10,9854,10053,2017-03-29T08:00:00+00:00,2017-04-10T23:00:00+00:00,,,,,,,,,,,,,No rule-based candidate at this daily endpoint,rule_candidate,pending
flag__2017-04-11__0010076,flag,0,no_pattern,neutral,0.0,,flag/images/no_pattern/2017/04/flag__2017-04-11__0010076.png,,2017-04-11,9877,10076,2017-03-30T08:00:00+00:00,2017-04-11T23:00:00+00:00,,,,,,,,,,,,,No rule-based candidate at this daily endpoint,rule_candidate,pending
flag__2017-04-12__0010099,flag,0,no_pattern,neutral,0.0,,flag/images/no_pattern/2017/04/flag__2017-04-12__0010099.png,,2017-04-12,9900,10099,2017-03-31T08:00:00+00:00,2017-04-12T23:00:00+00:00,,,,,,,,,,,,,No rule-based candidate at this daily endpoint,rule_candidate,pending
flag__2017-04-13__0010122,flag,0,no_pattern,neutral,0.0,,flag/images/no_pattern/2017/04/flag__2017-04-13__0010122.png,,2017-04-13,9923,10122,2017-04-03T08:00:00+00:00,2017-04-13T23:00:00+00:00,,,,,,,,,,,,,No rule-based candidate at this daily endpoint,rule_candidate,pending
flag__2017-04-17__0010145,flag,1,forming,bullish,0.5372022108656348,64.0,flag/images/forming/2017/04/flag__2017-04-17__0010145.png,,2017-04-17,9946,10145,2017-04-04T08:00:00+00:00,2017-04-17T23:00:00+00:00,10106.0,10145.0,2017-04-13T07:00:00+00:00,2017-04-17T23:00:00+00:00,,,1295.38,1280.5919642857143,1324.9560714285717,2.0,1295.38,2.6321428571428345,Bull flag after impulsive advance,rule_candidate,pending
flag__2017-04-18__0010168,flag,1,forming,bullish,0.5612505020238774,100.0,flag/images/forming/2017/04/flag__2017-04-18__0010168.png,,2017-04-18,9969,10168,2017-04-05T08:00:00+00:00,2017-04-18T23:00:00+00:00,10106.0,10168.0,2017-04-13T07:00:00+00:00,2017-04-18T23:00:00+00:00,,,1295.38,1277.9989285714285,1330.1421428571434,2.0,1295.38,3.36428571428574,Bull flag after impulsive advance,rule_candidate,pending
flag__2017-04-19__0010191,flag,1,forming,bullish,0.6077839503564916,160.0,flag/images/forming/2017/04/flag__2017-04-19__0010191.png,,2017-04-19,9992,10191,2017-04-06T08:00:00+00:00,2017-04-19T23:00:00+00:00,10091.0,10191.0,2017-04-12T15:00:00+00:00,2017-04-19T23:00:00+00:00,,,1295.38,1272.990535714286,1340.1589285714285,2.0,1295.38,3.637857142857196,Bull flag after impulsive advance,rule_candidate,pending
flag__2017-04-20__0010214,flag,1,forming,bullish,0.6488299068748224,200.0,flag/images/forming/2017/04/flag__2017-04-20__0010214.png,,2017-04-20,10015,10214,2017-04-07T08:00:00+00:00,2017-04-20T23:00:00+00:00,10089.0,10214.0,2017-04-12T13:00:00+00:00,2017-04-20T23:00:00+00:00,,,1294.89,1273.1103571428573,1338.4492857142857,2.0,1294.89,3.1585714285714466,Bull flag after impulsive advance,rule_candidate,pending
flag__2017-04-21__0010237,flag,1,forming,bullish,0.5693964326360469,200.0,flag/images/forming/2017/04/flag__2017-04-21__0010237.png,,2017-04-21,10038,10237,2017-04-10T08:00:00+00:00,2017-04-21T23:00:00+00:00,10112.0,10237.0,2017-04-13T13:00:00+00:00,2017-04-21T23:00:00+00:00,,,1292.2,1273.2242857142858,1330.1514285714286,2.0,1292.2,2.7028571428571695,Bull flag after impulsive advance,rule_candidate,pending
flag__2017-04-24__0010260,flag,1,forming,bullish,0.6147628255481653,200.0,flag/images/forming/2017/04/flag__2017-04-24__0010260.png,,2017-04-24,10061,10260,2017-04-11T08:00:00+00:00,2017-04-24T23:00:00+00:00,10135.0,10260.0,2017-04-17T13:00:00+00:00,2017-04-24T23:00:00+00:00,,,1289.19,1264.6805357142857,1338.2089285714287,2.0,1289.19,2.5978571428571677,Bull flag after impulsive advance,rule_candidate,pending
flag__2017-04-25__0010283,flag,0,no_pattern,neutral,0.0,,flag/images/no_pattern/2017/04/flag__2017-04-25__0010283.png,,2017-04-25,10084,10283,2017-04-12T08:00:00+00:00,2017-04-25T23:00:00+00:00,,,,,,,,,,,,,No rule-based candidate at this daily endpoint,rule_candidate,pending
flag__2017-04-26__0010306,flag,0,no_pattern,neutral,0.0,,flag/images/no_pattern/2017/04/flag__2017-04-26__0010306.png,,2017-04-26,10107,10306,2017-04-13T08:00:00+00:00,2017-04-26T23:00:00+00:00,,,,,,,,,,,,,No rule-based candidate at this daily endpoint,rule_candidate,pending
flag__2017-04-27__0010329,flag,0,no_pattern,neutral,0.0,,flag/images/no_pattern/2017/04/flag__2017-04-27__0010329.png,,2017-04-27,10130,10329,2017-04-17T08:00:00+00:00,2017-04-27T23:00:00+00:00,,,,,,,,,,,,,No rule-based candidate at this daily endpoint,rule_candidate,pending
flag__2017-04-28__0010352,flag,0,no_pattern,neutral,0.0,,flag/images/no_pattern/2017/04/flag__2017-04-28__0010352.png,,2017-04-28,10153,10352,2017-04-18T08:00:00+00:00,2017-04-28T23:00:00+00:00,,,,,,,,,,,,,No rule-based candidate at this daily endpoint,rule_candidate,pending
flag__2017-05-01__0010375,flag,0,no_pattern,neutral,0.0,,flag/images/no_pattern/2017/05/flag__2017-05-01__0010375.png,,2017-05-01,10176,10375,2017-04-19T08:00:00+00:00,2017-05-01T23:00:00+00:00,,,,,,,,,,,,,No rule-based candidate at this daily endpoint,rule_candidate,pending
flag__2017-05-02__0010398,flag,0,no_pattern,neutral,0.0,,flag/images/no_pattern/2017/05/flag__2017-05-02__0010398.png,,2017-05-02,10199,10398,2017-04-20T08:00:00+00:00,2017-05-02T23:00:00+00:00,,,,,,,,,,,,,No rule-based candidate at this daily endpoint,rule_candidate,pending
flag__2017-05-03__0010421,flag,0,no_pattern,neutral,0.0,,flag/images/no_pattern/2017/05/flag__2017-05-03__0010421.png,,2017-05-03,10222,10421,2017-04-21T08:00:00+00:00,2017-05-03T23:00:00+00:00,,,,,,,,,,,,,No rule-based candidate at this daily endpoint,rule_candidate,pending
flag__2017-05-04__0010444,flag,0,no_pattern,neutral,0.0,,flag/images/no_pattern/2017/05/flag__2017-05-04__0010444.png,,2017-05-04,10245,10444,2017-04-24T08:00:00+00:00,2017-05-04T23:00:00+00:00,,,,,,,,,,,,,No rule-based candidate at this daily endpoint,rule_candidate,pending
flag__2017-05-05__0010467,flag,0,no_pattern,neutral,0.0,,flag/images/no_pattern/2017/05/flag__2017-05-05__0010467.png,,2017-05-05,10268,10467,2017-04-25T08:00:00+00:00,2017-05-05T23:00:00+00:00,,,,,,,,,,,,,No rule-based candidate at this daily endpoint,rule_candidate,pending
flag__2017-05-08__0010490,flag,0,no_pattern,neutral,0.0,,flag/images/no_pattern/2017/05/flag__2017-05-08__0010490.png,,2017-05-08,10291,10490,2017-04-26T08:00:00+00:00,2017-05-08T23:00:00+00:00,,,,,,,,,,,,,No rule-based candidate at this daily endpoint,rule_candidate,pending
flag__2017-05-09__0010513,flag,0,no_pattern,neutral,0.0,,flag/images/no_pattern/2017/05/flag__2017-05-09__0010513.png,,2017-05-09,10314,10513,2017-04-27T08:00:00+00:00,2017-05-09T23:00:00+00:00,,,,,,,,,,,,,No rule-based candidate at this daily endpoint,rule_candidate,pending
flag__2017-05-10__0010536,flag,0,no_pattern,neutral,0.0,,flag/images/no_pattern/2017/05/flag__2017-05-10__0010536.png,,2017-05-10,10337,10536,2017-04-28T08:00:00+00:00,2017-05-10T23:00:00+00:00,,,,,,,,,,,,,No rule-based candidate at this daily endpoint,rule_candidate,pending
flag__2017-05-11__0010559,flag,0,no_pattern,neutral,0.0,,flag/images/no_pattern/2017/05/flag__2017-05-11__0010559.png,,2017-05-11,10360,10559,2017-05-01T08:00:00+00:00,2017-05-11T23:00:00+00:00,,,,,,,,,,,,,No rule-based candidate at this daily endpoint,rule_candidate,pending
flag__2017-05-12__0010582,flag,0,no_pattern,neutral,0.0,,flag/images/no_pattern/2017/05/flag__2017-05-12__0010582.png,,2017-05-12,10383,10582,2017-05-02T08:00:00+00:00,2017-05-12T23:00:00+00:00,,,,,,,,,,,,,No rule-based candidate at this daily endpoint,rule_candidate,pending
flag__2017-05-15__0010605,flag,0,no_pattern,neutral,0.0,,flag/images/no_pattern/2017/05/flag__2017-05-15__0010605.png,,2017-05-15,10406,10605,2017-05-03T08:00:00+00:00,2017-05-15T23:00:00+00:00,,,,,,,,,,,,,No rule-based candidate at this daily endpoint,rule_candidate,pending
flag__2017-05-16__0010628,flag,0,no_pattern,neutral,0.0,,flag/images/no_pattern/2017/05/flag__2017-05-16__0010628.png,,2017-05-16,10429,10628,2017-05-04T08:00:00+00:00,2017-05-16T23:00:00+00:00,,,,,,,,,,,,,No rule-based candidate at this daily endpoint,rule_candidate,pending
flag__2017-05-17__0010651,flag,0,no_pattern,neutral,0.0,,flag/images/no_pattern/2017/05/flag__2017-05-17__0010651.png,,2017-05-17,10452,10651,2017-05-05T08:00:00+00:00,2017-05-17T23:00:00+00:00,,,,,,,,,,,,,No rule-based candidate at this daily endpoint,rule_candidate,pending
flag__2017-05-18__0010674,flag,1,forming,bullish,0.65406036619625,48.0,flag/images/forming/2017/05/flag__2017-05-18__0010674.png,,2017-05-18,10475,10674,2017-05-08T08:00:00+00:00,2017-05-18T23:00:00+00:00,10645.0,10674.0,2017-05-17T17:00:00+00:00,2017-05-18T23:00:00+00:00,,,1264.93,1244.7242857142858,1305.3414285714287,2.0,1264.93,4.622857142857113,Bull flag after impulsive advance,rule_candidate,pending
flag__2017-05-19__0010697,flag,1,forming,bullish,0.6128467218001831,120.0,flag/images/forming/2017/05/flag__2017-05-19__0010697.png,,2017-05-19,10498,10697,2017-05-09T08:00:00+00:00,2017-05-19T23:00:00+00:00,10622.0,10697.0,2017-05-16T17:00:00+00:00,2017-05-19T23:00:00+00:00,,,1264.93,1245.2116071428572,1304.3667857142857,2.0,1264.93,2.673571428571417,Bull flag after impulsive advance,rule_candidate,pending
flag__2017-05-22__0010720,flag,1,forming,bullish,0.5305212224531733,160.0,flag/images/forming/2017/05/flag__2017-05-22__0010720.png,,2017-05-22,10521,10720,2017-05-10T08:00:00+00:00,2017-05-22T23:00:00+00:00,10620.0,10720.0,2017-05-16T15:00:00+00:00,2017-05-22T23:00:00+00:00,,,1264.93,1245.4228571428573,1303.9442857142856,2.0,1264.93,1.8285714285714871,Bull flag after impulsive advance,rule_candidate,pending
flag__2017-05-23__0010743,flag,0,no_pattern,neutral,0.0,,flag/images/no_pattern/2017/05/flag__2017-05-23__0010743.png,,2017-05-23,10544,10743,2017-05-11T08:00:00+00:00,2017-05-23T23:00:00+00:00,,,,,,,,,,,,,No rule-based candidate at this daily endpoint,rule_candidate,pending
flag__2017-05-24__0010766,flag,1,forming,bullish,0.5817674981496403,80.0,flag/images/forming/2017/05/flag__2017-05-24__0010766.png,,2017-05-24,10567,10766,2017-05-12T08:00:00+00:00,2017-05-24T23:00:00+00:00,10717.0,10766.0,2017-05-22T20:00:00+00:00,2017-05-24T23:00:00+00:00,,,1263.14,1247.1498214285714,1295.1203571428575,2.0,1263.14,2.4807142857142708,Bull flag after impulsive advance,rule_candidate,pending
flag__2017-05-25__0010789,flag,1,forming,bullish,0.6304307449518531,48.0,flag/images/forming/2017/05/flag__2017-05-25__0010789.png,,2017-05-25,10590,10789,2017-05-15T08:00:00+00:00,2017-05-25T23:00:00+00:00,10760.0,10789.0,2017-05-24T17:00:00+00:00,2017-05-25T23:00:00+00:00,,,1259.51,1253.192142857143,1272.1457142857141,2.0,1259.51,1.9914285714285305,Bull flag after impulsive advance,rule_candidate,pending
flag__2017-05-26__0010812,flag,0,no_pattern,neutral,0.0,,flag/images/no_pattern/2017/05/flag__2017-05-26__0010812.png,,2017-05-26,10613,10812,2017-05-16T08:00:00+00:00,2017-05-26T23:00:00+00:00,,,,,,,,,,,,,No rule-based candidate at this daily endpoint,rule_candidate,pending
flag__2017-05-29__0010831,flag,1,forming,bullish,0.5477111641263431,48.0,flag/images/forming/2017/05/flag__2017-05-29__0010831.png,,2017-05-29,10632,10831,2017-05-17T04:00:00+00:00,2017-05-29T19:00:00+00:00,10802.0,10831.0,2017-05-26T13:00:00+00:00,2017-05-29T19:00:00+00:00,,,1269.31,1264.5991071428573,1280.57,2.390205071832102,1269.31,1.1235714285714136,Bull flag after impulsive advance,rule_candidate,pending
flag__2017-05-30__0010854,flag,1,forming,bullish,0.645384560125216,64.0,flag/images/forming/2017/05/flag__2017-05-30__0010854.png,,2017-05-30,10655,10854,2017-05-18T04:00:00+00:00,2017-05-30T23:00:00+00:00,10815.0,10854.0,2017-05-29T03:00:00+00:00,2017-05-30T23:00:00+00:00,,,1270.34,1258.5885714285714,1293.842857142857,2.0,1270.34,2.485714285714315,Bull flag after impulsive advance,rule_candidate,pending
flag__2017-05-31__0010877,flag,1,forming,bullish,0.5511915715918011,160.0,flag/images/forming/2017/05/flag__2017-05-31__0010877.png,,2017-05-31,10678,10877,2017-05-19T04:00:00+00:00,2017-05-31T23:00:00+00:00,10777.0,10877.0,2017-05-25T11:00:00+00:00,2017-05-31T23:00:00+00:00,,,1274.01,1258.5760714285714,1304.8778571428572,2.0,1274.01,2.5357142857142696,Bull flag after impulsive advance,rule_candidate,pending
flag__2017-06-01__0010900,flag,1,forming,bullish,0.6039505496330045,48.0,flag/images/forming/2017/06/flag__2017-06-01__0010900.png,,2017-06-01,10701,10900,2017-05-22T04:00:00+00:00,2017-06-01T23:00:00+00:00,10871.0,10900.0,2017-05-31T17:00:00+00:00,2017-06-01T23:00:00+00:00,,,1270.17,1260.7180357142856,1289.073928571429,2.0,1270.17,2.567857142857162,Bull flag after impulsive advance,rule_candidate,pending
flag__2017-06-02__0010923,flag,0,no_pattern,neutral,0.0,,flag/images/no_pattern/2017/06/flag__2017-06-02__0010923.png,,2017-06-02,10724,10923,2017-05-23T04:00:00+00:00,2017-06-02T23:00:00+00:00,,,,,,,,,,,,,No rule-based candidate at this daily endpoint,rule_candidate,pending
flag__2017-06-05__0010946,flag,1,forming,bullish,0.5596211961544891,48.0,flag/images/forming/2017/06/flag__2017-06-05__0010946.png,,2017-06-05,10747,10946,2017-05-24T04:00:00+00:00,2017-06-05T23:00:00+00:00,10917.0,10946.0,2017-06-02T17:00:00+00:00,2017-06-05T23:00:00+00:00,,,1283.27,1277.1948214285715,1295.81,2.0641368566473752,1283.27,1.7807142857143066,Bull flag after impulsive advance,rule_candidate,pending
flag__2017-06-06__0010969,flag,0,no_pattern,neutral,0.0,,flag/images/no_pattern/2017/06/flag__2017-06-06__0010969.png,,2017-06-06,10770,10969,2017-05-25T04:00:00+00:00,2017-06-06T23:00:00+00:00,,,,,,,,,,,,,No rule-based candidate at this daily endpoint,rule_candidate,pending
flag__2017-06-07__0010992,flag,1,forming,bullish,0.6482734096012597,64.0,flag/images/forming/2017/06/flag__2017-06-07__0010992.png,,2017-06-07,10793,10992,2017-05-26T04:00:00+00:00,2017-06-07T23:00:00+00:00,10953.0,10992.0,2017-06-06T07:00:00+00:00,2017-06-07T23:00:00+00:00,,,1295.97,1281.7244642857142,1324.4610714285716,2.0,1295.97,3.1021428571428618,Bull flag after impulsive advance,rule_candidate,pending
flag__2017-06-08__0011015,flag,1,forming,bullish,0.6967596438565973,120.0,flag/images/forming/2017/06/flag__2017-06-08__0011015.png,,2017-06-08,10816,11015,2017-05-29T04:00:00+00:00,2017-06-08T23:00:00+00:00,10940.0,11015.0,2017-06-05T17:00:00+00:00,2017-06-08T23:00:00+00:00,,,1295.97,1270.3939285714287,1347.1221428571428,2.0,1295.97,3.144285714285713,Bull flag after impulsive advance,rule_candidate,pending
flag__2017-06-09__0011038,flag,0,no_pattern,neutral,0.0,,flag/images/no_pattern/2017/06/flag__2017-06-09__0011038.png,,2017-06-09,10839,11038,2017-05-30T08:00:00+00:00,2017-06-09T23:00:00+00:00,,,,,,,,,,,,,No rule-based candidate at this daily endpoint,rule_candidate,pending
flag__2017-06-12__0011061,flag,0,no_pattern,neutral,0.0,,flag/images/no_pattern/2017/06/flag__2017-06-12__0011061.png,,2017-06-12,10862,11061,2017-05-31T08:00:00+00:00,2017-06-12T23:00:00+00:00,,,,,,,,,,,,,No rule-based candidate at this daily endpoint,rule_candidate,pending
flag__2017-06-13__0011084,flag,0,no_pattern,neutral,0.0,,flag/images/no_pattern/2017/06/flag__2017-06-13__0011084.png,,2017-06-13,10885,11084,2017-06-01T08:00:00+00:00,2017-06-13T23:00:00+00:00,,,,,,,,,,,,,No rule-based candidate at this daily endpoint,rule_candidate,pending
flag__2017-06-14__0011107,flag,0,no_pattern,neutral,0.0,,flag/images/no_pattern/2017/06/flag__2017-06-14__0011107.png,,2017-06-14,10908,11107,2017-06-02T08:00:00+00:00,2017-06-14T23:00:00+00:00,,,,,,,,,,,,,No rule-based candidate at this daily endpoint,rule_candidate,pending
flag__2017-06-15__0011130,flag,0,no_pattern,neutral,0.0,,flag/images/no_pattern/2017/06/flag__2017-06-15__0011130.png,,2017-06-15,10931,11130,2017-06-05T08:00:00+00:00,2017-06-15T23:00:00+00:00,,,,,,,,,,,,,No rule-based candidate at this daily endpoint,rule_candidate,pending
flag__2017-06-16__0011153,flag,0,no_pattern,neutral,0.0,,flag/images/no_pattern/2017/06/flag__2017-06-16__0011153.png,,2017-06-16,10954,11153,2017-06-06T08:00:00+00:00,2017-06-16T23:00:00+00:00,,,,,,,,,,,,,No rule-based candidate at this daily endpoint,rule_candidate,pending
flag__2017-06-19__0011176,flag,0,no_pattern,neutral,0.0,,flag/images/no_pattern/2017/06/flag__2017-06-19__0011176.png,,2017-06-19,10977,11176,2017-06-07T08:00:00+00:00,2017-06-19T23:00:00+00:00,,,,,,,,,,,,,No rule-based candidate at this daily endpoint,rule_candidate,pending
flag__2017-06-20__0011199,flag,0,no_pattern,neutral,0.0,,flag/images/no_pattern/2017/06/flag__2017-06-20__0011199.png,,2017-06-20,11000,11199,2017-06-08T08:00:00+00:00,2017-06-20T23:00:00+00:00,,,,,,,,,,,,,No rule-based candidate at this daily endpoint,rule_candidate,pending
flag__2017-06-21__0011222,flag,0,no_pattern,neutral,0.0,,flag/images/no_pattern/2017/06/flag__2017-06-21__0011222.png,,2017-06-21,11023,11222,2017-06-09T08:00:00+00:00,2017-06-21T23:00:00+00:00,,,,,,,,,,,,,No rule-based candidate at this daily endpoint,rule_candidate,pending
flag__2017-06-22__0011245,flag,1,forming,bullish,0.5760726061540816,48.0,flag/images/forming/2017/06/flag__2017-06-22__0011245.png,,2017-06-22,11046,11245,2017-06-12T08:00:00+00:00,2017-06-22T23:00:00+00:00,11216.0,11245.0,2017-06-21T17:00:00+00:00,2017-06-22T23:00:00+00:00,,,1254.65,1246.11375,1271.7225000000003,2.0,1254.65,1.8650000000000415,Bull flag after impulsive advance,rule_candidate,pending
flag__2017-06-23__0011268,flag,0,no_pattern,neutral,0.0,,flag/images/no_pattern/2017/06/flag__2017-06-23__0011268.png,,2017-06-23,11069,11268,2017-06-13T08:00:00+00:00,2017-06-23T23:00:00+00:00,,,,,,,,,,,,,No rule-based candidate at this daily endpoint,rule_candidate,pending
flag__2017-06-26__0011291,flag,0,no_pattern,neutral,0.0,,flag/images/no_pattern/2017/06/flag__2017-06-26__0011291.png,,2017-06-26,11092,11291,2017-06-14T08:00:00+00:00,2017-06-26T23:00:00+00:00,,,,,,,,,,,,,No rule-based candidate at this daily endpoint,rule_candidate,pending
flag__2017-06-27__0011314,flag,0,no_pattern,neutral,0.0,,flag/images/no_pattern/2017/06/flag__2017-06-27__0011314.png,,2017-06-27,11115,11314,2017-06-15T08:00:00+00:00,2017-06-27T23:00:00+00:00,,,,,,,,,,,,,No rule-based candidate at this daily endpoint,rule_candidate,pending
flag__2017-06-28__0011337,flag,1,forming,bullish,0.5301109266282678,160.0,flag/images/forming/2017/06/flag__2017-06-28__0011337.png,,2017-06-28,11138,11337,2017-06-16T08:00:00+00:00,2017-06-28T23:00:00+00:00,11237.0,11337.0,2017-06-22T15:00:00+00:00,2017-06-28T23:00:00+00:00,,,1257.99,1235.1705357142857,1303.6289285714286,2.0,1257.99,2.2778571428571337,Bull flag after impulsive advance,rule_candidate,pending
flag__2017-06-29__0011360,flag,0,no_pattern,neutral,0.0,,flag/images/no_pattern/2017/06/flag__2017-06-29__0011360.png,,2017-06-29,11161,11360,2017-06-19T08:00:00+00:00,2017-06-29T23:00:00+00:00,,,,,,,,,,,,,No rule-based candidate at this daily endpoint,rule_candidate,pending
flag__2017-06-30__0011383,flag,0,no_pattern,neutral,0.0,,flag/images/no_pattern/2017/06/flag__2017-06-30__0011383.png,,2017-06-30,11184,11383,2017-06-20T08:00:00+00:00,2017-06-30T23:00:00+00:00,,,,,,,,,,,,,No rule-based candidate at this daily endpoint,rule_candidate,pending
flag__2017-07-03__0011406,flag,0,no_pattern,neutral,0.0,,flag/images/no_pattern/2017/07/flag__2017-07-03__0011406.png,,2017-07-03,11207,11406,2017-06-21T08:00:00+00:00,2017-07-03T23:00:00+00:00,,,,,,,,,,,,,No rule-based candidate at this daily endpoint,rule_candidate,pending
flag__2017-07-04__0011425,flag,0,no_pattern,neutral,0.0,,flag/images/no_pattern/2017/07/flag__2017-07-04__0011425.png,,2017-07-04,11226,11425,2017-06-22T04:00:00+00:00,2017-07-04T19:00:00+00:00,,,,,,,,,,,,,No rule-based candidate at this daily endpoint,rule_candidate,pending
flag__2017-07-05__0011448,flag,0,no_pattern,neutral,0.0,,flag/images/no_pattern/2017/07/flag__2017-07-05__0011448.png,,2017-07-05,11249,11448,2017-06-23T04:00:00+00:00,2017-07-05T23:00:00+00:00,,,,,,,,,,,,,No rule-based candidate at this daily endpoint,rule_candidate,pending
flag__2017-07-06__0011471,flag,0,no_pattern,neutral,0.0,,flag/images/no_pattern/2017/07/flag__2017-07-06__0011471.png,,2017-07-06,11272,11471,2017-06-26T04:00:00+00:00,2017-07-06T23:00:00+00:00,,,,,,,,,,,,,No rule-based candidate at this daily endpoint,rule_candidate,pending
flag__2017-07-07__0011494,flag,0,no_pattern,neutral,0.0,,flag/images/no_pattern/2017/07/flag__2017-07-07__0011494.png,,2017-07-07,11295,11494,2017-06-27T04:00:00+00:00,2017-07-07T23:00:00+00:00,,,,,,,,,,,,,No rule-based candidate at this daily endpoint,rule_candidate,pending
flag__2017-07-10__0011517,flag,0,no_pattern,neutral,0.0,,flag/images/no_pattern/2017/07/flag__2017-07-10__0011517.png,,2017-07-10,11318,11517,2017-06-28T04:00:00+00:00,2017-07-10T23:00:00+00:00,,,,,,,,,,,,,No rule-based candidate at this daily endpoint,rule_candidate,pending
flag__2017-07-11__0011540,flag,0,no_pattern,neutral,0.0,,flag/images/no_pattern/2017/07/flag__2017-07-11__0011540.png,,2017-07-11,11341,11540,2017-06-29T04:00:00+00:00,2017-07-11T23:00:00+00:00,,,,,,,,,,,,,No rule-based candidate at this daily endpoint,rule_candidate,pending
flag__2017-07-12__0011563,flag,0,no_pattern,neutral,0.0,,flag/images/no_pattern/2017/07/flag__2017-07-12__0011563.png,,2017-07-12,11364,11563,2017-06-30T04:00:00+00:00,2017-07-12T23:00:00+00:00,,,,,,,,,,,,,No rule-based candidate at this daily endpoint,rule_candidate,pending
flag__2017-07-13__0011586,flag,1,forming,bullish,0.5652742843752294,64.0,flag/images/forming/2017/07/flag__2017-07-13__0011586.png,,2017-07-13,11387,11586,2017-07-03T04:00:00+00:00,2017-07-13T23:00:00+00:00,11547.0,11586.0,2017-07-12T07:00:00+00:00,2017-07-13T23:00:00+00:00,,,1224.27,1215.9401785714288,1240.9296428571424,2.0,1224.27,1.8792857142856778,Bull flag after impulsive advance,rule_candidate,pending
flag__2017-07-14__0011609,flag,0,no_pattern,neutral,0.0,,flag/images/no_pattern/2017/07/flag__2017-07-14__0011609.png,,2017-07-14,11410,11609,2017-07-04T04:00:00+00:00,2017-07-14T23:00:00+00:00,,,,,,,,,,,,,No rule-based candidate at this daily endpoint,rule_candidate,pending
flag__2017-07-17__0011632,flag,0,no_pattern,neutral,0.0,,flag/images/no_pattern/2017/07/flag__2017-07-17__0011632.png,,2017-07-17,11433,11632,2017-07-05T08:00:00+00:00,2017-07-17T23:00:00+00:00,,,,,,,,,,,,,No rule-based candidate at this daily endpoint,rule_candidate,pending
flag__2017-07-18__0011655,flag,0,no_pattern,neutral,0.0,,flag/images/no_pattern/2017/07/flag__2017-07-18__0011655.png,,2017-07-18,11456,11655,2017-07-06T08:00:00+00:00,2017-07-18T23:00:00+00:00,,,,,,,,,,,,,No rule-based candidate at this daily endpoint,rule_candidate,pending
flag__2017-07-19__0011678,flag,1,forming,bullish,0.5437318290540739,64.0,flag/images/forming/2017/07/flag__2017-07-19__0011678.png,,2017-07-19,11479,11678,2017-07-07T08:00:00+00:00,2017-07-19T23:00:00+00:00,11639.0,11678.0,2017-07-18T07:00:00+00:00,2017-07-19T23:00:00+00:00,,,1244.39,1235.2807142857143,1262.6085714285716,2.0,1244.39,1.997142857142876,Bull flag after impulsive advance,rule_candidate,pending
flag__2017-07-20__0011701,flag,1,forming,bullish,0.5301053186118768,120.0,flag/images/forming/2017/07/flag__2017-07-20__0011701.png,,2017-07-20,11502,11701,2017-07-10T08:00:00+00:00,2017-07-20T23:00:00+00:00,11626.0,11701.0,2017-07-17T17:00:00+00:00,2017-07-20T23:00:00+00:00,,,1247.39,1234.4876785714287,1273.194642857143,2.0,1247.39,2.6892857142857207,Bull flag after impulsive advance,rule_candidate,pending
flag__2017-07-21__0011724,flag,0,no_pattern,neutral,0.0,,flag/images/no_pattern/2017/07/flag__2017-07-21__0011724.png,,2017-07-21,11525,11724,2017-07-11T08:00:00+00:00,2017-07-21T23:00:00+00:00,,,,,,,,,,,,,No rule-based candidate at this daily endpoint,rule_candidate,pending
flag__2017-07-24__0011747,flag,0,no_pattern,neutral,0.0,,flag/images/no_pattern/2017/07/flag__2017-07-24__0011747.png,,2017-07-24,11548,11747,2017-07-12T08:00:00+00:00,2017-07-24T23:00:00+00:00,,,,,,,,,,,,,No rule-based candidate at this daily endpoint,rule_candidate,pending
flag__2017-07-25__0011770,flag,1,forming,bullish,0.6648673572350907,80.0,flag/images/forming/2017/07/flag__2017-07-25__0011770.png,,2017-07-25,11571,11770,2017-07-13T08:00:00+00:00,2017-07-25T23:00:00+00:00,11721.0,11770.0,2017-07-21T20:00:00+00:00,2017-07-25T23:00:00+00:00,,,1258.67,1248.359107142857,1279.291785714286,2.0,1258.67,2.5235714285714073,Bull flag after impulsive advance,rule_candidate,pending
flag__2017-07-26__0011793,flag,1,forming,bullish,0.5984357721311889,160.0,flag/images/forming/2017/07/flag__2017-07-26__0011793.png,,2017-07-26,11594,11793,2017-07-14T08:00:00+00:00,2017-07-26T23:00:00+00:00,11693.0,11793.0,2017-07-20T15:00:00+00:00,2017-07-26T23:00:00+00:00,,,1263.4,1242.9807142857144,1304.2385714285715,2.0,1263.4,2.677142857142875,Bull flag after impulsive advance,rule_candidate,pending
flag__2017-07-27__0011816,flag,1,forming,bullish,0.5966320515898555,48.0,flag/images/forming/2017/07/flag__2017-07-27__0011816.png,,2017-07-27,11617,11816,2017-07-17T08:00:00+00:00,2017-07-27T23:00:00+00:00,11787.0,11816.0,2017-07-26T17:00:00+00:00,2017-07-27T23:00:00+00:00,,,1265.15,1253.6464285714287,1288.1571428571428,2.0,1265.15,2.934285714285693,Bull flag after impulsive advance,rule_candidate,pending
flag__2017-07-28__0011839,flag,0,no_pattern,neutral,0.0,,flag/images/no_pattern/2017/07/flag__2017-07-28__0011839.png,,2017-07-28,11640,11839,2017-07-18T08:00:00+00:00,2017-07-28T23:00:00+00:00,,,,,,,,,,,,,No rule-based candidate at this daily endpoint,rule_candidate,pending
flag__2017-07-31__0011862,flag,0,no_pattern,neutral,0.0,,flag/images/no_pattern/2017/07/flag__2017-07-31__0011862.png,,2017-07-31,11663,11862,2017-07-19T08:00:00+00:00,2017-07-31T23:00:00+00:00,,,,,,,,,,,,,No rule-based candidate at this daily endpoint,rule_candidate,pending
flag__2017-08-01__0011885,flag,0,no_pattern,neutral,0.0,,flag/images/no_pattern/2017/08/flag__2017-08-01__0011885.png,,2017-08-01,11686,11885,2017-07-20T08:00:00+00:00,2017-08-01T23:00:00+00:00,,,,,,,,,,,,,No rule-based candidate at this daily endpoint,rule_candidate,pending
flag__2017-08-02__0011908,flag,1,forming,bullish,0.5391440922124745,100.0,flag/images/forming/2017/08/flag__2017-08-02__0011908.png,,2017-08-02,11709,11908,2017-07-21T08:00:00+00:00,2017-08-02T23:00:00+00:00,11846.0,11908.0,2017-07-31T07:00:00+00:00,2017-08-02T23:00:00+00:00,,,1273.96,1261.8398214285714,1298.2003571428572,2.0,1273.96,2.480714285714303,Bull flag after impulsive advance,rule_candidate,pending
flag__2017-08-03__0011931,flag,1,forming,bullish,0.5743941735043988,160.0,flag/images/forming/2017/08/flag__2017-08-03__0011931.png,,2017-08-03,11732,11931,2017-07-24T08:00:00+00:00,2017-08-03T23:00:00+00:00,11831.0,11931.0,2017-07-28T15:00:00+00:00,2017-08-03T23:00:00+00:00,,,1273.96,1256.1769642857143,1309.5260714285714,2.0,1273.96,2.292142857142835,Bull flag after impulsive advance,rule_candidate,pending
flag__2017-08-04__0011954,flag,0,no_pattern,neutral,0.0,,flag/images/no_pattern/2017/08/flag__2017-08-04__0011954.png,,2017-08-04,11755,11954,2017-07-25T08:00:00+00:00,2017-08-04T23:00:00+00:00,,,,,,,,,,,,,No rule-based candidate at this daily endpoint,rule_candidate,pending
flag__2017-08-07__0011977,flag,1,forming,bullish,0.6240191235856882,200.0,flag/images/forming/2017/08/flag__2017-08-07__0011977.png,,2017-08-07,11778,11977,2017-07-26T08:00:00+00:00,2017-08-07T23:00:00+00:00,11852.0,11977.0,2017-07-31T13:00:00+00:00,2017-08-07T23:00:00+00:00,,,1272.71,1253.6771428571428,1310.7757142857145,2.0,1272.71,1.5714285714285714,Bull flag after impulsive advance,rule_candidate,pending
flag__2017-08-08__0012000,flag,0,no_pattern,neutral,0.0,,flag/images/no_pattern/2017/08/flag__2017-08-08__0012000.png,,2017-08-08,11801,12000,2017-07-27T08:00:00+00:00,2017-08-08T23:00:00+00:00,,,,,,,,,,,,,No rule-based candidate at this daily endpoint,rule_candidate,pending
flag__2017-08-09__0012023,flag,0,no_pattern,neutral,0.0,,flag/images/no_pattern/2017/08/flag__2017-08-09__0012023.png,,2017-08-09,11824,12023,2017-07-28T08:00:00+00:00,2017-08-09T23:00:00+00:00,,,,,,,,,,,,,No rule-based candidate at this daily endpoint,rule_candidate,pending
flag__2017-08-10__0012046,flag,0,no_pattern,neutral,0.0,,flag/images/no_pattern/2017/08/flag__2017-08-10__0012046.png,,2017-08-10,11847,12046,2017-07-31T08:00:00+00:00,2017-08-10T23:00:00+00:00,,,,,,,,,,,,,No rule-based candidate at this daily endpoint,rule_candidate,pending
flag__2017-08-11__0012069,flag,0,no_pattern,neutral,0.0,,flag/images/no_pattern/2017/08/flag__2017-08-11__0012069.png,,2017-08-11,11870,12069,2017-08-01T08:00:00+00:00,2017-08-11T23:00:00+00:00,,,,,,,,,,,,,No rule-based candidate at this daily endpoint,rule_candidate,pending
flag__2017-08-14__0012092,flag,1,forming,bullish,0.6636451205846088,64.0,flag/images/forming/2017/08/flag__2017-08-14__0012092.png,,2017-08-14,11893,12092,2017-08-02T08:00:00+00:00,2017-08-14T23:00:00+00:00,12053.0,12092.0,2017-08-11T07:00:00+00:00,2017-08-14T23:00:00+00:00,,,1291.58,1277.7930357142857,1319.1539285714284,2.0,1291.58,2.7478571428571286,Bull flag after impulsive advance,rule_candidate,pending
flag__2017-08-15__0012115,flag,1,forming,bullish,0.7080328788842104,120.0,flag/images/forming/2017/08/flag__2017-08-15__0012115.png,,2017-08-15,11916,12115,2017-08-03T08:00:00+00:00,2017-08-15T23:00:00+00:00,12040.0,12115.0,2017-08-10T17:00:00+00:00,2017-08-15T23:00:00+00:00,,,1291.58,1266.5419642857144,1341.656071428571,2.0,1291.58,2.432142857142854,Bull flag after impulsive advance,rule_candidate,pending
flag__2017-08-16__0012138,flag,1,forming,bullish,0.670681314672691,200.0,flag/images/forming/2017/08/flag__2017-08-16__0012138.png,,2017-08-16,11939,12138,2017-08-04T08:00:00+00:00,2017-08-16T23:00:00+00:00,12013.0,12138.0,2017-08-09T13:00:00+00:00,2017-08-16T23:00:00+00:00,,,1292.06,1266.4682142857143,1343.2435714285712,2.0,1292.06,2.727142857142813,Bull flag after impulsive advance,rule_candidate,pending
flag__2017-08-17__0012161,flag,1,forming,bullish,0.5301104910139821,48.0,flag/images/forming/2017/08/flag__2017-08-17__0012161.png,,2017-08-17,11962,12161,2017-08-07T08:00:00+00:00,2017-08-17T23:00:00+00:00,12132.0,12161.0,2017-08-16T17:00:00+00:00,2017-08-17T23:00:00+00:00,,,1290.01,1280.8666071428572,1308.2967857142855,2.0,1290.01,3.173571428571417,Bull flag after impulsive advance,rule_candidate,pending
flag__2017-08-18__0012184,flag,0,no_pattern,neutral,0.0,,flag/images/no_pattern/2017/08/flag__2017-08-18__0012184.png,,2017-08-18,11985,12184,2017-08-08T08:00:00+00:00,2017-08-18T23:00:00+00:00,,,,,,,,,,,,,No rule-based candidate at this daily endpoint,rule_candidate,pending
flag__2017-08-21__0012207,flag,1,forming,bullish,0.5384664313438545,80.0,flag/images/forming/2017/08/flag__2017-08-21__0012207.png,,2017-08-21,12008,12207,2017-08-09T08:00:00+00:00,2017-08-21T23:00:00+00:00,12158.0,12207.0,2017-08-17T20:00:00+00:00,2017-08-21T23:00:00+00:00,,,1300.65,1279.9032142857143,1342.1435714285717,2.0,1300.65,2.2671428571428414,Bull flag after impulsive advance,rule_candidate,pending
flag__2017-08-22__0012230,flag,1,forming,bullish,0.5387780066450039,120.0,flag/images/forming/2017/08/flag__2017-08-22__0012230.png,,2017-08-22,12031,12230,2017-08-10T08:00:00+00:00,2017-08-22T23:00:00+00:00,12155.0,12230.0,2017-08-17T17:00:00+00:00,2017-08-22T23:00:00+00:00,,,1300.65,1279.829642857143,1342.2907142857143,2.0,1300.65,2.5614285714285643,Bull flag after impulsive advance,rule_candidate,pending
flag__2017-08-23__0012253,flag,1,forming,bullish,0.5532343049165657,120.0,flag/images/forming/2017/08/flag__2017-08-23__0012253.png,,2017-08-23,12054,12253,2017-08-11T08:00:00+00:00,2017-08-23T23:00:00+00:00,12178.0,12253.0,2017-08-18T17:00:00+00:00,2017-08-23T23:00:00+00:00,,,1293.63,1281.3841071428571,1318.121785714286,2.0,1293.63,1.903571428571419,Bull flag after impulsive advance,rule_candidate,pending
flag__2017-08-24__0012276,flag,1,forming,bullish,0.5304321521292843,160.0,flag/images/forming/2017/08/flag__2017-08-24__0012276.png,,2017-08-24,12077,12276,2017-08-14T08:00:00+00:00,2017-08-24T23:00:00+00:00,12176.0,12276.0,2017-08-18T15:00:00+00:00,2017-08-24T23:00:00+00:00,,,1293.05,1281.2875,1316.575,2.0,1293.05,2.289999999999947,Bull flag after impulsive advance,rule_candidate,pending
flag__2017-08-25__0012299,flag,0,no_pattern,neutral,0.0,,flag/images/no_pattern/2017/08/flag__2017-08-25__0012299.png,,2017-08-25,12100,12299,2017-08-15T08:00:00+00:00,2017-08-25T23:00:00+00:00,,,,,,,,,,,,,No rule-based candidate at this daily endpoint,rule_candidate,pending
flag__2017-08-28__0012322,flag,0,no_pattern,neutral,0.0,,flag/images/no_pattern/2017/08/flag__2017-08-28__0012322.png,,2017-08-28,12123,12322,2017-08-16T08:00:00+00:00,2017-08-28T23:00:00+00:00,,,,,,,,,,,,,No rule-based candidate at this daily endpoint,rule_candidate,pending
flag__2017-08-29__0012345,flag,1,forming,bullish,0.5720987551050608,48.0,flag/images/forming/2017/08/flag__2017-08-29__0012345.png,,2017-08-29,12146,12345,2017-08-17T08:00:00+00:00,2017-08-29T23:00:00+00:00,12316.0,12345.0,2017-08-28T17:00:00+00:00,2017-08-29T23:00:00+00:00,,,1325.85,1303.8914285714286,1369.7671428571425,2.0,1325.85,3.994285714285703,Bull flag after impulsive advance,rule_candidate,pending
flag__2017-08-30__0012368,flag,1,forming,bullish,0.6601260237229606,100.0,flag/images/forming/2017/08/flag__2017-08-30__0012368.png,,2017-08-30,12169,12368,2017-08-18T08:00:00+00:00,2017-08-30T23:00:00+00:00,12306.0,12368.0,2017-08-28T07:00:00+00:00,2017-08-30T23:00:00+00:00,,,1325.85,1304.2353571428573,1369.079285714285,2.0,1325.85,2.6185714285714505,Bull flag after impulsive advance,rule_candidate,pending
flag__2017-08-31__0012391,flag,1,forming,bullish,0.5599143376693553,160.0,flag/images/forming/2017/08/flag__2017-08-31__0012391.png,,2017-08-31,12192,12391,2017-08-21T08:00:00+00:00,2017-08-31T23:00:00+00:00,12291.0,12391.0,2017-08-25T15:00:00+00:00,2017-08-31T23:00:00+00:00,,,1325.85,1297.9817857142857,1381.5864285714283,2.0,1325.85,3.3928571428571916,Bull flag after impulsive advance,rule_candidate,pending
flag__2017-09-01__0012414,flag,0,no_pattern,neutral,0.0,,flag/images/no_pattern/2017/09/flag__2017-09-01__0012414.png,,2017-09-01,12215,12414,2017-08-22T08:00:00+00:00,2017-09-01T23:00:00+00:00,,,,,,,,,,,,,No rule-based candidate at this daily endpoint,rule_candidate,pending
flag__2017-09-04__0012433,flag,0,no_pattern,neutral,0.0,,flag/images/no_pattern/2017/09/flag__2017-09-04__0012433.png,,2017-09-04,12234,12433,2017-08-23T04:00:00+00:00,2017-09-04T19:00:00+00:00,,,,,,,,,,,,,No rule-based candidate at this daily endpoint,rule_candidate,pending
flag__2017-09-05__0012456,flag,0,no_pattern,neutral,0.0,,flag/images/no_pattern/2017/09/flag__2017-09-05__0012456.png,,2017-09-05,12257,12456,2017-08-24T04:00:00+00:00,2017-09-05T23:00:00+00:00,,,,,,,,,,,,,No rule-based candidate at this daily endpoint,rule_candidate,pending
flag__2017-09-06__0012479,flag,0,no_pattern,neutral,0.0,,flag/images/no_pattern/2017/09/flag__2017-09-06__0012479.png,,2017-09-06,12280,12479,2017-08-25T04:00:00+00:00,2017-09-06T23:00:00+00:00,,,,,,,,,,,,,No rule-based candidate at this daily endpoint,rule_candidate,pending
flag__2017-09-07__0012502,flag,0,no_pattern,neutral,0.0,,flag/images/no_pattern/2017/09/flag__2017-09-07__0012502.png,,2017-09-07,12303,12502,2017-08-28T04:00:00+00:00,2017-09-07T23:00:00+00:00,,,,,,,,,,,,,No rule-based candidate at this daily endpoint,rule_candidate,pending
flag__2017-09-08__0012525,flag,1,forming,bullish,0.5990830894171179,48.0,flag/images/forming/2017/09/flag__2017-09-08__0012525.png,,2017-09-08,12326,12525,2017-08-29T04:00:00+00:00,2017-09-08T23:00:00+00:00,12496.0,12525.0,2017-09-07T17:00:00+00:00,2017-09-08T23:00:00+00:00,,,1357.41,1341.8980357142857,1388.4339285714289,2.0,1357.41,3.0478571428571803,Bull flag after impulsive advance,rule_candidate,pending
flag__2017-09-11__0012548,flag,1,forming,bullish,0.534825567650487,160.0,flag/images/forming/2017/09/flag__2017-09-11__0012548.png,,2017-09-11,12349,12548,2017-08-30T04:00:00+00:00,2017-09-11T23:00:00+00:00,12448.0,12548.0,2017-09-05T15:00:00+00:00,2017-09-11T23:00:00+00:00,,,1357.41,1325.6233928571428,1420.9832142857147,2.0,1357.41,2.6264285714285864,Bull flag after impulsive advance,rule_candidate,pending
flag__2017-09-12__0012571,flag,1,forming,bullish,0.6972743227803068,160.0,flag/images/forming/2017/09/flag__2017-09-12__0012571.png,,2017-09-12,12372,12571,2017-08-31T04:00:00+00:00,2017-09-12T23:00:00+00:00,12471.0,12571.0,2017-09-06T15:00:00+00:00,2017-09-12T23:00:00+00:00,,,1357.41,1321.875,1428.4800000000002,2.0,1357.41,2.460000000000004,Bull flag after impulsive advance,rule_candidate,pending
flag__2017-09-13__0012594,flag,0,no_pattern,neutral,0.0,,flag/images/no_pattern/2017/09/flag__2017-09-13__0012594.png,,2017-09-13,12395,12594,2017-09-01T04:00:00+00:00,2017-09-13T23:00:00+00:00,,,,,,,,,,,,,No rule-based candidate at this daily endpoint,rule_candidate,pending
flag__2017-09-14__0012617,flag,0,no_pattern,neutral,0.0,,flag/images/no_pattern/2017/09/flag__2017-09-14__0012617.png,,2017-09-14,12418,12617,2017-09-04T04:00:00+00:00,2017-09-14T23:00:00+00:00,,,,,,,,,,,,,No rule-based candidate at this daily endpoint,rule_candidate,pending
flag__2017-09-15__0012640,flag,0,no_pattern,neutral,0.0,,flag/images/no_pattern/2017/09/flag__2017-09-15__0012640.png,,2017-09-15,12441,12640,2017-09-05T08:00:00+00:00,2017-09-15T23:00:00+00:00,,,,,,,,,,,,,No rule-based candidate at this daily endpoint,rule_candidate,pending
flag__2017-09-18__0012663,flag,0,no_pattern,neutral,0.0,,flag/images/no_pattern/2017/09/flag__2017-09-18__0012663.png,,2017-09-18,12464,12663,2017-09-06T08:00:00+00:00,2017-09-18T23:00:00+00:00,,,,,,,,,,,,,No rule-based candidate at this daily endpoint,rule_candidate,pending
flag__2017-09-19__0012686,flag,0,no_pattern,neutral,0.0,,flag/images/no_pattern/2017/09/flag__2017-09-19__0012686.png,,2017-09-19,12487,12686,2017-09-07T08:00:00+00:00,2017-09-19T23:00:00+00:00,,,,,,,,,,,,,No rule-based candidate at this daily endpoint,rule_candidate,pending
flag__2017-09-20__0012709,flag,0,no_pattern,neutral,0.0,,flag/images/no_pattern/2017/09/flag__2017-09-20__0012709.png,,2017-09-20,12510,12709,2017-09-08T08:00:00+00:00,2017-09-20T23:00:00+00:00,,,,,,,,,,,,,No rule-based candidate at this daily endpoint,rule_candidate,pending
flag__2017-09-21__0012732,flag,0,no_pattern,neutral,0.0,,flag/images/no_pattern/2017/09/flag__2017-09-21__0012732.png,,2017-09-21,12533,12732,2017-09-11T08:00:00+00:00,2017-09-21T23:00:00+00:00,,,,,,,,,,,,,No rule-based candidate at this daily endpoint,rule_candidate,pending
flag__2017-09-22__0012755,flag,0,no_pattern,neutral,0.0,,flag/images/no_pattern/2017/09/flag__2017-09-22__0012755.png,,2017-09-22,12556,12755,2017-09-12T08:00:00+00:00,2017-09-22T23:00:00+00:00,,,,,,,,,,,,,No rule-based candidate at this daily endpoint,rule_candidate,pending
flag__2017-09-25__0012778,flag,0,no_pattern,neutral,0.0,,flag/images/no_pattern/2017/09/flag__2017-09-25__0012778.png,,2017-09-25,12579,12778,2017-09-13T08:00:00+00:00,2017-09-25T23:00:00+00:00,,,,,,,,,,,,,No rule-based candidate at this daily endpoint,rule_candidate,pending
flag__2017-09-26__0012801,flag,0,no_pattern,neutral,0.0,,flag/images/no_pattern/2017/09/flag__2017-09-26__0012801.png,,2017-09-26,12602,12801,2017-09-14T08:00:00+00:00,2017-09-26T23:00:00+00:00,,,,,,,,,,,,,No rule-based candidate at this daily endpoint,rule_candidate,pending
flag__2017-09-27__0012824,flag,0,no_pattern,neutral,0.0,,flag/images/no_pattern/2017/09/flag__2017-09-27__0012824.png,,2017-09-27,12625,12824,2017-09-15T08:00:00+00:00,2017-09-27T23:00:00+00:00,,,,,,,,,,,,,No rule-based candidate at this daily endpoint,rule_candidate,pending
flag__2017-09-28__0012847,flag,0,no_pattern,neutral,0.0,,flag/images/no_pattern/2017/09/flag__2017-09-28__0012847.png,,2017-09-28,12648,12847,2017-09-18T08:00:00+00:00,2017-09-28T23:00:00+00:00,,,,,,,,,,,,,No rule-based candidate at this daily endpoint,rule_candidate,pending
flag__2017-09-29__0012870,flag,0,no_pattern,neutral,0.0,,flag/images/no_pattern/2017/09/flag__2017-09-29__0012870.png,,2017-09-29,12671,12870,2017-09-19T08:00:00+00:00,2017-09-29T23:00:00+00:00,,,,,,,,,,,,,No rule-based candidate at this daily endpoint,rule_candidate,pending
flag__2017-10-02__0012893,flag,0,no_pattern,neutral,0.0,,flag/images/no_pattern/2017/10/flag__2017-10-02__0012893.png,,2017-10-02,12694,12893,2017-09-20T08:00:00+00:00,2017-10-02T23:00:00+00:00,,,,,,,,,,,,,No rule-based candidate at this daily endpoint,rule_candidate,pending
flag__2017-10-03__0012916,flag,0,no_pattern,neutral,0.0,,flag/images/no_pattern/2017/10/flag__2017-10-03__0012916.png,,2017-10-03,12717,12916,2017-09-21T08:00:00+00:00,2017-10-03T23:00:00+00:00,,,,,,,,,,,,,No rule-based candidate at this daily endpoint,rule_candidate,pending
flag__2017-10-04__0012939,flag,0,no_pattern,neutral,0.0,,flag/images/no_pattern/2017/10/flag__2017-10-04__0012939.png,,2017-10-04,12740,12939,2017-09-22T08:00:00+00:00,2017-10-04T23:00:00+00:00,,,,,,,,,,,,,No rule-based candidate at this daily endpoint,rule_candidate,pending
flag__2017-10-05__0012962,flag,0,no_pattern,neutral,0.0,,flag/images/no_pattern/2017/10/flag__2017-10-05__0012962.png,,2017-10-05,12763,12962,2017-09-25T08:00:00+00:00,2017-10-05T23:00:00+00:00,,,,,,,,,,,,,No rule-based candidate at this daily endpoint,rule_candidate,pending
flag__2017-10-06__0012985,flag,0,no_pattern,neutral,0.0,,flag/images/no_pattern/2017/10/flag__2017-10-06__0012985.png,,2017-10-06,12786,12985,2017-09-26T08:00:00+00:00,2017-10-06T23:00:00+00:00,,,,,,,,,,,,,No rule-based candidate at this daily endpoint,rule_candidate,pending
flag__2017-10-09__0013008,flag,0,no_pattern,neutral,0.0,,flag/images/no_pattern/2017/10/flag__2017-10-09__0013008.png,,2017-10-09,12809,13008,2017-09-27T08:00:00+00:00,2017-10-09T23:00:00+00:00,,,,,,,,,,,,,No rule-based candidate at this daily endpoint,rule_candidate,pending
flag__2017-10-10__0013031,flag,0,no_pattern,neutral,0.0,,flag/images/no_pattern/2017/10/flag__2017-10-10__0013031.png,,2017-10-10,12832,13031,2017-09-28T08:00:00+00:00,2017-10-10T23:00:00+00:00,,,,,,,,,,,,,No rule-based candidate at this daily endpoint,rule_candidate,pending
flag__2017-10-11__0013054,flag,1,forming,bullish,0.5423598455735371,80.0,flag/images/forming/2017/10/flag__2017-10-11__0013054.png,,2017-10-11,12855,13054,2017-09-29T08:00:00+00:00,2017-10-11T23:00:00+00:00,13005.0,13054.0,2017-10-09T20:00:00+00:00,2017-10-11T23:00:00+00:00,,,1294.05,1283.735892857143,1314.678214285714,2.0,1294.05,2.616428571428579,Bull flag after impulsive advance,rule_candidate,pending
flag__2017-10-12__0013077,flag,0,no_pattern,neutral,0.0,,flag/images/no_pattern/2017/10/flag__2017-10-12__0013077.png,,2017-10-12,12878,13077,2017-10-02T08:00:00+00:00,2017-10-12T23:00:00+00:00,,,,,,,,,,,,,No rule-based candidate at this daily endpoint,rule_candidate,pending
flag__2017-10-13__0013100,flag,0,no_pattern,neutral,0.0,,flag/images/no_pattern/2017/10/flag__2017-10-13__0013100.png,,2017-10-13,12901,13100,2017-10-03T08:00:00+00:00,2017-10-13T23:00:00+00:00,,,,,,,,,,,,,No rule-based candidate at this daily endpoint,rule_candidate,pending
flag__2017-10-16__0013123,flag,0,no_pattern,neutral,0.0,,flag/images/no_pattern/2017/10/flag__2017-10-16__0013123.png,,2017-10-16,12924,13123,2017-10-04T08:00:00+00:00,2017-10-16T23:00:00+00:00,,,,,,,,,,,,,No rule-based candidate at this daily endpoint,rule_candidate,pending
flag__2017-10-17__0013146,flag,1,forming,bullish,0.5733752497124515,160.0,flag/images/forming/2017/10/flag__2017-10-17__0013146.png,,2017-10-17,12947,13146,2017-10-05T08:00:00+00:00,2017-10-17T23:00:00+00:00,13046.0,13146.0,2017-10-11T15:00:00+00:00,2017-10-17T23:00:00+00:00,,,1305.85,1280.6494642857142,1356.2510714285713,2.0,1305.85,2.4821428571428408,Bull flag after impulsive advance,rule_candidate,pending
flag__2017-10-18__0013169,flag,1,forming,bullish,0.6604397805256507,200.0,flag/images/forming/2017/10/flag__2017-10-18__0013169.png,,2017-10-18,12970,13169,2017-10-06T08:00:00+00:00,2017-10-18T23:00:00+00:00,13044.0,13169.0,2017-10-11T13:00:00+00:00,2017-10-18T23:00:00+00:00,,,1305.85,1276.3583928571427,1364.8332142857143,2.0,1305.85,1.9264285714285734,Bull flag after impulsive advance,rule_candidate,pending
flag__2017-10-19__0013192,flag,1,forming,bullish,0.6593479782826697,200.0,flag/images/forming/2017/10/flag__2017-10-19__0013192.png,,2017-10-19,12993,13192,2017-10-09T08:00:00+00:00,2017-10-19T23:00:00+00:00,13067.0,13192.0,2017-10-12T13:00:00+00:00,2017-10-19T23:00:00+00:00,,,1305.85,1275.51125,1366.5274999999997,2.0,1305.85,3.274999999999961,Bull flag after impulsive advance,rule_candidate,pending
flag__2017-10-20__0013215,flag,0,no_pattern,neutral,0.0,,flag/images/no_pattern/2017/10/flag__2017-10-20__0013215.png,,2017-10-20,13016,13215,2017-10-10T08:00:00+00:00,2017-10-20T23:00:00+00:00,,,,,,,,,,,,,No rule-based candidate at this daily endpoint,rule_candidate,pending
flag__2017-10-23__0013238,flag,0,no_pattern,neutral,0.0,,flag/images/no_pattern/2017/10/flag__2017-10-23__0013238.png,,2017-10-23,13039,13238,2017-10-11T08:00:00+00:00,2017-10-23T23:00:00+00:00,,,,,,,,,,,,,No rule-based candidate at this daily endpoint,rule_candidate,pending
flag__2017-10-24__0013261,flag,0,no_pattern,neutral,0.0,,flag/images/no_pattern/2017/10/flag__2017-10-24__0013261.png,,2017-10-24,13062,13261,2017-10-12T08:00:00+00:00,2017-10-24T23:00:00+00:00,,,,,,,,,,,,,No rule-based candidate at this daily endpoint,rule_candidate,pending
flag__2017-10-25__0013284,flag,0,no_pattern,neutral,0.0,,flag/images/no_pattern/2017/10/flag__2017-10-25__0013284.png,,2017-10-25,13085,13284,2017-10-13T08:00:00+00:00,2017-10-25T23:00:00+00:00,,,,,,,,,,,,,No rule-based candidate at this daily endpoint,rule_candidate,pending
flag__2017-10-26__0013307,flag,0,no_pattern,neutral,0.0,,flag/images/no_pattern/2017/10/flag__2017-10-26__0013307.png,,2017-10-26,13108,13307,2017-10-16T08:00:00+00:00,2017-10-26T23:00:00+00:00,,,,,,,,,,,,,No rule-based candidate at this daily endpoint,rule_candidate,pending
flag__2017-10-27__0013330,flag,0,no_pattern,neutral,0.0,,flag/images/no_pattern/2017/10/flag__2017-10-27__0013330.png,,2017-10-27,13131,13330,2017-10-17T08:00:00+00:00,2017-10-27T23:00:00+00:00,,,,,,,,,,,,,No rule-based candidate at this daily endpoint,rule_candidate,pending
flag__2017-10-30__0013353,flag,0,no_pattern,neutral,0.0,,flag/images/no_pattern/2017/10/flag__2017-10-30__0013353.png,,2017-10-30,13154,13353,2017-10-18T08:00:00+00:00,2017-10-30T22:00:00+00:00,,,,,,,,,,,,,No rule-based candidate at this daily endpoint,rule_candidate,pending
flag__2017-10-31__0013376,flag,0,no_pattern,neutral,0.0,,flag/images/no_pattern/2017/10/flag__2017-10-31__0013376.png,,2017-10-31,13177,13376,2017-10-19T08:00:00+00:00,2017-10-31T22:00:00+00:00,,,,,,,,,,,,,No rule-based candidate at this daily endpoint,rule_candidate,pending
flag__2017-11-01__0013399,flag,0,no_pattern,neutral,0.0,,flag/images/no_pattern/2017/11/flag__2017-11-01__0013399.png,,2017-11-01,13200,13399,2017-10-20T08:00:00+00:00,2017-11-01T22:00:00+00:00,,,,,,,,,,,,,No rule-based candidate at this daily endpoint,rule_candidate,pending
flag__2017-11-02__0013422,flag,1,forming,bullish,0.5578860261993546,48.0,flag/images/forming/2017/11/flag__2017-11-02__0013422.png,,2017-11-02,13223,13422,2017-10-23T08:00:00+00:00,2017-11-02T22:00:00+00:00,13393.0,13422.0,2017-11-01T16:00:00+00:00,2017-11-02T22:00:00+00:00,,,1284.01,1272.5680357142858,1306.8939285714284,2.0,1284.01,2.6078571428571258,Bull flag after impulsive advance,rule_candidate,pending
flag__2017-11-03__0013445,flag,0,no_pattern,neutral,0.0,,flag/images/no_pattern/2017/11/flag__2017-11-03__0013445.png,,2017-11-03,13246,13445,2017-10-24T08:00:00+00:00,2017-11-03T22:00:00+00:00,,,,,,,,,,,,,No rule-based candidate at this daily endpoint,rule_candidate,pending
flag__2017-11-06__0013468,flag,0,no_pattern,neutral,0.0,,flag/images/no_pattern/2017/11/flag__2017-11-06__0013468.png,,2017-11-06,13269,13468,2017-10-25T08:00:00+00:00,2017-11-06T23:00:00+00:00,,,,,,,,,,,,,No rule-based candidate at this daily endpoint,rule_candidate,pending
flag__2017-11-07__0013491,flag,1,forming,bullish,0.685869141410639,48.0,flag/images/forming/2017/11/flag__2017-11-07__0013491.png,,2017-11-07,13292,13491,2017-10-26T08:00:00+00:00,2017-11-07T23:00:00+00:00,13462.0,13491.0,2017-11-06T17:00:00+00:00,2017-11-07T23:00:00+00:00,,,1280.59,1271.1078571428573,1299.5542857142852,2.0,1280.59,2.528571428571435,Bull flag after impulsive advance,rule_candidate,pending
flag__2017-11-08__0013514,flag,0,no_pattern,neutral,0.0,,flag/images/no_pattern/2017/11/flag__2017-11-08__0013514.png,,2017-11-08,13315,13514,2017-10-27T08:00:00+00:00,2017-11-08T23:00:00+00:00,,,,,,,,,,,,,No rule-based candidate at this daily endpoint,rule_candidate,pending
flag__2017-11-09__0013537,flag,0,no_pattern,neutral,0.0,,flag/images/no_pattern/2017/11/flag__2017-11-09__0013537.png,,2017-11-09,13338,13537,2017-10-30T07:00:00+00:00,2017-11-09T23:00:00+00:00,,,,,,,,,,,,,No rule-based candidate at this daily endpoint,rule_candidate,pending
flag__2017-11-10__0013560,flag,1,forming,bullish,0.559285338331848,100.0,flag/images/forming/2017/11/flag__2017-11-10__0013560.png,,2017-11-10,13361,13560,2017-10-31T07:00:00+00:00,2017-11-10T23:00:00+00:00,13498.0,13560.0,2017-11-08T07:00:00+00:00,2017-11-10T23:00:00+00:00,,,1288.38,1272.6801785714285,1319.7796428571432,2.0,1288.38,2.27928571428572,Bull flag after impulsive advance,rule_candidate,pending
flag__2017-11-13__0013583,flag,1,forming,bullish,0.5507089648574162,200.0,flag/images/forming/2017/11/flag__2017-11-13__0013583.png,,2017-11-13,13384,13583,2017-11-01T07:00:00+00:00,2017-11-13T23:00:00+00:00,13458.0,13583.0,2017-11-06T13:00:00+00:00,2017-11-13T23:00:00+00:00,,,1288.38,1272.8707142857143,1319.3985714285718,2.0,1288.38,1.5171428571428416,Bull flag after impulsive advance,rule_candidate,pending
flag__2017-11-14__0013606,flag,1,forming,bullish,0.6134854001258774,160.0,flag/images/forming/2017/11/flag__2017-11-14__0013606.png,,2017-11-14,13407,13606,2017-11-02T07:00:00+00:00,2017-11-14T23:00:00+00:00,13506.0,13606.0,2017-11-08T15:00:00+00:00,2017-11-14T23:00:00+00:00,,,1288.38,1269.016607142857,1327.1067857142862,2.0,1288.38,3.173571428571433,Bull flag after impulsive advance,rule_candidate,pending
flag__2017-11-15__0013629,flag,0,no_pattern,neutral,0.0,,flag/images/no_pattern/2017/11/flag__2017-11-15__0013629.png,,2017-11-15,13430,13629,2017-11-03T07:00:00+00:00,2017-11-15T23:00:00+00:00,,,,,,,,,,,,,No rule-based candidate at this daily endpoint,rule_candidate,pending
flag__2017-11-16__0013652,flag,0,no_pattern,neutral,0.0,,flag/images/no_pattern/2017/11/flag__2017-11-16__0013652.png,,2017-11-16,13453,13652,2017-11-06T08:00:00+00:00,2017-11-16T23:00:00+00:00,,,,,,,,,,,,,No rule-based candidate at this daily endpoint,rule_candidate,pending
flag__2017-11-17__0013675,flag,0,no_pattern,neutral,0.0,,flag/images/no_pattern/2017/11/flag__2017-11-17__0013675.png,,2017-11-17,13476,13675,2017-11-07T08:00:00+00:00,2017-11-17T23:00:00+00:00,,,,,,,,,,,,,No rule-based candidate at this daily endpoint,rule_candidate,pending
flag__2017-11-20__0013698,flag,0,no_pattern,neutral,0.0,,flag/images/no_pattern/2017/11/flag__2017-11-20__0013698.png,,2017-11-20,13499,13698,2017-11-08T08:00:00+00:00,2017-11-20T23:00:00+00:00,,,,,,,,,,,,,No rule-based candidate at this daily endpoint,rule_candidate,pending
flag__2017-11-21__0013721,flag,0,no_pattern,neutral,0.0,,flag/images/no_pattern/2017/11/flag__2017-11-21__0013721.png,,2017-11-21,13522,13721,2017-11-09T08:00:00+00:00,2017-11-21T23:00:00+00:00,,,,,,,,,,,,,No rule-based candidate at this daily endpoint,rule_candidate,pending
flag__2017-11-22__0013744,flag,1,forming,bullish,0.5428860358697979,160.0,flag/images/forming/2017/11/flag__2017-11-22__0013744.png,,2017-11-22,13545,13744,2017-11-10T08:00:00+00:00,2017-11-22T23:00:00+00:00,13644.0,13744.0,2017-11-16T15:00:00+00:00,2017-11-22T23:00:00+00:00,,,1295.24,1273.6530357142856,1338.4139285714289,2.0,1295.24,2.5078571428571683,Bull flag after impulsive advance,rule_candidate,pending
flag__2017-11-23__0013763,flag,1,forming,bullish,0.5308635444427547,48.0,flag/images/forming/2017/11/flag__2017-11-23__0013763.png,,2017-11-23,13564,13763,2017-11-13T04:00:00+00:00,2017-11-23T19:00:00+00:00,13734.0,13763.0,2017-11-22T13:00:00+00:00,2017-11-23T19:00:00+00:00,,,1294.54,1286.4182142857142,1310.7835714285716,2.0,1294.54,1.7671428571428254,Bull flag after impulsive advance,rule_candidate,pending
flag__2017-11-24__0013783,flag,1,forming,bullish,0.6559283217423434,48.0,flag/images/forming/2017/11/flag__2017-11-24__0013783.png,,2017-11-24,13584,13783,2017-11-14T01:00:00+00:00,2017-11-24T20:00:00+00:00,13754.0,13783.0,2017-11-23T10:00:00+00:00,2017-11-24T20:00:00+00:00,,,1293.08,1285.0498214285715,1309.1403571428568,2.0,1293.08,1.9207142857143253,Bull flag after impulsive advance,rule_candidate,pending
flag__2017-11-27__0013806,flag,0,no_pattern,neutral,0.0,,flag/images/no_pattern/2017/11/flag__2017-11-27__0013806.png,,2017-11-27,13607,13806,2017-11-15T01:00:00+00:00,2017-11-27T23:00:00+00:00,,,,,,,,,,,,,No rule-based candidate at this daily endpoint,rule_candidate,pending
flag__2017-11-28__0013829,flag,1,forming,bullish,0.5305876021870549,48.0,flag/images/forming/2017/11/flag__2017-11-28__0013829.png,,2017-11-28,13630,13829,2017-11-16T01:00:00+00:00,2017-11-28T23:00:00+00:00,13800.0,13829.0,2017-11-27T17:00:00+00:00,2017-11-28T23:00:00+00:00,,,1297.25,1289.7973214285714,1312.1553571428572,2.0,1297.25,2.8907142857142714,Bull flag after impulsive advance,rule_candidate,pending
flag__2017-11-29__0013852,flag,1,forming,bullish,0.5336742057981062,160.0,flag/images/forming/2017/11/flag__2017-11-29__0013852.png,,2017-11-29,13653,13852,2017-11-17T01:00:00+00:00,2017-11-29T23:00:00+00:00,13752.0,13852.0,2017-11-23T08:00:00+00:00,2017-11-29T23:00:00+00:00,,,1299.06,1281.1126785714284,1334.954642857143,2.0,1299.06,2.8692857142857195,Bull flag after impulsive advance,rule_candidate,pending
flag__2017-11-30__0013875,flag,0,no_pattern,neutral,0.0,,flag/images/no_pattern/2017/11/flag__2017-11-30__0013875.png,,2017-11-30,13676,13875,2017-11-20T01:00:00+00:00,2017-11-30T23:00:00+00:00,,,,,,,,,,,,,No rule-based candidate at this daily endpoint,rule_candidate,pending
flag__2017-12-01__0013898,flag,0,no_pattern,neutral,0.0,,flag/images/no_pattern/2017/12/flag__2017-12-01__0013898.png,,2017-12-01,13699,13898,2017-11-21T01:00:00+00:00,2017-12-01T23:00:00+00:00,,,,,,,,,,,,,No rule-based candidate at this daily endpoint,rule_candidate,pending
flag__2017-12-04__0013921,flag,0,no_pattern,neutral,0.0,,flag/images/no_pattern/2017/12/flag__2017-12-04__0013921.png,,2017-12-04,13722,13921,2017-11-22T01:00:00+00:00,2017-12-04T23:00:00+00:00,,,,,,,,,,,,,No rule-based candidate at this daily endpoint,rule_candidate,pending
flag__2017-12-05__0013944,flag,0,no_pattern,neutral,0.0,,flag/images/no_pattern/2017/12/flag__2017-12-05__0013944.png,,2017-12-05,13745,13944,2017-11-23T01:00:00+00:00,2017-12-05T23:00:00+00:00,,,,,,,,,,,,,No rule-based candidate at this daily endpoint,rule_candidate,pending
flag__2017-12-06__0013967,flag,0,no_pattern,neutral,0.0,,flag/images/no_pattern/2017/12/flag__2017-12-06__0013967.png,,2017-12-06,13768,13967,2017-11-24T05:00:00+00:00,2017-12-06T23:00:00+00:00,,,,,,,,,,,,,No rule-based candidate at this daily endpoint,rule_candidate,pending
flag__2017-12-07__0013990,flag,0,no_pattern,neutral,0.0,,flag/images/no_pattern/2017/12/flag__2017-12-07__0013990.png,,2017-12-07,13791,13990,2017-11-27T08:00:00+00:00,2017-12-07T23:00:00+00:00,,,,,,,,,,,,,No rule-based candidate at this daily endpoint,rule_candidate,pending
flag__2017-12-08__0014013,flag,0,no_pattern,neutral,0.0,,flag/images/no_pattern/2017/12/flag__2017-12-08__0014013.png,,2017-12-08,13814,14013,2017-11-28T08:00:00+00:00,2017-12-08T23:00:00+00:00,,,,,,,,,,,,,No rule-based candidate at this daily endpoint,rule_candidate,pending
flag__2017-12-11__0014036,flag,0,no_pattern,neutral,0.0,,flag/images/no_pattern/2017/12/flag__2017-12-11__0014036.png,,2017-12-11,13837,14036,2017-11-29T08:00:00+00:00,2017-12-11T23:00:00+00:00,,,,,,,,,,,,,No rule-based candidate at this daily endpoint,rule_candidate,pending
flag__2017-12-12__0014059,flag,0,no_pattern,neutral,0.0,,flag/images/no_pattern/2017/12/flag__2017-12-12__0014059.png,,2017-12-12,13860,14059,2017-11-30T08:00:00+00:00,2017-12-12T23:00:00+00:00,,,,,,,,,,,,,No rule-based candidate at this daily endpoint,rule_candidate,pending
flag__2017-12-13__0014082,flag,0,no_pattern,neutral,0.0,,flag/images/no_pattern/2017/12/flag__2017-12-13__0014082.png,,2017-12-13,13883,14082,2017-12-01T08:00:00+00:00,2017-12-13T23:00:00+00:00,,,,,,,,,,,,,No rule-based candidate at this daily endpoint,rule_candidate,pending
flag__2017-12-14__0014105,flag,1,forming,bullish,0.6209226982154172,48.0,flag/images/forming/2017/12/flag__2017-12-14__0014105.png,,2017-12-14,13906,14105,2017-12-04T08:00:00+00:00,2017-12-14T23:00:00+00:00,14076.0,14105.0,2017-12-13T17:00:00+00:00,2017-12-14T23:00:00+00:00,,,1258.91,1249.6687499999998,1277.3925000000006,2.0,1258.91,2.6850000000000103,Bull flag after impulsive advance,rule_candidate,pending
flag__2017-12-15__0014128,flag,1,forming,bullish,0.5300707589491923,100.0,flag/images/forming/2017/12/flag__2017-12-15__0014128.png,,2017-12-15,13929,14128,2017-12-05T08:00:00+00:00,2017-12-15T23:00:00+00:00,14066.0,14128.0,2017-12-13T07:00:00+00:00,2017-12-15T23:00:00+00:00,,,1261.72,1249.8162499999999,1285.5275000000004,2.0,1261.72,2.094999999999995,Bull flag after impulsive advance,rule_candidate,pending
flag__2017-12-18__0014151,flag,0,no_pattern,neutral,0.0,,flag/images/no_pattern/2017/12/flag__2017-12-18__0014151.png,,2017-12-18,13952,14151,2017-12-06T08:00:00+00:00,2017-12-18T23:00:00+00:00,,,,,,,,,,,,,No rule-based candidate at this daily endpoint,rule_candidate,pending
flag__2017-12-19__0014174,flag,1,forming,bullish,0.5455063167821684,48.0,flag/images/forming/2017/12/flag__2017-12-19__0014174.png,,2017-12-19,13975,14174,2017-12-07T08:00:00+00:00,2017-12-19T23:00:00+00:00,14145.0,14174.0,2017-12-18T17:00:00+00:00,2017-12-19T23:00:00+00:00,,,1265.08,1258.6441071428571,1277.9517857142855,2.0,1265.08,1.783571428571398,Bull flag after impulsive advance,rule_candidate,pending
flag__2017-12-20__0014197,flag,0,no_pattern,neutral,0.0,,flag/images/no_pattern/2017/12/flag__2017-12-20__0014197.png,,2017-12-20,13998,14197,2017-12-08T08:00:00+00:00,2017-12-20T23:00:00+00:00,,,,,,,,,,,,,No rule-based candidate at this daily endpoint,rule_candidate,pending
flag__2017-12-21__0014220,flag,1,forming,bullish,0.5325527034167692,48.0,flag/images/forming/2017/12/flag__2017-12-21__0014220.png,,2017-12-21,14021,14220,2017-12-11T08:00:00+00:00,2017-12-21T23:00:00+00:00,14191.0,14220.0,2017-12-20T17:00:00+00:00,2017-12-21T23:00:00+00:00,,,1268.85,1262.2289285714287,1282.0921428571423,2.0,1268.85,1.6442857142857292,Bull flag after impulsive advance,rule_candidate,pending
flag__2017-12-22__0014243,flag,0,no_pattern,neutral,0.0,,flag/images/no_pattern/2017/12/flag__2017-12-22__0014243.png,,2017-12-22,14044,14243,2017-12-12T08:00:00+00:00,2017-12-22T23:00:00+00:00,,,,,,,,,,,,,No rule-based candidate at this daily endpoint,rule_candidate,pending
flag__2017-12-26__0014258,flag,0,no_pattern,neutral,0.0,,flag/images/no_pattern/2017/12/flag__2017-12-26__0014258.png,,2017-12-26,14059,14258,2017-12-12T23:00:00+00:00,2017-12-26T23:00:00+00:00,,,,,,,,,,,,,No rule-based candidate at this daily endpoint,rule_candidate,pending
flag__2017-12-27__0014281,flag,0,no_pattern,neutral,0.0,,flag/images/no_pattern/2017/12/flag__2017-12-27__0014281.png,,2017-12-27,14082,14281,2017-12-13T23:00:00+00:00,2017-12-27T23:00:00+00:00,,,,,,,,,,,,,No rule-based candidate at this daily endpoint,rule_candidate,pending
flag__2017-12-28__0014304,flag,0,no_pattern,neutral,0.0,,flag/images/no_pattern/2017/12/flag__2017-12-28__0014304.png,,2017-12-28,14105,14304,2017-12-14T23:00:00+00:00,2017-12-28T23:00:00+00:00,,,,,,,,,,,,,No rule-based candidate at this daily endpoint,rule_candidate,pending
flag__2017-12-29__0014327,flag,0,no_pattern,neutral,0.0,,flag/images/no_pattern/2017/12/flag__2017-12-29__0014327.png,,2017-12-29,14128,14327,2017-12-15T23:00:00+00:00,2017-12-29T23:00:00+00:00,,,,,,,,,,,,,No rule-based candidate at this daily endpoint,rule_candidate,pending
flag__2018-01-02__0014342,flag,0,no_pattern,neutral,0.0,,flag/images/no_pattern/2018/01/flag__2018-01-02__0014342.png,,2018-01-02,14143,14342,2017-12-18T15:00:00+00:00,2018-01-02T23:00:00+00:00,,,,,,,,,,,,,No rule-based candidate at this daily endpoint,rule_candidate,pending
flag__2018-01-03__0014365,flag,1,forming,bullish,0.5323488854271456,48.0,flag/images/forming/2018/01/flag__2018-01-03__0014365.png,,2018-01-03,14166,14365,2017-12-19T15:00:00+00:00,2018-01-03T23:00:00+00:00,14336.0,14365.0,2018-01-02T17:00:00+00:00,2018-01-03T23:00:00+00:00,,,1321.15,1306.580357142857,1350.289285714286,2.0,1321.15,2.758571428571421,Bull flag after impulsive advance,rule_candidate,pending
flag__2018-01-04__0014388,flag,0,no_pattern,neutral,0.0,,flag/images/no_pattern/2018/01/flag__2018-01-04__0014388.png,,2018-01-04,14189,14388,2017-12-20T15:00:00+00:00,2018-01-04T23:00:00+00:00,,,,,,,,,,,,,No rule-based candidate at this daily endpoint,rule_candidate,pending
flag__2018-01-05__0014411,flag,1,forming,bullish,0.5544203953681888,64.0,flag/images/forming/2018/01/flag__2018-01-05__0014411.png,,2018-01-05,14212,14411,2017-12-21T15:00:00+00:00,2018-01-05T23:00:00+00:00,14372.0,14411.0,2018-01-04T07:00:00+00:00,2018-01-05T23:00:00+00:00,,,1325.88,1312.8255357142857,1351.988928571429,2.0,1325.88,2.737857142857154,Bull flag after impulsive advance,rule_candidate,pending
flag__2018-01-08__0014434,flag,1,forming,bullish,0.5594162813335484,64.0,flag/images/forming/2018/01/flag__2018-01-08__0014434.png,,2018-01-08,14235,14434,2017-12-22T15:00:00+00:00,2018-01-08T23:00:00+00:00,14395.0,14434.0,2018-01-05T07:00:00+00:00,2018-01-08T23:00:00+00:00,,,1321.97,1314.1244642857143,1337.6610714285714,2.0,1321.97,2.1821428571428703,Bull flag after impulsive advance,rule_candidate,pending
flag__2018-01-09__0014457,flag,1,forming,bullish,0.6449503549182429,120.0,flag/images/forming/2018/01/flag__2018-01-09__0014457.png,,2018-01-09,14258,14457,2017-12-26T23:00:00+00:00,2018-01-09T23:00:00+00:00,14382.0,14457.0,2018-01-04T17:00:00+00:00,2018-01-09T23:00:00+00:00,,,1321.97,1308.0314285714287,1349.8471428571427,2.0,1321.97,2.5142857142857014,Bull flag after impulsive advance,rule_candidate,pending
flag__2018-01-10__0014480,flag,1,forming,bullish,0.5771738092043848,200.0,flag/images/forming/2018/01/flag__2018-01-10__0014480.png,,2018-01-10,14281,14480,2017-12-27T23:00:00+00:00,2018-01-10T23:00:00+00:00,14355.0,14480.0,2018-01-03T13:00:00+00:00,2018-01-10T23:00:00+00:00,,,1327.58,1307.1325,1368.475,2.0,1327.58,3.8300000000000085,Bull flag after impulsive advance,rule_candidate,pending
flag__2018-01-11__0014503,flag,0,no_pattern,neutral,0.0,,flag/images/no_pattern/2018/01/flag__2018-01-11__0014503.png,,2018-01-11,14304,14503,2017-12-28T23:00:00+00:00,2018-01-11T23:00:00+00:00,,,,,,,,,,,,,No rule-based candidate at this daily endpoint,rule_candidate,pending
flag__2018-01-12__0014526,flag,0,no_pattern,neutral,0.0,,flag/images/no_pattern/2018/01/flag__2018-01-12__0014526.png,,2018-01-12,14327,14526,2017-12-29T23:00:00+00:00,2018-01-12T23:00:00+00:00,,,,,,,,,,,,,No rule-based candidate at this daily endpoint,rule_candidate,pending
flag__2018-01-15__0014545,flag,0,no_pattern,neutral,0.0,,flag/images/no_pattern/2018/01/flag__2018-01-15__0014545.png,,2018-01-15,14346,14545,2018-01-03T04:00:00+00:00,2018-01-15T19:00:00+00:00,,,,,,,,,,,,,No rule-based candidate at this daily endpoint,rule_candidate,pending
flag__2018-01-16__0014568,flag,1,forming,bullish,0.6432335510265084,80.0,flag/images/forming/2018/01/flag__2018-01-16__0014568.png,,2018-01-16,14369,14568,2018-01-04T04:00:00+00:00,2018-01-16T23:00:00+00:00,14519.0,14568.0,2018-01-12T16:00:00+00:00,2018-01-16T23:00:00+00:00,,,1344.56,1330.9773214285715,1371.7253571428569,2.0,1344.56,2.8507142857142753,Bull flag after impulsive advance,rule_candidate,pending
flag__2018-01-17__0014591,flag,1,forming,bullish,0.5813630122359936,100.0,flag/images/forming/2018/01/flag__2018-01-17__0014591.png,,2018-01-17,14392,14591,2018-01-05T04:00:00+00:00,2018-01-17T23:00:00+00:00,14529.0,14591.0,2018-01-15T03:00:00+00:00,2018-01-17T23:00:00+00:00,,,1343.82,1324.945,1381.57,2.0,1343.82,3.579999999999976,Bull flag after impulsive advance,rule_candidate,pending
flag__2018-01-18__0014614,flag,1,forming,bullish,0.6666719531275236,160.0,flag/images/forming/2018/01/flag__2018-01-18__0014614.png,,2018-01-18,14415,14614,2018-01-08T04:00:00+00:00,2018-01-18T23:00:00+00:00,14514.0,14614.0,2018-01-12T11:00:00+00:00,2018-01-18T23:00:00+00:00,,,1343.82,1323.3723214285712,1384.7153571428573,2.0,1343.82,2.8307142857143424,Bull flag after impulsive advance,rule_candidate,pending
flag__2018-01-19__0014637,flag,1,forming,bullish,0.5866159049459502,200.0,flag/images/forming/2018/01/flag__2018-01-19__0014637.png,,2018-01-19,14438,14637,2018-01-09T04:00:00+00:00,2018-01-19T23:00:00+00:00,14512.0,14637.0,2018-01-12T09:00:00+00:00,2018-01-19T23:00:00+00:00,,,1343.82,1323.5460714285714,1384.367857142857,2.0,1343.82,2.1357142857143083,Bull flag after impulsive advance,rule_candidate,pending
flag__2018-01-22__0014660,flag,1,forming,bullish,0.5313167883650244,200.0,flag/images/forming/2018/01/flag__2018-01-22__0014660.png,,2018-01-22,14461,14660,2018-01-10T04:00:00+00:00,2018-01-22T23:00:00+00:00,14535.0,14660.0,2018-01-15T09:00:00+00:00,2018-01-22T23:00:00+00:00,,,1343.82,1323.5005357142857,1384.4589285714285,2.0,1343.82,2.317857142857146,Bull flag after impulsive advance,rule_candidate,pending
flag__2018-01-23__0014683,flag,0,no_pattern,neutral,0.0,,flag/images/no_pattern/2018/01/flag__2018-01-23__0014683.png,,2018-01-23,14484,14683,2018-01-11T04:00:00+00:00,2018-01-23T23:00:00+00:00,,,,,,,,,,,,,No rule-based candidate at this daily endpoint,rule_candidate,pending
flag__2018-01-24__0014706,flag,0,no_pattern,neutral,0.0,,flag/images/no_pattern/2018/01/flag__2018-01-24__0014706.png,,2018-01-24,14507,14706,2018-01-12T04:00:00+00:00,2018-01-24T23:00:00+00:00,,,,,,,,,,,,,No rule-based candidate at this daily endpoint,rule_candidate,pending
flag__2018-01-25__0014729,flag,1,forming,bullish,0.6045036442972713,48.0,flag/images/forming/2018/01/flag__2018-01-25__0014729.png,,2018-01-25,14530,14729,2018-01-15T04:00:00+00:00,2018-01-25T23:00:00+00:00,14700.0,14729.0,2018-01-24T17:00:00+00:00,2018-01-25T23:00:00+00:00,,,1365.89,1341.0933928571428,1415.4832142857147,2.0,1365.89,4.866428571428612,Bull flag after impulsive advance,rule_candidate,pending
flag__2018-01-26__0014752,flag,1,forming,bullish,0.6321334311438481,100.0,flag/images/forming/2018/01/flag__2018-01-26__0014752.png,,2018-01-26,14553,14752,2018-01-16T08:00:00+00:00,2018-01-26T23:00:00+00:00,14690.0,14752.0,2018-01-24T07:00:00+00:00,2018-01-26T23:00:00+00:00,,,1365.89,1341.5326785714285,1414.6046428571433,2.0,1365.89,3.1092857142857286,Bull flag after impulsive advance,rule_candidate,pending
flag__2018-01-29__0014775,flag,1,forming,bullish,0.6847285803314197,100.0,flag/images/forming/2018/01/flag__2018-01-29__0014775.png,,2018-01-29,14576,14775,2018-01-17T08:00:00+00:00,2018-01-29T23:00:00+00:00,14713.0,14775.0,2018-01-25T07:00:00+00:00,2018-01-29T23:00:00+00:00,,,1357.0,1336.7742857142857,1397.4514285714286,2.0,1357.0,2.9028571428571177,Bull flag after impulsive advance,rule_candidate,pending
flag__2018-01-30__0014798,flag,1,forming,bullish,0.665788007774715,160.0,flag/images/forming/2018/01/flag__2018-01-30__0014798.png,,2018-01-30,14599,14798,2018-01-18T08:00:00+00:00,2018-01-30T23:00:00+00:00,14698.0,14798.0,2018-01-24T15:00:00+00:00,2018-01-30T23:00:00+00:00,,,1360.9,1333.4208928571427,1415.858214285715,2.0,1360.9,3.7164285714285206,Bull flag after impulsive advance,rule_candidate,pending
flag__2018-01-31__0014821,flag,1,forming,bullish,0.6386088619538246,200.0,flag/images/forming/2018/01/flag__2018-01-31__0014821.png,,2018-01-31,14622,14821,2018-01-19T08:00:00+00:00,2018-01-31T23:00:00+00:00,14696.0,14821.0,2018-01-24T13:00:00+00:00,2018-01-31T23:00:00+00:00,,,1357.0,1331.7758928571427,1407.4482142857146,2.0,1357.0,3.1364285714285773,Bull flag after impulsive advance,rule_candidate,pending
flag__2018-02-01__0014844,flag,1,forming,bullish,0.5322962172110898,200.0,flag/images/forming/2018/02/flag__2018-02-01__0014844.png,,2018-02-01,14645,14844,2018-01-22T08:00:00+00:00,2018-02-01T23:00:00+00:00,14719.0,14844.0,2018-01-25T13:00:00+00:00,2018-02-01T23:00:00+00:00,,,1351.51,1331.7760714285714,1390.9778571428571,2.0,1351.51,3.1357142857142923,Bull flag after impulsive advance,rule_candidate,pending
flag__2018-02-02__0014867,flag,0,no_pattern,neutral,0.0,,flag/images/no_pattern/2018/02/flag__2018-02-02__0014867.png,,2018-02-02,14668,14867,2018-01-23T08:00:00+00:00,2018-02-02T23:00:00+00:00,,,,,,,,,,,,,No rule-based candidate at this daily endpoint,rule_candidate,pending
flag__2018-02-05__0014890,flag,0,no_pattern,neutral,0.0,,flag/images/no_pattern/2018/02/flag__2018-02-05__0014890.png,,2018-02-05,14691,14890,2018-01-24T08:00:00+00:00,2018-02-05T23:00:00+00:00,,,,,,,,,,,,,No rule-based candidate at this daily endpoint,rule_candidate,pending
flag__2018-02-06__0014913,flag,0,no_pattern,neutral,0.0,,flag/images/no_pattern/2018/02/flag__2018-02-06__0014913.png,,2018-02-06,14714,14913,2018-01-25T08:00:00+00:00,2018-02-06T23:00:00+00:00,,,,,,,,,,,,,No rule-based candidate at this daily endpoint,rule_candidate,pending
flag__2018-02-07__0014936,flag,0,no_pattern,neutral,0.0,,flag/images/no_pattern/2018/02/flag__2018-02-07__0014936.png,,2018-02-07,14737,14936,2018-01-26T08:00:00+00:00,2018-02-07T23:00:00+00:00,,,,,,,,,,,,,No rule-based candidate at this daily endpoint,rule_candidate,pending
flag__2018-02-08__0014959,flag,0,no_pattern,neutral,0.0,,flag/images/no_pattern/2018/02/flag__2018-02-08__0014959.png,,2018-02-08,14760,14959,2018-01-29T08:00:00+00:00,2018-02-08T23:00:00+00:00,,,,,,,,,,,,,No rule-based candidate at this daily endpoint,rule_candidate,pending
flag__2018-02-09__0014982,flag,0,no_pattern,neutral,0.0,,flag/images/no_pattern/2018/02/flag__2018-02-09__0014982.png,,2018-02-09,14783,14982,2018-01-30T08:00:00+00:00,2018-02-09T23:00:00+00:00,,,,,,,,,,,,,No rule-based candidate at this daily endpoint,rule_candidate,pending
flag__2018-02-12__0015005,flag,0,no_pattern,neutral,0.0,,flag/images/no_pattern/2018/02/flag__2018-02-12__0015005.png,,2018-02-12,14806,15005,2018-01-31T08:00:00+00:00,2018-02-12T23:00:00+00:00,,,,,,,,,,,,,No rule-based candidate at this daily endpoint,rule_candidate,pending
flag__2018-02-13__0015028,flag,0,no_pattern,neutral,0.0,,flag/images/no_pattern/2018/02/flag__2018-02-13__0015028.png,,2018-02-13,14829,15028,2018-02-01T08:00:00+00:00,2018-02-13T23:00:00+00:00,,,,,,,,,,,,,No rule-based candidate at this daily endpoint,rule_candidate,pending
flag__2018-02-14__0015051,flag,0,no_pattern,neutral,0.0,,flag/images/no_pattern/2018/02/flag__2018-02-14__0015051.png,,2018-02-14,14852,15051,2018-02-02T08:00:00+00:00,2018-02-14T23:00:00+00:00,,,,,,,,,,,,,No rule-based candidate at this daily endpoint,rule_candidate,pending
flag__2018-02-15__0015074,flag,1,forming,bullish,0.5335156047920696,48.0,flag/images/forming/2018/02/flag__2018-02-15__0015074.png,,2018-02-15,14875,15074,2018-02-05T08:00:00+00:00,2018-02-15T23:00:00+00:00,15045.0,15074.0,2018-02-14T17:00:00+00:00,2018-02-15T23:00:00+00:00,,,1357.06,1347.74,1381.8,2.6545064377682595,1357.06,2.9599999999999875,Bull flag after impulsive advance,rule_candidate,pending
flag__2018-02-16__0015097,flag,1,forming,bullish,0.5405149951221417,64.0,flag/images/forming/2018/02/flag__2018-02-16__0015097.png,,2018-02-16,14898,15097,2018-02-06T08:00:00+00:00,2018-02-16T23:00:00+00:00,15058.0,15097.0,2018-02-15T07:00:00+00:00,2018-02-16T23:00:00+00:00,,,1361.61,1343.8375,1397.1549999999995,2.0,1361.61,3.329999999999992,Bull flag after impulsive advance,rule_candidate,pending
flag__2018-02-19__0015116,flag,1,forming,bullish,0.6828087791495051,80.0,flag/images/forming/2018/02/flag__2018-02-19__0015116.png,,2018-02-19,14917,15116,2018-02-07T04:00:00+00:00,2018-02-19T19:00:00+00:00,15067.0,15116.0,2018-02-15T16:00:00+00:00,2018-02-19T19:00:00+00:00,,,1361.61,1344.2067857142858,1396.416428571428,2.0,1361.61,1.8528571428571305,Bull flag after impulsive advance,rule_candidate,pending
flag__2018-02-20__0015139,flag,1,forming,bullish,0.6929350701039383,160.0,flag/images/forming/2018/02/flag__2018-02-20__0015139.png,,2018-02-20,14940,15139,2018-02-08T04:00:00+00:00,2018-02-20T23:00:00+00:00,15039.0,15139.0,2018-02-14T11:00:00+00:00,2018-02-20T23:00:00+00:00,,,1361.61,1327.4282142857141,1429.9735714285714,2.0,1361.61,3.607142857142922,Bull flag after impulsive advance,rule_candidate,pending
flag__2018-02-21__0015162,flag,0,no_pattern,neutral,0.0,,flag/images/no_pattern/2018/02/flag__2018-02-21__0015162.png,,2018-02-21,14963,15162,2018-02-09T04:00:00+00:00,2018-02-21T23:00:00+00:00,,,,,,,,,,,,,No rule-based candidate at this daily endpoint,rule_candidate,pending
flag__2018-02-22__0015185,flag,0,no_pattern,neutral,0.0,,flag/images/no_pattern/2018/02/flag__2018-02-22__0015185.png,,2018-02-22,14986,15185,2018-02-12T04:00:00+00:00,2018-02-22T23:00:00+00:00,,,,,,,,,,,,,No rule-based candidate at this daily endpoint,rule_candidate,pending
flag__2018-02-23__0015208,flag,1,forming,bullish,0.5893280311339223,200.0,flag/images/forming/2018/02/flag__2018-02-23__0015208.png,,2018-02-23,15009,15208,2018-02-13T04:00:00+00:00,2018-02-23T23:00:00+00:00,15083.0,15208.0,2018-02-16T09:00:00+00:00,2018-02-23T23:00:00+00:00,,,1343.82,1320.3169642857142,1390.8260714285714,2.0,1343.82,2.1321428571428993,Bull flag after impulsive advance,rule_candidate,pending
flag__2018-02-26__0015231,flag,0,no_pattern,neutral,0.0,,flag/images/no_pattern/2018/02/flag__2018-02-26__0015231.png,,2018-02-26,15032,15231,2018-02-14T04:00:00+00:00,2018-02-26T23:00:00+00:00,,,,,,,,,,,,,No rule-based candidate at this daily endpoint,rule_candidate,pending
flag__2018-02-27__0015254,flag,0,no_pattern,neutral,0.0,,flag/images/no_pattern/2018/02/flag__2018-02-27__0015254.png,,2018-02-27,15055,15254,2018-02-15T04:00:00+00:00,2018-02-27T23:00:00+00:00,,,,,,,,,,,,,No rule-based candidate at this daily endpoint,rule_candidate,pending
flag__2018-02-28__0015277,flag,0,no_pattern,neutral,0.0,,flag/images/no_pattern/2018/02/flag__2018-02-28__0015277.png,,2018-02-28,15078,15277,2018-02-16T04:00:00+00:00,2018-02-28T23:00:00+00:00,,,,,,,,,,,,,No rule-based candidate at this daily endpoint,rule_candidate,pending
flag__2018-03-01__0015300,flag,0,no_pattern,neutral,0.0,,flag/images/no_pattern/2018/03/flag__2018-03-01__0015300.png,,2018-03-01,15101,15300,2018-02-19T04:00:00+00:00,2018-03-01T23:00:00+00:00,,,,,,,,,,,,,No rule-based candidate at this daily endpoint,rule_candidate,pending
flag__2018-03-02__0015323,flag,0,no_pattern,neutral,0.0,,flag/images/no_pattern/2018/03/flag__2018-03-02__0015323.png,,2018-03-02,15124,15323,2018-02-20T08:00:00+00:00,2018-03-02T23:00:00+00:00,,,,,,,,,,,,,No rule-based candidate at this daily endpoint,rule_candidate,pending
flag__2018-03-05__0015346,flag,1,forming,bullish,0.680956125479556,48.0,flag/images/forming/2018/03/flag__2018-03-05__0015346.png,,2018-03-05,15147,15346,2018-02-21T08:00:00+00:00,2018-03-05T23:00:00+00:00,15317.0,15346.0,2018-03-02T17:00:00+00:00,2018-03-05T23:00:00+00:00,,,1327.66,1316.8980357142857,1349.1839285714289,2.0,1327.66,2.1278571428571404,Bull flag after impulsive advance,rule_candidate,pending
flag__2018-03-06__0015369,flag,0,no_pattern,neutral,0.0,,flag/images/no_pattern/2018/03/flag__2018-03-06__0015369.png,,2018-03-06,15170,15369,2018-02-22T08:00:00+00:00,2018-03-06T23:00:00+00:00,,,,,,,,,,,,,No rule-based candidate at this daily endpoint,rule_candidate,pending
flag__2018-03-07__0015392,flag,1,forming,bullish,0.7046196643231989,48.0,flag/images/forming/2018/03/flag__2018-03-07__0015392.png,,2018-03-07,15193,15392,2018-02-23T08:00:00+00:00,2018-03-07T23:00:00+00:00,15363.0,15392.0,2018-03-06T17:00:00+00:00,2018-03-07T23:00:00+00:00,,,1340.29,1321.3648214285713,1378.1403571428573,2.0,1340.29,2.740714285714278,Bull flag after impulsive advance,rule_candidate,pending
flag__2018-03-08__0015415,flag,1,forming,bullish,0.6952970017152906,120.0,flag/images/forming/2018/03/flag__2018-03-08__0015415.png,,2018-03-08,15216,15415,2018-02-26T08:00:00+00:00,2018-03-08T23:00:00+00:00,15340.0,15415.0,2018-03-05T17:00:00+00:00,2018-03-08T23:00:00+00:00,,,1340.37,1318.3335714285715,1384.4428571428566,2.0,1340.37,2.465714285714301,Bull flag after impulsive advance,rule_candidate,pending
flag__2018-03-09__0015438,flag,1,forming,bullish,0.6822565044374377,160.0,flag/images/forming/2018/03/flag__2018-03-09__0015438.png,,2018-03-09,15239,15438,2018-02-27T08:00:00+00:00,2018-03-09T23:00:00+00:00,15338.0,15438.0,2018-03-05T15:00:00+00:00,2018-03-09T23:00:00+00:00,,,1340.37,1312.0676785714286,1396.9746428571425,2.0,1340.37,2.8892857142857014,Bull flag after impulsive advance,rule_candidate,pending
flag__2018-03-12__0015461,flag,1,forming,bullish,0.6464518254836724,200.0,flag/images/forming/2018/03/flag__2018-03-12__0015461.png,,2018-03-12,15262,15461,2018-02-28T08:00:00+00:00,2018-03-12T22:00:00+00:00,15336.0,15461.0,2018-03-05T13:00:00+00:00,2018-03-12T22:00:00+00:00,,,1336.62,1312.205357142857,1385.4492857142855,2.0,1336.62,2.338571428571413,Bull flag after impulsive advance,rule_candidate,pending
flag__2018-03-13__0015484,flag,1,forming,bullish,0.5332199119390769,200.0,flag/images/forming/2018/03/flag__2018-03-13__0015484.png,,2018-03-13,15285,15484,2018-03-01T08:00:00+00:00,2018-03-13T22:00:00+00:00,15359.0,15484.0,2018-03-06T13:00:00+00:00,2018-03-13T22:00:00+00:00,,,1328.92,1311.9464285714284,1362.8671428571433,2.0,1328.92,3.374285714285715,Bull flag after impulsive advance,rule_candidate,pending
flag__2018-03-14__0015507,flag,0,no_pattern,neutral,0.0,,flag/images/no_pattern/2018/03/flag__2018-03-14__0015507.png,,2018-03-14,15308,15507,2018-03-02T08:00:00+00:00,2018-03-14T22:00:00+00:00,,,,,,,,,,,,,No rule-based candidate at this daily endpoint,rule_candidate,pending
flag__2018-03-15__0015530,flag,0,no_pattern,neutral,0.0,,flag/images/no_pattern/2018/03/flag__2018-03-15__0015530.png,,2018-03-15,15331,15530,2018-03-05T08:00:00+00:00,2018-03-15T22:00:00+00:00,,,,,,,,,,,,,No rule-based candidate at this daily endpoint,rule_candidate,pending
flag__2018-03-16__0015553,flag,0,no_pattern,neutral,0.0,,flag/images/no_pattern/2018/03/flag__2018-03-16__0015553.png,,2018-03-16,15354,15553,2018-03-06T08:00:00+00:00,2018-03-16T22:00:00+00:00,,,,,,,,,,,,,No rule-based candidate at this daily endpoint,rule_candidate,pending
flag__2018-03-19__0015576,flag,0,no_pattern,neutral,0.0,,flag/images/no_pattern/2018/03/flag__2018-03-19__0015576.png,,2018-03-19,15377,15576,2018-03-07T08:00:00+00:00,2018-03-19T22:00:00+00:00,,,,,,,,,,,,,No rule-based candidate at this daily endpoint,rule_candidate,pending
flag__2018-03-20__0015599,flag,0,no_pattern,neutral,0.0,,flag/images/no_pattern/2018/03/flag__2018-03-20__0015599.png,,2018-03-20,15400,15599,2018-03-08T08:00:00+00:00,2018-03-20T22:00:00+00:00,,,,,,,,,,,,,No rule-based candidate at this daily endpoint,rule_candidate,pending
flag__2018-03-21__0015622,flag,0,no_pattern,neutral,0.0,,flag/images/no_pattern/2018/03/flag__2018-03-21__0015622.png,,2018-03-21,15423,15622,2018-03-09T08:00:00+00:00,2018-03-21T22:00:00+00:00,,,,,,,,,,,,,No rule-based candidate at this daily endpoint,rule_candidate,pending
flag__2018-03-22__0015645,flag,1,forming,bullish,0.6308187558517884,48.0,flag/images/forming/2018/03/flag__2018-03-22__0015645.png,,2018-03-22,15446,15645,2018-03-12T07:00:00+00:00,2018-03-22T22:00:00+00:00,15616.0,15645.0,2018-03-21T16:00:00+00:00,2018-03-22T22:00:00+00:00,,,1334.85,1323.9382142857144,1356.673571428571,2.0,1334.85,2.967142857142822,Bull flag after impulsive advance,rule_candidate,pending
flag__2018-03-23__0015668,flag,0,no_pattern,neutral,0.0,,flag/images/no_pattern/2018/03/flag__2018-03-23__0015668.png,,2018-03-23,15469,15668,2018-03-13T07:00:00+00:00,2018-03-23T22:00:00+00:00,,,,,,,,,,,,,No rule-based candidate at this daily endpoint,rule_candidate,pending
flag__2018-03-26__0015691,flag,0,no_pattern,neutral,0.0,,flag/images/no_pattern/2018/03/flag__2018-03-26__0015691.png,,2018-03-26,15492,15691,2018-03-14T07:00:00+00:00,2018-03-26T23:00:00+00:00,,,,,,,,,,,,,No rule-based candidate at this daily endpoint,rule_candidate,pending
flag__2018-03-27__0015714,flag,1,forming,bullish,0.5954158141203969,80.0,flag/images/forming/2018/03/flag__2018-03-27__0015714.png,,2018-03-27,15515,15714,2018-03-15T07:00:00+00:00,2018-03-27T23:00:00+00:00,15665.0,15714.0,2018-03-23T19:00:00+00:00,2018-03-27T23:00:00+00:00,,,1356.74,1338.986607142857,1392.2467857142858,2.0,1356.74,2.8135714285714193,Bull flag after impulsive advance,rule_candidate,pending
flag__2018-03-28__0015737,flag,0,no_pattern,neutral,0.0,,flag/images/no_pattern/2018/03/flag__2018-03-28__0015737.png,,2018-03-28,15538,15737,2018-03-16T07:00:00+00:00,2018-03-28T23:00:00+00:00,,,,,,,,,,,,,No rule-based candidate at this daily endpoint,rule_candidate,pending
flag__2018-03-29__0015760,flag,1,forming,bullish,0.689026241023567,200.0,flag/images/forming/2018/03/flag__2018-03-29__0015760.png,,2018-03-29,15561,15760,2018-03-19T07:00:00+00:00,2018-03-29T23:00:00+00:00,15635.0,15760.0,2018-03-22T12:00:00+00:00,2018-03-29T23:00:00+00:00,,,1356.74,1320.5608928571428,1429.0982142857144,2.0,1356.74,2.236428571428616,Bull flag after impulsive advance,rule_candidate,pending
flag__2018-04-02__0015783,flag,1,forming,bullish,0.613003287660263,200.0,flag/images/forming/2018/04/flag__2018-04-02__0015783.png,,2018-04-02,15584,15783,2018-03-20T07:00:00+00:00,2018-04-02T23:00:00+00:00,15658.0,15783.0,2018-03-23T12:00:00+00:00,2018-04-02T23:00:00+00:00,,,1356.74,1320.4544642857143,1429.3110714285715,2.0,1356.74,2.662142857142872,Bull flag after impulsive advance,rule_candidate,pending
flag__2018-04-03__0015806,flag,1,forming,bullish,0.6812002069100942,48.0,flag/images/forming/2018/04/flag__2018-04-03__0015806.png,,2018-04-03,15607,15806,2018-03-21T07:00:00+00:00,2018-04-03T23:00:00+00:00,15777.0,15806.0,2018-04-02T17:00:00+00:00,2018-04-03T23:00:00+00:00,,,1342.38,1328.0532142857141,1371.033571428572,2.0,1342.38,2.9071428571428606,Bull flag after impulsive advance,rule_candidate,pending
flag__2018-04-04__0015829,flag,0,no_pattern,neutral,0.0,,flag/images/no_pattern/2018/04/flag__2018-04-04__0015829.png,,2018-04-04,15630,15829,2018-03-22T07:00:00+00:00,2018-04-04T23:00:00+00:00,,,,,,,,,,,,,No rule-based candidate at this daily endpoint,rule_candidate,pending
flag__2018-04-05__0015852,flag,1,forming,bullish,0.6413162452543055,100.0,flag/images/forming/2018/04/flag__2018-04-05__0015852.png,,2018-04-05,15653,15852,2018-03-23T07:00:00+00:00,2018-04-05T23:00:00+00:00,15790.0,15852.0,2018-04-03T07:00:00+00:00,2018-04-05T23:00:00+00:00,,,1348.16,1321.958392857143,1400.5632142857141,2.0,1348.16,2.7664285714285564,Bull flag after impulsive advance,rule_candidate,pending
flag__2018-04-06__0015875,flag,1,forming,bullish,0.5561453185029771,120.0,flag/images/forming/2018/04/flag__2018-04-06__0015875.png,,2018-04-06,15676,15875,2018-03-26T08:00:00+00:00,2018-04-06T23:00:00+00:00,15800.0,15875.0,2018-04-03T17:00:00+00:00,2018-04-06T23:00:00+00:00,,,1347.46,1318.7619642857142,1404.8560714285718,2.0,1347.46,3.4321428571428703,Bull flag after impulsive advance,rule_candidate,pending
flag__2018-04-09__0015898,flag,0,no_pattern,neutral,0.0,,flag/images/no_pattern/2018/04/flag__2018-04-09__0015898.png,,2018-04-09,15699,15898,2018-03-27T08:00:00+00:00,2018-04-09T23:00:00+00:00,,,,,,,,,,,,,No rule-based candidate at this daily endpoint,rule_candidate,pending
flag__2018-04-10__0015921,flag,0,no_pattern,neutral,0.0,,flag/images/no_pattern/2018/04/flag__2018-04-10__0015921.png,,2018-04-10,15722,15921,2018-03-28T08:00:00+00:00,2018-04-10T23:00:00+00:00,,,,,,,,,,,,,No rule-based candidate at this daily endpoint,rule_candidate,pending
flag__2018-04-11__0015944,flag,0,no_pattern,neutral,0.0,,flag/images/no_pattern/2018/04/flag__2018-04-11__0015944.png,,2018-04-11,15745,15944,2018-03-29T08:00:00+00:00,2018-04-11T23:00:00+00:00,,,,,,,,,,,,,No rule-based candidate at this daily endpoint,rule_candidate,pending
flag__2018-04-12__0015967,flag,1,forming,bullish,0.6348633471387513,80.0,flag/images/forming/2018/04/flag__2018-04-12__0015967.png,,2018-04-12,15768,15967,2018-04-02T08:00:00+00:00,2018-04-12T23:00:00+00:00,15918.0,15967.0,2018-04-10T20:00:00+00:00,2018-04-12T23:00:00+00:00,,,1365.14,1332.7244642857145,1429.9710714285713,2.0,1365.14,3.662142857142872,Bull flag after impulsive advance,rule_candidate,pending
flag__2018-04-13__0015990,flag,1,forming,bullish,0.6266312657674213,120.0,flag/images/forming/2018/04/flag__2018-04-13__0015990.png,,2018-04-13,15791,15990,2018-04-03T08:00:00+00:00,2018-04-13T23:00:00+00:00,15915.0,15990.0,2018-04-10T17:00:00+00:00,2018-04-13T23:00:00+00:00,,,1365.14,1332.4164285714287,1430.587142857143,2.0,1365.14,3.054285714285714,Bull flag after impulsive advance,rule_candidate,pending
flag__2018-04-16__0016013,flag,1,forming,bullish,0.5382380443930773,200.0,flag/images/forming/2018/04/flag__2018-04-16__0016013.png,,2018-04-16,15814,16013,2018-04-04T08:00:00+00:00,2018-04-16T23:00:00+00:00,15888.0,16013.0,2018-04-09T13:00:00+00:00,2018-04-16T23:00:00+00:00,,,1365.14,1332.607142857143,1430.2057142857145,2.0,1365.14,2.2914285714286313,Bull flag after impulsive advance,rule_candidate,pending
flag__2018-04-17__0016036,flag,1,forming,bullish,0.5579801304718858,64.0,flag/images/forming/2018/04/flag__2018-04-17__0016036.png,,2018-04-17,15837,16036,2018-04-05T08:00:00+00:00,2018-04-17T23:00:00+00:00,15997.0,16036.0,2018-04-16T07:00:00+00:00,2018-04-17T23:00:00+00:00,,,1349.32,1336.8562499999998,1374.2475000000002,2.0,1349.32,2.934999999999978,Bull flag after impulsive advance,rule_candidate,pending
flag__2018-04-18__0016059,flag,0,no_pattern,neutral,0.0,,flag/images/no_pattern/2018/04/flag__2018-04-18__0016059.png,,2018-04-18,15860,16059,2018-04-06T08:00:00+00:00,2018-04-18T23:00:00+00:00,,,,,,,,,,,,,No rule-based candidate at this daily endpoint,rule_candidate,pending
flag__2018-04-19__0016082,flag,0,no_pattern,neutral,0.0,,flag/images/no_pattern/2018/04/flag__2018-04-19__0016082.png,,2018-04-19,15883,16082,2018-04-09T08:00:00+00:00,2018-04-19T23:00:00+00:00,,,,,,,,,,,,,No rule-based candidate at this daily endpoint,rule_candidate,pending
flag__2018-04-20__0016105,flag,0,no_pattern,neutral,0.0,,flag/images/no_pattern/2018/04/flag__2018-04-20__0016105.png,,2018-04-20,15906,16105,2018-04-10T08:00:00+00:00,2018-04-20T23:00:00+00:00,,,,,,,,,,,,,No rule-based candidate at this daily endpoint,rule_candidate,pending
flag__2018-04-23__0016128,flag,0,no_pattern,neutral,0.0,,flag/images/no_pattern/2018/04/flag__2018-04-23__0016128.png,,2018-04-23,15929,16128,2018-04-11T08:00:00+00:00,2018-04-23T23:00:00+00:00,,,,,,,,,,,,,No rule-based candidate at this daily endpoint,rule_candidate,pending
flag__2018-04-24__0016151,flag,0,no_pattern,neutral,0.0,,flag/images/no_pattern/2018/04/flag__2018-04-24__0016151.png,,2018-04-24,15952,16151,2018-04-12T08:00:00+00:00,2018-04-24T23:00:00+00:00,,,,,,,,,,,,,No rule-based candidate at this daily endpoint,rule_candidate,pending
flag__2018-04-25__0016174,flag,0,no_pattern,neutral,0.0,,flag/images/no_pattern/2018/04/flag__2018-04-25__0016174.png,,2018-04-25,15975,16174,2018-04-13T08:00:00+00:00,2018-04-25T23:00:00+00:00,,,,,,,,,,,,,No rule-based candidate at this daily endpoint,rule_candidate,pending
flag__2018-04-26__0016197,flag,0,no_pattern,neutral,0.0,,flag/images/no_pattern/2018/04/flag__2018-04-26__0016197.png,,2018-04-26,15998,16197,2018-04-16T08:00:00+00:00,2018-04-26T23:00:00+00:00,,,,,,,,,,,,,No rule-based candidate at this daily endpoint,rule_candidate,pending
flag__2018-04-27__0016220,flag,0,no_pattern,neutral,0.0,,flag/images/no_pattern/2018/04/flag__2018-04-27__0016220.png,,2018-04-27,16021,16220,2018-04-17T08:00:00+00:00,2018-04-27T23:00:00+00:00,,,,,,,,,,,,,No rule-based candidate at this daily endpoint,rule_candidate,pending
flag__2018-04-30__0016243,flag,0,no_pattern,neutral,0.0,,flag/images/no_pattern/2018/04/flag__2018-04-30__0016243.png,,2018-04-30,16044,16243,2018-04-18T08:00:00+00:00,2018-04-30T23:00:00+00:00,,,,,,,,,,,,,No rule-based candidate at this daily endpoint,rule_candidate,pending
flag__2018-05-01__0016266,flag,0,no_pattern,neutral,0.0,,flag/images/no_pattern/2018/05/flag__2018-05-01__0016266.png,,2018-05-01,16067,16266,2018-04-19T08:00:00+00:00,2018-05-01T23:00:00+00:00,,,,,,,,,,,,,No rule-based candidate at this daily endpoint,rule_candidate,pending
flag__2018-05-02__0016289,flag,0,no_pattern,neutral,0.0,,flag/images/no_pattern/2018/05/flag__2018-05-02__0016289.png,,2018-05-02,16090,16289,2018-04-20T08:00:00+00:00,2018-05-02T23:00:00+00:00,,,,,,,,,,,,,No rule-based candidate at this daily endpoint,rule_candidate,pending
flag__2018-05-03__0016312,flag,0,no_pattern,neutral,0.0,,flag/images/no_pattern/2018/05/flag__2018-05-03__0016312.png,,2018-05-03,16113,16312,2018-04-23T08:00:00+00:00,2018-05-03T23:00:00+00:00,,,,,,,,,,,,,No rule-based candidate at this daily endpoint,rule_candidate,pending
flag__2018-05-04__0016335,flag,0,no_pattern,neutral,0.0,,flag/images/no_pattern/2018/05/flag__2018-05-04__0016335.png,,2018-05-04,16136,16335,2018-04-24T08:00:00+00:00,2018-05-04T23:00:00+00:00,,,,,,,,,,,,,No rule-based candidate at this daily endpoint,rule_candidate,pending
flag__2018-05-07__0016358,flag,0,no_pattern,neutral,0.0,,flag/images/no_pattern/2018/05/flag__2018-05-07__0016358.png,,2018-05-07,16159,16358,2018-04-25T08:00:00+00:00,2018-05-07T23:00:00+00:00,,,,,,,,,,,,,No rule-based candidate at this daily endpoint,rule_candidate,pending
flag__2018-05-08__0016381,flag,1,forming,bullish,0.5900592702604809,100.0,flag/images/forming/2018/05/flag__2018-05-08__0016381.png,,2018-05-08,16182,16381,2018-04-26T08:00:00+00:00,2018-05-08T23:00:00+00:00,16319.0,16381.0,2018-05-04T07:00:00+00:00,2018-05-08T23:00:00+00:00,,,1318.88,1305.1805357142857,1346.2789285714289,2.0,1318.88,3.037857142857141,Bull flag after impulsive advance,rule_candidate,pending
flag__2018-05-09__0016404,flag,1,forming,bullish,0.5457782000992256,120.0,flag/images/forming/2018/05/flag__2018-05-09__0016404.png,,2018-05-09,16205,16404,2018-04-27T08:00:00+00:00,2018-05-09T23:00:00+00:00,16329.0,16404.0,2018-05-04T17:00:00+00:00,2018-05-09T23:00:00+00:00,,,1317.71,1303.5032142857144,1346.1235714285713,2.0,1317.71,2.70714285714288,Bull flag after impulsive advance,rule_candidate,pending
flag__2018-05-10__0016427,flag,0,no_pattern,neutral,0.0,,flag/images/no_pattern/2018/05/flag__2018-05-10__0016427.png,,2018-05-10,16228,16427,2018-04-30T08:00:00+00:00,2018-05-10T23:00:00+00:00,,,,,,,,,,,,,No rule-based candidate at this daily endpoint,rule_candidate,pending
flag__2018-05-11__0016450,flag,0,no_pattern,neutral,0.0,,flag/images/no_pattern/2018/05/flag__2018-05-11__0016450.png,,2018-05-11,16251,16450,2018-05-01T08:00:00+00:00,2018-05-11T23:00:00+00:00,,,,,,,,,,,,,No rule-based candidate at this daily endpoint,rule_candidate,pending
flag__2018-05-14__0016473,flag,1,forming,bullish,0.5961755253435549,100.0,flag/images/forming/2018/05/flag__2018-05-14__0016473.png,,2018-05-14,16274,16473,2018-05-02T08:00:00+00:00,2018-05-14T23:00:00+00:00,16411.0,16473.0,2018-05-10T07:00:00+00:00,2018-05-14T23:00:00+00:00,,,1325.82,1312.3505357142856,1352.7589285714287,2.0,1325.82,2.037857142857157,Bull flag after impulsive advance,rule_candidate,pending
flag__2018-05-15__0016496,flag,0,no_pattern,neutral,0.0,,flag/images/no_pattern/2018/05/flag__2018-05-15__0016496.png,,2018-05-15,16297,16496,2018-05-03T08:00:00+00:00,2018-05-15T23:00:00+00:00,,,,,,,,,,,,,No rule-based candidate at this daily endpoint,rule_candidate,pending
flag__2018-05-16__0016519,flag,0,no_pattern,neutral,0.0,,flag/images/no_pattern/2018/05/flag__2018-05-16__0016519.png,,2018-05-16,16320,16519,2018-05-04T08:00:00+00:00,2018-05-16T23:00:00+00:00,,,,,,,,,,,,,No rule-based candidate at this daily endpoint,rule_candidate,pending
flag__2018-05-17__0016542,flag,0,no_pattern,neutral,0.0,,flag/images/no_pattern/2018/05/flag__2018-05-17__0016542.png,,2018-05-17,16343,16542,2018-05-07T08:00:00+00:00,2018-05-17T23:00:00+00:00,,,,,,,,,,,,,No rule-based candidate at this daily endpoint,rule_candidate,pending
flag__2018-05-18__0016565,flag,0,no_pattern,neutral,0.0,,flag/images/no_pattern/2018/05/flag__2018-05-18__0016565.png,,2018-05-18,16366,16565,2018-05-08T08:00:00+00:00,2018-05-18T23:00:00+00:00,,,,,,,,,,,,,No rule-based candidate at this daily endpoint,rule_candidate,pending
flag__2018-05-21__0016588,flag,0,no_pattern,neutral,0.0,,flag/images/no_pattern/2018/05/flag__2018-05-21__0016588.png,,2018-05-21,16389,16588,2018-05-09T08:00:00+00:00,2018-05-21T23:00:00+00:00,,,,,,,,,,,,,No rule-based candidate at this daily endpoint,rule_candidate,pending
flag__2018-05-22__0016611,flag,0,no_pattern,neutral,0.0,,flag/images/no_pattern/2018/05/flag__2018-05-22__0016611.png,,2018-05-22,16412,16611,2018-05-10T08:00:00+00:00,2018-05-22T23:00:00+00:00,,,,,,,,,,,,,No rule-based candidate at this daily endpoint,rule_candidate,pending
flag__2018-05-23__0016634,flag,1,forming,bullish,0.5386323168478364,80.0,flag/images/forming/2018/05/flag__2018-05-23__0016634.png,,2018-05-23,16435,16634,2018-05-11T08:00:00+00:00,2018-05-23T23:00:00+00:00,16585.0,16634.0,2018-05-21T20:00:00+00:00,2018-05-23T23:00:00+00:00,,,1298.44,1286.9771428571428,1321.3657142857146,2.0,1298.44,3.251428571428619,Bull flag after impulsive advance,rule_candidate,pending
flag__2018-05-24__0016657,flag,0,no_pattern,neutral,0.0,,flag/images/no_pattern/2018/05/flag__2018-05-24__0016657.png,,2018-05-24,16458,16657,2018-05-14T08:00:00+00:00,2018-05-24T23:00:00+00:00,,,,,,,,,,,,,No rule-based candidate at this daily endpoint,rule_candidate,pending
flag__2018-05-25__0016680,flag,1,forming,bullish,0.5534954754692277,64.0,flag/images/forming/2018/05/flag__2018-05-25__0016680.png,,2018-05-25,16481,16680,2018-05-15T08:00:00+00:00,2018-05-25T23:00:00+00:00,16641.0,16680.0,2018-05-24T07:00:00+00:00,2018-05-25T23:00:00+00:00,,,1307.68,1299.19375,1324.6525000000004,2.0,1307.68,2.304999999999999,Bull flag after impulsive advance,rule_candidate,pending
flag__2018-05-28__0016699,flag,1,forming,bullish,0.6663192930635946,80.0,flag/images/forming/2018/05/flag__2018-05-28__0016699.png,,2018-05-28,16500,16699,2018-05-16T04:00:00+00:00,2018-05-28T19:00:00+00:00,16650.0,16699.0,2018-05-24T16:00:00+00:00,2018-05-28T19:00:00+00:00,,,1307.68,1295.0053571428573,1333.0292857142856,2.0,1307.68,1.578571428571422,Bull flag after impulsive advance,rule_candidate,pending
flag__2018-05-29__0016722,flag,1,forming,bullish,0.5989079937581667,160.0,flag/images/forming/2018/05/flag__2018-05-29__0016722.png,,2018-05-29,16523,16722,2018-05-17T04:00:00+00:00,2018-05-29T23:00:00+00:00,16622.0,16722.0,2018-05-23T11:00:00+00:00,2018-05-29T23:00:00+00:00,,,1307.68,1291.6498214285714,1339.7403571428574,2.0,1307.68,4.2407142857142945,Bull flag after impulsive advance,rule_candidate,pending
flag__2018-05-30__0016745,flag,1,forming,bullish,0.559275964379477,200.0,flag/images/forming/2018/05/flag__2018-05-30__0016745.png,,2018-05-30,16546,16745,2018-05-18T04:00:00+00:00,2018-05-30T23:00:00+00:00,16620.0,16745.0,2018-05-23T09:00:00+00:00,2018-05-30T23:00:00+00:00,,,1307.68,1292.1791071428572,1338.6817857142858,2.0,1307.68,2.123571428571446,Bull flag after impulsive advance,rule_candidate,pending
flag__2018-05-31__0016768,flag,0,no_pattern,neutral,0.0,,flag/images/no_pattern/2018/05/flag__2018-05-31__0016768.png,,2018-05-31,16569,16768,2018-05-21T04:00:00+00:00,2018-05-31T23:00:00+00:00,,,,,,,,,,,,,No rule-based candidate at this daily endpoint,rule_candidate,pending
flag__2018-06-01__0016791,flag,0,no_pattern,neutral,0.0,,flag/images/no_pattern/2018/06/flag__2018-06-01__0016791.png,,2018-06-01,16592,16791,2018-05-22T04:00:00+00:00,2018-06-01T23:00:00+00:00,,,,,,,,,,,,,No rule-based candidate at this daily endpoint,rule_candidate,pending
flag__2018-06-04__0016814,flag,0,no_pattern,neutral,0.0,,flag/images/no_pattern/2018/06/flag__2018-06-04__0016814.png,,2018-06-04,16615,16814,2018-05-23T04:00:00+00:00,2018-06-04T23:00:00+00:00,,,,,,,,,,,,,No rule-based candidate at this daily endpoint,rule_candidate,pending
flag__2018-06-05__0016837,flag,0,no_pattern,neutral,0.0,,flag/images/no_pattern/2018/06/flag__2018-06-05__0016837.png,,2018-06-05,16638,16837,2018-05-24T04:00:00+00:00,2018-06-05T23:00:00+00:00,,,,,,,,,,,,,No rule-based candidate at this daily endpoint,rule_candidate,pending
flag__2018-06-06__0016860,flag,1,forming,bullish,0.5306991035839728,48.0,flag/images/forming/2018/06/flag__2018-06-06__0016860.png,,2018-06-06,16661,16860,2018-05-25T04:00:00+00:00,2018-06-06T23:00:00+00:00,16831.0,16860.0,2018-06-05T17:00:00+00:00,2018-06-06T23:00:00+00:00,,,1301.71,1293.1141071428572,1318.9017857142858,2.0,1301.71,2.343571428571392,Bull flag after impulsive advance,rule_candidate,pending
flag__2018-06-07__0016883,flag,0,no_pattern,neutral,0.0,,flag/images/no_pattern/2018/06/flag__2018-06-07__0016883.png,,2018-06-07,16684,16883,2018-05-28T04:00:00+00:00,2018-06-07T23:00:00+00:00,,,,,,,,,,,,,No rule-based candidate at this daily endpoint,rule_candidate,pending
flag__2018-06-08__0016906,flag,0,no_pattern,neutral,0.0,,flag/images/no_pattern/2018/06/flag__2018-06-08__0016906.png,,2018-06-08,16707,16906,2018-05-29T08:00:00+00:00,2018-06-08T23:00:00+00:00,,,,,,,,,,,,,No rule-based candidate at this daily endpoint,rule_candidate,pending
flag__2018-06-11__0016929,flag,0,no_pattern,neutral,0.0,,flag/images/no_pattern/2018/06/flag__2018-06-11__0016929.png,,2018-06-11,16730,16929,2018-05-30T08:00:00+00:00,2018-06-11T23:00:00+00:00,,,,,,,,,,,,,No rule-based candidate at this daily endpoint,rule_candidate,pending
flag__2018-06-12__0016952,flag,0,no_pattern,neutral,0.0,,flag/images/no_pattern/2018/06/flag__2018-06-12__0016952.png,,2018-06-12,16753,16952,2018-05-31T08:00:00+00:00,2018-06-12T23:00:00+00:00,,,,,,,,,,,,,No rule-based candidate at this daily endpoint,rule_candidate,pending
flag__2018-06-13__0016975,flag,1,forming,bullish,0.5800826834639431,160.0,flag/images/forming/2018/06/flag__2018-06-13__0016975.png,,2018-06-13,16776,16975,2018-06-01T08:00:00+00:00,2018-06-13T23:00:00+00:00,16875.0,16975.0,2018-06-07T15:00:00+00:00,2018-06-13T23:00:00+00:00,,,1302.07,1290.8830357142858,1324.4439285714282,2.0,1302.07,2.227857142857163,Bull flag after impulsive advance,rule_candidate,pending
flag__2018-06-14__0016998,flag,0,no_pattern,neutral,0.0,,flag/images/no_pattern/2018/06/flag__2018-06-14__0016998.png,,2018-06-14,16799,16998,2018-06-04T08:00:00+00:00,2018-06-14T23:00:00+00:00,,,,,,,,,,,,,No rule-based candidate at this daily endpoint,rule_candidate,pending
flag__2018-06-15__0017021,flag,0,no_pattern,neutral,0.0,,flag/images/no_pattern/2018/06/flag__2018-06-15__0017021.png,,2018-06-15,16822,17021,2018-06-05T08:00:00+00:00,2018-06-15T23:00:00+00:00,,,,,,,,,,,,,No rule-based candidate at this daily endpoint,rule_candidate,pending
flag__2018-06-18__0017044,flag,0,no_pattern,neutral,0.0,,flag/images/no_pattern/2018/06/flag__2018-06-18__0017044.png,,2018-06-18,16845,17044,2018-06-06T08:00:00+00:00,2018-06-18T23:00:00+00:00,,,,,,,,,,,,,No rule-based candidate at this daily endpoint,rule_candidate,pending
flag__2018-06-19__0017067,flag,0,no_pattern,neutral,0.0,,flag/images/no_pattern/2018/06/flag__2018-06-19__0017067.png,,2018-06-19,16868,17067,2018-06-07T08:00:00+00:00,2018-06-19T23:00:00+00:00,,,,,,,,,,,,,No rule-based candidate at this daily endpoint,rule_candidate,pending
flag__2018-06-20__0017090,flag,0,no_pattern,neutral,0.0,,flag/images/no_pattern/2018/06/flag__2018-06-20__0017090.png,,2018-06-20,16891,17090,2018-06-08T08:00:00+00:00,2018-06-20T23:00:00+00:00,,,,,,,,,,,,,No rule-based candidate at this daily endpoint,rule_candidate,pending
flag__2018-06-21__0017113,flag,0,no_pattern,neutral,0.0,,flag/images/no_pattern/2018/06/flag__2018-06-21__0017113.png,,2018-06-21,16914,17113,2018-06-11T08:00:00+00:00,2018-06-21T23:00:00+00:00,,,,,,,,,,,,,No rule-based candidate at this daily endpoint,rule_candidate,pending
flag__2018-06-22__0017136,flag,0,no_pattern,neutral,0.0,,flag/images/no_pattern/2018/06/flag__2018-06-22__0017136.png,,2018-06-22,16937,17136,2018-06-12T08:00:00+00:00,2018-06-22T23:00:00+00:00,,,,,,,,,,,,,No rule-based candidate at this daily endpoint,rule_candidate,pending
flag__2018-06-25__0017159,flag,0,no_pattern,neutral,0.0,,flag/images/no_pattern/2018/06/flag__2018-06-25__0017159.png,,2018-06-25,16960,17159,2018-06-13T08:00:00+00:00,2018-06-25T23:00:00+00:00,,,,,,,,,,,,,No rule-based candidate at this daily endpoint,rule_candidate,pending
flag__2018-06-26__0017182,flag,0,no_pattern,neutral,0.0,,flag/images/no_pattern/2018/06/flag__2018-06-26__0017182.png,,2018-06-26,16983,17182,2018-06-14T08:00:00+00:00,2018-06-26T23:00:00+00:00,,,,,,,,,,,,,No rule-based candidate at this daily endpoint,rule_candidate,pending
flag__2018-06-27__0017205,flag,0,no_pattern,neutral,0.0,,flag/images/no_pattern/2018/06/flag__2018-06-27__0017205.png,,2018-06-27,17006,17205,2018-06-15T08:00:00+00:00,2018-06-27T23:00:00+00:00,,,,,,,,,,,,,No rule-based candidate at this daily endpoint,rule_candidate,pending
flag__2018-06-28__0017228,flag,0,no_pattern,neutral,0.0,,flag/images/no_pattern/2018/06/flag__2018-06-28__0017228.png,,2018-06-28,17029,17228,2018-06-18T08:00:00+00:00,2018-06-28T23:00:00+00:00,,,,,,,,,,,,,No rule-based candidate at this daily endpoint,rule_candidate,pending
flag__2018-06-29__0017251,flag,0,no_pattern,neutral,0.0,,flag/images/no_pattern/2018/06/flag__2018-06-29__0017251.png,,2018-06-29,17052,17251,2018-06-19T08:00:00+00:00,2018-06-29T23:00:00+00:00,,,,,,,,,,,,,No rule-based candidate at this daily endpoint,rule_candidate,pending
flag__2018-07-02__0017274,flag,0,no_pattern,neutral,0.0,,flag/images/no_pattern/2018/07/flag__2018-07-02__0017274.png,,2018-07-02,17075,17274,2018-06-20T08:00:00+00:00,2018-07-02T23:00:00+00:00,,,,,,,,,,,,,No rule-based candidate at this daily endpoint,rule_candidate,pending
flag__2018-07-03__0017297,flag,0,no_pattern,neutral,0.0,,flag/images/no_pattern/2018/07/flag__2018-07-03__0017297.png,,2018-07-03,17098,17297,2018-06-21T08:00:00+00:00,2018-07-03T23:00:00+00:00,,,,,,,,,,,,,No rule-based candidate at this daily endpoint,rule_candidate,pending
flag__2018-07-04__0017316,flag,0,no_pattern,neutral,0.0,,flag/images/no_pattern/2018/07/flag__2018-07-04__0017316.png,,2018-07-04,17117,17316,2018-06-22T04:00:00+00:00,2018-07-04T19:00:00+00:00,,,,,,,,,,,,,No rule-based candidate at this daily endpoint,rule_candidate,pending
flag__2018-07-05__0017339,flag,1,forming,bullish,0.5518778181479282,80.0,flag/images/forming/2018/07/flag__2018-07-05__0017339.png,,2018-07-05,17140,17339,2018-06-25T04:00:00+00:00,2018-07-05T23:00:00+00:00,17290.0,17339.0,2018-07-03T16:00:00+00:00,2018-07-05T23:00:00+00:00,,,1260.99,1250.6605357142857,1281.6489285714285,2.0,1260.99,2.157857142857113,Bull flag after impulsive advance,rule_candidate,pending
flag__2018-07-06__0017362,flag,1,forming,bullish,0.5422561090749173,120.0,flag/images/forming/2018/07/flag__2018-07-06__0017362.png,,2018-07-06,17163,17362,2018-06-26T04:00:00+00:00,2018-07-06T23:00:00+00:00,17287.0,17362.0,2018-07-03T13:00:00+00:00,2018-07-06T23:00:00+00:00,,,1259.65,1250.765892857143,1277.4182142857144,2.0,1259.65,1.7364285714285674,Bull flag after impulsive advance,rule_candidate,pending
flag__2018-07-09__0017385,flag,0,no_pattern,neutral,0.0,,flag/images/no_pattern/2018/07/flag__2018-07-09__0017385.png,,2018-07-09,17186,17385,2018-06-27T04:00:00+00:00,2018-07-09T23:00:00+00:00,,,,,,,,,,,,,No rule-based candidate at this daily endpoint,rule_candidate,pending
flag__2018-07-10__0017408,flag,1,forming,bullish,0.6185913659474734,64.0,flag/images/forming/2018/07/flag__2018-07-10__0017408.png,,2018-07-10,17209,17408,2018-06-28T04:00:00+00:00,2018-07-10T23:00:00+00:00,17369.0,17408.0,2018-07-09T07:00:00+00:00,2018-07-10T23:00:00+00:00,,,1262.23,1246.5926785714287,1293.5046428571427,2.0,1262.23,2.549285714285702,Bull flag after impulsive advance,rule_candidate,pending
flag__2018-07-11__0017431,flag,0,no_pattern,neutral,0.0,,flag/images/no_pattern/2018/07/flag__2018-07-11__0017431.png,,2018-07-11,17232,17431,2018-06-29T04:00:00+00:00,2018-07-11T23:00:00+00:00,,,,,,,,,,,,,No rule-based candidate at this daily endpoint,rule_candidate,pending
flag__2018-07-12__0017454,flag,0,no_pattern,neutral,0.0,,flag/images/no_pattern/2018/07/flag__2018-07-12__0017454.png,,2018-07-12,17255,17454,2018-07-02T04:00:00+00:00,2018-07-12T23:00:00+00:00,,,,,,,,,,,,,No rule-based candidate at this daily endpoint,rule_candidate,pending
flag__2018-07-13__0017477,flag,0,no_pattern,neutral,0.0,,flag/images/no_pattern/2018/07/flag__2018-07-13__0017477.png,,2018-07-13,17278,17477,2018-07-03T04:00:00+00:00,2018-07-13T23:00:00+00:00,,,,,,,,,,,,,No rule-based candidate at this daily endpoint,rule_candidate,pending
flag__2018-07-16__0017500,flag,0,no_pattern,neutral,0.0,,flag/images/no_pattern/2018/07/flag__2018-07-16__0017500.png,,2018-07-16,17301,17500,2018-07-04T04:00:00+00:00,2018-07-16T23:00:00+00:00,,,,,,,,,,,,,No rule-based candidate at this daily endpoint,rule_candidate,pending
flag__2018-07-17__0017523,flag,0,no_pattern,neutral,0.0,,flag/images/no_pattern/2018/07/flag__2018-07-17__0017523.png,,2018-07-17,17324,17523,2018-07-05T08:00:00+00:00,2018-07-17T23:00:00+00:00,,,,,,,,,,,,,No rule-based candidate at this daily endpoint,rule_candidate,pending
flag__2018-07-18__0017546,flag,0,no_pattern,neutral,0.0,,flag/images/no_pattern/2018/07/flag__2018-07-18__0017546.png,,2018-07-18,17347,17546,2018-07-06T08:00:00+00:00,2018-07-18T23:00:00+00:00,,,,,,,,,,,,,No rule-based candidate at this daily endpoint,rule_candidate,pending
flag__2018-07-19__0017569,flag,0,no_pattern,neutral,0.0,,flag/images/no_pattern/2018/07/flag__2018-07-19__0017569.png,,2018-07-19,17370,17569,2018-07-09T08:00:00+00:00,2018-07-19T23:00:00+00:00,,,,,,,,,,,,,No rule-based candidate at this daily endpoint,rule_candidate,pending
flag__2018-07-20__0017592,flag,0,no_pattern,neutral,0.0,,flag/images/no_pattern/2018/07/flag__2018-07-20__0017592.png,,2018-07-20,17393,17592,2018-07-10T08:00:00+00:00,2018-07-20T23:00:00+00:00,,,,,,,,,,,,,No rule-based candidate at this daily endpoint,rule_candidate,pending
flag__2018-07-23__0017615,flag,0,no_pattern,neutral,0.0,,flag/images/no_pattern/2018/07/flag__2018-07-23__0017615.png,,2018-07-23,17416,17615,2018-07-11T08:00:00+00:00,2018-07-23T23:00:00+00:00,,,,,,,,,,,,,No rule-based candidate at this daily endpoint,rule_candidate,pending
flag__2018-07-24__0017638,flag,1,forming,bullish,0.5421518816033687,80.0,flag/images/forming/2018/07/flag__2018-07-24__0017638.png,,2018-07-24,17439,17638,2018-07-12T08:00:00+00:00,2018-07-24T23:00:00+00:00,17589.0,17638.0,2018-07-20T20:00:00+00:00,2018-07-24T23:00:00+00:00,,,1232.54,1217.3971428571429,1262.8257142857142,2.0,1232.54,2.491428571428579,Bull flag after impulsive advance,rule_candidate,pending
flag__2018-07-25__0017661,flag,0,no_pattern,neutral,0.0,,flag/images/no_pattern/2018/07/flag__2018-07-25__0017661.png,,2018-07-25,17462,17661,2018-07-13T08:00:00+00:00,2018-07-25T23:00:00+00:00,,,,,,,,,,,,,No rule-based candidate at this daily endpoint,rule_candidate,pending
flag__2018-07-26__0017684,flag,0,no_pattern,neutral,0.0,,flag/images/no_pattern/2018/07/flag__2018-07-26__0017684.png,,2018-07-26,17485,17684,2018-07-16T08:00:00+00:00,2018-07-26T23:00:00+00:00,,,,,,,,,,,,,No rule-based candidate at this daily endpoint,rule_candidate,pending
flag__2018-07-27__0017707,flag,0,no_pattern,neutral,0.0,,flag/images/no_pattern/2018/07/flag__2018-07-27__0017707.png,,2018-07-27,17508,17707,2018-07-17T08:00:00+00:00,2018-07-27T23:00:00+00:00,,,,,,,,,,,,,No rule-based candidate at this daily endpoint,rule_candidate,pending
flag__2018-07-30__0017730,flag,0,no_pattern,neutral,0.0,,flag/images/no_pattern/2018/07/flag__2018-07-30__0017730.png,,2018-07-30,17531,17730,2018-07-18T08:00:00+00:00,2018-07-30T23:00:00+00:00,,,,,,,,,,,,,No rule-based candidate at this daily endpoint,rule_candidate,pending
flag__2018-07-31__0017753,flag,0,no_pattern,neutral,0.0,,flag/images/no_pattern/2018/07/flag__2018-07-31__0017753.png,,2018-07-31,17554,17753,2018-07-19T08:00:00+00:00,2018-07-31T23:00:00+00:00,,,,,,,,,,,,,No rule-based candidate at this daily endpoint,rule_candidate,pending
flag__2018-08-01__0017776,flag,0,no_pattern,neutral,0.0,,flag/images/no_pattern/2018/08/flag__2018-08-01__0017776.png,,2018-08-01,17577,17776,2018-07-20T08:00:00+00:00,2018-08-01T23:00:00+00:00,,,,,,,,,,,,,No rule-based candidate at this daily endpoint,rule_candidate,pending
flag__2018-08-02__0017799,flag,0,no_pattern,neutral,0.0,,flag/images/no_pattern/2018/08/flag__2018-08-02__0017799.png,,2018-08-02,17600,17799,2018-07-23T08:00:00+00:00,2018-08-02T23:00:00+00:00,,,,,,,,,,,,,No rule-based candidate at this daily endpoint,rule_candidate,pending
flag__2018-08-03__0017822,flag,0,no_pattern,neutral,0.0,,flag/images/no_pattern/2018/08/flag__2018-08-03__0017822.png,,2018-08-03,17623,17822,2018-07-24T08:00:00+00:00,2018-08-03T23:00:00+00:00,,,,,,,,,,,,,No rule-based candidate at this daily endpoint,rule_candidate,pending
flag__2018-08-06__0017845,flag,0,no_pattern,neutral,0.0,,flag/images/no_pattern/2018/08/flag__2018-08-06__0017845.png,,2018-08-06,17646,17845,2018-07-25T08:00:00+00:00,2018-08-06T23:00:00+00:00,,,,,,,,,,,,,No rule-based candidate at this daily endpoint,rule_candidate,pending
flag__2018-08-07__0017868,flag,0,no_pattern,neutral,0.0,,flag/images/no_pattern/2018/08/flag__2018-08-07__0017868.png,,2018-08-07,17669,17868,2018-07-26T08:00:00+00:00,2018-08-07T23:00:00+00:00,,,,,,,,,,,,,No rule-based candidate at this daily endpoint,rule_candidate,pending
flag__2018-08-08__0017891,flag,1,forming,bullish,0.53700674420574,48.0,flag/images/forming/2018/08/flag__2018-08-08__0017891.png,,2018-08-08,17692,17891,2018-07-27T08:00:00+00:00,2018-08-08T23:00:00+00:00,17862.0,17891.0,2018-08-07T17:00:00+00:00,2018-08-08T23:00:00+00:00,,,1215.74,1205.7592857142856,1235.7014285714288,2.0,1215.74,2.3628571428571377,Bull flag after impulsive advance,rule_candidate,pending
flag__2018-08-09__0017914,flag,0,no_pattern,neutral,0.0,,flag/images/no_pattern/2018/08/flag__2018-08-09__0017914.png,,2018-08-09,17715,17914,2018-07-30T08:00:00+00:00,2018-08-09T23:00:00+00:00,,,,,,,,,,,,,No rule-based candidate at this daily endpoint,rule_candidate,pending
flag__2018-08-10__0017937,flag,1,forming,bullish,0.5827305239133983,100.0,flag/images/forming/2018/08/flag__2018-08-10__0017937.png,,2018-08-10,17738,17937,2018-07-31T08:00:00+00:00,2018-08-10T23:00:00+00:00,17875.0,17937.0,2018-08-08T07:00:00+00:00,2018-08-10T23:00:00+00:00,,,1217.19,1204.9914285714287,1241.5871428571427,2.0,1217.19,2.5942857142857583,Bull flag after impulsive advance,rule_candidate,pending
flag__2018-08-13__0017960,flag,0,no_pattern,neutral,0.0,,flag/images/no_pattern/2018/08/flag__2018-08-13__0017960.png,,2018-08-13,17761,17960,2018-08-01T08:00:00+00:00,2018-08-13T23:00:00+00:00,,,,,,,,,,,,,No rule-based candidate at this daily endpoint,rule_candidate,pending
flag__2018-08-14__0017983,flag,0,no_pattern,neutral,0.0,,flag/images/no_pattern/2018/08/flag__2018-08-14__0017983.png,,2018-08-14,17784,17983,2018-08-02T08:00:00+00:00,2018-08-14T23:00:00+00:00,,,,,,,,,,,,,No rule-based candidate at this daily endpoint,rule_candidate,pending
flag__2018-08-15__0018006,flag,0,no_pattern,neutral,0.0,,flag/images/no_pattern/2018/08/flag__2018-08-15__0018006.png,,2018-08-15,17807,18006,2018-08-03T08:00:00+00:00,2018-08-15T23:00:00+00:00,,,,,,,,,,,,,No rule-based candidate at this daily endpoint,rule_candidate,pending
flag__2018-08-16__0018029,flag,0,no_pattern,neutral,0.0,,flag/images/no_pattern/2018/08/flag__2018-08-16__0018029.png,,2018-08-16,17830,18029,2018-08-06T08:00:00+00:00,2018-08-16T23:00:00+00:00,,,,,,,,,,,,,No rule-based candidate at this daily endpoint,rule_candidate,pending
flag__2018-08-17__0018052,flag,0,no_pattern,neutral,0.0,,flag/images/no_pattern/2018/08/flag__2018-08-17__0018052.png,,2018-08-17,17853,18052,2018-08-07T08:00:00+00:00,2018-08-17T23:00:00+00:00,,,,,,,,,,,,,No rule-based candidate at this daily endpoint,rule_candidate,pending
flag__2018-08-20__0018075,flag,0,no_pattern,neutral,0.0,,flag/images/no_pattern/2018/08/flag__2018-08-20__0018075.png,,2018-08-20,17876,18075,2018-08-08T08:00:00+00:00,2018-08-20T23:00:00+00:00,,,,,,,,,,,,,No rule-based candidate at this daily endpoint,rule_candidate,pending
flag__2018-08-21__0018098,flag,0,no_pattern,neutral,0.0,,flag/images/no_pattern/2018/08/flag__2018-08-21__0018098.png,,2018-08-21,17899,18098,2018-08-09T08:00:00+00:00,2018-08-21T23:00:00+00:00,,,,,,,,,,,,,No rule-based candidate at this daily endpoint,rule_candidate,pending
flag__2018-08-22__0018121,flag,0,no_pattern,neutral,0.0,,flag/images/no_pattern/2018/08/flag__2018-08-22__0018121.png,,2018-08-22,17922,18121,2018-08-10T08:00:00+00:00,2018-08-22T23:00:00+00:00,,,,,,,,,,,,,No rule-based candidate at this daily endpoint,rule_candidate,pending
flag__2018-08-23__0018144,flag,1,forming,bullish,0.676014711089134,100.0,flag/images/forming/2018/08/flag__2018-08-23__0018144.png,,2018-08-23,17945,18144,2018-08-13T08:00:00+00:00,2018-08-23T23:00:00+00:00,18082.0,18144.0,2018-08-21T07:00:00+00:00,2018-08-23T23:00:00+00:00,,,1201.46,1183.1226785714287,1238.1346428571428,2.0,1201.46,2.469285714285726,Bull flag after impulsive advance,rule_candidate,pending
flag__2018-08-24__0018167,flag,1,forming,bullish,0.5300745514418839,160.0,flag/images/forming/2018/08/flag__2018-08-24__0018167.png,,2018-08-24,17968,18167,2018-08-14T08:00:00+00:00,2018-08-24T23:00:00+00:00,18067.0,18167.0,2018-08-20T15:00:00+00:00,2018-08-24T23:00:00+00:00,,,1208.44,1182.4069642857141,1260.5060714285719,2.0,1208.44,2.7721428571428697,Bull flag after impulsive advance,rule_candidate,pending
flag__2018-08-27__0018190,flag,0,no_pattern,neutral,0.0,,flag/images/no_pattern/2018/08/flag__2018-08-27__0018190.png,,2018-08-27,17991,18190,2018-08-15T08:00:00+00:00,2018-08-27T23:00:00+00:00,,,,,,,,,,,,,No rule-based candidate at this daily endpoint,rule_candidate,pending
flag__2018-08-28__0018213,flag,1,forming,bullish,0.5666978368338667,64.0,flag/images/forming/2018/08/flag__2018-08-28__0018213.png,,2018-08-28,18014,18213,2018-08-16T08:00:00+00:00,2018-08-28T23:00:00+00:00,18174.0,18213.0,2018-08-27T07:00:00+00:00,2018-08-28T23:00:00+00:00,,,1214.15,1198.7791071428571,1244.891785714286,2.0,1214.15,2.7635714285714323,Bull flag after impulsive advance,rule_candidate,pending
flag__2018-08-29__0018236,flag,1,forming,bullish,0.620386496148693,120.0,flag/images/forming/2018/08/flag__2018-08-29__0018236.png,,2018-08-29,18037,18236,2018-08-17T08:00:00+00:00,2018-08-29T23:00:00+00:00,18161.0,18236.0,2018-08-24T17:00:00+00:00,2018-08-29T23:00:00+00:00,,,1214.15,1198.89625,1244.6575000000003,2.0,1214.15,2.295000000000008,Bull flag after impulsive advance,rule_candidate,pending
flag__2018-08-30__0018259,flag,1,forming,bullish,0.5979886819657622,200.0,flag/images/forming/2018/08/flag__2018-08-30__0018259.png,,2018-08-30,18060,18259,2018-08-20T08:00:00+00:00,2018-08-30T23:00:00+00:00,18134.0,18259.0,2018-08-23T13:00:00+00:00,2018-08-30T23:00:00+00:00,,,1214.15,1195.474642857143,1251.5007142857144,2.0,1214.15,2.8614285714285512,Bull flag after impulsive advance,rule_candidate,pending
flag__2018-08-31__0018282,flag,1,forming,bullish,0.6055720765540904,200.0,flag/images/forming/2018/08/flag__2018-08-31__0018282.png,,2018-08-31,18083,18282,2018-08-21T08:00:00+00:00,2018-08-31T23:00:00+00:00,18157.0,18282.0,2018-08-24T13:00:00+00:00,2018-08-31T23:00:00+00:00,,,1214.15,1195.434642857143,1251.5807142857143,2.0,1214.15,3.021428571428552,Bull flag after impulsive advance,rule_candidate,pending
flag__2018-09-03__0018301,flag,1,forming,bullish,0.5821622429420943,160.0,flag/images/forming/2018/09/flag__2018-09-03__0018301.png,,2018-09-03,18102,18301,2018-08-22T04:00:00+00:00,2018-09-03T19:00:00+00:00,18201.0,18301.0,2018-08-28T11:00:00+00:00,2018-09-03T19:00:00+00:00,,,1208.73,1195.0408928571428,1236.1082142857144,2.0,1208.73,1.9964285714285748,Bull flag after impulsive advance,rule_candidate,pending
flag__2018-09-04__0018324,flag,0,no_pattern,neutral,0.0,,flag/images/no_pattern/2018/09/flag__2018-09-04__0018324.png,,2018-09-04,18125,18324,2018-08-23T04:00:00+00:00,2018-09-04T23:00:00+00:00,,,,,,,,,,,,,No rule-based candidate at this daily endpoint,rule_candidate,pending
flag__2018-09-05__0018347,flag,1,forming,bullish,0.6506768695373496,200.0,flag/images/forming/2018/09/flag__2018-09-05__0018347.png,,2018-09-05,18148,18347,2018-08-24T04:00:00+00:00,2018-09-05T23:00:00+00:00,18222.0,18347.0,2018-08-29T09:00:00+00:00,2018-09-05T23:00:00+00:00,,,1208.73,1188.9748214285714,1248.2403571428572,2.0,1208.73,2.1007142857143077,Bull flag after impulsive advance,rule_candidate,pending
flag__2018-09-06__0018370,flag,0,no_pattern,neutral,0.0,,flag/images/no_pattern/2018/09/flag__2018-09-06__0018370.png,,2018-09-06,18171,18370,2018-08-27T04:00:00+00:00,2018-09-06T23:00:00+00:00,,,,,,,,,,,,,No rule-based candidate at this daily endpoint,rule_candidate,pending
flag__2018-09-07__0018393,flag,1,forming,bullish,0.601682006566677,64.0,flag/images/forming/2018/09/flag__2018-09-07__0018393.png,,2018-09-07,18194,18393,2018-08-28T04:00:00+00:00,2018-09-07T23:00:00+00:00,18354.0,18393.0,2018-09-06T07:00:00+00:00,2018-09-07T23:00:00+00:00,,,1204.09,1192.6210714285712,1227.0278571428573,2.0,1204.09,2.9557142857142935,Bull flag after impulsive advance,rule_candidate,pending
flag__2018-09-10__0018416,flag,0,no_pattern,neutral,0.0,,flag/images/no_pattern/2018/09/flag__2018-09-10__0018416.png,,2018-09-10,18217,18416,2018-08-29T04:00:00+00:00,2018-09-10T23:00:00+00:00,,,,,,,,,,,,,No rule-based candidate at this daily endpoint,rule_candidate,pending
flag__2018-09-11__0018439,flag,0,no_pattern,neutral,0.0,,flag/images/no_pattern/2018/09/flag__2018-09-11__0018439.png,,2018-09-11,18240,18439,2018-08-30T04:00:00+00:00,2018-09-11T23:00:00+00:00,,,,,,,,,,,,,No rule-based candidate at this daily endpoint,rule_candidate,pending
flag__2018-09-12__0018462,flag,0,no_pattern,neutral,0.0,,flag/images/no_pattern/2018/09/flag__2018-09-12__0018462.png,,2018-09-12,18263,18462,2018-08-31T04:00:00+00:00,2018-09-12T23:00:00+00:00,,,,,,,,,,,,,No rule-based candidate at this daily endpoint,rule_candidate,pending
flag__2018-09-13__0018485,flag,1,forming,bullish,0.5673927944610906,48.0,flag/images/forming/2018/09/flag__2018-09-13__0018485.png,,2018-09-13,18286,18485,2018-09-03T04:00:00+00:00,2018-09-13T23:00:00+00:00,18456.0,18485.0,2018-09-12T17:00:00+00:00,2018-09-13T23:00:00+00:00,,,1212.54,1199.2960714285714,1239.027857142857,2.0,1212.54,2.855714285714303,Bull flag after impulsive advance,rule_candidate,pending
flag__2018-09-14__0018508,flag,0,no_pattern,neutral,0.0,,flag/images/no_pattern/2018/09/flag__2018-09-14__0018508.png,,2018-09-14,18309,18508,2018-09-04T08:00:00+00:00,2018-09-14T23:00:00+00:00,,,,,,,,,,,,,No rule-based candidate at this daily endpoint,rule_candidate,pending
flag__2018-09-17__0018531,flag,1,forming,bullish,0.561724839724045,100.0,flag/images/forming/2018/09/flag__2018-09-17__0018531.png,,2018-09-17,18332,18531,2018-09-05T08:00:00+00:00,2018-09-17T23:00:00+00:00,18469.0,18531.0,2018-09-13T07:00:00+00:00,2018-09-17T23:00:00+00:00,,,1208.46,1192.1925,1240.995,2.0,1208.46,1.9900000000000577,Bull flag after impulsive advance,rule_candidate,pending
flag__2018-09-18__0018554,flag,0,no_pattern,neutral,0.0,,flag/images/no_pattern/2018/09/flag__2018-09-18__0018554.png,,2018-09-18,18355,18554,2018-09-06T08:00:00+00:00,2018-09-18T23:00:00+00:00,,,,,,,,,,,,,No rule-based candidate at this daily endpoint,rule_candidate,pending
flag__2018-09-19__0018577,flag,0,no_pattern,neutral,0.0,,flag/images/no_pattern/2018/09/flag__2018-09-19__0018577.png,,2018-09-19,18378,18577,2018-09-07T08:00:00+00:00,2018-09-19T23:00:00+00:00,,,,,,,,,,,,,No rule-based candidate at this daily endpoint,rule_candidate,pending
flag__2018-09-20__0018600,flag,0,no_pattern,neutral,0.0,,flag/images/no_pattern/2018/09/flag__2018-09-20__0018600.png,,2018-09-20,18401,18600,2018-09-10T08:00:00+00:00,2018-09-20T23:00:00+00:00,,,,,,,,,,,,,No rule-based candidate at this daily endpoint,rule_candidate,pending
flag__2018-09-21__0018623,flag,1,forming,bullish,0.538897824764644,120.0,flag/images/forming/2018/09/flag__2018-09-21__0018623.png,,2018-09-21,18424,18623,2018-09-11T08:00:00+00:00,2018-09-21T23:00:00+00:00,18548.0,18623.0,2018-09-18T17:00:00+00:00,2018-09-21T23:00:00+00:00,,,1210.97,1190.9073214285715,1251.095357142857,2.0,1210.97,3.2907142857142975,Bull flag after impulsive advance,rule_candidate,pending
flag__2018-09-24__0018646,flag,1,forming,bullish,0.5609404190840832,200.0,flag/images/forming/2018/09/flag__2018-09-24__0018646.png,,2018-09-24,18447,18646,2018-09-12T08:00:00+00:00,2018-09-24T23:00:00+00:00,18521.0,18646.0,2018-09-17T13:00:00+00:00,2018-09-24T23:00:00+00:00,,,1210.97,1191.185,1250.5400000000002,2.0,1210.97,2.180000000000015,Bull flag after impulsive advance,rule_candidate,pending
flag__2018-09-25__0018669,flag,1,forming,bullish,0.5773968654097916,160.0,flag/images/forming/2018/09/flag__2018-09-25__0018669.png,,2018-09-25,18470,18669,2018-09-13T08:00:00+00:00,2018-09-25T23:00:00+00:00,18569.0,18669.0,2018-09-19T15:00:00+00:00,2018-09-25T23:00:00+00:00,,,1210.97,1191.3116071428572,1250.2867857142858,2.0,1210.97,1.6735714285714494,Bull flag after impulsive advance,rule_candidate,pending
flag__2018-09-26__0018692,flag,0,no_pattern,neutral,0.0,,flag/images/no_pattern/2018/09/flag__2018-09-26__0018692.png,,2018-09-26,18493,18692,2018-09-14T08:00:00+00:00,2018-09-26T23:00:00+00:00,,,,,,,,,,,,,No rule-based candidate at this daily endpoint,rule_candidate,pending
flag__2018-09-27__0018715,flag,0,no_pattern,neutral,0.0,,flag/images/no_pattern/2018/09/flag__2018-09-27__0018715.png,,2018-09-27,18516,18715,2018-09-17T08:00:00+00:00,2018-09-27T23:00:00+00:00,,,,,,,,,,,,,No rule-based candidate at this daily endpoint,rule_candidate,pending
flag__2018-09-28__0018738,flag,0,no_pattern,neutral,0.0,,flag/images/no_pattern/2018/09/flag__2018-09-28__0018738.png,,2018-09-28,18539,18738,2018-09-18T08:00:00+00:00,2018-09-28T23:00:00+00:00,,,,,,,,,,,,,No rule-based candidate at this daily endpoint,rule_candidate,pending
flag__2018-10-01__0018761,flag,1,forming,bullish,0.5320382269264017,48.0,flag/images/forming/2018/10/flag__2018-10-01__0018761.png,,2018-10-01,18562,18761,2018-09-19T08:00:00+00:00,2018-10-01T23:00:00+00:00,18732.0,18761.0,2018-09-28T17:00:00+00:00,2018-10-01T23:00:00+00:00,,,1192.09,1183.8476785714286,1208.5746428571426,2.0,1192.09,2.4492857142857116,Bull flag after impulsive advance,rule_candidate,pending
flag__2018-10-02__0018784,flag,0,no_pattern,neutral,0.0,,flag/images/no_pattern/2018/10/flag__2018-10-02__0018784.png,,2018-10-02,18585,18784,2018-09-20T08:00:00+00:00,2018-10-02T23:00:00+00:00,,,,,,,,,,,,,No rule-based candidate at this daily endpoint,rule_candidate,pending
flag__2018-10-03__0018807,flag,1,forming,bullish,0.7088111838472338,48.0,flag/images/forming/2018/10/flag__2018-10-03__0018807.png,,2018-10-03,18608,18807,2018-09-21T08:00:00+00:00,2018-10-03T23:00:00+00:00,18778.0,18807.0,2018-10-02T17:00:00+00:00,2018-10-03T23:00:00+00:00,,,1208.2,1195.8055357142857,1232.9889285714287,2.0,1208.2,2.497857142857145,Bull flag after impulsive advance,rule_candidate,pending
flag__2018-10-04__0018830,flag,1,forming,bullish,0.6180759089906701,120.0,flag/images/forming/2018/10/flag__2018-10-04__0018830.png,,2018-10-04,18631,18830,2018-09-24T08:00:00+00:00,2018-10-04T23:00:00+00:00,18755.0,18830.0,2018-10-01T17:00:00+00:00,2018-10-04T23:00:00+00:00,,,1208.2,1195.2357142857143,1234.1285714285716,2.0,1208.2,2.7771428571428487,Bull flag after impulsive advance,rule_candidate,pending
flag__2018-10-05__0018853,flag,1,forming,bullish,0.5520357242747888,160.0,flag/images/forming/2018/10/flag__2018-10-05__0018853.png,,2018-10-05,18654,18853,2018-09-25T08:00:00+00:00,2018-10-05T23:00:00+00:00,18753.0,18853.0,2018-10-01T15:00:00+00:00,2018-10-05T23:00:00+00:00,,,1208.2,1195.2892857142858,1234.0214285714285,2.0,1208.2,2.562857142857102,Bull flag after impulsive advance,rule_candidate,pending
flag__2018-10-08__0018876,flag,0,no_pattern,neutral,0.0,,flag/images/no_pattern/2018/10/flag__2018-10-08__0018876.png,,2018-10-08,18677,18876,2018-09-26T08:00:00+00:00,2018-10-08T23:00:00+00:00,,,,,,,,,,,,,No rule-based candidate at this daily endpoint,rule_candidate,pending
flag__2018-10-09__0018899,flag,0,no_pattern,neutral,0.0,,flag/images/no_pattern/2018/10/flag__2018-10-09__0018899.png,,2018-10-09,18700,18899,2018-09-27T08:00:00+00:00,2018-10-09T23:00:00+00:00,,,,,,,,,,,,,No rule-based candidate at this daily endpoint,rule_candidate,pending
flag__2018-10-10__0018922,flag,1,forming,bullish,0.6430970102691959,200.0,flag/images/forming/2018/10/flag__2018-10-10__0018922.png,,2018-10-10,18723,18922,2018-09-28T08:00:00+00:00,2018-10-10T23:00:00+00:00,18797.0,18922.0,2018-10-03T13:00:00+00:00,2018-10-10T23:00:00+00:00,,,1205.71,1182.4880357142858,1252.1539285714284,2.0,1205.71,2.5678571428571786,Bull flag after impulsive advance,rule_candidate,pending
flag__2018-10-11__0018945,flag,0,no_pattern,neutral,0.0,,flag/images/no_pattern/2018/10/flag__2018-10-11__0018945.png,,2018-10-11,18746,18945,2018-10-01T08:00:00+00:00,2018-10-11T23:00:00+00:00,,,,,,,,,,,,,No rule-based candidate at this daily endpoint,rule_candidate,pending
flag__2018-10-12__0018968,flag,1,forming,bullish,0.5979024344025367,64.0,flag/images/forming/2018/10/flag__2018-10-12__0018968.png,,2018-10-12,18769,18968,2018-10-02T08:00:00+00:00,2018-10-12T23:00:00+00:00,18929.0,18968.0,2018-10-11T07:00:00+00:00,2018-10-12T23:00:00+00:00,,,1226.25,1214.035357142857,1252.76,2.1703458963188016,1226.25,3.058571428571408,Bull flag after impulsive advance,rule_candidate,pending
flag__2018-10-15__0018991,flag,0,no_pattern,neutral,0.0,,flag/images/no_pattern/2018/10/flag__2018-10-15__0018991.png,,2018-10-15,18792,18991,2018-10-03T08:00:00+00:00,2018-10-15T23:00:00+00:00,,,,,,,,,,,,,No rule-based candidate at this daily endpoint,rule_candidate,pending
flag__2018-10-16__0019014,flag,1,forming,bullish,0.5518554496502901,80.0,flag/images/forming/2018/10/flag__2018-10-16__0019014.png,,2018-10-16,18815,19014,2018-10-04T08:00:00+00:00,2018-10-16T23:00:00+00:00,18965.0,19014.0,2018-10-12T20:00:00+00:00,2018-10-16T23:00:00+00:00,,,1233.17,1222.7076785714285,1256.76,2.254757719025708,1233.17,2.449285714285679,Bull flag after impulsive advance,rule_candidate,pending
flag__2018-10-17__0019037,flag,1,forming,bullish,0.5898118491557915,100.0,flag/images/forming/2018/10/flag__2018-10-17__0019037.png,,2018-10-17,18838,19037,2018-10-05T08:00:00+00:00,2018-10-17T23:00:00+00:00,18975.0,19037.0,2018-10-15T07:00:00+00:00,2018-10-17T23:00:00+00:00,,,1232.31,1219.8341071428572,1257.2617857142855,2.0,1232.31,2.583571428571401,Bull flag after impulsive advance,rule_candidate,pending
flag__2018-10-18__0019060,flag,1,forming,bullish,0.574690870901849,160.0,flag/images/forming/2018/10/flag__2018-10-18__0019060.png,,2018-10-18,18861,19060,2018-10-08T08:00:00+00:00,2018-10-18T23:00:00+00:00,18960.0,19060.0,2018-10-12T15:00:00+00:00,2018-10-18T23:00:00+00:00,,,1232.31,1217.9355357142856,1267.94,2.478701069605077,1232.31,2.577857142857137,Bull flag after impulsive advance,rule_candidate,pending
flag__2018-10-19__0019083,flag,1,forming,bullish,0.5301523982889091,200.0,flag/images/forming/2018/10/flag__2018-10-19__0019083.png,,2018-10-19,18884,19083,2018-10-09T08:00:00+00:00,2018-10-19T23:00:00+00:00,18958.0,19083.0,2018-10-12T13:00:00+00:00,2018-10-19T23:00:00+00:00,,,1232.31,1218.0530357142857,1268.35,2.5278873733388436,1232.31,2.10785714285711,Bull flag after impulsive advance,rule_candidate,pending
flag__2018-10-22__0019106,flag,0,no_pattern,neutral,0.0,,flag/images/no_pattern/2018/10/flag__2018-10-22__0019106.png,,2018-10-22,18907,19106,2018-10-10T08:00:00+00:00,2018-10-22T23:00:00+00:00,,,,,,,,,,,,,No rule-based candidate at this daily endpoint,rule_candidate,pending
flag__2018-10-23__0019129,flag,0,no_pattern,neutral,0.0,,flag/images/no_pattern/2018/10/flag__2018-10-23__0019129.png,,2018-10-23,18930,19129,2018-10-11T08:00:00+00:00,2018-10-23T23:00:00+00:00,,,,,,,,,,,,,No rule-based candidate at this daily endpoint,rule_candidate,pending
flag__2018-10-24__0019152,flag,1,forming,bullish,0.6096828318988636,80.0,flag/images/forming/2018/10/flag__2018-10-24__0019152.png,,2018-10-24,18953,19152,2018-10-12T08:00:00+00:00,2018-10-24T23:00:00+00:00,19103.0,19152.0,2018-10-22T20:00:00+00:00,2018-10-24T23:00:00+00:00,,,1239.66,1224.80875,1269.3625000000004,2.0,1239.66,2.7649999999999864,Bull flag after impulsive advance,rule_candidate,pending
flag__2018-10-25__0019175,flag,1,forming,bullish,0.5405372513203042,64.0,flag/images/forming/2018/10/flag__2018-10-25__0019175.png,,2018-10-25,18976,19175,2018-10-15T08:00:00+00:00,2018-10-25T23:00:00+00:00,19136.0,19175.0,2018-10-24T07:00:00+00:00,2018-10-25T23:00:00+00:00,,,1239.08,1226.6005357142858,1264.0389285714282,2.0,1239.08,2.557857142857139,Bull flag after impulsive advance,rule_candidate,pending
flag__2018-10-26__0019198,flag,0,no_pattern,neutral,0.0,,flag/images/no_pattern/2018/10/flag__2018-10-26__0019198.png,,2018-10-26,18999,19198,2018-10-16T08:00:00+00:00,2018-10-26T23:00:00+00:00,,,,,,,,,,,,,No rule-based candidate at this daily endpoint,rule_candidate,pending
flag__2018-10-29__0019221,flag,1,forming,bullish,0.5538882952095968,160.0,flag/images/forming/2018/10/flag__2018-10-29__0019221.png,,2018-10-29,19022,19221,2018-10-17T08:00:00+00:00,2018-10-29T22:00:00+00:00,19121.0,19221.0,2018-10-23T15:00:00+00:00,2018-10-29T22:00:00+00:00,,,1243.31,1223.5717857142859,1282.7864285714281,2.0,1243.31,2.5128571428571314,Bull flag after impulsive advance,rule_candidate,pending
flag__2018-10-30__0019244,flag,0,no_pattern,neutral,0.0,,flag/images/no_pattern/2018/10/flag__2018-10-30__0019244.png,,2018-10-30,19045,19244,2018-10-18T08:00:00+00:00,2018-10-30T22:00:00+00:00,,,,,,,,,,,,,No rule-based candidate at this daily endpoint,rule_candidate,pending
flag__2018-10-31__0019267,flag,0,no_pattern,neutral,0.0,,flag/images/no_pattern/2018/10/flag__2018-10-31__0019267.png,,2018-10-31,19068,19267,2018-10-19T08:00:00+00:00,2018-10-31T22:00:00+00:00,,,,,,,,,,,,,No rule-based candidate at this daily endpoint,rule_candidate,pending
flag__2018-11-01__0019290,flag,1,forming,bullish,0.5645595926797866,200.0,flag/images/forming/2018/11/flag__2018-11-01__0019290.png,,2018-11-01,19091,19290,2018-10-22T08:00:00+00:00,2018-11-01T22:00:00+00:00,19165.0,19290.0,2018-10-25T13:00:00+00:00,2018-11-01T22:00:00+00:00,,,1237.32,1211.0982142857142,1289.7635714285714,2.0,1237.32,3.0471428571428794,Bull flag after impulsive advance,rule_candidate,pending
flag__2018-11-02__0019313,flag,1,forming,bullish,0.5328054198485537,48.0,flag/images/forming/2018/11/flag__2018-11-02__0019313.png,,2018-11-02,19114,19313,2018-10-23T08:00:00+00:00,2018-11-02T22:00:00+00:00,19284.0,19313.0,2018-11-01T16:00:00+00:00,2018-11-02T22:00:00+00:00,,,1236.32,1228.9212499999999,1253.56,2.33012333164384,1236.32,2.7549999999999955,Bull flag after impulsive advance,rule_candidate,pending
flag__2018-11-05__0019336,flag,1,forming,bullish,0.631734714726866,80.0,flag/images/forming/2018/11/flag__2018-11-05__0019336.png,,2018-11-05,19137,19336,2018-10-24T08:00:00+00:00,2018-11-05T23:00:00+00:00,19287.0,19336.0,2018-11-01T19:00:00+00:00,2018-11-05T23:00:00+00:00,,,1236.32,1226.2301785714285,1256.4996428571428,2.0,1236.32,2.1592857142857156,Bull flag after impulsive advance,rule_candidate,pending
flag__2018-11-06__0019359,flag,1,forming,bullish,0.5637056236147885,100.0,flag/images/forming/2018/11/flag__2018-11-06__0019359.png,,2018-11-06,19160,19359,2018-10-25T08:00:00+00:00,2018-11-06T23:00:00+00:00,19297.0,19359.0,2018-11-02T06:00:00+00:00,2018-11-06T23:00:00+00:00,,,1235.84,1222.8005357142858,1261.918928571428,2.0,1235.84,2.35785714285711,Bull flag after impulsive advance,rule_candidate,pending
flag__2018-11-07__0019382,flag,1,forming,bullish,0.5541420263757423,120.0,flag/images/forming/2018/11/flag__2018-11-07__0019382.png,,2018-11-07,19183,19382,2018-10-26T08:00:00+00:00,2018-11-07T23:00:00+00:00,19307.0,19382.0,2018-11-02T16:00:00+00:00,2018-11-07T23:00:00+00:00,,,1236.38,1222.2816071428572,1264.576785714286,2.0,1236.38,2.393571428571428,Bull flag after impulsive advance,rule_candidate,pending
flag__2018-11-08__0019405,flag,0,no_pattern,neutral,0.0,,flag/images/no_pattern/2018/11/flag__2018-11-08__0019405.png,,2018-11-08,19206,19405,2018-10-29T07:00:00+00:00,2018-11-08T23:00:00+00:00,,,,,,,,,,,,,No rule-based candidate at this daily endpoint,rule_candidate,pending
flag__2018-11-09__0019428,flag,0,no_pattern,neutral,0.0,,flag/images/no_pattern/2018/11/flag__2018-11-09__0019428.png,,2018-11-09,19229,19428,2018-10-30T07:00:00+00:00,2018-11-09T23:00:00+00:00,,,,,,,,,,,,,No rule-based candidate at this daily endpoint,rule_candidate,pending
flag__2018-11-12__0019451,flag,0,no_pattern,neutral,0.0,,flag/images/no_pattern/2018/11/flag__2018-11-12__0019451.png,,2018-11-12,19252,19451,2018-10-31T07:00:00+00:00,2018-11-12T23:00:00+00:00,,,,,,,,,,,,,No rule-based candidate at this daily endpoint,rule_candidate,pending
flag__2018-11-13__0019474,flag,0,no_pattern,neutral,0.0,,flag/images/no_pattern/2018/11/flag__2018-11-13__0019474.png,,2018-11-13,19275,19474,2018-11-01T07:00:00+00:00,2018-11-13T23:00:00+00:00,,,,,,,,,,,,,No rule-based candidate at this daily endpoint,rule_candidate,pending
flag__2018-11-14__0019497,flag,0,no_pattern,neutral,0.0,,flag/images/no_pattern/2018/11/flag__2018-11-14__0019497.png,,2018-11-14,19298,19497,2018-11-02T07:00:00+00:00,2018-11-14T23:00:00+00:00,,,,,,,,,,,,,No rule-based candidate at this daily endpoint,rule_candidate,pending
flag__2018-11-15__0019520,flag,0,no_pattern,neutral,0.0,,flag/images/no_pattern/2018/11/flag__2018-11-15__0019520.png,,2018-11-15,19321,19520,2018-11-05T08:00:00+00:00,2018-11-15T23:00:00+00:00,,,,,,,,,,,,,No rule-based candidate at this daily endpoint,rule_candidate,pending
flag__2018-11-16__0019543,flag,0,no_pattern,neutral,0.0,,flag/images/no_pattern/2018/11/flag__2018-11-16__0019543.png,,2018-11-16,19344,19543,2018-11-06T08:00:00+00:00,2018-11-16T23:00:00+00:00,,,,,,,,,,,,,No rule-based candidate at this daily endpoint,rule_candidate,pending
flag__2018-11-19__0019566,flag,0,no_pattern,neutral,0.0,,flag/images/no_pattern/2018/11/flag__2018-11-19__0019566.png,,2018-11-19,19367,19566,2018-11-07T08:00:00+00:00,2018-11-19T23:00:00+00:00,,,,,,,,,,,,,No rule-based candidate at this daily endpoint,rule_candidate,pending
flag__2018-11-20__0019589,flag,1,forming,bullish,0.533512179801327,64.0,flag/images/forming/2018/11/flag__2018-11-20__0019589.png,,2018-11-20,19390,19589,2018-11-08T08:00:00+00:00,2018-11-20T23:00:00+00:00,19550.0,19589.0,2018-11-19T07:00:00+00:00,2018-11-20T23:00:00+00:00,,,1228.67,1219.2876785714286,1247.434642857143,2.0,1228.67,2.3692857142856707,Bull flag after impulsive advance,rule_candidate,pending
flag__2018-11-21__0019612,flag,0,no_pattern,neutral,0.0,,flag/images/no_pattern/2018/11/flag__2018-11-21__0019612.png,,2018-11-21,19413,19612,2018-11-09T08:00:00+00:00,2018-11-21T23:00:00+00:00,,,,,,,,,,,,,No rule-based candidate at this daily endpoint,rule_candidate,pending
flag__2018-11-22__0019631,flag,0,no_pattern,neutral,0.0,,flag/images/no_pattern/2018/11/flag__2018-11-22__0019631.png,,2018-11-22,19432,19631,2018-11-12T04:00:00+00:00,2018-11-22T19:00:00+00:00,,,,,,,,,,,,,No rule-based candidate at this daily endpoint,rule_candidate,pending
flag__2018-11-23__0019651,flag,1,forming,bullish,0.5937629897388137,100.0,flag/images/forming/2018/11/flag__2018-11-23__0019651.png,,2018-11-23,19452,19651,2018-11-13T01:00:00+00:00,2018-11-23T20:00:00+00:00,19589.0,19651.0,2018-11-20T23:00:00+00:00,2018-11-23T20:00:00+00:00,,,1229.01,1219.7710714285713,1247.4878571428574,2.0,1229.01,2.0757142857143305,Bull flag after impulsive advance,rule_candidate,pending
flag__2018-11-26__0019674,flag,1,forming,bullish,0.5960660566392488,160.0,flag/images/forming/2018/11/flag__2018-11-26__0019674.png,,2018-11-26,19475,19674,2018-11-14T01:00:00+00:00,2018-11-26T23:00:00+00:00,19574.0,19674.0,2018-11-20T08:00:00+00:00,2018-11-26T23:00:00+00:00,,,1229.98,1219.8744642857143,1250.1910714285714,2.0,1229.98,1.6621428571428882,Bull flag after impulsive advance,rule_candidate,pending
flag__2018-11-27__0019697,flag,0,no_pattern,neutral,0.0,,flag/images/no_pattern/2018/11/flag__2018-11-27__0019697.png,,2018-11-27,19498,19697,2018-11-15T01:00:00+00:00,2018-11-27T23:00:00+00:00,,,,,,,,,,,,,No rule-based candidate at this daily endpoint,rule_candidate,pending
flag__2018-11-28__0019720,flag,1,forming,bullish,0.6543374420961855,200.0,flag/images/forming/2018/11/flag__2018-11-28__0019720.png,,2018-11-28,19521,19720,2018-11-16T01:00:00+00:00,2018-11-28T23:00:00+00:00,19595.0,19720.0,2018-11-21T06:00:00+00:00,2018-11-28T23:00:00+00:00,,,1228.46,1210.384464285714,1264.611071428572,2.0,1228.46,2.8621428571428686,Bull flag after impulsive advance,rule_candidate,pending
flag__2018-11-29__0019743,flag,0,no_pattern,neutral,0.0,,flag/images/no_pattern/2018/11/flag__2018-11-29__0019743.png,,2018-11-29,19544,19743,2018-11-19T01:00:00+00:00,2018-11-29T23:00:00+00:00,,,,,,,,,,,,,No rule-based candidate at this daily endpoint,rule_candidate,pending
flag__2018-11-30__0019766,flag,1,forming,bullish,0.6479012270969674,64.0,flag/images/forming/2018/11/flag__2018-11-30__0019766.png,,2018-11-30,19567,19766,2018-11-20T01:00:00+00:00,2018-11-30T23:00:00+00:00,19727.0,19766.0,2018-11-29T07:00:00+00:00,2018-11-30T23:00:00+00:00,,,1228.91,1216.0562499999999,1254.6175000000005,2.0,1228.91,2.055000000000015,Bull flag after impulsive advance,rule_candidate,pending
flag__2018-12-03__0019789,flag,0,no_pattern,neutral,0.0,,flag/images/no_pattern/2018/12/flag__2018-12-03__0019789.png,,2018-12-03,19590,19789,2018-11-21T01:00:00+00:00,2018-12-03T23:00:00+00:00,,,,,,,,,,,,,No rule-based candidate at this daily endpoint,rule_candidate,pending
flag__2018-12-04__0019812,flag,0,no_pattern,neutral,0.0,,flag/images/no_pattern/2018/12/flag__2018-12-04__0019812.png,,2018-12-04,19613,19812,2018-11-22T01:00:00+00:00,2018-12-04T23:00:00+00:00,,,,,,,,,,,,,No rule-based candidate at this daily endpoint,rule_candidate,pending
flag__2018-12-05__0019835,flag,1,forming,bullish,0.5911650281822126,80.0,flag/images/forming/2018/12/flag__2018-12-05__0019835.png,,2018-12-05,19636,19835,2018-11-23T05:00:00+00:00,2018-12-05T23:00:00+00:00,19786.0,19835.0,2018-12-03T20:00:00+00:00,2018-12-05T23:00:00+00:00,,,1241.84,1232.7951785714286,1259.9296428571427,2.0,1241.84,1.6192857142856707,Bull flag after impulsive advance,rule_candidate,pending
flag__2018-12-06__0019858,flag,0,no_pattern,neutral,0.0,,flag/images/no_pattern/2018/12/flag__2018-12-06__0019858.png,,2018-12-06,19659,19858,2018-11-26T08:00:00+00:00,2018-12-06T23:00:00+00:00,,,,,,,,,,,,,No rule-based candidate at this daily endpoint,rule_candidate,pending
flag__2018-12-07__0019881,flag,0,no_pattern,neutral,0.0,,flag/images/no_pattern/2018/12/flag__2018-12-07__0019881.png,,2018-12-07,19682,19881,2018-11-27T08:00:00+00:00,2018-12-07T23:00:00+00:00,,,,,,,,,,,,,No rule-based candidate at this daily endpoint,rule_candidate,pending
flag__2018-12-10__0019904,flag,1,forming,bullish,0.7037490739716818,48.0,flag/images/forming/2018/12/flag__2018-12-10__0019904.png,,2018-12-10,19705,19904,2018-11-28T08:00:00+00:00,2018-12-10T23:00:00+00:00,19875.0,19904.0,2018-12-07T17:00:00+00:00,2018-12-10T23:00:00+00:00,,,1250.22,1240.95625,1268.7475000000002,2.0,1250.22,2.1750000000000194,Bull flag after impulsive advance,rule_candidate,pending
flag__2018-12-11__0019927,flag,1,forming,bullish,0.593396384970962,100.0,flag/images/forming/2018/12/flag__2018-12-11__0019927.png,,2018-12-11,19728,19927,2018-11-29T08:00:00+00:00,2018-12-11T23:00:00+00:00,19865.0,19927.0,2018-12-07T07:00:00+00:00,2018-12-11T23:00:00+00:00,,,1250.22,1240.3778571428572,1269.9042857142856,2.0,1250.22,2.1285714285714255,Bull flag after impulsive advance,rule_candidate,pending
flag__2018-12-12__0019950,flag,1,forming,bullish,0.5999135867825895,160.0,flag/images/forming/2018/12/flag__2018-12-12__0019950.png,,2018-12-12,19751,19950,2018-11-30T08:00:00+00:00,2018-12-12T23:00:00+00:00,19850.0,19950.0,2018-12-06T15:00:00+00:00,2018-12-12T23:00:00+00:00,,,1250.44,1240.4369642857143,1270.4460714285715,2.0,1250.44,1.892142857142874,Bull flag after impulsive advance,rule_candidate,pending
flag__2018-12-13__0019973,flag,1,forming,bullish,0.6024328286909602,200.0,flag/images/forming/2018/12/flag__2018-12-13__0019973.png,,2018-12-13,19774,19973,2018-12-03T08:00:00+00:00,2018-12-13T23:00:00+00:00,19848.0,19973.0,2018-12-06T13:00:00+00:00,2018-12-13T23:00:00+00:00,,,1250.22,1239.47,1272.0700000000002,2.0325581395348964,1250.22,2.1199999999999557,Bull flag after impulsive advance,rule_candidate,pending
flag__2018-12-14__0019996,flag,0,no_pattern,neutral,0.0,,flag/images/no_pattern/2018/12/flag__2018-12-14__0019996.png,,2018-12-14,19797,19996,2018-12-04T08:00:00+00:00,2018-12-14T23:00:00+00:00,,,,,,,,,,,,,No rule-based candidate at this daily endpoint,rule_candidate,pending
flag__2018-12-17__0020019,flag,1,forming,bullish,0.5921217458508834,200.0,flag/images/forming/2018/12/flag__2018-12-17__0020019.png,,2018-12-17,19820,20019,2018-12-05T08:00:00+00:00,2018-12-17T23:00:00+00:00,19894.0,20019.0,2018-12-10T13:00:00+00:00,2018-12-17T23:00:00+00:00,,,1248.01,1232.3585714285714,1279.3128571428572,2.0,1248.01,1.7257142857143077,Bull flag after impulsive advance,rule_candidate,pending
flag__2018-12-18__0020042,flag,0,no_pattern,neutral,0.0,,flag/images/no_pattern/2018/12/flag__2018-12-18__0020042.png,,2018-12-18,19843,20042,2018-12-06T08:00:00+00:00,2018-12-18T23:00:00+00:00,,,,,,,,,,,,,No rule-based candidate at this daily endpoint,rule_candidate,pending
flag__2018-12-19__0020065,flag,1,forming,bullish,0.5321053284010805,64.0,flag/images/forming/2018/12/flag__2018-12-19__0020065.png,,2018-12-19,19866,20065,2018-12-07T08:00:00+00:00,2018-12-19T23:00:00+00:00,20026.0,20065.0,2018-12-18T07:00:00+00:00,2018-12-19T23:00:00+00:00,,,1257.99,1240.7182142857143,1292.5335714285713,2.0,1257.99,3.3671428571428317,Bull flag after impulsive advance,rule_candidate,pending
flag__2018-12-20__0020088,flag,0,no_pattern,neutral,0.0,,flag/images/no_pattern/2018/12/flag__2018-12-20__0020088.png,,2018-12-20,19889,20088,2018-12-10T08:00:00+00:00,2018-12-20T23:00:00+00:00,,,,,,,,,,,,,No rule-based candidate at this daily endpoint,rule_candidate,pending
flag__2018-12-21__0020111,flag,1,forming,bullish,0.6628199158123123,48.0,flag/images/forming/2018/12/flag__2018-12-21__0020111.png,,2018-12-21,19912,20111,2018-12-11T08:00:00+00:00,2018-12-21T23:00:00+00:00,20082.0,20111.0,2018-12-20T17:00:00+00:00,2018-12-21T23:00:00+00:00,,,1262.65,1253.179107142857,1282.8300000000002,2.130738918113722,1262.65,2.483571428571476,Bull flag after impulsive advance,rule_candidate,pending
flag__2018-12-24__0020129,flag,0,no_pattern,neutral,0.0,,flag/images/no_pattern/2018/12/flag__2018-12-24__0020129.png,,2018-12-24,19930,20129,2018-12-12T03:00:00+00:00,2018-12-24T18:00:00+00:00,,,,,,,,,,,,,No rule-based candidate at this daily endpoint,rule_candidate,pending
flag__2018-12-26__0020144,flag,0,no_pattern,neutral,0.0,,flag/images/no_pattern/2018/12/flag__2018-12-26__0020144.png,,2018-12-26,19945,20144,2018-12-12T18:00:00+00:00,2018-12-26T23:00:00+00:00,,,,,,,,,,,,,No rule-based candidate at this daily endpoint,rule_candidate,pending
flag__2018-12-27__0020167,flag,0,no_pattern,neutral,0.0,,flag/images/no_pattern/2018/12/flag__2018-12-27__0020167.png,,2018-12-27,19968,20167,2018-12-13T18:00:00+00:00,2018-12-27T23:00:00+00:00,,,,,,,,,,,,,No rule-based candidate at this daily endpoint,rule_candidate,pending
flag__2018-12-28__0020190,flag,0,no_pattern,neutral,0.0,,flag/images/no_pattern/2018/12/flag__2018-12-28__0020190.png,,2018-12-28,19991,20190,2018-12-14T18:00:00+00:00,2018-12-28T23:00:00+00:00,,,,,,,,,,,,,No rule-based candidate at this daily endpoint,rule_candidate,pending
flag__2018-12-31__0020208,flag,0,no_pattern,neutral,0.0,,flag/images/no_pattern/2018/12/flag__2018-12-31__0020208.png,,2018-12-31,20009,20208,2018-12-17T13:00:00+00:00,2018-12-31T18:00:00+00:00,,,,,,,,,,,,,No rule-based candidate at this daily endpoint,rule_candidate,pending
flag__2019-01-02__0020223,flag,0,no_pattern,neutral,0.0,,flag/images/no_pattern/2019/01/flag__2019-01-02__0020223.png,,2019-01-02,20024,20223,2018-12-18T05:00:00+00:00,2019-01-02T23:00:00+00:00,,,,,,,,,,,,,No rule-based candidate at this daily endpoint,rule_candidate,pending
flag__2019-01-03__0020246,flag,0,no_pattern,neutral,0.0,,flag/images/no_pattern/2019/01/flag__2019-01-03__0020246.png,,2019-01-03,20047,20246,2018-12-19T05:00:00+00:00,2019-01-03T23:00:00+00:00,,,,,,,,,,,,,No rule-based candidate at this daily endpoint,rule_candidate,pending
flag__2019-01-04__0020269,flag,1,forming,bullish,0.6308447139781378,64.0,flag/images/forming/2019/01/flag__2019-01-04__0020269.png,,2019-01-04,20070,20269,2018-12-20T05:00:00+00:00,2019-01-04T23:00:00+00:00,20230.0,20269.0,2019-01-03T07:00:00+00:00,2019-01-04T23:00:00+00:00,,,1298.47,1275.6473214285713,1344.1153571428574,2.0,1298.47,3.410714285714253,Bull flag after impulsive advance,rule_candidate,pending
flag__2019-01-07__0020292,flag,1,forming,bullish,0.5521030162747415,120.0,flag/images/forming/2019/01/flag__2019-01-07__0020292.png,,2019-01-07,20093,20292,2018-12-21T05:00:00+00:00,2019-01-07T23:00:00+00:00,20217.0,20292.0,2019-01-02T17:00:00+00:00,2019-01-07T23:00:00+00:00,,,1298.47,1276.0107142857144,1343.3885714285714,2.0,1298.47,1.9571428571428473,Bull flag after impulsive advance,rule_candidate,pending
flag__2019-01-08__0020315,flag,1,forming,bullish,0.61682362219028,160.0,flag/images/forming/2019/01/flag__2019-01-08__0020315.png,,2019-01-08,20116,20315,2018-12-24T05:00:00+00:00,2019-01-08T23:00:00+00:00,20215.0,20315.0,2019-01-02T15:00:00+00:00,2019-01-08T23:00:00+00:00,,,1298.47,1275.9607142857142,1343.4885714285717,2.0,1298.47,2.157142857142893,Bull flag after impulsive advance,rule_candidate,pending
flag__2019-01-09__0020338,flag,1,forming,bullish,0.5680094049313897,200.0,flag/images/forming/2019/01/flag__2019-01-09__0020338.png,,2019-01-09,20139,20338,2018-12-26T18:00:00+00:00,2019-01-09T23:00:00+00:00,20213.0,20338.0,2019-01-02T13:00:00+00:00,2019-01-09T23:00:00+00:00,,,1298.47,1275.869642857143,1343.6707142857142,2.0,1298.47,2.5214285714286007,Bull flag after impulsive advance,rule_candidate,pending
flag__2019-01-10__0020361,flag,1,forming,bullish,0.5734797510669324,64.0,flag/images/forming/2019/01/flag__2019-01-10__0020361.png,,2019-01-10,20162,20361,2018-12-27T18:00:00+00:00,2019-01-10T23:00:00+00:00,20322.0,20361.0,2019-01-09T07:00:00+00:00,2019-01-10T23:00:00+00:00,,,1296.98,1285.4723214285714,1319.9953571428573,2.0,1296.98,2.1507142857142787,Bull flag after impulsive advance,rule_candidate,pending
flag__2019-01-11__0020384,flag,1,forming,bullish,0.5334603213534796,80.0,flag/images/forming/2019/01/flag__2019-01-11__0020384.png,,2019-01-11,20185,20384,2018-12-28T18:00:00+00:00,2019-01-11T23:00:00+00:00,20335.0,20384.0,2019-01-09T20:00:00+00:00,2019-01-11T23:00:00+00:00,,,1295.05,1285.4796428571428,1314.1907142857142,2.0,1295.05,2.1214285714285745,Bull flag after impulsive advance,rule_candidate,pending
flag__2019-01-14__0020407,flag,0,no_pattern,neutral,0.0,,flag/images/no_pattern/2019/01/flag__2019-01-14__0020407.png,,2019-01-14,20208,20407,2018-12-31T18:00:00+00:00,2019-01-14T23:00:00+00:00,,,,,,,,,,,,,No rule-based candidate at this daily endpoint,rule_candidate,pending
flag__2019-01-15__0020430,flag,0,no_pattern,neutral,0.0,,flag/images/no_pattern/2019/01/flag__2019-01-15__0020430.png,,2019-01-15,20231,20430,2019-01-03T08:00:00+00:00,2019-01-15T23:00:00+00:00,,,,,,,,,,,,,No rule-based candidate at this daily endpoint,rule_candidate,pending
flag__2019-01-16__0020453,flag,0,no_pattern,neutral,0.0,,flag/images/no_pattern/2019/01/flag__2019-01-16__0020453.png,,2019-01-16,20254,20453,2019-01-04T08:00:00+00:00,2019-01-16T23:00:00+00:00,,,,,,,,,,,,,No rule-based candidate at this daily endpoint,rule_candidate,pending
flag__2019-01-17__0020476,flag,1,forming,bullish,0.5969074107926569,48.0,flag/images/forming/2019/01/flag__2019-01-17__0020476.png,,2019-01-17,20277,20476,2019-01-07T08:00:00+00:00,2019-01-17T23:00:00+00:00,20447.0,20476.0,2019-01-16T17:00:00+00:00,2019-01-17T23:00:00+00:00,,,1295.28,1288.0767857142857,1309.6864285714285,2.0,1295.28,1.9328571428571877,Bull flag after impulsive advance,rule_candidate,pending
flag__2019-01-18__0020499,flag,0,no_pattern,neutral,0.0,,flag/images/no_pattern/2019/01/flag__2019-01-18__0020499.png,,2019-01-18,20300,20499,2019-01-08T08:00:00+00:00,2019-01-18T23:00:00+00:00,,,,,,,,,,,,,No rule-based candidate at this daily endpoint,rule_candidate,pending
flag__2019-01-21__0020518,flag,0,no_pattern,neutral,0.0,,flag/images/no_pattern/2019/01/flag__2019-01-21__0020518.png,,2019-01-21,20319,20518,2019-01-09T04:00:00+00:00,2019-01-21T19:00:00+00:00,,,,,,,,,,,,,No rule-based candidate at this daily endpoint,rule_candidate,pending
flag__2019-01-22__0020541,flag,0,no_pattern,neutral,0.0,,flag/images/no_pattern/2019/01/flag__2019-01-22__0020541.png,,2019-01-22,20342,20541,2019-01-10T04:00:00+00:00,2019-01-22T23:00:00+00:00,,,,,,,,,,,,,No rule-based candidate at this daily endpoint,rule_candidate,pending
flag__2019-01-23__0020564,flag,1,forming,bullish,0.55685864579837,48.0,flag/images/forming/2019/01/flag__2019-01-23__0020564.png,,2019-01-23,20365,20564,2019-01-11T04:00:00+00:00,2019-01-23T23:00:00+00:00,20535.0,20564.0,2019-01-22T17:00:00+00:00,2019-01-23T23:00:00+00:00,,,1286.42,1278.0614285714285,1303.1371428571433,2.0,1286.42,1.9142857142857272,Bull flag after impulsive advance,rule_candidate,pending
flag__2019-01-24__0020587,flag,0,no_pattern,neutral,0.0,,flag/images/no_pattern/2019/01/flag__2019-01-24__0020587.png,,2019-01-24,20388,20587,2019-01-14T04:00:00+00:00,2019-01-24T23:00:00+00:00,,,,,,,,,,,,,No rule-based candidate at this daily endpoint,rule_candidate,pending
flag__2019-01-25__0020610,flag,0,no_pattern,neutral,0.0,,flag/images/no_pattern/2019/01/flag__2019-01-25__0020610.png,,2019-01-25,20411,20610,2019-01-15T04:00:00+00:00,2019-01-25T23:00:00+00:00,,,,,,,,,,,,,No rule-based candidate at this daily endpoint,rule_candidate,pending
flag__2019-01-28__0020633,flag,0,no_pattern,neutral,0.0,,flag/images/no_pattern/2019/01/flag__2019-01-28__0020633.png,,2019-01-28,20434,20633,2019-01-16T04:00:00+00:00,2019-01-28T23:00:00+00:00,,,,,,,,,,,,,No rule-based candidate at this daily endpoint,rule_candidate,pending
flag__2019-01-29__0020656,flag,0,no_pattern,neutral,0.0,,flag/images/no_pattern/2019/01/flag__2019-01-29__0020656.png,,2019-01-29,20457,20656,2019-01-17T04:00:00+00:00,2019-01-29T23:00:00+00:00,,,,,,,,,,,,,No rule-based candidate at this daily endpoint,rule_candidate,pending
flag__2019-01-30__0020679,flag,0,no_pattern,neutral,0.0,,flag/images/no_pattern/2019/01/flag__2019-01-30__0020679.png,,2019-01-30,20480,20679,2019-01-18T04:00:00+00:00,2019-01-30T23:00:00+00:00,,,,,,,,,,,,,No rule-based candidate at this daily endpoint,rule_candidate,pending
flag__2019-01-31__0020702,flag,0,no_pattern,neutral,0.0,,flag/images/no_pattern/2019/01/flag__2019-01-31__0020702.png,,2019-01-31,20503,20702,2019-01-21T04:00:00+00:00,2019-01-31T23:00:00+00:00,,,,,,,,,,,,,No rule-based candidate at this daily endpoint,rule_candidate,pending
flag__2019-02-01__0020725,flag,1,forming,bullish,0.6307178342917712,80.0,flag/images/forming/2019/02/flag__2019-02-01__0020725.png,,2019-02-01,20526,20725,2019-01-22T08:00:00+00:00,2019-02-01T23:00:00+00:00,20676.0,20725.0,2019-01-30T20:00:00+00:00,2019-02-01T23:00:00+00:00,,,1326.2,1315.4258928571428,1347.7482142857145,2.0,1326.2,2.3364285714285415,Bull flag after impulsive advance,rule_candidate,pending
flag__2019-02-04__0020748,flag,1,forming,bullish,0.687403462424754,120.0,flag/images/forming/2019/02/flag__2019-02-04__0020748.png,,2019-02-04,20549,20748,2019-01-23T08:00:00+00:00,2019-02-04T23:00:00+00:00,20673.0,20748.0,2019-01-30T17:00:00+00:00,2019-02-04T23:00:00+00:00,,,1325.28,1307.985357142857,1359.8692857142858,2.0,1325.28,1.978571428571448,Bull flag after impulsive advance,rule_candidate,pending
flag__2019-02-05__0020771,flag,1,forming,bullish,0.6578571439904196,200.0,flag/images/forming/2019/02/flag__2019-02-05__0020771.png,,2019-02-05,20572,20771,2019-01-24T08:00:00+00:00,2019-02-05T23:00:00+00:00,20646.0,20771.0,2019-01-29T13:00:00+00:00,2019-02-05T23:00:00+00:00,,,1326.2,1307.9883928571428,1362.9,2.0151983134774634,1326.2,1.9664285714285694,Bull flag after impulsive advance,rule_candidate,pending
flag__2019-02-06__0020794,flag,1,forming,bullish,0.6188870217845412,200.0,flag/images/forming/2019/02/flag__2019-02-06__0020794.png,,2019-02-06,20595,20794,2019-01-25T08:00:00+00:00,2019-02-06T23:00:00+00:00,20669.0,20794.0,2019-01-30T13:00:00+00:00,2019-02-06T23:00:00+00:00,,,1323.45,1305.0867857142857,1361.29,2.0606414220977416,1323.45,1.7728571428570896,Bull flag after impulsive advance,rule_candidate,pending
flag__2019-02-07__0020817,flag,1,forming,bullish,0.60118938086735,200.0,flag/images/forming/2019/02/flag__2019-02-07__0020817.png,,2019-02-07,20618,20817,2019-01-28T08:00:00+00:00,2019-02-07T23:00:00+00:00,20692.0,20817.0,2019-01-31T13:00:00+00:00,2019-02-07T23:00:00+00:00,,,1316.72,1302.1641071428571,1345.8317857142858,2.0,1316.72,2.0635714285714033,Bull flag after impulsive advance,rule_candidate,pending
flag__2019-02-08__0020840,flag,1,forming,bullish,0.5521145853673003,200.0,flag/images/forming/2019/02/flag__2019-02-08__0020840.png,,2019-02-08,20641,20840,2019-01-29T08:00:00+00:00,2019-02-08T23:00:00+00:00,20715.0,20840.0,2019-02-01T13:00:00+00:00,2019-02-08T23:00:00+00:00,,,1316.72,1302.2507142857144,1345.6585714285713,2.0,1316.72,1.717142857142822,Bull flag after impulsive advance,rule_candidate,pending
flag__2019-02-11__0020863,flag,1,forming,bullish,0.681100292885878,64.0,flag/images/forming/2019/02/flag__2019-02-11__0020863.png,,2019-02-11,20664,20863,2019-01-30T08:00:00+00:00,2019-02-11T23:00:00+00:00,20824.0,20863.0,2019-02-08T07:00:00+00:00,2019-02-11T23:00:00+00:00,,,1315.55,1303.0264285714286,1340.5971428571427,2.0,1315.55,2.054285714285714,Bull flag after impulsive advance,rule_candidate,pending
flag__2019-02-12__0020886,flag,0,no_pattern,neutral,0.0,,flag/images/no_pattern/2019/02/flag__2019-02-12__0020886.png,,2019-02-12,20687,20886,2019-01-31T08:00:00+00:00,2019-02-12T23:00:00+00:00,,,,,,,,,,,,,No rule-based candidate at this daily endpoint,rule_candidate,pending
flag__2019-02-13__0020909,flag,0,no_pattern,neutral,0.0,,flag/images/no_pattern/2019/02/flag__2019-02-13__0020909.png,,2019-02-13,20710,20909,2019-02-01T08:00:00+00:00,2019-02-13T23:00:00+00:00,,,,,,,,,,,,,No rule-based candidate at this daily endpoint,rule_candidate,pending
flag__2019-02-14__0020932,flag,1,forming,bullish,0.530346840964746,80.0,flag/images/forming/2019/02/flag__2019-02-14__0020932.png,,2019-02-14,20733,20932,2019-02-04T08:00:00+00:00,2019-02-14T23:00:00+00:00,20883.0,20932.0,2019-02-12T20:00:00+00:00,2019-02-14T23:00:00+00:00,,,1318.06,1301.5428571428572,1351.0942857142854,2.0,1318.06,2.988571428571439,Bull flag after impulsive advance,rule_candidate,pending
flag__2019-02-15__0020955,flag,0,no_pattern,neutral,0.0,,flag/images/no_pattern/2019/02/flag__2019-02-15__0020955.png,,2019-02-15,20756,20955,2019-02-05T08:00:00+00:00,2019-02-15T23:00:00+00:00,,,,,,,,,,,,,No rule-based candidate at this daily endpoint,rule_candidate,pending
flag__2019-02-18__0020974,flag,0,no_pattern,neutral,0.0,,flag/images/no_pattern/2019/02/flag__2019-02-18__0020974.png,,2019-02-18,20775,20974,2019-02-06T04:00:00+00:00,2019-02-18T19:00:00+00:00,,,,,,,,,,,,,No rule-based candidate at this daily endpoint,rule_candidate,pending
flag__2019-02-19__0020997,flag,0,no_pattern,neutral,0.0,,flag/images/no_pattern/2019/02/flag__2019-02-19__0020997.png,,2019-02-19,20798,20997,2019-02-07T04:00:00+00:00,2019-02-19T23:00:00+00:00,,,,,,,,,,,,,No rule-based candidate at this daily endpoint,rule_candidate,pending
flag__2019-02-20__0021020,flag,1,forming,bullish,0.5481315211989419,48.0,flag/images/forming/2019/02/flag__2019-02-20__0021020.png,,2019-02-20,20821,21020,2019-02-08T04:00:00+00:00,2019-02-20T23:00:00+00:00,20991.0,21020.0,2019-02-19T17:00:00+00:00,2019-02-20T23:00:00+00:00,,,1346.61,1336.0942857142857,1367.6414285714284,2.0,1346.61,2.742857142857133,Bull flag after impulsive advance,rule_candidate,pending
flag__2019-02-21__0021043,flag,1,forming,bullish,0.6239678243602779,120.0,flag/images/forming/2019/02/flag__2019-02-21__0021043.png,,2019-02-21,20844,21043,2019-02-11T04:00:00+00:00,2019-02-21T23:00:00+00:00,20968.0,21043.0,2019-02-18T13:00:00+00:00,2019-02-21T23:00:00+00:00,,,1346.61,1320.0207142857141,1399.7885714285715,2.0,1346.61,3.2371428571428527,Bull flag after impulsive advance,rule_candidate,pending
flag__2019-02-22__0021066,flag,1,forming,bullish,0.6811978667768177,160.0,flag/images/forming/2019/02/flag__2019-02-22__0021066.png,,2019-02-22,20867,21066,2019-02-12T04:00:00+00:00,2019-02-22T23:00:00+00:00,20966.0,21066.0,2019-02-18T11:00:00+00:00,2019-02-22T23:00:00+00:00,,,1346.61,1320.18875,1399.4524999999996,2.0,1346.61,2.5650000000000057,Bull flag after impulsive advance,rule_candidate,pending
flag__2019-02-25__0021089,flag,1,forming,bullish,0.6521120746936533,200.0,flag/images/forming/2019/02/flag__2019-02-25__0021089.png,,2019-02-25,20890,21089,2019-02-13T04:00:00+00:00,2019-02-25T23:00:00+00:00,20964.0,21089.0,2019-02-18T09:00:00+00:00,2019-02-25T23:00:00+00:00,,,1346.61,1320.2444642857142,1399.3410714285712,2.0,1346.61,2.3421428571428384,Bull flag after impulsive advance,rule_candidate,pending
flag__2019-02-26__0021112,flag,1,forming,bullish,0.5739904606084129,200.0,flag/images/forming/2019/02/flag__2019-02-26__0021112.png,,2019-02-26,20913,21112,2019-02-14T04:00:00+00:00,2019-02-26T23:00:00+00:00,20987.0,21112.0,2019-02-19T13:00:00+00:00,2019-02-26T23:00:00+00:00,,,1341.38,1320.2964285714286,1383.5471428571432,2.0,1341.38,2.1342857142857383,Bull flag after impulsive advance,rule_candidate,pending
flag__2019-02-27__0021135,flag,1,forming,bullish,0.555714460553702,200.0,flag/images/forming/2019/02/flag__2019-02-27__0021135.png,,2019-02-27,20936,21135,2019-02-15T04:00:00+00:00,2019-02-27T23:00:00+00:00,21010.0,21135.0,2019-02-20T13:00:00+00:00,2019-02-27T23:00:00+00:00,,,1333.0,1316.1178571428572,1366.7642857142855,2.0,1333.0,2.2485714285714136,Bull flag after impulsive advance,rule_candidate,pending
flag__2019-02-28__0021158,flag,0,no_pattern,neutral,0.0,,flag/images/no_pattern/2019/02/flag__2019-02-28__0021158.png,,2019-02-28,20959,21158,2019-02-18T04:00:00+00:00,2019-02-28T23:00:00+00:00,,,,,,,,,,,,,No rule-based candidate at this daily endpoint,rule_candidate,pending
flag__2019-03-01__0021181,flag,0,no_pattern,neutral,0.0,,flag/images/no_pattern/2019/03/flag__2019-03-01__0021181.png,,2019-03-01,20982,21181,2019-02-19T08:00:00+00:00,2019-03-01T23:00:00+00:00,,,,,,,,,,,,,No rule-based candidate at this daily endpoint,rule_candidate,pending
flag__2019-03-04__0021204,flag,0,no_pattern,neutral,0.0,,flag/images/no_pattern/2019/03/flag__2019-03-04__0021204.png,,2019-03-04,21005,21204,2019-02-20T08:00:00+00:00,2019-03-04T23:00:00+00:00,,,,,,,,,,,,,No rule-based candidate at this daily endpoint,rule_candidate,pending
flag__2019-03-05__0021227,flag,0,no_pattern,neutral,0.0,,flag/images/no_pattern/2019/03/flag__2019-03-05__0021227.png,,2019-03-05,21028,21227,2019-02-21T08:00:00+00:00,2019-03-05T23:00:00+00:00,,,,,,,,,,,,,No rule-based candidate at this daily endpoint,rule_candidate,pending
flag__2019-03-06__0021250,flag,0,no_pattern,neutral,0.0,,flag/images/no_pattern/2019/03/flag__2019-03-06__0021250.png,,2019-03-06,21051,21250,2019-02-22T08:00:00+00:00,2019-03-06T23:00:00+00:00,,,,,,,,,,,,,No rule-based candidate at this daily endpoint,rule_candidate,pending
flag__2019-03-07__0021273,flag,0,no_pattern,neutral,0.0,,flag/images/no_pattern/2019/03/flag__2019-03-07__0021273.png,,2019-03-07,21074,21273,2019-02-25T08:00:00+00:00,2019-03-07T23:00:00+00:00,,,,,,,,,,,,,No rule-based candidate at this daily endpoint,rule_candidate,pending
flag__2019-03-08__0021296,flag,0,no_pattern,neutral,0.0,,flag/images/no_pattern/2019/03/flag__2019-03-08__0021296.png,,2019-03-08,21097,21296,2019-02-26T08:00:00+00:00,2019-03-08T23:00:00+00:00,,,,,,,,,,,,,No rule-based candidate at this daily endpoint,rule_candidate,pending
flag__2019-03-11__0021319,flag,1,forming,bullish,0.6905097948551467,64.0,flag/images/forming/2019/03/flag__2019-03-11__0021319.png,,2019-03-11,21120,21319,2019-02-27T08:00:00+00:00,2019-03-11T22:00:00+00:00,21280.0,21319.0,2019-03-08T07:00:00+00:00,2019-03-11T22:00:00+00:00,,,1300.59,1289.8826785714284,1322.004642857143,2.0,1300.59,1.9492857142856954,Bull flag after impulsive advance,rule_candidate,pending
flag__2019-03-12__0021342,flag,0,no_pattern,neutral,0.0,,flag/images/no_pattern/2019/03/flag__2019-03-12__0021342.png,,2019-03-12,21143,21342,2019-02-28T08:00:00+00:00,2019-03-12T22:00:00+00:00,,,,,,,,,,,,,No rule-based candidate at this daily endpoint,rule_candidate,pending
flag__2019-03-13__0021365,flag,0,no_pattern,neutral,0.0,,flag/images/no_pattern/2019/03/flag__2019-03-13__0021365.png,,2019-03-13,21166,21365,2019-03-01T08:00:00+00:00,2019-03-13T22:00:00+00:00,,,,,,,,,,,,,No rule-based candidate at this daily endpoint,rule_candidate,pending
flag__2019-03-14__0021388,flag,1,forming,bullish,0.5439494242674229,120.0,flag/images/forming/2019/03/flag__2019-03-14__0021388.png,,2019-03-14,21189,21388,2019-03-04T08:00:00+00:00,2019-03-14T22:00:00+00:00,21313.0,21388.0,2019-03-11T16:00:00+00:00,2019-03-14T22:00:00+00:00,,,1311.14,1292.1153571428572,1349.189285714286,2.0,1311.14,2.2585714285714045,Bull flag after impulsive advance,rule_candidate,pending
flag__2019-03-15__0021411,flag,1,forming,bullish,0.5683688040956305,160.0,flag/images/forming/2019/03/flag__2019-03-15__0021411.png,,2019-03-15,21212,21411,2019-03-05T08:00:00+00:00,2019-03-15T22:00:00+00:00,21311.0,21411.0,2019-03-11T14:00:00+00:00,2019-03-15T22:00:00+00:00,,,1311.14,1292.1610714285714,1349.0978571428575,2.0,1311.14,2.075714285714249,Bull flag after impulsive advance,rule_candidate,pending
flag__2019-03-18__0021434,flag,1,forming,bullish,0.5472143506564621,200.0,flag/images/forming/2019/03/flag__2019-03-18__0021434.png,,2019-03-18,21235,21434,2019-03-06T08:00:00+00:00,2019-03-18T22:00:00+00:00,21309.0,21434.0,2019-03-11T12:00:00+00:00,2019-03-18T22:00:00+00:00,,,1311.14,1292.2160714285715,1348.9878571428574,2.0,1311.14,1.855714285714287,Bull flag after impulsive advance,rule_candidate,pending
flag__2019-03-19__0021457,flag,0,no_pattern,neutral,0.0,,flag/images/no_pattern/2019/03/flag__2019-03-19__0021457.png,,2019-03-19,21258,21457,2019-03-07T08:00:00+00:00,2019-03-19T22:00:00+00:00,,,,,,,,,,,,,No rule-based candidate at this daily endpoint,rule_candidate,pending
flag__2019-03-20__0021480,flag,0,no_pattern,neutral,0.0,,flag/images/no_pattern/2019/03/flag__2019-03-20__0021480.png,,2019-03-20,21281,21480,2019-03-08T08:00:00+00:00,2019-03-20T22:00:00+00:00,,,,,,,,,,,,,No rule-based candidate at this daily endpoint,rule_candidate,pending
flag__2019-03-21__0021503,flag,0,no_pattern,neutral,0.0,,flag/images/no_pattern/2019/03/flag__2019-03-21__0021503.png,,2019-03-21,21304,21503,2019-03-11T07:00:00+00:00,2019-03-21T22:00:00+00:00,,,,,,,,,,,,,No rule-based candidate at this daily endpoint,rule_candidate,pending
flag__2019-03-22__0021526,flag,1,forming,bullish,0.57799153202038,100.0,flag/images/forming/2019/03/flag__2019-03-22__0021526.png,,2019-03-22,21327,21526,2019-03-12T07:00:00+00:00,2019-03-22T22:00:00+00:00,21464.0,21526.0,2019-03-20T06:00:00+00:00,2019-03-22T22:00:00+00:00,,,1320.3,1302.478214285714,1355.9435714285717,2.0,1320.3,2.567142857142877,Bull flag after impulsive advance,rule_candidate,pending
flag__2019-03-25__0021549,flag,0,no_pattern,neutral,0.0,,flag/images/no_pattern/2019/03/flag__2019-03-25__0021549.png,,2019-03-25,21350,21549,2019-03-13T07:00:00+00:00,2019-03-25T22:00:00+00:00,,,,,,,,,,,,,No rule-based candidate at this daily endpoint,rule_candidate,pending
flag__2019-03-26__0021572,flag,1,forming,bullish,0.6876282975246222,64.0,flag/images/forming/2019/03/flag__2019-03-26__0021572.png,,2019-03-26,21373,21572,2019-03-14T07:00:00+00:00,2019-03-26T22:00:00+00:00,21533.0,21572.0,2019-03-25T06:00:00+00:00,2019-03-26T22:00:00+00:00,,,1324.38,1311.93625,1349.2675000000004,2.0,1324.38,2.575000000000013,Bull flag after impulsive advance,rule_candidate,pending
flag__2019-03-27__0021595,flag,1,forming,bullish,0.6671951239979761,120.0,flag/images/forming/2019/03/flag__2019-03-27__0021595.png,,2019-03-27,21396,21595,2019-03-15T07:00:00+00:00,2019-03-27T22:00:00+00:00,21520.0,21595.0,2019-03-22T16:00:00+00:00,2019-03-27T22:00:00+00:00,,,1324.38,1307.2128571428573,1358.7142857142858,2.0,1324.38,3.0285714285714187,Bull flag after impulsive advance,rule_candidate,pending
flag__2019-03-28__0021618,flag,0,no_pattern,neutral,0.0,,flag/images/no_pattern/2019/03/flag__2019-03-28__0021618.png,,2019-03-28,21419,21618,2019-03-18T07:00:00+00:00,2019-03-28T22:00:00+00:00,,,,,,,,,,,,,No rule-based candidate at this daily endpoint,rule_candidate,pending
flag__2019-03-29__0021641,flag,0,no_pattern,neutral,0.0,,flag/images/no_pattern/2019/03/flag__2019-03-29__0021641.png,,2019-03-29,21442,21641,2019-03-19T07:00:00+00:00,2019-03-29T22:00:00+00:00,,,,,,,,,,,,,No rule-based candidate at this daily endpoint,rule_candidate,pending
flag__2019-04-01__0021664,flag,0,no_pattern,neutral,0.0,,flag/images/no_pattern/2019/04/flag__2019-04-01__0021664.png,,2019-04-01,21465,21664,2019-03-20T07:00:00+00:00,2019-04-01T23:00:00+00:00,,,,,,,,,,,,,No rule-based candidate at this daily endpoint,rule_candidate,pending
flag__2019-04-02__0021687,flag,0,no_pattern,neutral,0.0,,flag/images/no_pattern/2019/04/flag__2019-04-02__0021687.png,,2019-04-02,21488,21687,2019-03-21T07:00:00+00:00,2019-04-02T23:00:00+00:00,,,,,,,,,,,,,No rule-based candidate at this daily endpoint,rule_candidate,pending
flag__2019-04-03__0021710,flag,1,forming,bullish,0.634924172521465,48.0,flag/images/forming/2019/04/flag__2019-04-03__0021710.png,,2019-04-03,21511,21710,2019-03-22T07:00:00+00:00,2019-04-03T23:00:00+00:00,21681.0,21710.0,2019-04-02T17:00:00+00:00,2019-04-03T23:00:00+00:00,,,1294.47,1287.8321428571428,1307.7457142857145,2.0,1294.47,1.8314285714286112,Bull flag after impulsive advance,rule_candidate,pending
flag__2019-04-04__0021733,flag,0,no_pattern,neutral,0.0,,flag/images/no_pattern/2019/04/flag__2019-04-04__0021733.png,,2019-04-04,21534,21733,2019-03-25T07:00:00+00:00,2019-04-04T23:00:00+00:00,,,,,,,,,,,,,No rule-based candidate at this daily endpoint,rule_candidate,pending
flag__2019-04-05__0021756,flag,0,no_pattern,neutral,0.0,,flag/images/no_pattern/2019/04/flag__2019-04-05__0021756.png,,2019-04-05,21557,21756,2019-03-26T07:00:00+00:00,2019-04-05T23:00:00+00:00,,,,,,,,,,,,,No rule-based candidate at this daily endpoint,rule_candidate,pending
flag__2019-04-08__0021779,flag,0,no_pattern,neutral,0.0,,flag/images/no_pattern/2019/04/flag__2019-04-08__0021779.png,,2019-04-08,21580,21779,2019-03-27T07:00:00+00:00,2019-04-08T23:00:00+00:00,,,,,,,,,,,,,No rule-based candidate at this daily endpoint,rule_candidate,pending
flag__2019-04-09__0021802,flag,0,no_pattern,neutral,0.0,,flag/images/no_pattern/2019/04/flag__2019-04-09__0021802.png,,2019-04-09,21603,21802,2019-03-28T07:00:00+00:00,2019-04-09T23:00:00+00:00,,,,,,,,,,,,,No rule-based candidate at this daily endpoint,rule_candidate,pending
flag__2019-04-10__0021825,flag,0,no_pattern,neutral,0.0,,flag/images/no_pattern/2019/04/flag__2019-04-10__0021825.png,,2019-04-10,21626,21825,2019-03-29T07:00:00+00:00,2019-04-10T23:00:00+00:00,,,,,,,,,,,,,No rule-based candidate at this daily endpoint,rule_candidate,pending
flag__2019-04-11__0021848,flag,0,no_pattern,neutral,0.0,,flag/images/no_pattern/2019/04/flag__2019-04-11__0021848.png,,2019-04-11,21649,21848,2019-04-01T08:00:00+00:00,2019-04-11T23:00:00+00:00,,,,,,,,,,,,,No rule-based candidate at this daily endpoint,rule_candidate,pending
flag__2019-04-12__0021871,flag,0,no_pattern,neutral,0.0,,flag/images/no_pattern/2019/04/flag__2019-04-12__0021871.png,,2019-04-12,21672,21871,2019-04-02T08:00:00+00:00,2019-04-12T23:00:00+00:00,,,,,,,,,,,,,No rule-based candidate at this daily endpoint,rule_candidate,pending
flag__2019-04-15__0021894,flag,0,no_pattern,neutral,0.0,,flag/images/no_pattern/2019/04/flag__2019-04-15__0021894.png,,2019-04-15,21695,21894,2019-04-03T08:00:00+00:00,2019-04-15T23:00:00+00:00,,,,,,,,,,,,,No rule-based candidate at this daily endpoint,rule_candidate,pending
flag__2019-04-16__0021917,flag,0,no_pattern,neutral,0.0,,flag/images/no_pattern/2019/04/flag__2019-04-16__0021917.png,,2019-04-16,21718,21917,2019-04-04T08:00:00+00:00,2019-04-16T23:00:00+00:00,,,,,,,,,,,,,No rule-based candidate at this daily endpoint,rule_candidate,pending
flag__2019-04-17__0021940,flag,0,no_pattern,neutral,0.0,,flag/images/no_pattern/2019/04/flag__2019-04-17__0021940.png,,2019-04-17,21741,21940,2019-04-05T08:00:00+00:00,2019-04-17T23:00:00+00:00,,,,,,,,,,,,,No rule-based candidate at this daily endpoint,rule_candidate,pending
flag__2019-04-18__0021963,flag,0,no_pattern,neutral,0.0,,flag/images/no_pattern/2019/04/flag__2019-04-18__0021963.png,,2019-04-18,21764,21963,2019-04-08T08:00:00+00:00,2019-04-18T23:00:00+00:00,,,,,,,,,,,,,No rule-based candidate at this daily endpoint,rule_candidate,pending
flag__2019-04-22__0021986,flag,0,no_pattern,neutral,0.0,,flag/images/no_pattern/2019/04/flag__2019-04-22__0021986.png,,2019-04-22,21787,21986,2019-04-09T08:00:00+00:00,2019-04-22T23:00:00+00:00,,,,,,,,,,,,,No rule-based candidate at this daily endpoint,rule_candidate,pending
flag__2019-04-23__0022009,flag,0,no_pattern,neutral,0.0,,flag/images/no_pattern/2019/04/flag__2019-04-23__0022009.png,,2019-04-23,21810,22009,2019-04-10T08:00:00+00:00,2019-04-23T23:00:00+00:00,,,,,,,,,,,,,No rule-based candidate at this daily endpoint,rule_candidate,pending
flag__2019-04-24__0022032,flag,0,no_pattern,neutral,0.0,,flag/images/no_pattern/2019/04/flag__2019-04-24__0022032.png,,2019-04-24,21833,22032,2019-04-11T08:00:00+00:00,2019-04-24T23:00:00+00:00,,,,,,,,,,,,,No rule-based candidate at this daily endpoint,rule_candidate,pending
flag__2019-04-25__0022055,flag,0,no_pattern,neutral,0.0,,flag/images/no_pattern/2019/04/flag__2019-04-25__0022055.png,,2019-04-25,21856,22055,2019-04-12T08:00:00+00:00,2019-04-25T23:00:00+00:00,,,,,,,,,,,,,No rule-based candidate at this daily endpoint,rule_candidate,pending
flag__2019-04-26__0022078,flag,0,no_pattern,neutral,0.0,,flag/images/no_pattern/2019/04/flag__2019-04-26__0022078.png,,2019-04-26,21879,22078,2019-04-15T08:00:00+00:00,2019-04-26T23:00:00+00:00,,,,,,,,,,,,,No rule-based candidate at this daily endpoint,rule_candidate,pending
flag__2019-04-29__0022101,flag,1,forming,bullish,0.5977693037872756,80.0,flag/images/forming/2019/04/flag__2019-04-29__0022101.png,,2019-04-29,21902,22101,2019-04-16T08:00:00+00:00,2019-04-29T23:00:00+00:00,22052.0,22101.0,2019-04-25T20:00:00+00:00,2019-04-29T23:00:00+00:00,,,1288.62,1273.8757142857141,1318.1085714285714,2.0,1288.62,1.7771428571428487,Bull flag after impulsive advance,rule_candidate,pending
flag__2019-04-30__0022124,flag,1,forming,bullish,0.5611887452597122,120.0,flag/images/forming/2019/04/flag__2019-04-30__0022124.png,,2019-04-30,21925,22124,2019-04-17T08:00:00+00:00,2019-04-30T23:00:00+00:00,22049.0,22124.0,2019-04-25T17:00:00+00:00,2019-04-30T23:00:00+00:00,,,1288.62,1277.462142857143,1310.9357142857139,2.0,1288.62,1.9914285714285467,Bull flag after impulsive advance,rule_candidate,pending
flag__2019-05-01__0022147,flag,1,forming,bullish,0.5454987674018891,200.0,flag/images/forming/2019/05/flag__2019-05-01__0022147.png,,2019-05-01,21948,22147,2019-04-18T08:00:00+00:00,2019-05-01T23:00:00+00:00,22022.0,22147.0,2019-04-24T13:00:00+00:00,2019-05-01T23:00:00+00:00,,,1288.62,1272.01125,1321.8374999999996,2.0,1288.62,3.075000000000029,Bull flag after impulsive advance,rule_candidate,pending
flag__2019-05-02__0022170,flag,0,no_pattern,neutral,0.0,,flag/images/no_pattern/2019/05/flag__2019-05-02__0022170.png,,2019-05-02,21971,22170,2019-04-22T08:00:00+00:00,2019-05-02T23:00:00+00:00,,,,,,,,,,,,,No rule-based candidate at this daily endpoint,rule_candidate,pending
flag__2019-05-03__0022193,flag,1,forming,bullish,0.6343501724029528,200.0,flag/images/forming/2019/05/flag__2019-05-03__0022193.png,,2019-05-03,21994,22193,2019-04-23T08:00:00+00:00,2019-05-03T23:00:00+00:00,22068.0,22193.0,2019-04-26T13:00:00+00:00,2019-05-03T23:00:00+00:00,,,1287.18,1265.5600000000002,1330.4199999999998,2.0,1287.18,2.4800000000000018,Bull flag after impulsive advance,rule_candidate,pending
flag__2019-05-06__0022216,flag,1,forming,bullish,0.633385860081114,48.0,flag/images/forming/2019/05/flag__2019-05-06__0022216.png,,2019-05-06,22017,22216,2019-04-24T08:00:00+00:00,2019-05-06T23:00:00+00:00,22187.0,22216.0,2019-05-03T17:00:00+00:00,2019-05-06T23:00:00+00:00,,,1285.08,1276.4237500000002,1302.3924999999995,2.0,1285.08,1.824999999999948,Bull flag after impulsive advance,rule_candidate,pending
flag__2019-05-07__0022239,flag,0,no_pattern,neutral,0.0,,flag/images/no_pattern/2019/05/flag__2019-05-07__0022239.png,,2019-05-07,22040,22239,2019-04-25T08:00:00+00:00,2019-05-07T23:00:00+00:00,,,,,,,,,,,,,No rule-based candidate at this daily endpoint,rule_candidate,pending
flag__2019-05-08__0022262,flag,0,no_pattern,neutral,0.0,,flag/images/no_pattern/2019/05/flag__2019-05-08__0022262.png,,2019-05-08,22063,22262,2019-04-26T08:00:00+00:00,2019-05-08T23:00:00+00:00,,,,,,,,,,,,,No rule-based candidate at this daily endpoint,rule_candidate,pending
flag__2019-05-09__0022285,flag,1,forming,bullish,0.5583780014892982,100.0,flag/images/forming/2019/05/flag__2019-05-09__0022285.png,,2019-05-09,22086,22285,2019-04-29T08:00:00+00:00,2019-05-09T23:00:00+00:00,22223.0,22285.0,2019-05-07T07:00:00+00:00,2019-05-09T23:00:00+00:00,,,1291.39,1278.6033928571428,1316.9632142857147,2.0,1291.39,2.386428571428561,Bull flag after impulsive advance,rule_candidate,pending
flag__2019-05-10__0022308,flag,0,no_pattern,neutral,0.0,,flag/images/no_pattern/2019/05/flag__2019-05-10__0022308.png,,2019-05-10,22109,22308,2019-04-30T08:00:00+00:00,2019-05-10T23:00:00+00:00,,,,,,,,,,,,,No rule-based candidate at this daily endpoint,rule_candidate,pending
flag__2019-05-13__0022331,flag,0,no_pattern,neutral,0.0,,flag/images/no_pattern/2019/05/flag__2019-05-13__0022331.png,,2019-05-13,22132,22331,2019-05-01T08:00:00+00:00,2019-05-13T23:00:00+00:00,,,,,,,,,,,,,No rule-based candidate at this daily endpoint,rule_candidate,pending
flag__2019-05-14__0022354,flag,1,forming,bullish,0.6544895459100818,48.0,flag/images/forming/2019/05/flag__2019-05-14__0022354.png,,2019-05-14,22155,22354,2019-05-02T08:00:00+00:00,2019-05-14T23:00:00+00:00,22325.0,22354.0,2019-05-13T17:00:00+00:00,2019-05-14T23:00:00+00:00,,,1303.19,1293.1392857142855,1323.2914285714292,2.0,1303.19,1.842857142857172,Bull flag after impulsive advance,rule_candidate,pending
flag__2019-05-15__0022377,flag,1,forming,bullish,0.5838066842122612,120.0,flag/images/forming/2019/05/flag__2019-05-15__0022377.png,,2019-05-15,22178,22377,2019-05-03T08:00:00+00:00,2019-05-15T23:00:00+00:00,22302.0,22377.0,2019-05-10T17:00:00+00:00,2019-05-15T23:00:00+00:00,,,1303.19,1290.6419642857143,1328.2860714285716,2.0,1303.19,2.1521428571428323,Bull flag after impulsive advance,rule_candidate,pending
flag__2019-05-16__0022400,flag,0,no_pattern,neutral,0.0,,flag/images/no_pattern/2019/05/flag__2019-05-16__0022400.png,,2019-05-16,22201,22400,2019-05-06T08:00:00+00:00,2019-05-16T23:00:00+00:00,,,,,,,,,,,,,No rule-based candidate at this daily endpoint,rule_candidate,pending
flag__2019-05-17__0022423,flag,0,no_pattern,neutral,0.0,,flag/images/no_pattern/2019/05/flag__2019-05-17__0022423.png,,2019-05-17,22224,22423,2019-05-07T08:00:00+00:00,2019-05-17T23:00:00+00:00,,,,,,,,,,,,,No rule-based candidate at this daily endpoint,rule_candidate,pending
flag__2019-05-20__0022446,flag,0,no_pattern,neutral,0.0,,flag/images/no_pattern/2019/05/flag__2019-05-20__0022446.png,,2019-05-20,22247,22446,2019-05-08T08:00:00+00:00,2019-05-20T23:00:00+00:00,,,,,,,,,,,,,No rule-based candidate at this daily endpoint,rule_candidate,pending
flag__2019-05-21__0022469,flag,0,no_pattern,neutral,0.0,,flag/images/no_pattern/2019/05/flag__2019-05-21__0022469.png,,2019-05-21,22270,22469,2019-05-09T08:00:00+00:00,2019-05-21T23:00:00+00:00,,,,,,,,,,,,,No rule-based candidate at this daily endpoint,rule_candidate,pending
flag__2019-05-22__0022492,flag,0,no_pattern,neutral,0.0,,flag/images/no_pattern/2019/05/flag__2019-05-22__0022492.png,,2019-05-22,22293,22492,2019-05-10T08:00:00+00:00,2019-05-22T23:00:00+00:00,,,,,,,,,,,,,No rule-based candidate at this daily endpoint,rule_candidate,pending
flag__2019-05-23__0022515,flag,0,no_pattern,neutral,0.0,,flag/images/no_pattern/2019/05/flag__2019-05-23__0022515.png,,2019-05-23,22316,22515,2019-05-13T08:00:00+00:00,2019-05-23T23:00:00+00:00,,,,,,,,,,,,,No rule-based candidate at this daily endpoint,rule_candidate,pending
flag__2019-05-24__0022538,flag,1,forming,bullish,0.5417620661054532,64.0,flag/images/forming/2019/05/flag__2019-05-24__0022538.png,,2019-05-24,22339,22538,2019-05-14T08:00:00+00:00,2019-05-24T23:00:00+00:00,22499.0,22538.0,2019-05-23T07:00:00+00:00,2019-05-24T23:00:00+00:00,,,1287.22,1280.3026785714287,1301.0546428571427,2.0,1287.22,1.5092857142857221,Bull flag after impulsive advance,rule_candidate,pending
flag__2019-05-27__0022558,flag,0,no_pattern,neutral,0.0,,flag/images/no_pattern/2019/05/flag__2019-05-27__0022558.png,,2019-05-27,22359,22558,2019-05-15T05:00:00+00:00,2019-05-27T20:00:00+00:00,,,,,,,,,,,,,No rule-based candidate at this daily endpoint,rule_candidate,pending
flag__2019-05-28__0022581,flag,1,forming,bullish,0.6917103570178114,80.0,flag/images/forming/2019/05/flag__2019-05-28__0022581.png,,2019-05-28,22382,22581,2019-05-16T05:00:00+00:00,2019-05-28T23:00:00+00:00,22532.0,22581.0,2019-05-24T17:00:00+00:00,2019-05-28T23:00:00+00:00,,,1287.08,1275.54125,1310.1574999999998,2.0,1287.08,2.074999999999948,Bull flag after impulsive advance,rule_candidate,pending
flag__2019-05-29__0022604,flag,1,forming,bullish,0.5719043383387488,120.0,flag/images/forming/2019/05/flag__2019-05-29__0022604.png,,2019-05-29,22405,22604,2019-05-17T05:00:00+00:00,2019-05-29T23:00:00+00:00,22529.0,22604.0,2019-05-24T14:00:00+00:00,2019-05-29T23:00:00+00:00,,,1286.46,1275.4717857142857,1308.4364285714287,2.0,1286.46,2.3528571428571143,Bull flag after impulsive advance,rule_candidate,pending
flag__2019-05-30__0022627,flag,1,forming,bullish,0.5632318364716378,200.0,flag/images/forming/2019/05/flag__2019-05-30__0022627.png,,2019-05-30,22428,22627,2019-05-20T05:00:00+00:00,2019-05-30T23:00:00+00:00,22502.0,22627.0,2019-05-23T10:00:00+00:00,2019-05-30T23:00:00+00:00,,,1289.12,1274.3485714285714,1318.6628571428569,2.0,1289.12,2.285714285714253,Bull flag after impulsive advance,rule_candidate,pending
flag__2019-05-31__0022650,flag,0,no_pattern,neutral,0.0,,flag/images/no_pattern/2019/05/flag__2019-05-31__0022650.png,,2019-05-31,22451,22650,2019-05-21T05:00:00+00:00,2019-05-31T23:00:00+00:00,,,,,,,,,,,,,No rule-based candidate at this daily endpoint,rule_candidate,pending
flag__2019-06-03__0022673,flag,0,no_pattern,neutral,0.0,,flag/images/no_pattern/2019/06/flag__2019-06-03__0022673.png,,2019-06-03,22474,22673,2019-05-22T05:00:00+00:00,2019-06-03T23:00:00+00:00,,,,,,,,,,,,,No rule-based candidate at this daily endpoint,rule_candidate,pending
flag__2019-06-04__0022696,flag,1,forming,bullish,0.5307612630135539,48.0,flag/images/forming/2019/06/flag__2019-06-04__0022696.png,,2019-06-04,22497,22696,2019-05-23T05:00:00+00:00,2019-06-04T23:00:00+00:00,22667.0,22696.0,2019-06-03T17:00:00+00:00,2019-06-04T23:00:00+00:00,,,1328.95,1318.9823214285714,1348.8853571428574,2.0,1328.95,3.3507142857142753,Bull flag after impulsive advance,rule_candidate,pending
flag__2019-06-05__0022719,flag,0,no_pattern,neutral,0.0,,flag/images/no_pattern/2019/06/flag__2019-06-05__0022719.png,,2019-06-05,22520,22719,2019-05-24T05:00:00+00:00,2019-06-05T23:00:00+00:00,,,,,,,,,,,,,No rule-based candidate at this daily endpoint,rule_candidate,pending
flag__2019-06-06__0022742,flag,0,no_pattern,neutral,0.0,,flag/images/no_pattern/2019/06/flag__2019-06-06__0022742.png,,2019-06-06,22543,22742,2019-05-27T05:00:00+00:00,2019-06-06T23:00:00+00:00,,,,,,,,,,,,,No rule-based candidate at this daily endpoint,rule_candidate,pending
flag__2019-06-07__0022765,flag,0,no_pattern,neutral,0.0,,flag/images/no_pattern/2019/06/flag__2019-06-07__0022765.png,,2019-06-07,22566,22765,2019-05-28T08:00:00+00:00,2019-06-07T23:00:00+00:00,,,,,,,,,,,,,No rule-based candidate at this daily endpoint,rule_candidate,pending
flag__2019-06-10__0022788,flag,1,forming,bullish,0.5986134141542107,120.0,flag/images/forming/2019/06/flag__2019-06-10__0022788.png,,2019-06-10,22589,22788,2019-05-29T08:00:00+00:00,2019-06-10T23:00:00+00:00,22713.0,22788.0,2019-06-05T17:00:00+00:00,2019-06-10T23:00:00+00:00,,,1348.18,1324.4289285714285,1395.6821428571432,2.0,1348.18,2.2042857142857395,Bull flag after impulsive advance,rule_candidate,pending
flag__2019-06-11__0022811,flag,1,forming,bullish,0.6330886470013002,160.0,flag/images/forming/2019/06/flag__2019-06-11__0022811.png,,2019-06-11,22612,22811,2019-05-30T08:00:00+00:00,2019-06-11T23:00:00+00:00,22711.0,22811.0,2019-06-05T15:00:00+00:00,2019-06-11T23:00:00+00:00,,,1348.18,1319.2392857142856,1406.061428571429,2.0,1348.18,2.162857142857157,Bull flag after impulsive advance,rule_candidate,pending
flag__2019-06-12__0022834,flag,1,forming,bullish,0.5428172313905619,200.0,flag/images/forming/2019/06/flag__2019-06-12__0022834.png,,2019-06-12,22635,22834,2019-05-31T08:00:00+00:00,2019-06-12T23:00:00+00:00,22709.0,22834.0,2019-06-05T13:00:00+00:00,2019-06-12T23:00:00+00:00,,,1348.18,1319.180892857143,1406.1782142857144,2.0,1348.18,2.396428571428536,Bull flag after impulsive advance,rule_candidate,pending
flag__2019-06-13__0022857,flag,0,no_pattern,neutral,0.0,,flag/images/no_pattern/2019/06/flag__2019-06-13__0022857.png,,2019-06-13,22658,22857,2019-06-03T08:00:00+00:00,2019-06-13T23:00:00+00:00,,,,,,,,,,,,,No rule-based candidate at this daily endpoint,rule_candidate,pending
flag__2019-06-14__0022880,flag,1,forming,bullish,0.535938708901203,48.0,flag/images/forming/2019/06/flag__2019-06-14__0022880.png,,2019-06-14,22681,22880,2019-06-04T08:00:00+00:00,2019-06-14T23:00:00+00:00,22851.0,22880.0,2019-06-13T17:00:00+00:00,2019-06-14T23:00:00+00:00,,,1358.07,1336.8201785714286,1400.5696428571425,2.0,1358.07,3.7592857142856895,Bull flag after impulsive advance,rule_candidate,pending
flag__2019-06-17__0022903,flag,1,forming,bullish,0.629356853346368,100.0,flag/images/forming/2019/06/flag__2019-06-17__0022903.png,,2019-06-17,22704,22903,2019-06-05T08:00:00+00:00,2019-06-17T23:00:00+00:00,22841.0,22903.0,2019-06-13T07:00:00+00:00,2019-06-17T23:00:00+00:00,,,1358.07,1332.1962500000002,1409.8174999999994,2.0,1358.07,2.734999999999997,Bull flag after impulsive advance,rule_candidate,pending
flag__2019-06-18__0022926,flag,0,no_pattern,neutral,0.0,,flag/images/no_pattern/2019/06/flag__2019-06-18__0022926.png,,2019-06-18,22727,22926,2019-06-06T08:00:00+00:00,2019-06-18T23:00:00+00:00,,,,,,,,,,,,,No rule-based candidate at this daily endpoint,rule_candidate,pending
flag__2019-06-19__0022949,flag,0,no_pattern,neutral,0.0,,flag/images/no_pattern/2019/06/flag__2019-06-19__0022949.png,,2019-06-19,22750,22949,2019-06-07T08:00:00+00:00,2019-06-19T23:00:00+00:00,,,,,,,,,,,,,No rule-based candidate at this daily endpoint,rule_candidate,pending
flag__2019-06-20__0022972,flag,0,no_pattern,neutral,0.0,,flag/images/no_pattern/2019/06/flag__2019-06-20__0022972.png,,2019-06-20,22773,22972,2019-06-10T08:00:00+00:00,2019-06-20T23:00:00+00:00,,,,,,,,,,,,,No rule-based candidate at this daily endpoint,rule_candidate,pending
flag__2019-06-21__0022995,flag,1,forming,bullish,0.530791840472006,48.0,flag/images/forming/2019/06/flag__2019-06-21__0022995.png,,2019-06-21,22796,22995,2019-06-11T08:00:00+00:00,2019-06-21T23:00:00+00:00,22966.0,22995.0,2019-06-20T17:00:00+00:00,2019-06-21T23:00:00+00:00,,,1411.71,1380.9385714285715,1473.252857142857,2.0,1411.71,5.885714285714308,Bull flag after impulsive advance,rule_candidate,pending
flag__2019-06-24__0023018,flag,0,no_pattern,neutral,0.0,,flag/images/no_pattern/2019/06/flag__2019-06-24__0023018.png,,2019-06-24,22819,23018,2019-06-12T08:00:00+00:00,2019-06-24T23:00:00+00:00,,,,,,,,,,,,,No rule-based candidate at this daily endpoint,rule_candidate,pending
flag__2019-06-25__0023041,flag,1,forming,bullish,0.5469520650628703,48.0,flag/images/forming/2019/06/flag__2019-06-25__0023041.png,,2019-06-25,22842,23041,2019-06-13T08:00:00+00:00,2019-06-25T23:00:00+00:00,23012.0,23041.0,2019-06-24T17:00:00+00:00,2019-06-25T23:00:00+00:00,,,1439.13,1410.2908928571428,1496.8082142857147,2.0,1439.13,5.996428571428559,Bull flag after impulsive advance,rule_candidate,pending
flag__2019-06-26__0023064,flag,1,forming,bullish,0.6753697229212763,100.0,flag/images/forming/2019/06/flag__2019-06-26__0023064.png,,2019-06-26,22865,23064,2019-06-14T08:00:00+00:00,2019-06-26T23:00:00+00:00,23002.0,23064.0,2019-06-24T07:00:00+00:00,2019-06-26T23:00:00+00:00,,,1439.13,1400.5201785714287,1516.349642857143,2.0,1439.13,4.519285714285713,Bull flag after impulsive advance,rule_candidate,pending
flag__2019-06-27__0023087,flag,1,forming,bullish,0.666237656989334,160.0,flag/images/forming/2019/06/flag__2019-06-27__0023087.png,,2019-06-27,22888,23087,2019-06-17T08:00:00+00:00,2019-06-27T23:00:00+00:00,22987.0,23087.0,2019-06-21T15:00:00+00:00,2019-06-27T23:00:00+00:00,,,1439.13,1397.6742857142856,1522.0414285714292,2.0,1439.13,3.462857142857128,Bull flag after impulsive advance,rule_candidate,pending
flag__2019-06-28__0023110,flag,1,forming,bullish,0.5967412201388282,200.0,flag/images/forming/2019/06/flag__2019-06-28__0023110.png,,2019-06-28,22911,23110,2019-06-18T08:00:00+00:00,2019-06-28T23:00:00+00:00,22985.0,23110.0,2019-06-21T13:00:00+00:00,2019-06-28T23:00:00+00:00,,,1439.13,1397.7171428571428,1521.9557142857147,2.0,1439.13,3.291428571428615,Bull flag after impulsive advance,rule_candidate,pending
flag__2019-07-01__0023133,flag,1,forming,bullish,0.6039671043335917,200.0,flag/images/forming/2019/07/flag__2019-07-01__0023133.png,,2019-07-01,22934,23133,2019-06-19T08:00:00+00:00,2019-07-01T23:00:00+00:00,23008.0,23133.0,2019-06-24T13:00:00+00:00,2019-07-01T23:00:00+00:00,,,1424.55,1380.6026785714284,1512.444642857143,2.0,1424.55,4.029285714285753,Bull flag after impulsive advance,rule_candidate,pending
flag__2019-07-02__0023156,flag,1,forming,bullish,0.5898176849220674,200.0,flag/images/forming/2019/07/flag__2019-07-02__0023156.png,,2019-07-02,22957,23156,2019-06-20T08:00:00+00:00,2019-07-02T23:00:00+00:00,23031.0,23156.0,2019-06-25T13:00:00+00:00,2019-07-02T23:00:00+00:00,,,1424.55,1380.4455357142856,1512.7589285714287,2.0,1424.55,4.65785714285713,Bull flag after impulsive advance,rule_candidate,pending
flag__2019-07-03__0023179,flag,1,forming,bullish,0.677105360143187,48.0,flag/images/forming/2019/07/flag__2019-07-03__0023179.png,,2019-07-03,22980,23179,2019-06-21T08:00:00+00:00,2019-07-03T23:00:00+00:00,23150.0,23179.0,2019-07-02T17:00:00+00:00,2019-07-03T23:00:00+00:00,,,1437.68,1410.8964285714287,1491.2471428571428,2.0,1437.68,4.054285714285697,Bull flag after impulsive advance,rule_candidate,pending
flag__2019-07-04__0023198,flag,1,forming,bullish,0.6519852233092789,80.0,flag/images/forming/2019/07/flag__2019-07-04__0023198.png,,2019-07-04,22999,23198,2019-06-24T04:00:00+00:00,2019-07-04T19:00:00+00:00,23149.0,23198.0,2019-07-02T16:00:00+00:00,2019-07-04T19:00:00+00:00,,,1428.65,1409.3780357142857,1469.92,2.141452702389656,1428.65,2.807857142857123,Bull flag after impulsive advance,rule_candidate,pending
flag__2019-07-05__0023221,flag,0,no_pattern,neutral,0.0,,flag/images/no_pattern/2019/07/flag__2019-07-05__0023221.png,,2019-07-05,23022,23221,2019-06-25T04:00:00+00:00,2019-07-05T23:00:00+00:00,,,,,,,,,,,,,No rule-based candidate at this daily endpoint,rule_candidate,pending
flag__2019-07-08__0023244,flag,0,no_pattern,neutral,0.0,,flag/images/no_pattern/2019/07/flag__2019-07-08__0023244.png,,2019-07-08,23045,23244,2019-06-26T04:00:00+00:00,2019-07-08T23:00:00+00:00,,,,,,,,,,,,,No rule-based candidate at this daily endpoint,rule_candidate,pending
flag__2019-07-09__0023267,flag,0,no_pattern,neutral,0.0,,flag/images/no_pattern/2019/07/flag__2019-07-09__0023267.png,,2019-07-09,23068,23267,2019-06-27T04:00:00+00:00,2019-07-09T23:00:00+00:00,,,,,,,,,,,,,No rule-based candidate at this daily endpoint,rule_candidate,pending
flag__2019-07-10__0023290,flag,0,no_pattern,neutral,0.0,,flag/images/no_pattern/2019/07/flag__2019-07-10__0023290.png,,2019-07-10,23091,23290,2019-06-28T04:00:00+00:00,2019-07-10T23:00:00+00:00,,,,,,,,,,,,,No rule-based candidate at this daily endpoint,rule_candidate,pending
flag__2019-07-11__0023313,flag,1,forming,bullish,0.5704603838062019,64.0,flag/images/forming/2019/07/flag__2019-07-11__0023313.png,,2019-07-11,23114,23313,2019-07-01T04:00:00+00:00,2019-07-11T23:00:00+00:00,23274.0,23313.0,2019-07-10T07:00:00+00:00,2019-07-11T23:00:00+00:00,,,1427.0,1399.6000000000001,1481.7999999999997,2.0,1427.0,4.359999999999965,Bull flag after impulsive advance,rule_candidate,pending
flag__2019-07-12__0023336,flag,1,forming,bullish,0.616397952684836,100.0,flag/images/forming/2019/07/flag__2019-07-12__0023336.png,,2019-07-12,23137,23336,2019-07-02T04:00:00+00:00,2019-07-12T23:00:00+00:00,23274.0,23336.0,2019-07-10T07:00:00+00:00,2019-07-12T23:00:00+00:00,,,1427.0,1399.7975000000001,1481.4049999999997,2.0,1427.0,3.5700000000000336,Bull flag after impulsive advance,rule_candidate,pending
flag__2019-07-15__0023359,flag,1,forming,bullish,0.5318572789978516,48.0,flag/images/forming/2019/07/flag__2019-07-15__0023359.png,,2019-07-15,23160,23359,2019-07-03T04:00:00+00:00,2019-07-15T23:00:00+00:00,23330.0,23359.0,2019-07-12T17:00:00+00:00,2019-07-15T23:00:00+00:00,,,1417.47,1406.8239285714285,1438.762142857143,2.0,1417.47,3.0242857142857082,Bull flag after impulsive advance,rule_candidate,pending
flag__2019-07-16__0023382,flag,1,forming,bullish,0.5553928236580852,120.0,flag/images/forming/2019/07/flag__2019-07-16__0023382.png,,2019-07-16,23183,23382,2019-07-04T04:00:00+00:00,2019-07-16T23:00:00+00:00,23307.0,23382.0,2019-07-11T17:00:00+00:00,2019-07-16T23:00:00+00:00,,,1419.68,1399.659642857143,1459.7207142857144,2.0,1419.68,4.161428571428603,Bull flag after impulsive advance,rule_candidate,pending
flag__2019-07-17__0023405,flag,1,forming,bullish,0.5365603163769962,160.0,flag/images/forming/2019/07/flag__2019-07-17__0023405.png,,2019-07-17,23206,23405,2019-07-05T08:00:00+00:00,2019-07-17T23:00:00+00:00,23305.0,23405.0,2019-07-11T15:00:00+00:00,2019-07-17T23:00:00+00:00,,,1426.7,1398.9444642857143,1482.2110714285716,2.0,1426.7,4.062142857142866,Bull flag after impulsive advance,rule_candidate,pending
flag__2019-07-18__0023428,flag,0,no_pattern,neutral,0.0,,flag/images/no_pattern/2019/07/flag__2019-07-18__0023428.png,,2019-07-18,23229,23428,2019-07-08T08:00:00+00:00,2019-07-18T23:00:00+00:00,,,,,,,,,,,,,No rule-based candidate at this daily endpoint,rule_candidate,pending
flag__2019-07-19__0023451,flag,1,forming,bullish,0.5804564843661535,64.0,flag/images/forming/2019/07/flag__2019-07-19__0023451.png,,2019-07-19,23252,23451,2019-07-09T08:00:00+00:00,2019-07-19T23:00:00+00:00,23412.0,23451.0,2019-07-18T07:00:00+00:00,2019-07-19T23:00:00+00:00,,,1452.87,1418.7676785714284,1521.0746428571429,2.0,1452.87,5.249285714285763,Bull flag after impulsive advance,rule_candidate,pending
flag__2019-07-22__0023474,flag,1,forming,bullish,0.6547041520689375,100.0,flag/images/forming/2019/07/flag__2019-07-22__0023474.png,,2019-07-22,23275,23474,2019-07-10T08:00:00+00:00,2019-07-22T23:00:00+00:00,23412.0,23474.0,2019-07-18T07:00:00+00:00,2019-07-22T23:00:00+00:00,,,1446.51,1419.3983928571429,1500.7332142857142,2.0,1446.51,2.726428571428609,Bull flag after impulsive advance,rule_candidate,pending
flag__2019-07-23__0023497,flag,1,forming,bullish,0.6273402421039375,100.0,flag/images/forming/2019/07/flag__2019-07-23__0023497.png,,2019-07-23,23298,23497,2019-07-11T08:00:00+00:00,2019-07-23T23:00:00+00:00,23435.0,23497.0,2019-07-19T07:00:00+00:00,2019-07-23T23:00:00+00:00,,,1430.04,1413.1214285714284,1463.877142857143,2.0,1430.04,3.8342857142857025,Bull flag after impulsive advance,rule_candidate,pending
flag__2019-07-24__0023520,flag,1,forming,bullish,0.6252249006996029,200.0,flag/images/forming/2019/07/flag__2019-07-24__0023520.png,,2019-07-24,23321,23520,2019-07-12T08:00:00+00:00,2019-07-24T23:00:00+00:00,23395.0,23520.0,2019-07-17T13:00:00+00:00,2019-07-24T23:00:00+00:00,,,1445.17,1413.2891071428571,1508.931785714286,2.0,1445.17,3.163571428571426,Bull flag after impulsive advance,rule_candidate,pending
flag__2019-07-25__0023543,flag,0,no_pattern,neutral,0.0,,flag/images/no_pattern/2019/07/flag__2019-07-25__0023543.png,,2019-07-25,23344,23543,2019-07-15T08:00:00+00:00,2019-07-25T23:00:00+00:00,,,,,,,,,,,,,No rule-based candidate at this daily endpoint,rule_candidate,pending
flag__2019-07-26__0023566,flag,1,forming,bullish,0.5377222512593818,200.0,flag/images/forming/2019/07/flag__2019-07-26__0023566.png,,2019-07-26,23367,23566,2019-07-16T08:00:00+00:00,2019-07-26T23:00:00+00:00,23441.0,23566.0,2019-07-19T13:00:00+00:00,2019-07-26T23:00:00+00:00,,,1433.68,1410.1766071428572,1480.6867857142859,2.0,1433.68,3.093571428571425,Bull flag after impulsive advance,rule_candidate,pending
flag__2019-07-29__0023589,flag,1,forming,bullish,0.5497243359794088,200.0,flag/images/forming/2019/07/flag__2019-07-29__0023589.png,,2019-07-29,23390,23589,2019-07-17T08:00:00+00:00,2019-07-29T23:00:00+00:00,23464.0,23589.0,2019-07-22T13:00:00+00:00,2019-07-29T23:00:00+00:00,,,1433.68,1410.2960714285714,1480.4478571428574,2.0,1433.68,2.6157142857143105,Bull flag after impulsive advance,rule_candidate,pending
flag__2019-07-30__0023612,flag,0,no_pattern,neutral,0.0,,flag/images/no_pattern/2019/07/flag__2019-07-30__0023612.png,,2019-07-30,23413,23612,2019-07-18T08:00:00+00:00,2019-07-30T23:00:00+00:00,,,,,,,,,,,,,No rule-based candidate at this daily endpoint,rule_candidate,pending
flag__2019-07-31__0023635,flag,0,no_pattern,neutral,0.0,,flag/images/no_pattern/2019/07/flag__2019-07-31__0023635.png,,2019-07-31,23436,23635,2019-07-19T08:00:00+00:00,2019-07-31T23:00:00+00:00,,,,,,,,,,,,,No rule-based candidate at this daily endpoint,rule_candidate,pending
flag__2019-08-01__0023658,flag,0,no_pattern,neutral,0.0,,flag/images/no_pattern/2019/08/flag__2019-08-01__0023658.png,,2019-08-01,23459,23658,2019-07-22T08:00:00+00:00,2019-08-01T23:00:00+00:00,,,,,,,,,,,,,No rule-based candidate at this daily endpoint,rule_candidate,pending
flag__2019-08-02__0023681,flag,0,no_pattern,neutral,0.0,,flag/images/no_pattern/2019/08/flag__2019-08-02__0023681.png,,2019-08-02,23482,23681,2019-07-23T08:00:00+00:00,2019-08-02T23:00:00+00:00,,,,,,,,,,,,,No rule-based candidate at this daily endpoint,rule_candidate,pending
flag__2019-08-05__0023704,flag,0,no_pattern,neutral,0.0,,flag/images/no_pattern/2019/08/flag__2019-08-05__0023704.png,,2019-08-05,23505,23704,2019-07-24T08:00:00+00:00,2019-08-05T23:00:00+00:00,,,,,,,,,,,,,No rule-based candidate at this daily endpoint,rule_candidate,pending
flag__2019-08-06__0023727,flag,0,no_pattern,neutral,0.0,,flag/images/no_pattern/2019/08/flag__2019-08-06__0023727.png,,2019-08-06,23528,23727,2019-07-25T08:00:00+00:00,2019-08-06T23:00:00+00:00,,,,,,,,,,,,,No rule-based candidate at this daily endpoint,rule_candidate,pending
flag__2019-08-07__0023750,flag,0,no_pattern,neutral,0.0,,flag/images/no_pattern/2019/08/flag__2019-08-07__0023750.png,,2019-08-07,23551,23750,2019-07-26T08:00:00+00:00,2019-08-07T23:00:00+00:00,,,,,,,,,,,,,No rule-based candidate at this daily endpoint,rule_candidate,pending
flag__2019-08-08__0023773,flag,1,forming,bullish,0.5479562850261526,64.0,flag/images/forming/2019/08/flag__2019-08-08__0023773.png,,2019-08-08,23574,23773,2019-07-29T08:00:00+00:00,2019-08-08T23:00:00+00:00,23734.0,23773.0,2019-08-07T07:00:00+00:00,2019-08-08T23:00:00+00:00,,,1509.94,1488.5826785714287,1552.6546428571428,2.0,1509.94,5.349285714285705,Bull flag after impulsive advance,rule_candidate,pending
flag__2019-08-09__0023796,flag,0,no_pattern,neutral,0.0,,flag/images/no_pattern/2019/08/flag__2019-08-09__0023796.png,,2019-08-09,23597,23796,2019-07-30T08:00:00+00:00,2019-08-09T23:00:00+00:00,,,,,,,,,,,,,No rule-based candidate at this daily endpoint,rule_candidate,pending
flag__2019-08-12__0023819,flag,0,no_pattern,neutral,0.0,,flag/images/no_pattern/2019/08/flag__2019-08-12__0023819.png,,2019-08-12,23620,23819,2019-07-31T08:00:00+00:00,2019-08-12T23:00:00+00:00,,,,,,,,,,,,,No rule-based candidate at this daily endpoint,rule_candidate,pending
flag__2019-08-13__0023842,flag,0,no_pattern,neutral,0.0,,flag/images/no_pattern/2019/08/flag__2019-08-13__0023842.png,,2019-08-13,23643,23842,2019-08-01T08:00:00+00:00,2019-08-13T23:00:00+00:00,,,,,,,,,,,,,No rule-based candidate at this daily endpoint,rule_candidate,pending
flag__2019-08-14__0023865,flag,1,forming,bullish,0.537136194845165,100.0,flag/images/forming/2019/08/flag__2019-08-14__0023865.png,,2019-08-14,23666,23865,2019-08-02T08:00:00+00:00,2019-08-14T23:00:00+00:00,23803.0,23865.0,2019-08-12T07:00:00+00:00,2019-08-14T23:00:00+00:00,,,1534.91,1478.0905357142858,1648.5489285714286,2.0,1534.91,6.517857142857191,Bull flag after impulsive advance,rule_candidate,pending
flag__2019-08-15__0023888,flag,0,no_pattern,neutral,0.0,,flag/images/no_pattern/2019/08/flag__2019-08-15__0023888.png,,2019-08-15,23689,23888,2019-08-05T08:00:00+00:00,2019-08-15T23:00:00+00:00,,,,,,,,,,,,,No rule-based candidate at this daily endpoint,rule_candidate,pending
flag__2019-08-16__0023911,flag,1,forming,bullish,0.6518665253657976,64.0,flag/images/forming/2019/08/flag__2019-08-16__0023911.png,,2019-08-16,23712,23911,2019-08-06T08:00:00+00:00,2019-08-16T23:00:00+00:00,23872.0,23911.0,2019-08-15T07:00:00+00:00,2019-08-16T23:00:00+00:00,,,1527.92,1502.3221428571428,1579.1157142857146,2.0,1527.92,4.991428571428579,Bull flag after impulsive advance,rule_candidate,pending
flag__2019-08-19__0023934,flag,1,forming,bullish,0.544964868388324,200.0,flag/images/forming/2019/08/flag__2019-08-19__0023934.png,,2019-08-19,23735,23934,2019-08-07T08:00:00+00:00,2019-08-19T23:00:00+00:00,23809.0,23934.0,2019-08-12T13:00:00+00:00,2019-08-19T23:00:00+00:00,,,1527.92,1492.0285714285715,1599.7028571428573,2.0,1527.92,4.405714285714258,Bull flag after impulsive advance,rule_candidate,pending
flag__2019-08-20__0023957,flag,1,forming,bullish,0.6596407308054816,200.0,flag/images/forming/2019/08/flag__2019-08-20__0023957.png,,2019-08-20,23758,23957,2019-08-08T08:00:00+00:00,2019-08-20T23:00:00+00:00,23832.0,23957.0,2019-08-13T13:00:00+00:00,2019-08-20T23:00:00+00:00,,,1527.92,1492.1376785714288,1599.4846428571427,2.0,1527.92,2.9692857142857583,Bull flag after impulsive advance,rule_candidate,pending
flag__2019-08-21__0023980,flag,1,forming,bullish,0.5336789611984867,48.0,flag/images/forming/2019/08/flag__2019-08-21__0023980.png,,2019-08-21,23781,23980,2019-08-09T08:00:00+00:00,2019-08-21T23:00:00+00:00,23951.0,23980.0,2019-08-20T17:00:00+00:00,2019-08-21T23:00:00+00:00,,,1508.01,1495.5394642857143,1532.9510714285714,2.0,1508.01,3.3621428571428362,Bull flag after impulsive advance,rule_candidate,pending
flag__2019-08-22__0024003,flag,1,forming,bullish,0.6239772372032673,64.0,flag/images/forming/2019/08/flag__2019-08-22__0024003.png,,2019-08-22,23804,24003,2019-08-12T08:00:00+00:00,2019-08-22T23:00:00+00:00,23964.0,24003.0,2019-08-21T07:00:00+00:00,2019-08-22T23:00:00+00:00,,,1507.37,1491.5194642857143,1539.071071428571,2.0,1507.37,3.4421428571428447,Bull flag after impulsive advance,rule_candidate,pending
flag__2019-08-23__0024026,flag,0,no_pattern,neutral,0.0,,flag/images/no_pattern/2019/08/flag__2019-08-23__0024026.png,,2019-08-23,23827,24026,2019-08-13T08:00:00+00:00,2019-08-23T23:00:00+00:00,,,,,,,,,,,,,No rule-based candidate at this daily endpoint,rule_candidate,pending
flag__2019-08-26__0024049,flag,1,forming,bullish,0.6740923412739885,48.0,flag/images/forming/2019/08/flag__2019-08-26__0024049.png,,2019-08-26,23850,24049,2019-08-14T08:00:00+00:00,2019-08-26T23:00:00+00:00,24020.0,24049.0,2019-08-23T17:00:00+00:00,2019-08-26T23:00:00+00:00,,,1549.22,1523.6266071428572,1600.4067857142857,2.0,1549.22,5.053571428571445,Bull flag after impulsive advance,rule_candidate,pending
flag__2019-08-27__0024072,flag,1,forming,bullish,0.5315445828580738,100.0,flag/images/forming/2019/08/flag__2019-08-27__0024072.png,,2019-08-27,23873,24072,2019-08-15T08:00:00+00:00,2019-08-27T23:00:00+00:00,24010.0,24072.0,2019-08-23T07:00:00+00:00,2019-08-27T23:00:00+00:00,,,1549.22,1523.9385714285715,1599.782857142857,2.0,1549.22,3.8057142857143162,Bull flag after impulsive advance,rule_candidate,pending
flag__2019-08-28__0024095,flag,1,forming,bullish,0.5309120745121216,48.0,flag/images/forming/2019/08/flag__2019-08-28__0024095.png,,2019-08-28,23896,24095,2019-08-16T08:00:00+00:00,2019-08-28T23:00:00+00:00,24066.0,24095.0,2019-08-27T17:00:00+00:00,2019-08-28T23:00:00+00:00,,,1546.78,1530.6448214285715,1579.050357142857,2.0,1546.78,4.300714285714288,Bull flag after impulsive advance,rule_candidate,pending
flag__2019-08-29__0024118,flag,1,forming,bullish,0.5679628490442056,100.0,flag/images/forming/2019/08/flag__2019-08-29__0024118.png,,2019-08-29,23919,24118,2019-08-19T08:00:00+00:00,2019-08-29T23:00:00+00:00,24056.0,24118.0,2019-08-27T07:00:00+00:00,2019-08-29T23:00:00+00:00,,,1550.25,1517.9525,1614.8449999999998,2.0,1550.25,6.070000000000017,Bull flag after impulsive advance,rule_candidate,pending
flag__2019-08-30__0024141,flag,1,forming,bullish,0.6618905528204431,160.0,flag/images/forming/2019/08/flag__2019-08-30__0024141.png,,2019-08-30,23942,24141,2019-08-20T08:00:00+00:00,2019-08-30T23:00:00+00:00,24041.0,24141.0,2019-08-26T15:00:00+00:00,2019-08-30T23:00:00+00:00,,,1550.25,1515.6839285714286,1619.3821428571428,2.0,1550.25,4.784285714285716,Bull flag after impulsive advance,rule_candidate,pending
flag__2019-09-02__0024160,flag,1,forming,bullish,0.6675450566293449,200.0,flag/images/forming/2019/09/flag__2019-09-02__0024160.png,,2019-09-02,23961,24160,2019-08-21T04:00:00+00:00,2019-09-02T19:00:00+00:00,24035.0,24160.0,2019-08-26T09:00:00+00:00,2019-09-02T19:00:00+00:00,,,1550.25,1516.1189285714286,1618.5121428571429,2.0,1550.25,3.0442857142857065,Bull flag after impulsive advance,rule_candidate,pending
flag__2019-09-03__0024183,flag,1,forming,bullish,0.5360995730980955,200.0,flag/images/forming/2019/09/flag__2019-09-03__0024183.png,,2019-09-03,23984,24183,2019-08-22T04:00:00+00:00,2019-09-03T23:00:00+00:00,24058.0,24183.0,2019-08-27T09:00:00+00:00,2019-09-03T23:00:00+00:00,,,1550.25,1515.7117857142857,1619.3264285714286,2.0,1550.25,4.672857142857116,Bull flag after impulsive advance,rule_candidate,pending
flag__2019-09-04__0024206,flag,0,no_pattern,neutral,0.0,,flag/images/no_pattern/2019/09/flag__2019-09-04__0024206.png,,2019-09-04,24007,24206,2019-08-23T04:00:00+00:00,2019-09-04T23:00:00+00:00,,,,,,,,,,,,,No rule-based candidate at this daily endpoint,rule_candidate,pending
flag__2019-09-05__0024229,flag,0,no_pattern,neutral,0.0,,flag/images/no_pattern/2019/09/flag__2019-09-05__0024229.png,,2019-09-05,24030,24229,2019-08-26T04:00:00+00:00,2019-09-05T23:00:00+00:00,,,,,,,,,,,,,No rule-based candidate at this daily endpoint,rule_candidate,pending
flag__2019-09-06__0024252,flag,0,no_pattern,neutral,0.0,,flag/images/no_pattern/2019/09/flag__2019-09-06__0024252.png,,2019-09-06,24053,24252,2019-08-27T04:00:00+00:00,2019-09-06T23:00:00+00:00,,,,,,,,,,,,,No rule-based candidate at this daily endpoint,rule_candidate,pending
flag__2019-09-09__0024275,flag,0,no_pattern,neutral,0.0,,flag/images/no_pattern/2019/09/flag__2019-09-09__0024275.png,,2019-09-09,24076,24275,2019-08-28T04:00:00+00:00,2019-09-09T23:00:00+00:00,,,,,,,,,,,,,No rule-based candidate at this daily endpoint,rule_candidate,pending
flag__2019-09-10__0024298,flag,0,no_pattern,neutral,0.0,,flag/images/no_pattern/2019/09/flag__2019-09-10__0024298.png,,2019-09-10,24099,24298,2019-08-29T04:00:00+00:00,2019-09-10T23:00:00+00:00,,,,,,,,,,,,,No rule-based candidate at this daily endpoint,rule_candidate,pending
flag__2019-09-11__0024321,flag,0,no_pattern,neutral,0.0,,flag/images/no_pattern/2019/09/flag__2019-09-11__0024321.png,,2019-09-11,24122,24321,2019-08-30T04:00:00+00:00,2019-09-11T23:00:00+00:00,,,,,,,,,,,,,No rule-based candidate at this daily endpoint,rule_candidate,pending
flag__2019-09-12__0024344,flag,0,no_pattern,neutral,0.0,,flag/images/no_pattern/2019/09/flag__2019-09-12__0024344.png,,2019-09-12,24145,24344,2019-09-02T04:00:00+00:00,2019-09-12T23:00:00+00:00,,,,,,,,,,,,,No rule-based candidate at this daily endpoint,rule_candidate,pending
flag__2019-09-13__0024367,flag,0,no_pattern,neutral,0.0,,flag/images/no_pattern/2019/09/flag__2019-09-13__0024367.png,,2019-09-13,24168,24367,2019-09-03T08:00:00+00:00,2019-09-13T23:00:00+00:00,,,,,,,,,,,,,No rule-based candidate at this daily endpoint,rule_candidate,pending
flag__2019-09-16__0024390,flag,0,no_pattern,neutral,0.0,,flag/images/no_pattern/2019/09/flag__2019-09-16__0024390.png,,2019-09-16,24191,24390,2019-09-04T08:00:00+00:00,2019-09-16T23:00:00+00:00,,,,,,,,,,,,,No rule-based candidate at this daily endpoint,rule_candidate,pending
flag__2019-09-17__0024413,flag,1,forming,bullish,0.5579119424003656,100.0,flag/images/forming/2019/09/flag__2019-09-17__0024413.png,,2019-09-17,24214,24413,2019-09-05T08:00:00+00:00,2019-09-17T23:00:00+00:00,24351.0,24413.0,2019-09-13T07:00:00+00:00,2019-09-17T23:00:00+00:00,,,1512.04,1492.4807142857142,1551.1585714285716,2.0,1512.04,3.4371428571428333,Bull flag after impulsive advance,rule_candidate,pending
flag__2019-09-18__0024436,flag,0,no_pattern,neutral,0.0,,flag/images/no_pattern/2019/09/flag__2019-09-18__0024436.png,,2019-09-18,24237,24436,2019-09-06T08:00:00+00:00,2019-09-18T23:00:00+00:00,,,,,,,,,,,,,No rule-based candidate at this daily endpoint,rule_candidate,pending
flag__2019-09-19__0024459,flag,1,forming,bullish,0.5348581973913535,160.0,flag/images/forming/2019/09/flag__2019-09-19__0024459.png,,2019-09-19,24260,24459,2019-09-09T08:00:00+00:00,2019-09-19T23:00:00+00:00,24359.0,24459.0,2019-09-13T15:00:00+00:00,2019-09-19T23:00:00+00:00,,,1511.53,1482.1882142857144,1570.2135714285712,2.0,1511.53,3.3271428571428845,Bull flag after impulsive advance,rule_candidate,pending
flag__2019-09-20__0024482,flag,0,no_pattern,neutral,0.0,,flag/images/no_pattern/2019/09/flag__2019-09-20__0024482.png,,2019-09-20,24283,24482,2019-09-10T08:00:00+00:00,2019-09-20T23:00:00+00:00,,,,,,,,,,,,,No rule-based candidate at this daily endpoint,rule_candidate,pending
flag__2019-09-23__0024505,flag,0,no_pattern,neutral,0.0,,flag/images/no_pattern/2019/09/flag__2019-09-23__0024505.png,,2019-09-23,24306,24505,2019-09-11T08:00:00+00:00,2019-09-23T23:00:00+00:00,,,,,,,,,,,,,No rule-based candidate at this daily endpoint,rule_candidate,pending
flag__2019-09-24__0024528,flag,0,no_pattern,neutral,0.0,,flag/images/no_pattern/2019/09/flag__2019-09-24__0024528.png,,2019-09-24,24329,24528,2019-09-12T08:00:00+00:00,2019-09-24T23:00:00+00:00,,,,,,,,,,,,,No rule-based candidate at this daily endpoint,rule_candidate,pending
flag__2019-09-25__0024551,flag,0,no_pattern,neutral,0.0,,flag/images/no_pattern/2019/09/flag__2019-09-25__0024551.png,,2019-09-25,24352,24551,2019-09-13T08:00:00+00:00,2019-09-25T23:00:00+00:00,,,,,,,,,,,,,No rule-based candidate at this daily endpoint,rule_candidate,pending
flag__2019-09-26__0024574,flag,1,forming,bullish,0.6680360823882514,120.0,flag/images/forming/2019/09/flag__2019-09-26__0024574.png,,2019-09-26,24375,24574,2019-09-16T08:00:00+00:00,2019-09-26T23:00:00+00:00,24499.0,24574.0,2019-09-23T17:00:00+00:00,2019-09-26T23:00:00+00:00,,,1535.63,1499.1819642857142,1608.5260714285719,2.0,1535.63,4.072142857142841,Bull flag after impulsive advance,rule_candidate,pending
flag__2019-09-27__0024597,flag,0,no_pattern,neutral,0.0,,flag/images/no_pattern/2019/09/flag__2019-09-27__0024597.png,,2019-09-27,24398,24597,2019-09-17T08:00:00+00:00,2019-09-27T23:00:00+00:00,,,,,,,,,,,,,No rule-based candidate at this daily endpoint,rule_candidate,pending
flag__2019-09-30__0024620,flag,0,no_pattern,neutral,0.0,,flag/images/no_pattern/2019/09/flag__2019-09-30__0024620.png,,2019-09-30,24421,24620,2019-09-18T08:00:00+00:00,2019-09-30T23:00:00+00:00,,,,,,,,,,,,,No rule-based candidate at this daily endpoint,rule_candidate,pending
flag__2019-10-01__0024643,flag,0,no_pattern,neutral,0.0,,flag/images/no_pattern/2019/10/flag__2019-10-01__0024643.png,,2019-10-01,24444,24643,2019-09-19T08:00:00+00:00,2019-10-01T23:00:00+00:00,,,,,,,,,,,,,No rule-based candidate at this daily endpoint,rule_candidate,pending
flag__2019-10-02__0024666,flag,0,no_pattern,neutral,0.0,,flag/images/no_pattern/2019/10/flag__2019-10-02__0024666.png,,2019-10-02,24467,24666,2019-09-20T08:00:00+00:00,2019-10-02T23:00:00+00:00,,,,,,,,,,,,,No rule-based candidate at this daily endpoint,rule_candidate,pending
flag__2019-10-03__0024689,flag,0,no_pattern,neutral,0.0,,flag/images/no_pattern/2019/10/flag__2019-10-03__0024689.png,,2019-10-03,24490,24689,2019-09-23T08:00:00+00:00,2019-10-03T23:00:00+00:00,,,,,,,,,,,,,No rule-based candidate at this daily endpoint,rule_candidate,pending
flag__2019-10-04__0024712,flag,1,forming,bullish,0.5548337710977032,64.0,flag/images/forming/2019/10/flag__2019-10-04__0024712.png,,2019-10-04,24513,24712,2019-09-24T08:00:00+00:00,2019-10-04T23:00:00+00:00,24673.0,24712.0,2019-10-03T07:00:00+00:00,2019-10-04T23:00:00+00:00,,,1514.61,1494.3894642857144,1555.0510714285708,2.0,1514.61,5.282142857142811,Bull flag after impulsive advance,rule_candidate,pending
flag__2019-10-07__0024735,flag,1,forming,bullish,0.640726710167171,100.0,flag/images/forming/2019/10/flag__2019-10-07__0024735.png,,2019-10-07,24536,24735,2019-09-25T08:00:00+00:00,2019-10-07T23:00:00+00:00,24673.0,24735.0,2019-10-03T07:00:00+00:00,2019-10-07T23:00:00+00:00,,,1514.36,1486.81875,1569.4424999999999,2.0,1514.36,4.204999999999976,Bull flag after impulsive advance,rule_candidate,pending
flag__2019-10-08__0024758,flag,1,forming,bullish,0.5931689717131887,160.0,flag/images/forming/2019/10/flag__2019-10-08__0024758.png,,2019-10-08,24559,24758,2019-09-26T08:00:00+00:00,2019-10-08T23:00:00+00:00,24658.0,24758.0,2019-10-02T15:00:00+00:00,2019-10-08T23:00:00+00:00,,,1514.36,1485.5292857142858,1572.021428571428,2.0,1514.36,4.522857142857122,Bull flag after impulsive advance,rule_candidate,pending
flag__2019-10-09__0024781,flag,0,no_pattern,neutral,0.0,,flag/images/no_pattern/2019/10/flag__2019-10-09__0024781.png,,2019-10-09,24582,24781,2019-09-27T08:00:00+00:00,2019-10-09T23:00:00+00:00,,,,,,,,,,,,,No rule-based candidate at this daily endpoint,rule_candidate,pending
flag__2019-10-10__0024804,flag,0,no_pattern,neutral,0.0,,flag/images/no_pattern/2019/10/flag__2019-10-10__0024804.png,,2019-10-10,24605,24804,2019-09-30T08:00:00+00:00,2019-10-10T23:00:00+00:00,,,,,,,,,,,,,No rule-based candidate at this daily endpoint,rule_candidate,pending
flag__2019-10-11__0024827,flag,1,forming,bullish,0.5645830206133883,200.0,flag/images/forming/2019/10/flag__2019-10-11__0024827.png,,2019-10-11,24628,24827,2019-10-01T08:00:00+00:00,2019-10-11T23:00:00+00:00,24702.0,24827.0,2019-10-04T13:00:00+00:00,2019-10-11T23:00:00+00:00,,,1516.93,1472.300892857143,1606.1882142857141,2.0,1516.93,6.316428571428511,Bull flag after impulsive advance,rule_candidate,pending
flag__2019-10-14__0024850,flag,1,forming,bullish,0.6535789273224493,200.0,flag/images/forming/2019/10/flag__2019-10-14__0024850.png,,2019-10-14,24651,24850,2019-10-02T08:00:00+00:00,2019-10-14T23:00:00+00:00,24725.0,24850.0,2019-10-07T13:00:00+00:00,2019-10-14T23:00:00+00:00,,,1516.93,1473.1867857142859,1604.4164285714285,2.0,1516.93,2.7728571428571382,Bull flag after impulsive advance,rule_candidate,pending
flag__2019-10-15__0024873,flag,0,no_pattern,neutral,0.0,,flag/images/no_pattern/2019/10/flag__2019-10-15__0024873.png,,2019-10-15,24674,24873,2019-10-03T08:00:00+00:00,2019-10-15T23:00:00+00:00,,,,,,,,,,,,,No rule-based candidate at this daily endpoint,rule_candidate,pending
flag__2019-10-16__0024896,flag,0,no_pattern,neutral,0.0,,flag/images/no_pattern/2019/10/flag__2019-10-16__0024896.png,,2019-10-16,24697,24896,2019-10-04T08:00:00+00:00,2019-10-16T23:00:00+00:00,,,,,,,,,,,,,No rule-based candidate at this daily endpoint,rule_candidate,pending
flag__2019-10-17__0024919,flag,0,no_pattern,neutral,0.0,,flag/images/no_pattern/2019/10/flag__2019-10-17__0024919.png,,2019-10-17,24720,24919,2019-10-07T08:00:00+00:00,2019-10-17T23:00:00+00:00,,,,,,,,,,,,,No rule-based candidate at this daily endpoint,rule_candidate,pending
flag__2019-10-18__0024942,flag,0,no_pattern,neutral,0.0,,flag/images/no_pattern/2019/10/flag__2019-10-18__0024942.png,,2019-10-18,24743,24942,2019-10-08T08:00:00+00:00,2019-10-18T23:00:00+00:00,,,,,,,,,,,,,No rule-based candidate at this daily endpoint,rule_candidate,pending
flag__2019-10-21__0024965,flag,1,forming,bullish,0.566191051752866,80.0,flag/images/forming/2019/10/flag__2019-10-21__0024965.png,,2019-10-21,24766,24965,2019-10-09T08:00:00+00:00,2019-10-21T23:00:00+00:00,24916.0,24965.0,2019-10-17T20:00:00+00:00,2019-10-21T23:00:00+00:00,,,1495.12,1480.8167857142857,1523.7264285714282,2.0,1495.12,3.0128571428571638,Bull flag after impulsive advance,rule_candidate,pending
flag__2019-10-22__0024988,flag,1,forming,bullish,0.6345777991824835,160.0,flag/images/forming/2019/10/flag__2019-10-22__0024988.png,,2019-10-22,24789,24988,2019-10-10T08:00:00+00:00,2019-10-22T23:00:00+00:00,24888.0,24988.0,2019-10-16T15:00:00+00:00,2019-10-22T23:00:00+00:00,,,1495.38,1480.112142857143,1525.9157142857143,2.0,1495.38,2.471428571428516,Bull flag after impulsive advance,rule_candidate,pending
flag__2019-10-23__0025011,flag,0,no_pattern,neutral,0.0,,flag/images/no_pattern/2019/10/flag__2019-10-23__0025011.png,,2019-10-23,24812,25011,2019-10-11T08:00:00+00:00,2019-10-23T23:00:00+00:00,,,,,,,,,,,,,No rule-based candidate at this daily endpoint,rule_candidate,pending
flag__2019-10-24__0025034,flag,0,no_pattern,neutral,0.0,,flag/images/no_pattern/2019/10/flag__2019-10-24__0025034.png,,2019-10-24,24835,25034,2019-10-14T08:00:00+00:00,2019-10-24T23:00:00+00:00,,,,,,,,,,,,,No rule-based candidate at this daily endpoint,rule_candidate,pending
flag__2019-10-25__0025057,flag,0,no_pattern,neutral,0.0,,flag/images/no_pattern/2019/10/flag__2019-10-25__0025057.png,,2019-10-25,24858,25057,2019-10-15T08:00:00+00:00,2019-10-25T23:00:00+00:00,,,,,,,,,,,,,No rule-based candidate at this daily endpoint,rule_candidate,pending
flag__2019-10-28__0025080,flag,1,forming,bullish,0.6420112099660441,64.0,flag/images/forming/2019/10/flag__2019-10-28__0025080.png,,2019-10-28,24881,25080,2019-10-16T08:00:00+00:00,2019-10-28T22:00:00+00:00,25041.0,25080.0,2019-10-25T07:00:00+00:00,2019-10-28T22:00:00+00:00,,,1512.48,1489.03375,1559.3725,2.0,1512.48,3.464999999999983,Bull flag after impulsive advance,rule_candidate,pending
flag__2019-10-29__0025103,flag,0,no_pattern,neutral,0.0,,flag/images/no_pattern/2019/10/flag__2019-10-29__0025103.png,,2019-10-29,24904,25103,2019-10-17T08:00:00+00:00,2019-10-29T22:00:00+00:00,,,,,,,,,,,,,No rule-based candidate at this daily endpoint,rule_candidate,pending
flag__2019-10-30__0025126,flag,1,forming,bullish,0.6559526791653758,200.0,flag/images/forming/2019/10/flag__2019-10-30__0025126.png,,2019-10-30,24927,25126,2019-10-18T08:00:00+00:00,2019-10-30T22:00:00+00:00,25001.0,25126.0,2019-10-23T13:00:00+00:00,2019-10-30T22:00:00+00:00,,,1517.87,1480.0480357142858,1593.513928571428,2.0,1517.87,3.8878571428571473,Bull flag after impulsive advance,rule_candidate,pending
flag__2019-10-31__0025149,flag,0,no_pattern,neutral,0.0,,flag/images/no_pattern/2019/10/flag__2019-10-31__0025149.png,,2019-10-31,24950,25149,2019-10-21T08:00:00+00:00,2019-10-31T22:00:00+00:00,,,,,,,,,,,,,No rule-based candidate at this daily endpoint,rule_candidate,pending
flag__2019-11-01__0025172,flag,1,forming,bullish,0.5429722776661522,64.0,flag/images/forming/2019/11/flag__2019-11-01__0025172.png,,2019-11-01,24973,25172,2019-10-22T08:00:00+00:00,2019-11-01T22:00:00+00:00,25133.0,25172.0,2019-10-31T06:00:00+00:00,2019-11-01T22:00:00+00:00,,,1515.79,1502.2037500000001,1542.9624999999996,2.0,1515.79,3.8649999999999927,Bull flag after impulsive advance,rule_candidate,pending
flag__2019-11-04__0025195,flag,1,forming,bullish,0.5793542732064351,64.0,flag/images/forming/2019/11/flag__2019-11-04__0025195.png,,2019-11-04,24996,25195,2019-10-23T08:00:00+00:00,2019-11-04T23:00:00+00:00,25156.0,25195.0,2019-11-01T06:00:00+00:00,2019-11-04T23:00:00+00:00,,,1514.71,1503.55,1537.0300000000002,2.0,1514.71,2.960000000000053,Bull flag after impulsive advance,rule_candidate,pending
flag__2019-11-05__0025218,flag,0,no_pattern,neutral,0.0,,flag/images/no_pattern/2019/11/flag__2019-11-05__0025218.png,,2019-11-05,25019,25218,2019-10-24T08:00:00+00:00,2019-11-05T23:00:00+00:00,,,,,,,,,,,,,No rule-based candidate at this daily endpoint,rule_candidate,pending
flag__2019-11-06__0025241,flag,0,no_pattern,neutral,0.0,,flag/images/no_pattern/2019/11/flag__2019-11-06__0025241.png,,2019-11-06,25042,25241,2019-10-25T08:00:00+00:00,2019-11-06T23:00:00+00:00,,,,,,,,,,,,,No rule-based candidate at this daily endpoint,rule_candidate,pending
flag__2019-11-07__0025264,flag,0,no_pattern,neutral,0.0,,flag/images/no_pattern/2019/11/flag__2019-11-07__0025264.png,,2019-11-07,25065,25264,2019-10-28T07:00:00+00:00,2019-11-07T23:00:00+00:00,,,,,,,,,,,,,No rule-based candidate at this daily endpoint,rule_candidate,pending
flag__2019-11-08__0025287,flag,0,no_pattern,neutral,0.0,,flag/images/no_pattern/2019/11/flag__2019-11-08__0025287.png,,2019-11-08,25088,25287,2019-10-29T07:00:00+00:00,2019-11-08T23:00:00+00:00,,,,,,,,,,,,,No rule-based candidate at this daily endpoint,rule_candidate,pending
flag__2019-11-11__0025310,flag,0,no_pattern,neutral,0.0,,flag/images/no_pattern/2019/11/flag__2019-11-11__0025310.png,,2019-11-11,25111,25310,2019-10-30T07:00:00+00:00,2019-11-11T23:00:00+00:00,,,,,,,,,,,,,No rule-based candidate at this daily endpoint,rule_candidate,pending
flag__2019-11-12__0025333,flag,0,no_pattern,neutral,0.0,,flag/images/no_pattern/2019/11/flag__2019-11-12__0025333.png,,2019-11-12,25134,25333,2019-10-31T07:00:00+00:00,2019-11-12T23:00:00+00:00,,,,,,,,,,,,,No rule-based candidate at this daily endpoint,rule_candidate,pending
flag__2019-11-13__0025356,flag,0,no_pattern,neutral,0.0,,flag/images/no_pattern/2019/11/flag__2019-11-13__0025356.png,,2019-11-13,25157,25356,2019-11-01T07:00:00+00:00,2019-11-13T23:00:00+00:00,,,,,,,,,,,,,No rule-based candidate at this daily endpoint,rule_candidate,pending
flag__2019-11-14__0025379,flag,0,no_pattern,neutral,0.0,,flag/images/no_pattern/2019/11/flag__2019-11-14__0025379.png,,2019-11-14,25180,25379,2019-11-04T08:00:00+00:00,2019-11-14T23:00:00+00:00,,,,,,,,,,,,,No rule-based candidate at this daily endpoint,rule_candidate,pending
flag__2019-11-15__0025402,flag,1,forming,bullish,0.596663165232185,64.0,flag/images/forming/2019/11/flag__2019-11-15__0025402.png,,2019-11-15,25203,25402,2019-11-05T08:00:00+00:00,2019-11-15T23:00:00+00:00,25363.0,25402.0,2019-11-14T07:00:00+00:00,2019-11-15T23:00:00+00:00,,,1474.5,1461.642857142857,1500.2142857142858,2.0,1474.5,2.70857142857145,Bull flag after impulsive advance,rule_candidate,pending
flag__2019-11-18__0025425,flag,1,forming,bullish,0.5387052647539915,120.0,flag/images/forming/2019/11/flag__2019-11-18__0025425.png,,2019-11-18,25226,25425,2019-11-06T08:00:00+00:00,2019-11-18T23:00:00+00:00,25350.0,25425.0,2019-11-13T17:00:00+00:00,2019-11-18T23:00:00+00:00,,,1474.5,1455.4026785714286,1512.6946428571428,2.0,1474.5,3.3892857142857014,Bull flag after impulsive advance,rule_candidate,pending
flag__2019-11-19__0025448,flag,0,no_pattern,neutral,0.0,,flag/images/no_pattern/2019/11/flag__2019-11-19__0025448.png,,2019-11-19,25249,25448,2019-11-07T08:00:00+00:00,2019-11-19T23:00:00+00:00,,,,,,,,,,,,,No rule-based candidate at this daily endpoint,rule_candidate,pending
flag__2019-11-20__0025471,flag,1,forming,bullish,0.5540347822340664,64.0,flag/images/forming/2019/11/flag__2019-11-20__0025471.png,,2019-11-20,25272,25471,2019-11-08T08:00:00+00:00,2019-11-20T23:00:00+00:00,25432.0,25471.0,2019-11-19T07:00:00+00:00,2019-11-20T23:00:00+00:00,,,1478.7,1464.9273214285713,1506.2453571428575,2.0,1478.7,3.6107142857142827,Bull flag after impulsive advance,rule_candidate,pending
flag__2019-11-21__0025494,flag,1,forming,bullish,0.6463476849743259,80.0,flag/images/forming/2019/11/flag__2019-11-21__0025494.png,,2019-11-21,25295,25494,2019-11-11T08:00:00+00:00,2019-11-21T23:00:00+00:00,25445.0,25494.0,2019-11-19T20:00:00+00:00,2019-11-21T23:00:00+00:00,,,1478.23,1461.4576785714285,1511.7746428571431,2.0,1478.23,3.2092857142856865,Bull flag after impulsive advance,rule_candidate,pending
flag__2019-11-22__0025517,flag,1,forming,bullish,0.595634448408132,200.0,flag/images/forming/2019/11/flag__2019-11-22__0025517.png,,2019-11-22,25318,25517,2019-11-12T08:00:00+00:00,2019-11-22T23:00:00+00:00,25392.0,25517.0,2019-11-15T13:00:00+00:00,2019-11-22T23:00:00+00:00,,,1478.7,1460.4796428571428,1515.1407142857145,2.0,1478.7,2.8814285714285655,Bull flag after impulsive advance,rule_candidate,pending
flag__2019-11-25__0025540,flag,0,no_pattern,neutral,0.0,,flag/images/no_pattern/2019/11/flag__2019-11-25__0025540.png,,2019-11-25,25341,25540,2019-11-13T08:00:00+00:00,2019-11-25T23:00:00+00:00,,,,,,,,,,,,,No rule-based candidate at this daily endpoint,rule_candidate,pending
flag__2019-11-26__0025563,flag,0,no_pattern,neutral,0.0,,flag/images/no_pattern/2019/11/flag__2019-11-26__0025563.png,,2019-11-26,25364,25563,2019-11-14T08:00:00+00:00,2019-11-26T23:00:00+00:00,,,,,,,,,,,,,No rule-based candidate at this daily endpoint,rule_candidate,pending
flag__2019-11-27__0025586,flag,0,no_pattern,neutral,0.0,,flag/images/no_pattern/2019/11/flag__2019-11-27__0025586.png,,2019-11-27,25387,25586,2019-11-15T08:00:00+00:00,2019-11-27T23:00:00+00:00,,,,,,,,,,,,,No rule-based candidate at this daily endpoint,rule_candidate,pending
flag__2019-11-28__0025605,flag,0,no_pattern,neutral,0.0,,flag/images/no_pattern/2019/11/flag__2019-11-28__0025605.png,,2019-11-28,25406,25605,2019-11-18T04:00:00+00:00,2019-11-28T19:00:00+00:00,,,,,,,,,,,,,No rule-based candidate at this daily endpoint,rule_candidate,pending
flag__2019-11-29__0025625,flag,0,no_pattern,neutral,0.0,,flag/images/no_pattern/2019/11/flag__2019-11-29__0025625.png,,2019-11-29,25426,25625,2019-11-19T01:00:00+00:00,2019-11-29T20:00:00+00:00,,,,,,,,,,,,,No rule-based candidate at this daily endpoint,rule_candidate,pending
flag__2019-12-02__0025648,flag,0,no_pattern,neutral,0.0,,flag/images/no_pattern/2019/12/flag__2019-12-02__0025648.png,,2019-12-02,25449,25648,2019-11-20T01:00:00+00:00,2019-12-02T23:00:00+00:00,,,,,,,,,,,,,No rule-based candidate at this daily endpoint,rule_candidate,pending
flag__2019-12-03__0025671,flag,0,no_pattern,neutral,0.0,,flag/images/no_pattern/2019/12/flag__2019-12-03__0025671.png,,2019-12-03,25472,25671,2019-11-21T01:00:00+00:00,2019-12-03T23:00:00+00:00,,,,,,,,,,,,,No rule-based candidate at this daily endpoint,rule_candidate,pending
flag__2019-12-04__0025694,flag,1,forming,bullish,0.619506267825187,48.0,flag/images/forming/2019/12/flag__2019-12-04__0025694.png,,2019-12-04,25495,25694,2019-11-22T01:00:00+00:00,2019-12-04T23:00:00+00:00,25665.0,25694.0,2019-12-03T17:00:00+00:00,2019-12-04T23:00:00+00:00,,,1483.96,1470.4925,1510.895,2.0,1483.96,3.2299999999999858,Bull flag after impulsive advance,rule_candidate,pending
flag__2019-12-05__0025717,flag,1,forming,bullish,0.5713721211681767,120.0,flag/images/forming/2019/12/flag__2019-12-05__0025717.png,,2019-12-05,25518,25717,2019-11-25T01:00:00+00:00,2019-12-05T23:00:00+00:00,25642.0,25717.0,2019-12-02T17:00:00+00:00,2019-12-05T23:00:00+00:00,,,1483.96,1470.6019642857143,1510.6760714285715,2.0,1483.96,2.7921428571428515,Bull flag after impulsive advance,rule_candidate,pending
flag__2019-12-06__0025740,flag,1,forming,bullish,0.5313242458903588,200.0,flag/images/forming/2019/12/flag__2019-12-06__0025740.png,,2019-12-06,25541,25740,2019-11-26T01:00:00+00:00,2019-12-06T23:00:00+00:00,25615.0,25740.0,2019-11-29T10:00:00+00:00,2019-12-06T23:00:00+00:00,,,1483.96,1457.7791071428571,1536.3217857142859,2.0,1483.96,3.323571428571459,Bull flag after impulsive advance,rule_candidate,pending
flag__2019-12-09__0025763,flag,0,no_pattern,neutral,0.0,,flag/images/no_pattern/2019/12/flag__2019-12-09__0025763.png,,2019-12-09,25564,25763,2019-11-27T01:00:00+00:00,2019-12-09T23:00:00+00:00,,,,,,,,,,,,,No rule-based candidate at this daily endpoint,rule_candidate,pending
flag__2019-12-10__0025786,flag,1,forming,bullish,0.6448851491831624,200.0,flag/images/forming/2019/12/flag__2019-12-10__0025786.png,,2019-12-10,25587,25786,2019-11-28T01:00:00+00:00,2019-12-10T23:00:00+00:00,25661.0,25786.0,2019-12-03T13:00:00+00:00,2019-12-10T23:00:00+00:00,,,1480.24,1457.6880357142857,1525.3439285714287,2.0,1480.24,2.327857142857153,Bull flag after impulsive advance,rule_candidate,pending
flag__2019-12-11__0025809,flag,1,forming,bullish,0.5303022146293074,200.0,flag/images/forming/2019/12/flag__2019-12-11__0025809.png,,2019-12-11,25610,25809,2019-11-29T05:00:00+00:00,2019-12-11T23:00:00+00:00,25684.0,25809.0,2019-12-04T13:00:00+00:00,2019-12-11T23:00:00+00:00,,,1479.54,1457.5157142857142,1523.5885714285714,2.0,1479.54,3.0171428571428414,Bull flag after impulsive advance,rule_candidate,pending
flag__2019-12-12__0025832,flag,1,forming,bullish,0.5996743131227488,48.0,flag/images/forming/2019/12/flag__2019-12-12__0025832.png,,2019-12-12,25633,25832,2019-12-02T08:00:00+00:00,2019-12-12T23:00:00+00:00,25803.0,25832.0,2019-12-11T17:00:00+00:00,2019-12-12T23:00:00+00:00,,,1486.68,1462.6985714285713,1534.6428571428576,2.0,1486.68,4.445714285714287,Bull flag after impulsive advance,rule_candidate,pending
flag__2019-12-13__0025855,flag,1,forming,bullish,0.531112542114152,100.0,flag/images/forming/2019/12/flag__2019-12-13__0025855.png,,2019-12-13,25656,25855,2019-12-03T08:00:00+00:00,2019-12-13T23:00:00+00:00,25793.0,25855.0,2019-12-11T07:00:00+00:00,2019-12-13T23:00:00+00:00,,,1486.68,1461.3128571428572,1537.4142857142858,2.0,1486.68,3.8685714285714505,Bull flag after impulsive advance,rule_candidate,pending
flag__2019-12-16__0025878,flag,0,no_pattern,neutral,0.0,,flag/images/no_pattern/2019/12/flag__2019-12-16__0025878.png,,2019-12-16,25679,25878,2019-12-04T08:00:00+00:00,2019-12-16T23:00:00+00:00,,,,,,,,,,,,,No rule-based candidate at this daily endpoint,rule_candidate,pending
flag__2019-12-17__0025901,flag,0,no_pattern,neutral,0.0,,flag/images/no_pattern/2019/12/flag__2019-12-17__0025901.png,,2019-12-17,25702,25901,2019-12-05T08:00:00+00:00,2019-12-17T23:00:00+00:00,,,,,,,,,,,,,No rule-based candidate at this daily endpoint,rule_candidate,pending
flag__2019-12-18__0025924,flag,1,forming,bullish,0.5815807409004339,80.0,flag/images/forming/2019/12/flag__2019-12-18__0025924.png,,2019-12-18,25725,25924,2019-12-06T08:00:00+00:00,2019-12-18T23:00:00+00:00,25875.0,25924.0,2019-12-16T20:00:00+00:00,2019-12-18T23:00:00+00:00,,,1480.4,1469.722142857143,1501.7557142857145,2.0,1480.4,2.391428571428589,Bull flag after impulsive advance,rule_candidate,pending
flag__2019-12-19__0025947,flag,0,no_pattern,neutral,0.0,,flag/images/no_pattern/2019/12/flag__2019-12-19__0025947.png,,2019-12-19,25748,25947,2019-12-09T08:00:00+00:00,2019-12-19T23:00:00+00:00,,,,,,,,,,,,,No rule-based candidate at this daily endpoint,rule_candidate,pending
flag__2019-12-20__0025970,flag,0,no_pattern,neutral,0.0,,flag/images/no_pattern/2019/12/flag__2019-12-20__0025970.png,,2019-12-20,25771,25970,2019-12-10T08:00:00+00:00,2019-12-20T23:00:00+00:00,,,,,,,,,,,,,No rule-based candidate at this daily endpoint,rule_candidate,pending
flag__2019-12-23__0025993,flag,0,no_pattern,neutral,0.0,,flag/images/no_pattern/2019/12/flag__2019-12-23__0025993.png,,2019-12-23,25794,25993,2019-12-11T08:00:00+00:00,2019-12-23T23:00:00+00:00,,,,,,,,,,,,,No rule-based candidate at this daily endpoint,rule_candidate,pending
flag__2019-12-24__0026011,flag,0,no_pattern,neutral,0.0,,flag/images/no_pattern/2019/12/flag__2019-12-24__0026011.png,,2019-12-24,25812,26011,2019-12-12T03:00:00+00:00,2019-12-24T18:00:00+00:00,,,,,,,,,,,,,No rule-based candidate at this daily endpoint,rule_candidate,pending
flag__2019-12-26__0026026,flag,0,no_pattern,neutral,0.0,,flag/images/no_pattern/2019/12/flag__2019-12-26__0026026.png,,2019-12-26,25827,26026,2019-12-12T18:00:00+00:00,2019-12-26T23:00:00+00:00,,,,,,,,,,,,,No rule-based candidate at this daily endpoint,rule_candidate,pending
flag__2019-12-27__0026049,flag,0,no_pattern,neutral,0.0,,flag/images/no_pattern/2019/12/flag__2019-12-27__0026049.png,,2019-12-27,25850,26049,2019-12-13T18:00:00+00:00,2019-12-27T23:00:00+00:00,,,,,,,,,,,,,No rule-based candidate at this daily endpoint,rule_candidate,pending
flag__2019-12-30__0026072,flag,0,no_pattern,neutral,0.0,,flag/images/no_pattern/2019/12/flag__2019-12-30__0026072.png,,2019-12-30,25873,26072,2019-12-16T18:00:00+00:00,2019-12-30T23:00:00+00:00,,,,,,,,,,,,,No rule-based candidate at this daily endpoint,rule_candidate,pending
flag__2019-12-31__0026090,flag,0,no_pattern,neutral,0.0,,flag/images/no_pattern/2019/12/flag__2019-12-31__0026090.png,,2019-12-31,25891,26090,2019-12-17T13:00:00+00:00,2019-12-31T18:00:00+00:00,,,,,,,,,,,,,No rule-based candidate at this daily endpoint,rule_candidate,pending
flag__2020-01-02__0026105,flag,0,no_pattern,neutral,0.0,,flag/images/no_pattern/2020/01/flag__2020-01-02__0026105.png,,2020-01-02,25906,26105,2019-12-18T05:00:00+00:00,2020-01-02T23:00:00+00:00,,,,,,,,,,,,,No rule-based candidate at this daily endpoint,rule_candidate,pending
flag__2020-01-03__0026128,flag,0,no_pattern,neutral,0.0,,flag/images/no_pattern/2020/01/flag__2020-01-03__0026128.png,,2020-01-03,25929,26128,2019-12-19T05:00:00+00:00,2020-01-03T23:00:00+00:00,,,,,,,,,,,,,No rule-based candidate at this daily endpoint,rule_candidate,pending
flag__2020-01-06__0026151,flag,1,forming,bullish,0.6348700173519783,48.0,flag/images/forming/2020/01/flag__2020-01-06__0026151.png,,2020-01-06,25952,26151,2019-12-20T05:00:00+00:00,2020-01-06T23:00:00+00:00,26122.0,26151.0,2020-01-03T17:00:00+00:00,2020-01-06T23:00:00+00:00,,,1579.92,1559.6323214285715,1620.7900000000002,2.014523241587524,1579.92,4.47071428571428,Bull flag after impulsive advance,rule_candidate,pending
flag__2020-01-07__0026174,flag,1,forming,bullish,0.5649001256082079,100.0,flag/images/forming/2020/01/flag__2020-01-07__0026174.png,,2020-01-07,25975,26174,2019-12-23T05:00:00+00:00,2020-01-07T23:00:00+00:00,26112.0,26174.0,2020-01-03T07:00:00+00:00,2020-01-07T23:00:00+00:00,,,1579.92,1554.204642857143,1631.3507142857143,2.0,1579.92,3.9414285714285597,Bull flag after impulsive advance,rule_candidate,pending
flag__2020-01-08__0026197,flag,0,no_pattern,neutral,0.0,,flag/images/no_pattern/2020/01/flag__2020-01-08__0026197.png,,2020-01-08,25998,26197,2019-12-24T05:00:00+00:00,2020-01-08T23:00:00+00:00,,,,,,,,,,,,,No rule-based candidate at this daily endpoint,rule_candidate,pending
flag__2020-01-09__0026220,flag,1,forming,bullish,0.654562305642131,120.0,flag/images/forming/2020/01/flag__2020-01-09__0026220.png,,2020-01-09,26021,26220,2019-12-26T18:00:00+00:00,2020-01-09T23:00:00+00:00,26145.0,26220.0,2020-01-06T17:00:00+00:00,2020-01-09T23:00:00+00:00,,,1611.29,1539.0405357142856,1755.7889285714286,2.0,1611.29,4.317857142857114,Bull flag after impulsive advance,rule_candidate,pending
flag__2020-01-10__0026243,flag,1,forming,bullish,0.6376511388721784,160.0,flag/images/forming/2020/01/flag__2020-01-10__0026243.png,,2020-01-10,26044,26243,2019-12-27T18:00:00+00:00,2020-01-10T23:00:00+00:00,26143.0,26243.0,2020-01-06T15:00:00+00:00,2020-01-10T23:00:00+00:00,,,1611.29,1539.2439285714286,1755.3821428571428,2.0,1611.29,3.504285714285694,Bull flag after impulsive advance,rule_candidate,pending
flag__2020-01-13__0026266,flag,1,forming,bullish,0.6100373919387342,200.0,flag/images/forming/2020/01/flag__2020-01-13__0026266.png,,2020-01-13,26067,26266,2019-12-30T18:00:00+00:00,2020-01-13T23:00:00+00:00,26141.0,26266.0,2020-01-06T13:00:00+00:00,2020-01-13T23:00:00+00:00,,,1604.65,1539.3560714285713,1735.2378571428576,2.0,1604.65,3.0557142857143,Bull flag after impulsive advance,rule_candidate,pending
flag__2020-01-14__0026289,flag,1,forming,bullish,0.5740652678400137,200.0,flag/images/forming/2020/01/flag__2020-01-14__0026289.png,,2020-01-14,26090,26289,2019-12-31T18:00:00+00:00,2020-01-14T23:00:00+00:00,26164.0,26289.0,2020-01-07T13:00:00+00:00,2020-01-14T23:00:00+00:00,,,1563.01,1535.0721428571428,1618.8857142857144,2.0,1563.01,3.1114285714285836,Bull flag after impulsive advance,rule_candidate,pending
flag__2020-01-15__0026312,flag,0,no_pattern,neutral,0.0,,flag/images/no_pattern/2020/01/flag__2020-01-15__0026312.png,,2020-01-15,26113,26312,2020-01-03T08:00:00+00:00,2020-01-15T23:00:00+00:00,,,,,,,,,,,,,No rule-based candidate at this daily endpoint,rule_candidate,pending
flag__2020-01-16__0026335,flag,1,forming,bullish,0.6183934310503827,48.0,flag/images/forming/2020/01/flag__2020-01-16__0026335.png,,2020-01-16,26136,26335,2020-01-06T08:00:00+00:00,2020-01-16T23:00:00+00:00,26306.0,26335.0,2020-01-15T17:00:00+00:00,2020-01-16T23:00:00+00:00,,,1557.98,1547.2064285714287,1579.5271428571427,2.0,1557.98,2.7742857142856923,Bull flag after impulsive advance,rule_candidate,pending
flag__2020-01-17__0026358,flag,0,no_pattern,neutral,0.0,,flag/images/no_pattern/2020/01/flag__2020-01-17__0026358.png,,2020-01-17,26159,26358,2020-01-07T08:00:00+00:00,2020-01-17T23:00:00+00:00,,,,,,,,,,,,,No rule-based candidate at this daily endpoint,rule_candidate,pending
flag__2020-01-20__0026377,flag,0,no_pattern,neutral,0.0,,flag/images/no_pattern/2020/01/flag__2020-01-20__0026377.png,,2020-01-20,26178,26377,2020-01-08T04:00:00+00:00,2020-01-20T19:00:00+00:00,,,,,,,,,,,,,No rule-based candidate at this daily endpoint,rule_candidate,pending
flag__2020-01-21__0026400,flag,1,forming,bullish,0.5782101354094951,64.0,flag/images/forming/2020/01/flag__2020-01-21__0026400.png,,2020-01-21,26201,26400,2020-01-09T04:00:00+00:00,2020-01-21T23:00:00+00:00,26361.0,26400.0,2020-01-20T03:00:00+00:00,2020-01-21T23:00:00+00:00,,,1568.49,1545.1582142857144,1615.1535714285712,2.0,1568.49,4.247142857142892,Bull flag after impulsive advance,rule_candidate,pending
flag__2020-01-22__0026423,flag,1,forming,bullish,0.5818109638803043,120.0,flag/images/forming/2020/01/flag__2020-01-22__0026423.png,,2020-01-22,26224,26423,2020-01-10T04:00:00+00:00,2020-01-22T23:00:00+00:00,26348.0,26423.0,2020-01-17T13:00:00+00:00,2020-01-22T23:00:00+00:00,,,1568.49,1545.66875,1614.1325,2.0,1568.49,2.2050000000000085,Bull flag after impulsive advance,rule_candidate,pending
flag__2020-01-23__0026446,flag,1,forming,bullish,0.5307310955703838,160.0,flag/images/forming/2020/01/flag__2020-01-23__0026446.png,,2020-01-23,26247,26446,2020-01-13T04:00:00+00:00,2020-01-23T23:00:00+00:00,26346.0,26446.0,2020-01-17T11:00:00+00:00,2020-01-23T23:00:00+00:00,,,1568.49,1545.3042857142857,1614.8614285714286,2.0,1568.49,3.6628571428571246,Bull flag after impulsive advance,rule_candidate,pending
flag__2020-01-24__0026469,flag,0,no_pattern,neutral,0.0,,flag/images/no_pattern/2020/01/flag__2020-01-24__0026469.png,,2020-01-24,26270,26469,2020-01-14T04:00:00+00:00,2020-01-24T23:00:00+00:00,,,,,,,,,,,,,No rule-based candidate at this daily endpoint,rule_candidate,pending
flag__2020-01-27__0026492,flag,0,no_pattern,neutral,0.0,,flag/images/no_pattern/2020/01/flag__2020-01-27__0026492.png,,2020-01-27,26293,26492,2020-01-15T04:00:00+00:00,2020-01-27T23:00:00+00:00,,,,,,,,,,,,,No rule-based candidate at this daily endpoint,rule_candidate,pending
flag__2020-01-28__0026515,flag,1,forming,bullish,0.6862758090529509,80.0,flag/images/forming/2020/01/flag__2020-01-28__0026515.png,,2020-01-28,26316,26515,2020-01-16T04:00:00+00:00,2020-01-28T23:00:00+00:00,26466.0,26515.0,2020-01-24T20:00:00+00:00,2020-01-28T23:00:00+00:00,,,1586.2,1564.4696428571428,1629.6607142857144,2.0,1586.2,3.7214285714285973,Bull flag after impulsive advance,rule_candidate,pending
flag__2020-01-29__0026538,flag,1,forming,bullish,0.6306699139070877,120.0,flag/images/forming/2020/01/flag__2020-01-29__0026538.png,,2020-01-29,26339,26538,2020-01-17T04:00:00+00:00,2020-01-29T23:00:00+00:00,26463.0,26538.0,2020-01-24T17:00:00+00:00,2020-01-29T23:00:00+00:00,,,1585.9,1562.4844642857142,1632.7310714285718,2.0,1585.9,3.142142857142858,Bull flag after impulsive advance,rule_candidate,pending
flag__2020-01-30__0026561,flag,1,forming,bullish,0.5374990728525008,200.0,flag/images/forming/2020/01/flag__2020-01-30__0026561.png,,2020-01-30,26362,26561,2020-01-20T04:00:00+00:00,2020-01-30T23:00:00+00:00,26436.0,26561.0,2020-01-23T13:00:00+00:00,2020-01-30T23:00:00+00:00,,,1586.2,1562.1451785714285,1634.3096428571432,2.0,1586.2,4.499285714285731,Bull flag after impulsive advance,rule_candidate,pending
flag__2020-01-31__0026584,flag,0,no_pattern,neutral,0.0,,flag/images/no_pattern/2020/01/flag__2020-01-31__0026584.png,,2020-01-31,26385,26584,2020-01-21T08:00:00+00:00,2020-01-31T23:00:00+00:00,,,,,,,,,,,,,No rule-based candidate at this daily endpoint,rule_candidate,pending
flag__2020-02-03__0026607,flag,0,no_pattern,neutral,0.0,,flag/images/no_pattern/2020/02/flag__2020-02-03__0026607.png,,2020-02-03,26408,26607,2020-01-22T08:00:00+00:00,2020-02-03T23:00:00+00:00,,,,,,,,,,,,,No rule-based candidate at this daily endpoint,rule_candidate,pending
flag__2020-02-04__0026630,flag,0,no_pattern,neutral,0.0,,flag/images/no_pattern/2020/02/flag__2020-02-04__0026630.png,,2020-02-04,26431,26630,2020-01-23T08:00:00+00:00,2020-02-04T23:00:00+00:00,,,,,,,,,,,,,No rule-based candidate at this daily endpoint,rule_candidate,pending
flag__2020-02-05__0026653,flag,0,no_pattern,neutral,0.0,,flag/images/no_pattern/2020/02/flag__2020-02-05__0026653.png,,2020-02-05,26454,26653,2020-01-24T08:00:00+00:00,2020-02-05T23:00:00+00:00,,,,,,,,,,,,,No rule-based candidate at this daily endpoint,rule_candidate,pending
flag__2020-02-06__0026676,flag,0,no_pattern,neutral,0.0,,flag/images/no_pattern/2020/02/flag__2020-02-06__0026676.png,,2020-02-06,26477,26676,2020-01-27T08:00:00+00:00,2020-02-06T23:00:00+00:00,,,,,,,,,,,,,No rule-based candidate at this daily endpoint,rule_candidate,pending
flag__2020-02-07__0026699,flag,0,no_pattern,neutral,0.0,,flag/images/no_pattern/2020/02/flag__2020-02-07__0026699.png,,2020-02-07,26500,26699,2020-01-28T08:00:00+00:00,2020-02-07T23:00:00+00:00,,,,,,,,,,,,,No rule-based candidate at this daily endpoint,rule_candidate,pending
flag__2020-02-10__0026722,flag,0,no_pattern,neutral,0.0,,flag/images/no_pattern/2020/02/flag__2020-02-10__0026722.png,,2020-02-10,26523,26722,2020-01-29T08:00:00+00:00,2020-02-10T23:00:00+00:00,,,,,,,,,,,,,No rule-based candidate at this daily endpoint,rule_candidate,pending
flag__2020-02-11__0026745,flag,1,forming,bullish,0.6104095538770502,100.0,flag/images/forming/2020/02/flag__2020-02-11__0026745.png,,2020-02-11,26546,26745,2020-01-30T08:00:00+00:00,2020-02-11T23:00:00+00:00,26683.0,26745.0,2020-02-07T07:00:00+00:00,2020-02-11T23:00:00+00:00,,,1576.91,1561.2305357142857,1608.268928571429,2.0,1576.91,3.0378571428571246,Bull flag after impulsive advance,rule_candidate,pending
flag__2020-02-12__0026768,flag,1,forming,bullish,0.6382509814237849,120.0,flag/images/forming/2020/02/flag__2020-02-12__0026768.png,,2020-02-12,26569,26768,2020-01-31T08:00:00+00:00,2020-02-12T23:00:00+00:00,26693.0,26768.0,2020-02-07T17:00:00+00:00,2020-02-12T23:00:00+00:00,,,1576.91,1561.1517857142856,1608.4264285714291,2.0,1576.91,2.872857142857145,Bull flag after impulsive advance,rule_candidate,pending
flag__2020-02-13__0026791,flag,0,no_pattern,neutral,0.0,,flag/images/no_pattern/2020/02/flag__2020-02-13__0026791.png,,2020-02-13,26592,26791,2020-02-03T08:00:00+00:00,2020-02-13T23:00:00+00:00,,,,,,,,,,,,,No rule-based candidate at this daily endpoint,rule_candidate,pending
flag__2020-02-14__0026814,flag,0,no_pattern,neutral,0.0,,flag/images/no_pattern/2020/02/flag__2020-02-14__0026814.png,,2020-02-14,26615,26814,2020-02-04T08:00:00+00:00,2020-02-14T23:00:00+00:00,,,,,,,,,,,,,No rule-based candidate at this daily endpoint,rule_candidate,pending
flag__2020-02-17__0026833,flag,1,forming,bullish,0.62550336969491,48.0,flag/images/forming/2020/02/flag__2020-02-17__0026833.png,,2020-02-17,26634,26833,2020-02-05T04:00:00+00:00,2020-02-17T19:00:00+00:00,26804.0,26833.0,2020-02-14T13:00:00+00:00,2020-02-17T19:00:00+00:00,,,1584.93,1578.4464285714287,1597.8971428571429,2.0,1584.93,1.2942857142856579,Bull flag after impulsive advance,rule_candidate,pending
flag__2020-02-18__0026856,flag,0,no_pattern,neutral,0.0,,flag/images/no_pattern/2020/02/flag__2020-02-18__0026856.png,,2020-02-18,26657,26856,2020-02-06T04:00:00+00:00,2020-02-18T23:00:00+00:00,,,,,,,,,,,,,No rule-based candidate at this daily endpoint,rule_candidate,pending
flag__2020-02-19__0026879,flag,0,no_pattern,neutral,0.0,,flag/images/no_pattern/2020/02/flag__2020-02-19__0026879.png,,2020-02-19,26680,26879,2020-02-07T04:00:00+00:00,2020-02-19T23:00:00+00:00,,,,,,,,,,,,,No rule-based candidate at this daily endpoint,rule_candidate,pending
flag__2020-02-20__0026902,flag,0,no_pattern,neutral,0.0,,flag/images/no_pattern/2020/02/flag__2020-02-20__0026902.png,,2020-02-20,26703,26902,2020-02-10T04:00:00+00:00,2020-02-20T23:00:00+00:00,,,,,,,,,,,,,No rule-based candidate at this daily endpoint,rule_candidate,pending
flag__2020-02-21__0026925,flag,0,no_pattern,neutral,0.0,,flag/images/no_pattern/2020/02/flag__2020-02-21__0026925.png,,2020-02-21,26726,26925,2020-02-11T04:00:00+00:00,2020-02-21T23:00:00+00:00,,,,,,,,,,,,,No rule-based candidate at this daily endpoint,rule_candidate,pending
flag__2020-02-24__0026948,flag,0,no_pattern,neutral,0.0,,flag/images/no_pattern/2020/02/flag__2020-02-24__0026948.png,,2020-02-24,26749,26948,2020-02-12T04:00:00+00:00,2020-02-24T23:00:00+00:00,,,,,,,,,,,,,No rule-based candidate at this daily endpoint,rule_candidate,pending
flag__2020-02-25__0026971,flag,1,forming,bullish,0.6409809959617717,100.0,flag/images/forming/2020/02/flag__2020-02-25__0026971.png,,2020-02-25,26772,26971,2020-02-13T04:00:00+00:00,2020-02-25T23:00:00+00:00,26909.0,26971.0,2020-02-21T07:00:00+00:00,2020-02-25T23:00:00+00:00,,,1689.17,1622.5285714285715,1822.4528571428573,2.0,1689.17,10.085714285714273,Bull flag after impulsive advance,rule_candidate,pending
flag__2020-02-26__0026994,flag,1,forming,bullish,0.6345524280875148,120.0,flag/images/forming/2020/02/flag__2020-02-26__0026994.png,,2020-02-26,26795,26994,2020-02-14T04:00:00+00:00,2020-02-26T23:00:00+00:00,26919.0,26994.0,2020-02-21T17:00:00+00:00,2020-02-26T23:00:00+00:00,,,1684.15,1622.8125,1806.8250000000003,2.0,1684.15,7.75,Bull flag after impulsive advance,rule_candidate,pending
flag__2020-02-27__0027017,flag,1,forming,bullish,0.6138163518557609,200.0,flag/images/forming/2020/02/flag__2020-02-27__0027017.png,,2020-02-27,26818,27017,2020-02-17T04:00:00+00:00,2020-02-27T23:00:00+00:00,26892.0,27017.0,2020-02-20T13:00:00+00:00,2020-02-27T23:00:00+00:00,,,1689.17,1622.8623214285715,1821.7853571428573,2.0,1689.17,7.550714285714288,Bull flag after impulsive advance,rule_candidate,pending
flag__2020-02-28__0027040,flag,0,no_pattern,neutral,0.0,,flag/images/no_pattern/2020/02/flag__2020-02-28__0027040.png,,2020-02-28,26841,27040,2020-02-18T08:00:00+00:00,2020-02-28T23:00:00+00:00,,,,,,,,,,,,,No rule-based candidate at this daily endpoint,rule_candidate,pending
flag__2020-03-02__0027063,flag,0,no_pattern,neutral,0.0,,flag/images/no_pattern/2020/03/flag__2020-03-02__0027063.png,,2020-03-02,26864,27063,2020-02-19T08:00:00+00:00,2020-03-02T23:00:00+00:00,,,,,,,,,,,,,No rule-based candidate at this daily endpoint,rule_candidate,pending
flag__2020-03-03__0027086,flag,1,forming,bullish,0.6013150132931518,200.0,flag/images/forming/2020/03/flag__2020-03-03__0027086.png,,2020-03-03,26887,27086,2020-02-20T08:00:00+00:00,2020-03-03T23:00:00+00:00,26961.0,27086.0,2020-02-25T13:00:00+00:00,2020-03-03T23:00:00+00:00,,,1660.27,1560.3687499999999,1860.0725000000002,2.0,1660.27,9.92499999999997,Bull flag after impulsive advance,rule_candidate,pending
flag__2020-03-04__0027109,flag,1,forming,bullish,0.5645289889767418,48.0,flag/images/forming/2020/03/flag__2020-03-04__0027109.png,,2020-03-04,26910,27109,2020-02-21T08:00:00+00:00,2020-03-04T23:00:00+00:00,27080.0,27109.0,2020-03-03T17:00:00+00:00,2020-03-04T23:00:00+00:00,,,1649.23,1630.2285714285715,1709.27,3.159762423877913,1649.23,6.1257142857142854,Bull flag after impulsive advance,rule_candidate,pending
flag__2020-03-05__0027132,flag,0,no_pattern,neutral,0.0,,flag/images/no_pattern/2020/03/flag__2020-03-05__0027132.png,,2020-03-05,26933,27132,2020-02-24T08:00:00+00:00,2020-03-05T23:00:00+00:00,,,,,,,,,,,,,No rule-based candidate at this daily endpoint,rule_candidate,pending
flag__2020-03-06__0027155,flag,0,no_pattern,neutral,0.0,,flag/images/no_pattern/2020/03/flag__2020-03-06__0027155.png,,2020-03-06,26956,27155,2020-02-25T08:00:00+00:00,2020-03-06T23:00:00+00:00,,,,,,,,,,,,,No rule-based candidate at this daily endpoint,rule_candidate,pending
flag__2020-03-09__0027178,flag,1,forming,bullish,0.5404287846659418,80.0,flag/images/forming/2020/03/flag__2020-03-09__0027178.png,,2020-03-09,26979,27178,2020-02-26T08:00:00+00:00,2020-03-09T22:00:00+00:00,27129.0,27178.0,2020-03-05T20:00:00+00:00,2020-03-09T22:00:00+00:00,,,1703.36,1638.9921428571427,1832.0957142857144,2.0,1703.36,11.471428571428564,Bull flag after impulsive advance,rule_candidate,pending
flag__2020-03-10__0027201,flag,1,forming,bullish,0.5973133652525793,160.0,flag/images/forming/2020/03/flag__2020-03-10__0027201.png,,2020-03-10,27002,27201,2020-02-27T08:00:00+00:00,2020-03-10T22:00:00+00:00,27101.0,27201.0,2020-03-04T15:00:00+00:00,2020-03-10T22:00:00+00:00,,,1703.36,1639.1514285714286,1831.7771428571425,2.0,1703.36,8.594285714285759,Bull flag after impulsive advance,rule_candidate,pending
flag__2020-03-11__0027224,flag,1,forming,bullish,0.6563525050052559,160.0,flag/images/forming/2020/03/flag__2020-03-11__0027224.png,,2020-03-11,27025,27224,2020-02-28T08:00:00+00:00,2020-03-11T22:00:00+00:00,27124.0,27224.0,2020-03-05T15:00:00+00:00,2020-03-11T22:00:00+00:00,,,1703.36,1630.9473214285713,1848.1853571428571,2.0,1703.36,7.650714285714311,Bull flag after impulsive advance,rule_candidate,pending
flag__2020-03-12__0027247,flag,0,no_pattern,neutral,0.0,,flag/images/no_pattern/2020/03/flag__2020-03-12__0027247.png,,2020-03-12,27048,27247,2020-03-02T08:00:00+00:00,2020-03-12T22:00:00+00:00,,,,,,,,,,,,,No rule-based candidate at this daily endpoint,rule_candidate,pending
flag__2020-03-13__0027270,flag,0,no_pattern,neutral,0.0,,flag/images/no_pattern/2020/03/flag__2020-03-13__0027270.png,,2020-03-13,27071,27270,2020-03-03T08:00:00+00:00,2020-03-13T22:00:00+00:00,,,,,,,,,,,,,No rule-based candidate at this daily endpoint,rule_candidate,pending
flag__2020-03-16__0027293,flag,0,no_pattern,neutral,0.0,,flag/images/no_pattern/2020/03/flag__2020-03-16__0027293.png,,2020-03-16,27094,27293,2020-03-04T08:00:00+00:00,2020-03-16T22:00:00+00:00,,,,,,,,,,,,,No rule-based candidate at this daily endpoint,rule_candidate,pending
flag__2020-03-17__0027316,flag,0,no_pattern,neutral,0.0,,flag/images/no_pattern/2020/03/flag__2020-03-17__0027316.png,,2020-03-17,27117,27316,2020-03-05T08:00:00+00:00,2020-03-17T22:00:00+00:00,,,,,,,,,,,,,No rule-based candidate at this daily endpoint,rule_candidate,pending
flag__2020-03-18__0027339,flag,0,no_pattern,neutral,0.0,,flag/images/no_pattern/2020/03/flag__2020-03-18__0027339.png,,2020-03-18,27140,27339,2020-03-06T08:00:00+00:00,2020-03-18T22:00:00+00:00,,,,,,,,,,,,,No rule-based candidate at this daily endpoint,rule_candidate,pending
flag__2020-03-19__0027362,flag,0,no_pattern,neutral,0.0,,flag/images/no_pattern/2020/03/flag__2020-03-19__0027362.png,,2020-03-19,27163,27362,2020-03-09T07:00:00+00:00,2020-03-19T22:00:00+00:00,,,,,,,,,,,,,No rule-based candidate at this daily endpoint,rule_candidate,pending
flag__2020-03-20__0027385,flag,0,no_pattern,neutral,0.0,,flag/images/no_pattern/2020/03/flag__2020-03-20__0027385.png,,2020-03-20,27186,27385,2020-03-10T07:00:00+00:00,2020-03-20T22:00:00+00:00,,,,,,,,,,,,,No rule-based candidate at this daily endpoint,rule_candidate,pending
flag__2020-03-23__0027408,flag,0,no_pattern,neutral,0.0,,flag/images/no_pattern/2020/03/flag__2020-03-23__0027408.png,,2020-03-23,27209,27408,2020-03-11T07:00:00+00:00,2020-03-23T22:00:00+00:00,,,,,,,,,,,,,No rule-based candidate at this daily endpoint,rule_candidate,pending
flag__2020-03-24__0027431,flag,0,no_pattern,neutral,0.0,,flag/images/no_pattern/2020/03/flag__2020-03-24__0027431.png,,2020-03-24,27232,27431,2020-03-12T07:00:00+00:00,2020-03-24T22:00:00+00:00,,,,,,,,,,,,,No rule-based candidate at this daily endpoint,rule_candidate,pending
flag__2020-03-25__0027454,flag,1,forming,bullish,0.6071622685882658,64.0,flag/images/forming/2020/03/flag__2020-03-25__0027454.png,,2020-03-25,27255,27454,2020-03-13T07:00:00+00:00,2020-03-25T22:00:00+00:00,27415.0,27454.0,2020-03-24T06:00:00+00:00,2020-03-25T22:00:00+00:00,,,1637.93,1589.7176785714287,1743.55,2.1907262888488046,1637.93,14.129285714285695,Bull flag after impulsive advance,rule_candidate,pending
flag__2020-03-26__0027477,flag,0,no_pattern,neutral,0.0,,flag/images/no_pattern/2020/03/flag__2020-03-26__0027477.png,,2020-03-26,27278,27477,2020-03-16T07:00:00+00:00,2020-03-26T22:00:00+00:00,,,,,,,,,,,,,No rule-based candidate at this daily endpoint,rule_candidate,pending
flag__2020-03-27__0027500,flag,1,forming,bullish,0.5303821716846175,48.0,flag/images/forming/2020/03/flag__2020-03-27__0027500.png,,2020-03-27,27301,27500,2020-03-17T07:00:00+00:00,2020-03-27T22:00:00+00:00,27471.0,27500.0,2020-03-26T16:00:00+00:00,2020-03-27T22:00:00+00:00,,,1630.91,1610.1171428571429,1672.4957142857145,2.0,1630.91,10.171428571428562,Bull flag after impulsive advance,rule_candidate,pending
flag__2020-03-30__0027523,flag,1,forming,bullish,0.6173686969920013,120.0,flag/images/forming/2020/03/flag__2020-03-30__0027523.png,,2020-03-30,27324,27523,2020-03-18T07:00:00+00:00,2020-03-30T23:00:00+00:00,27448.0,27523.0,2020-03-25T16:00:00+00:00,2020-03-30T23:00:00+00:00,,,1643.21,1609.0353571428573,1722.45,2.318678217976994,1643.21,6.498571428571414,Bull flag after impulsive advance,rule_candidate,pending
flag__2020-03-31__0027546,flag,1,forming,bullish,0.6471810379203129,160.0,flag/images/forming/2020/03/flag__2020-03-31__0027546.png,,2020-03-31,27347,27546,2020-03-19T07:00:00+00:00,2020-03-31T23:00:00+00:00,27446.0,27546.0,2020-03-25T14:00:00+00:00,2020-03-31T23:00:00+00:00,,,1638.34,1569.9791071428572,1782.09,2.1028104518822146,1638.34,8.923571428571417,Bull flag after impulsive advance,rule_candidate,pending
flag__2020-04-01__0027569,flag,1,forming,bullish,0.6817096718923612,160.0,flag/images/forming/2020/04/flag__2020-04-01__0027569.png,,2020-04-01,27370,27569,2020-03-20T07:00:00+00:00,2020-04-01T23:00:00+00:00,27469.0,27569.0,2020-03-26T14:00:00+00:00,2020-04-01T23:00:00+00:00,,,1633.91,1564.2507142857144,1773.2285714285715,2.0,1633.91,8.837142857142876,Bull flag after impulsive advance,rule_candidate,pending
flag__2020-04-02__0027592,flag,1,forming,bullish,0.5982470825068477,200.0,flag/images/forming/2020/04/flag__2020-04-02__0027592.png,,2020-04-02,27393,27592,2020-03-23T07:00:00+00:00,2020-04-02T23:00:00+00:00,27467.0,27592.0,2020-03-26T12:00:00+00:00,2020-04-02T23:00:00+00:00,,,1628.33,1564.5028571428572,1760.1399999999999,2.065108887844406,1628.33,7.828571428571422,Bull flag after impulsive advance,rule_candidate,pending
flag__2020-04-03__0027615,flag,0,no_pattern,neutral,0.0,,flag/images/no_pattern/2020/04/flag__2020-04-03__0027615.png,,2020-04-03,27416,27615,2020-03-24T07:00:00+00:00,2020-04-03T23:00:00+00:00,,,,,,,,,,,,,No rule-based candidate at this daily endpoint,rule_candidate,pending
flag__2020-04-06__0027638,flag,0,no_pattern,neutral,0.0,,flag/images/no_pattern/2020/04/flag__2020-04-06__0027638.png,,2020-04-06,27439,27638,2020-03-25T07:00:00+00:00,2020-04-06T23:00:00+00:00,,,,,,,,,,,,,No rule-based candidate at this daily endpoint,rule_candidate,pending
flag__2020-04-07__0027661,flag,1,forming,bullish,0.6303537177229971,48.0,flag/images/forming/2020/04/flag__2020-04-07__0027661.png,,2020-04-07,27462,27661,2020-03-26T07:00:00+00:00,2020-04-07T23:00:00+00:00,27632.0,27661.0,2020-04-06T17:00:00+00:00,2020-04-07T23:00:00+00:00,,,1671.81,1639.2157142857143,1736.9985714285713,2.0,1671.81,12.097142857142915,Bull flag after impulsive advance,rule_candidate,pending
flag__2020-04-08__0027684,flag,1,forming,bullish,0.6252325191089917,100.0,flag/images/forming/2020/04/flag__2020-04-08__0027684.png,,2020-04-08,27485,27684,2020-03-27T07:00:00+00:00,2020-04-08T23:00:00+00:00,27622.0,27684.0,2020-04-06T07:00:00+00:00,2020-04-08T23:00:00+00:00,,,1671.81,1639.5064285714286,1736.4171428571426,2.0,1671.81,6.614285714285708,Bull flag after impulsive advance,rule_candidate,pending
flag__2020-04-09__0027707,flag,0,no_pattern,neutral,0.0,,flag/images/no_pattern/2020/04/flag__2020-04-09__0027707.png,,2020-04-09,27508,27707,2020-03-30T08:00:00+00:00,2020-04-09T23:00:00+00:00,,,,,,,,,,,,,No rule-based candidate at this daily endpoint,rule_candidate,pending
flag__2020-04-13__0027730,flag,0,no_pattern,neutral,0.0,,flag/images/no_pattern/2020/04/flag__2020-04-13__0027730.png,,2020-04-13,27531,27730,2020-03-31T08:00:00+00:00,2020-04-13T23:00:00+00:00,,,,,,,,,,,,,No rule-based candidate at this daily endpoint,rule_candidate,pending
flag__2020-04-14__0027753,flag,0,no_pattern,neutral,0.0,,flag/images/no_pattern/2020/04/flag__2020-04-14__0027753.png,,2020-04-14,27554,27753,2020-04-01T08:00:00+00:00,2020-04-14T23:00:00+00:00,,,,,,,,,,,,,No rule-based candidate at this daily endpoint,rule_candidate,pending
flag__2020-04-15__0027776,flag,1,forming,bullish,0.6393355246614137,64.0,flag/images/forming/2020/04/flag__2020-04-15__0027776.png,,2020-04-15,27577,27776,2020-04-02T08:00:00+00:00,2020-04-15T23:00:00+00:00,27737.0,27776.0,2020-04-14T07:00:00+00:00,2020-04-15T23:00:00+00:00,,,1738.66,1704.5244642857144,1806.9310714285714,2.0,1738.66,8.662142857142824,Bull flag after impulsive advance,rule_candidate,pending
flag__2020-04-16__0027799,flag,1,forming,bullish,0.5658123840890258,120.0,flag/images/forming/2020/04/flag__2020-04-16__0027799.png,,2020-04-16,27600,27799,2020-04-03T08:00:00+00:00,2020-04-16T23:00:00+00:00,27724.0,27799.0,2020-04-13T17:00:00+00:00,2020-04-16T23:00:00+00:00,,,1747.06,1704.3973214285716,1832.3853571428567,2.0,1747.06,9.170714285714325,Bull flag after impulsive advance,rule_candidate,pending
flag__2020-04-17__0027822,flag,1,forming,bullish,0.6490947598151955,160.0,flag/images/forming/2020/04/flag__2020-04-17__0027822.png,,2020-04-17,27623,27822,2020-04-06T08:00:00+00:00,2020-04-17T23:00:00+00:00,27722.0,27822.0,2020-04-13T15:00:00+00:00,2020-04-17T23:00:00+00:00,,,1738.75,1677.201607142857,1861.846785714286,2.0,1738.75,8.393571428571429,Bull flag after impulsive advance,rule_candidate,pending
flag__2020-04-20__0027845,flag,1,forming,bullish,0.6677767958836482,200.0,flag/images/forming/2020/04/flag__2020-04-20__0027845.png,,2020-04-20,27646,27845,2020-04-07T08:00:00+00:00,2020-04-20T23:00:00+00:00,27720.0,27845.0,2020-04-13T13:00:00+00:00,2020-04-20T23:00:00+00:00,,,1738.75,1669.30875,1877.6325000000002,2.0,1738.75,8.204999999999993,Bull flag after impulsive advance,rule_candidate,pending
flag__2020-04-21__0027868,flag,1,forming,bullish,0.6564944095011731,200.0,flag/images/forming/2020/04/flag__2020-04-21__0027868.png,,2020-04-21,27669,27868,2020-04-08T08:00:00+00:00,2020-04-21T23:00:00+00:00,27743.0,27868.0,2020-04-14T13:00:00+00:00,2020-04-21T23:00:00+00:00,,,1738.75,1656.6001785714286,1903.0496428571428,2.0,1738.75,11.719285714285759,Bull flag after impulsive advance,rule_candidate,pending
flag__2020-04-22__0027891,flag,0,no_pattern,neutral,0.0,,flag/images/no_pattern/2020/04/flag__2020-04-22__0027891.png,,2020-04-22,27692,27891,2020-04-09T08:00:00+00:00,2020-04-22T23:00:00+00:00,,,,,,,,,,,,,No rule-based candidate at this daily endpoint,rule_candidate,pending
flag__2020-04-23__0027914,flag,0,no_pattern,neutral,0.0,,flag/images/no_pattern/2020/04/flag__2020-04-23__0027914.png,,2020-04-23,27715,27914,2020-04-13T08:00:00+00:00,2020-04-23T23:00:00+00:00,,,,,,,,,,,,,No rule-based candidate at this daily endpoint,rule_candidate,pending
flag__2020-04-24__0027937,flag,1,forming,bullish,0.5358249206442923,64.0,flag/images/forming/2020/04/flag__2020-04-24__0027937.png,,2020-04-24,27738,27937,2020-04-14T08:00:00+00:00,2020-04-24T23:00:00+00:00,27898.0,27937.0,2020-04-23T07:00:00+00:00,2020-04-24T23:00:00+00:00,,,1738.37,1708.5505357142858,1798.008928571428,2.0,1738.37,7.397857142857155,Bull flag after impulsive advance,rule_candidate,pending
flag__2020-04-27__0027960,flag,1,forming,bullish,0.666434101209223,80.0,flag/images/forming/2020/04/flag__2020-04-27__0027960.png,,2020-04-27,27761,27960,2020-04-15T08:00:00+00:00,2020-04-27T23:00:00+00:00,27911.0,27960.0,2020-04-23T20:00:00+00:00,2020-04-27T23:00:00+00:00,,,1736.01,1704.2969642857142,1799.4360714285715,2.0,1736.01,6.132142857142851,Bull flag after impulsive advance,rule_candidate,pending
flag__2020-04-28__0027983,flag,1,forming,bullish,0.6840569380469637,160.0,flag/images/forming/2020/04/flag__2020-04-28__0027983.png,,2020-04-28,27784,27983,2020-04-16T08:00:00+00:00,2020-04-28T23:00:00+00:00,27883.0,27983.0,2020-04-22T15:00:00+00:00,2020-04-28T23:00:00+00:00,,,1736.01,1689.1712499999999,1829.6875000000002,2.0,1736.01,7.515000000000019,Bull flag after impulsive advance,rule_candidate,pending
flag__2020-04-29__0028006,flag,1,forming,bullish,0.6626002913448061,200.0,flag/images/forming/2020/04/flag__2020-04-29__0028006.png,,2020-04-29,27807,28006,2020-04-17T08:00:00+00:00,2020-04-29T23:00:00+00:00,27881.0,28006.0,2020-04-22T13:00:00+00:00,2020-04-29T23:00:00+00:00,,,1736.01,1689.2421428571429,1829.5457142857142,2.0,1736.01,7.231428571428572,Bull flag after impulsive advance,rule_candidate,pending
flag__2020-04-30__0028029,flag,0,no_pattern,neutral,0.0,,flag/images/no_pattern/2020/04/flag__2020-04-30__0028029.png,,2020-04-30,27830,28029,2020-04-20T08:00:00+00:00,2020-04-30T23:00:00+00:00,,,,,,,,,,,,,No rule-based candidate at this daily endpoint,rule_candidate,pending
flag__2020-05-01__0028052,flag,1,forming,bullish,0.5879311197274094,200.0,flag/images/forming/2020/05/flag__2020-05-01__0028052.png,,2020-05-01,27853,28052,2020-04-21T08:00:00+00:00,2020-05-01T23:00:00+00:00,27927.0,28052.0,2020-04-24T13:00:00+00:00,2020-05-01T23:00:00+00:00,,,1721.79,1666.9894642857143,1831.3910714285712,2.0,1721.79,7.722142857142801,Bull flag after impulsive advance,rule_candidate,pending
flag__2020-05-04__0028075,flag,1,forming,bullish,0.5501002084093831,200.0,flag/images/forming/2020/05/flag__2020-05-04__0028075.png,,2020-05-04,27876,28075,2020-04-22T08:00:00+00:00,2020-05-04T23:00:00+00:00,27950.0,28075.0,2020-04-27T13:00:00+00:00,2020-05-04T23:00:00+00:00,,,1721.79,1667.1642857142858,1831.0414285714282,2.0,1721.79,7.022857142857155,Bull flag after impulsive advance,rule_candidate,pending
flag__2020-05-05__0028098,flag,1,forming,bullish,0.5347646582630015,64.0,flag/images/forming/2020/05/flag__2020-05-05__0028098.png,,2020-05-05,27899,28098,2020-04-23T08:00:00+00:00,2020-05-05T23:00:00+00:00,28059.0,28098.0,2020-05-04T07:00:00+00:00,2020-05-05T23:00:00+00:00,,,1711.33,1687.5407142857143,1758.9085714285711,2.0,1711.33,6.637142857142862,Bull flag after impulsive advance,rule_candidate,pending
flag__2020-05-06__0028121,flag,0,no_pattern,neutral,0.0,,flag/images/no_pattern/2020/05/flag__2020-05-06__0028121.png,,2020-05-06,27922,28121,2020-04-24T08:00:00+00:00,2020-05-06T23:00:00+00:00,,,,,,,,,,,,,No rule-based candidate at this daily endpoint,rule_candidate,pending
flag__2020-05-07__0028144,flag,0,no_pattern,neutral,0.0,,flag/images/no_pattern/2020/05/flag__2020-05-07__0028144.png,,2020-05-07,27945,28144,2020-04-27T08:00:00+00:00,2020-05-07T23:00:00+00:00,,,,,,,,,,,,,No rule-based candidate at this daily endpoint,rule_candidate,pending
flag__2020-05-08__0028167,flag,1,forming,bullish,0.6014611656320801,48.0,flag/images/forming/2020/05/flag__2020-05-08__0028167.png,,2020-05-08,27968,28167,2020-04-28T08:00:00+00:00,2020-05-08T23:00:00+00:00,28138.0,28167.0,2020-05-07T17:00:00+00:00,2020-05-08T23:00:00+00:00,,,1723.37,1698.9058928571428,1772.298214285714,2.0,1723.37,6.856428571428539,Bull flag after impulsive advance,rule_candidate,pending
flag__2020-05-11__0028190,flag,0,no_pattern,neutral,0.0,,flag/images/no_pattern/2020/05/flag__2020-05-11__0028190.png,,2020-05-11,27991,28190,2020-04-29T08:00:00+00:00,2020-05-11T23:00:00+00:00,,,,,,,,,,,,,No rule-based candidate at this daily endpoint,rule_candidate,pending
flag__2020-05-12__0028213,flag,0,no_pattern,neutral,0.0,,flag/images/no_pattern/2020/05/flag__2020-05-12__0028213.png,,2020-05-12,28014,28213,2020-04-30T08:00:00+00:00,2020-05-12T23:00:00+00:00,,,,,,,,,,,,,No rule-based candidate at this daily endpoint,rule_candidate,pending
flag__2020-05-13__0028236,flag,1,forming,bullish,0.5530198137935416,200.0,flag/images/forming/2020/05/flag__2020-05-13__0028236.png,,2020-05-13,28037,28236,2020-05-01T08:00:00+00:00,2020-05-13T23:00:00+00:00,28111.0,28236.0,2020-05-06T13:00:00+00:00,2020-05-13T23:00:00+00:00,,,1723.37,1690.5705357142858,1788.968928571428,2.0,1723.37,5.517857142857126,Bull flag after impulsive advance,rule_candidate,pending
flag__2020-05-14__0028259,flag,0,no_pattern,neutral,0.0,,flag/images/no_pattern/2020/05/flag__2020-05-14__0028259.png,,2020-05-14,28060,28259,2020-05-04T08:00:00+00:00,2020-05-14T23:00:00+00:00,,,,,,,,,,,,,No rule-based candidate at this daily endpoint,rule_candidate,pending
flag__2020-05-15__0028282,flag,0,no_pattern,neutral,0.0,,flag/images/no_pattern/2020/05/flag__2020-05-15__0028282.png,,2020-05-15,28083,28282,2020-05-05T08:00:00+00:00,2020-05-15T23:00:00+00:00,,,,,,,,,,,,,No rule-based candidate at this daily endpoint,rule_candidate,pending
flag__2020-05-18__0028305,flag,1,forming,bullish,0.5603543042670464,64.0,flag/images/forming/2020/05/flag__2020-05-18__0028305.png,,2020-05-18,28106,28305,2020-05-06T08:00:00+00:00,2020-05-18T23:00:00+00:00,28266.0,28305.0,2020-05-15T07:00:00+00:00,2020-05-18T23:00:00+00:00,,,1765.06,1725.2203571428572,1844.7392857142854,2.0,1765.06,7.958571428571466,Bull flag after impulsive advance,rule_candidate,pending
flag__2020-05-19__0028328,flag,1,forming,bullish,0.6077335495895719,100.0,flag/images/forming/2020/05/flag__2020-05-19__0028328.png,,2020-05-19,28129,28328,2020-05-07T08:00:00+00:00,2020-05-19T23:00:00+00:00,28266.0,28328.0,2020-05-15T07:00:00+00:00,2020-05-19T23:00:00+00:00,,,1765.06,1724.045892857143,1847.088214285714,2.0,1765.06,5.376428571428603,Bull flag after impulsive advance,rule_candidate,pending
flag__2020-05-20__0028351,flag,1,forming,bullish,0.5326689626373142,160.0,flag/images/forming/2020/05/flag__2020-05-20__0028351.png,,2020-05-20,28152,28351,2020-05-08T08:00:00+00:00,2020-05-20T23:00:00+00:00,28251.0,28351.0,2020-05-14T15:00:00+00:00,2020-05-20T23:00:00+00:00,,,1765.06,1724.0439285714288,1847.0921428571423,2.0,1765.06,5.3842857142856735,Bull flag after impulsive advance,rule_candidate,pending
flag__2020-05-21__0028374,flag,1,forming,bullish,0.5702113949176385,200.0,flag/images/forming/2020/05/flag__2020-05-21__0028374.png,,2020-05-21,28175,28374,2020-05-11T08:00:00+00:00,2020-05-21T23:00:00+00:00,28249.0,28374.0,2020-05-14T13:00:00+00:00,2020-05-21T23:00:00+00:00,,,1765.06,1715.7033928571427,1863.7732142857144,2.0,1765.06,5.5864285714285575,Bull flag after impulsive advance,rule_candidate,pending
flag__2020-05-22__0028397,flag,1,forming,bullish,0.6439002712631551,160.0,flag/images/forming/2020/05/flag__2020-05-22__0028397.png,,2020-05-22,28198,28397,2020-05-12T08:00:00+00:00,2020-05-22T23:00:00+00:00,28297.0,28397.0,2020-05-18T15:00:00+00:00,2020-05-22T23:00:00+00:00,,,1753.79,1715.9099999999999,1829.5500000000002,2.0,1753.79,4.760000000000007,Bull flag after impulsive advance,rule_candidate,pending
flag__2020-05-25__0028416,flag,1,forming,bullish,0.6567803498295436,200.0,flag/images/forming/2020/05/flag__2020-05-25__0028416.png,,2020-05-25,28217,28416,2020-05-13T04:00:00+00:00,2020-05-25T19:00:00+00:00,28291.0,28416.0,2020-05-18T09:00:00+00:00,2020-05-25T19:00:00+00:00,,,1753.79,1716.177857142857,1829.014285714286,2.0,1753.79,3.688571428571468,Bull flag after impulsive advance,rule_candidate,pending
flag__2020-05-26__0028439,flag,0,no_pattern,neutral,0.0,,flag/images/no_pattern/2020/05/flag__2020-05-26__0028439.png,,2020-05-26,28240,28439,2020-05-14T04:00:00+00:00,2020-05-26T23:00:00+00:00,,,,,,,,,,,,,No rule-based candidate at this daily endpoint,rule_candidate,pending
flag__2020-05-27__0028462,flag,0,no_pattern,neutral,0.0,,flag/images/no_pattern/2020/05/flag__2020-05-27__0028462.png,,2020-05-27,28263,28462,2020-05-15T04:00:00+00:00,2020-05-27T23:00:00+00:00,,,,,,,,,,,,,No rule-based candidate at this daily endpoint,rule_candidate,pending
flag__2020-05-28__0028485,flag,0,no_pattern,neutral,0.0,,flag/images/no_pattern/2020/05/flag__2020-05-28__0028485.png,,2020-05-28,28286,28485,2020-05-18T04:00:00+00:00,2020-05-28T23:00:00+00:00,,,,,,,,,,,,,No rule-based candidate at this daily endpoint,rule_candidate,pending
flag__2020-05-29__0028508,flag,0,no_pattern,neutral,0.0,,flag/images/no_pattern/2020/05/flag__2020-05-29__0028508.png,,2020-05-29,28309,28508,2020-05-19T04:00:00+00:00,2020-05-29T23:00:00+00:00,,,,,,,,,,,,,No rule-based candidate at this daily endpoint,rule_candidate,pending
flag__2020-06-01__0028531,flag,1,forming,bullish,0.5346275907341702,48.0,flag/images/forming/2020/06/flag__2020-06-01__0028531.png,,2020-06-01,28332,28531,2020-05-20T04:00:00+00:00,2020-06-01T23:00:00+00:00,28502.0,28531.0,2020-05-29T17:00:00+00:00,2020-06-01T23:00:00+00:00,,,1744.45,1725.6403571428573,1782.0692857142856,2.0,1744.45,5.078571428571389,Bull flag after impulsive advance,rule_candidate,pending
flag__2020-06-02__0028554,flag,1,forming,bullish,0.5584734967164098,100.0,flag/images/forming/2020/06/flag__2020-06-02__0028554.png,,2020-06-02,28355,28554,2020-05-21T04:00:00+00:00,2020-06-02T23:00:00+00:00,28492.0,28554.0,2020-05-29T07:00:00+00:00,2020-06-02T23:00:00+00:00,,,1745.06,1720.0230357142857,1795.1339285714284,2.0,1745.06,5.027857142857101,Bull flag after impulsive advance,rule_candidate,pending
flag__2020-06-03__0028577,flag,0,no_pattern,neutral,0.0,,flag/images/no_pattern/2020/06/flag__2020-06-03__0028577.png,,2020-06-03,28378,28577,2020-05-22T04:00:00+00:00,2020-06-03T23:00:00+00:00,,,,,,,,,,,,,No rule-based candidate at this daily endpoint,rule_candidate,pending
flag__2020-06-04__0028600,flag,0,no_pattern,neutral,0.0,,flag/images/no_pattern/2020/06/flag__2020-06-04__0028600.png,,2020-06-04,28401,28600,2020-05-25T04:00:00+00:00,2020-06-04T23:00:00+00:00,,,,,,,,,,,,,No rule-based candidate at this daily endpoint,rule_candidate,pending
flag__2020-06-05__0028623,flag,0,no_pattern,neutral,0.0,,flag/images/no_pattern/2020/06/flag__2020-06-05__0028623.png,,2020-06-05,28424,28623,2020-05-26T08:00:00+00:00,2020-06-05T23:00:00+00:00,,,,,,,,,,,,,No rule-based candidate at this daily endpoint,rule_candidate,pending
flag__2020-06-08__0028646,flag,0,no_pattern,neutral,0.0,,flag/images/no_pattern/2020/06/flag__2020-06-08__0028646.png,,2020-06-08,28447,28646,2020-05-27T08:00:00+00:00,2020-06-08T23:00:00+00:00,,,,,,,,,,,,,No rule-based candidate at this daily endpoint,rule_candidate,pending
flag__2020-06-09__0028669,flag,0,no_pattern,neutral,0.0,,flag/images/no_pattern/2020/06/flag__2020-06-09__0028669.png,,2020-06-09,28470,28669,2020-05-28T08:00:00+00:00,2020-06-09T23:00:00+00:00,,,,,,,,,,,,,No rule-based candidate at this daily endpoint,rule_candidate,pending
flag__2020-06-10__0028692,flag,0,no_pattern,neutral,0.0,,flag/images/no_pattern/2020/06/flag__2020-06-10__0028692.png,,2020-06-10,28493,28692,2020-05-29T08:00:00+00:00,2020-06-10T23:00:00+00:00,,,,,,,,,,,,,No rule-based candidate at this daily endpoint,rule_candidate,pending
flag__2020-06-11__0028715,flag,1,forming,bullish,0.5393284625081834,48.0,flag/images/forming/2020/06/flag__2020-06-11__0028715.png,,2020-06-11,28516,28715,2020-06-01T08:00:00+00:00,2020-06-11T23:00:00+00:00,28686.0,28715.0,2020-06-10T17:00:00+00:00,2020-06-11T23:00:00+00:00,,,1744.61,1719.7280357142856,1794.3739285714285,2.0,1744.61,7.327857142857105,Bull flag after impulsive advance,rule_candidate,pending
flag__2020-06-12__0028738,flag,0,no_pattern,neutral,0.0,,flag/images/no_pattern/2020/06/flag__2020-06-12__0028738.png,,2020-06-12,28539,28738,2020-06-02T08:00:00+00:00,2020-06-12T23:00:00+00:00,,,,,,,,,,,,,No rule-based candidate at this daily endpoint,rule_candidate,pending
flag__2020-06-15__0028761,flag,1,forming,bullish,0.596443049527484,120.0,flag/images/forming/2020/06/flag__2020-06-15__0028761.png,,2020-06-15,28562,28761,2020-06-03T08:00:00+00:00,2020-06-15T23:00:00+00:00,28686.0,28761.0,2020-06-10T17:00:00+00:00,2020-06-15T23:00:00+00:00,,,1744.61,1702.4830357142857,1828.8639285714282,2.0,1744.61,6.427857142857159,Bull flag after impulsive advance,rule_candidate,pending
flag__2020-06-16__0028784,flag,1,forming,bullish,0.5652363775538821,200.0,flag/images/forming/2020/06/flag__2020-06-16__0028784.png,,2020-06-16,28585,28784,2020-06-04T08:00:00+00:00,2020-06-16T23:00:00+00:00,28659.0,28784.0,2020-06-09T13:00:00+00:00,2020-06-16T23:00:00+00:00,,,1744.61,1702.62375,1828.5824999999998,2.0,1744.61,5.865000000000009,Bull flag after impulsive advance,rule_candidate,pending
flag__2020-06-17__0028807,flag,1,forming,bullish,0.5493852128989724,200.0,flag/images/forming/2020/06/flag__2020-06-17__0028807.png,,2020-06-17,28608,28807,2020-06-05T08:00:00+00:00,2020-06-17T23:00:00+00:00,28682.0,28807.0,2020-06-10T13:00:00+00:00,2020-06-17T23:00:00+00:00,,,1742.93,1702.9035714285712,1822.9828571428577,2.0,1742.93,4.745714285714273,Bull flag after impulsive advance,rule_candidate,pending
flag__2020-06-18__0028830,flag,0,no_pattern,neutral,0.0,,flag/images/no_pattern/2020/06/flag__2020-06-18__0028830.png,,2020-06-18,28631,28830,2020-06-08T08:00:00+00:00,2020-06-18T23:00:00+00:00,,,,,,,,,,,,,No rule-based candidate at this daily endpoint,rule_candidate,pending
flag__2020-06-19__0028853,flag,0,no_pattern,neutral,0.0,,flag/images/no_pattern/2020/06/flag__2020-06-19__0028853.png,,2020-06-19,28654,28853,2020-06-09T08:00:00+00:00,2020-06-19T23:00:00+00:00,,,,,,,,,,,,,No rule-based candidate at this daily endpoint,rule_candidate,pending
flag__2020-06-22__0028876,flag,0,no_pattern,neutral,0.0,,flag/images/no_pattern/2020/06/flag__2020-06-22__0028876.png,,2020-06-22,28677,28876,2020-06-10T08:00:00+00:00,2020-06-22T23:00:00+00:00,,,,,,,,,,,,,No rule-based candidate at this daily endpoint,rule_candidate,pending
flag__2020-06-23__0028899,flag,0,no_pattern,neutral,0.0,,flag/images/no_pattern/2020/06/flag__2020-06-23__0028899.png,,2020-06-23,28700,28899,2020-06-11T08:00:00+00:00,2020-06-23T23:00:00+00:00,,,,,,,,,,,,,No rule-based candidate at this daily endpoint,rule_candidate,pending
flag__2020-06-24__0028922,flag,1,forming,bullish,0.5507187518037883,48.0,flag/images/forming/2020/06/flag__2020-06-24__0028922.png,,2020-06-24,28723,28922,2020-06-12T08:00:00+00:00,2020-06-24T23:00:00+00:00,28893.0,28922.0,2020-06-23T17:00:00+00:00,2020-06-24T23:00:00+00:00,,,1779.25,1758.95125,1819.8474999999999,2.0,1779.25,6.7549999999999955,Bull flag after impulsive advance,rule_candidate,pending
flag__2020-06-25__0028945,flag,1,forming,bullish,0.6342756026011898,80.0,flag/images/forming/2020/06/flag__2020-06-25__0028945.png,,2020-06-25,28746,28945,2020-06-15T08:00:00+00:00,2020-06-25T23:00:00+00:00,28896.0,28945.0,2020-06-23T20:00:00+00:00,2020-06-25T23:00:00+00:00,,,1779.25,1752.6907142857142,1832.3685714285716,2.0,1779.25,4.477142857142829,Bull flag after impulsive advance,rule_candidate,pending
flag__2020-06-26__0028968,flag,1,forming,bullish,0.5836810722152017,160.0,flag/images/forming/2020/06/flag__2020-06-26__0028968.png,,2020-06-26,28769,28968,2020-06-16T08:00:00+00:00,2020-06-26T23:00:00+00:00,28868.0,28968.0,2020-06-22T15:00:00+00:00,2020-06-26T23:00:00+00:00,,,1779.25,1746.18375,1845.3825000000002,2.0,1779.25,5.34500000000006,Bull flag after impulsive advance,rule_candidate,pending
flag__2020-06-29__0028991,flag,1,forming,bullish,0.5367154911985283,48.0,flag/images/forming/2020/06/flag__2020-06-29__0028991.png,,2020-06-29,28792,28991,2020-06-17T08:00:00+00:00,2020-06-29T23:00:00+00:00,28962.0,28991.0,2020-06-26T17:00:00+00:00,2020-06-29T23:00:00+00:00,,,1775.02,1764.7801785714287,1795.4996428571426,2.0,1775.02,3.759285714285722,Bull flag after impulsive advance,rule_candidate,pending
flag__2020-06-30__0029014,flag,0,no_pattern,neutral,0.0,,flag/images/no_pattern/2020/06/flag__2020-06-30__0029014.png,,2020-06-30,28815,29014,2020-06-18T08:00:00+00:00,2020-06-30T23:00:00+00:00,,,,,,,,,,,,,No rule-based candidate at this daily endpoint,rule_candidate,pending
flag__2020-07-01__0029037,flag,1,forming,bullish,0.5317381382434557,80.0,flag/images/forming/2020/07/flag__2020-07-01__0029037.png,,2020-07-01,28838,29037,2020-06-19T08:00:00+00:00,2020-07-01T23:00:00+00:00,28988.0,29037.0,2020-06-29T20:00:00+00:00,2020-07-01T23:00:00+00:00,,,1788.94,1757.4778571428571,1851.8642857142859,2.0,1788.94,6.2085714285714175,Bull flag after impulsive advance,rule_candidate,pending
flag__2020-07-02__0029060,flag,1,forming,bullish,0.5813728136060129,100.0,flag/images/forming/2020/07/flag__2020-07-02__0029060.png,,2020-07-02,28861,29060,2020-06-22T08:00:00+00:00,2020-07-02T23:00:00+00:00,28998.0,29060.0,2020-06-30T07:00:00+00:00,2020-07-02T23:00:00+00:00,,,1788.94,1755.9689285714287,1854.8821428571428,2.0,1788.94,4.804285714285681,Bull flag after impulsive advance,rule_candidate,pending
flag__2020-07-03__0029079,flag,1,forming,bullish,0.5555360740625149,48.0,flag/images/forming/2020/07/flag__2020-07-03__0029079.png,,2020-07-03,28880,29079,2020-06-23T04:00:00+00:00,2020-07-03T19:00:00+00:00,29050.0,29079.0,2020-07-02T13:00:00+00:00,2020-07-03T19:00:00+00:00,,,1777.41,1771.9060714285715,1788.4178571428572,2.0,1777.41,2.3757142857142526,Bull flag after impulsive advance,rule_candidate,pending
flag__2020-07-06__0029102,flag,0,no_pattern,neutral,0.0,,flag/images/no_pattern/2020/07/flag__2020-07-06__0029102.png,,2020-07-06,28903,29102,2020-06-24T04:00:00+00:00,2020-07-06T23:00:00+00:00,,,,,,,,,,,,,No rule-based candidate at this daily endpoint,rule_candidate,pending
flag__2020-07-07__0029125,flag,0,no_pattern,neutral,0.0,,flag/images/no_pattern/2020/07/flag__2020-07-07__0029125.png,,2020-07-07,28926,29125,2020-06-25T04:00:00+00:00,2020-07-07T23:00:00+00:00,,,,,,,,,,,,,No rule-based candidate at this daily endpoint,rule_candidate,pending
flag__2020-07-08__0029148,flag,0,no_pattern,neutral,0.0,,flag/images/no_pattern/2020/07/flag__2020-07-08__0029148.png,,2020-07-08,28949,29148,2020-06-26T04:00:00+00:00,2020-07-08T23:00:00+00:00,,,,,,,,,,,,,No rule-based candidate at this daily endpoint,rule_candidate,pending
flag__2020-07-09__0029171,flag,1,forming,bullish,0.6022567375396644,48.0,flag/images/forming/2020/07/flag__2020-07-09__0029171.png,,2020-07-09,28972,29171,2020-06-29T04:00:00+00:00,2020-07-09T23:00:00+00:00,29142.0,29171.0,2020-07-08T17:00:00+00:00,2020-07-09T23:00:00+00:00,,,1815.94,1794.3714285714286,1859.077142857143,2.0,1815.94,5.434285714285709,Bull flag after impulsive advance,rule_candidate,pending
flag__2020-07-10__0029194,flag,1,forming,bullish,0.6447852946204459,120.0,flag/images/forming/2020/07/flag__2020-07-10__0029194.png,,2020-07-10,28995,29194,2020-06-30T04:00:00+00:00,2020-07-10T23:00:00+00:00,29119.0,29194.0,2020-07-07T17:00:00+00:00,2020-07-10T23:00:00+00:00,,,1817.89,1792.9223214285714,1867.8253571428575,2.0,1817.89,4.430714285714316,Bull flag after impulsive advance,rule_candidate,pending
flag__2020-07-13__0029217,flag,1,forming,bullish,0.5456132462273059,160.0,flag/images/forming/2020/07/flag__2020-07-13__0029217.png,,2020-07-13,29018,29217,2020-07-01T04:00:00+00:00,2020-07-13T23:00:00+00:00,29117.0,29217.0,2020-07-07T15:00:00+00:00,2020-07-13T23:00:00+00:00,,,1815.94,1792.9567857142856,1861.906428571429,2.0,1815.94,4.2928571428571525,Bull flag after impulsive advance,rule_candidate,pending
flag__2020-07-14__0029240,flag,1,forming,bullish,0.5438483969346902,200.0,flag/images/forming/2020/07/flag__2020-07-14__0029240.png,,2020-07-14,29041,29240,2020-07-02T04:00:00+00:00,2020-07-14T23:00:00+00:00,29115.0,29240.0,2020-07-07T13:00:00+00:00,2020-07-14T23:00:00+00:00,,,1815.94,1788.34,1871.1400000000003,2.0,1815.94,4.920000000000024,Bull flag after impulsive advance,rule_candidate,pending
flag__2020-07-15__0029263,flag,0,no_pattern,neutral,0.0,,flag/images/no_pattern/2020/07/flag__2020-07-15__0029263.png,,2020-07-15,29064,29263,2020-07-03T04:00:00+00:00,2020-07-15T23:00:00+00:00,,,,,,,,,,,,,No rule-based candidate at this daily endpoint,rule_candidate,pending
flag__2020-07-16__0029286,flag,0,no_pattern,neutral,0.0,,flag/images/no_pattern/2020/07/flag__2020-07-16__0029286.png,,2020-07-16,29087,29286,2020-07-06T08:00:00+00:00,2020-07-16T23:00:00+00:00,,,,,,,,,,,,,No rule-based candidate at this daily endpoint,rule_candidate,pending
flag__2020-07-17__0029309,flag,1,forming,bullish,0.553419508194935,120.0,flag/images/forming/2020/07/flag__2020-07-17__0029309.png,,2020-07-17,29110,29309,2020-07-07T08:00:00+00:00,2020-07-17T23:00:00+00:00,29234.0,29309.0,2020-07-14T17:00:00+00:00,2020-07-17T23:00:00+00:00,,,1813.19,1794.0308928571428,1851.5082142857145,2.0,1813.19,2.836428571428558,Bull flag after impulsive advance,rule_candidate,pending
flag__2020-07-20__0029332,flag,0,no_pattern,neutral,0.0,,flag/images/no_pattern/2020/07/flag__2020-07-20__0029332.png,,2020-07-20,29133,29332,2020-07-08T08:00:00+00:00,2020-07-20T23:00:00+00:00,,,,,,,,,,,,,No rule-based candidate at this daily endpoint,rule_candidate,pending
flag__2020-07-21__0029355,flag,0,no_pattern,neutral,0.0,,flag/images/no_pattern/2020/07/flag__2020-07-21__0029355.png,,2020-07-21,29156,29355,2020-07-09T08:00:00+00:00,2020-07-21T23:00:00+00:00,,,,,,,,,,,,,No rule-based candidate at this daily endpoint,rule_candidate,pending
flag__2020-07-22__0029378,flag,0,no_pattern,neutral,0.0,,flag/images/no_pattern/2020/07/flag__2020-07-22__0029378.png,,2020-07-22,29179,29378,2020-07-10T08:00:00+00:00,2020-07-22T23:00:00+00:00,,,,,,,,,,,,,No rule-based candidate at this daily endpoint,rule_candidate,pending
flag__2020-07-23__0029401,flag,0,no_pattern,neutral,0.0,,flag/images/no_pattern/2020/07/flag__2020-07-23__0029401.png,,2020-07-23,29202,29401,2020-07-13T08:00:00+00:00,2020-07-23T23:00:00+00:00,,,,,,,,,,,,,No rule-based candidate at this daily endpoint,rule_candidate,pending
flag__2020-07-24__0029424,flag,0,no_pattern,neutral,0.0,,flag/images/no_pattern/2020/07/flag__2020-07-24__0029424.png,,2020-07-24,29225,29424,2020-07-14T08:00:00+00:00,2020-07-24T23:00:00+00:00,,,,,,,,,,,,,No rule-based candidate at this daily endpoint,rule_candidate,pending
flag__2020-07-27__0029447,flag,0,no_pattern,neutral,0.0,,flag/images/no_pattern/2020/07/flag__2020-07-27__0029447.png,,2020-07-27,29248,29447,2020-07-15T08:00:00+00:00,2020-07-27T23:00:00+00:00,,,,,,,,,,,,,No rule-based candidate at this daily endpoint,rule_candidate,pending
flag__2020-07-28__0029470,flag,1,forming,bullish,0.531457340254641,48.0,flag/images/forming/2020/07/flag__2020-07-28__0029470.png,,2020-07-28,29271,29470,2020-07-16T08:00:00+00:00,2020-07-28T23:00:00+00:00,29441.0,29470.0,2020-07-27T17:00:00+00:00,2020-07-28T23:00:00+00:00,,,1981.02,1903.7407142857144,2135.578571428571,2.0,1981.02,12.757142857142835,Bull flag after impulsive advance,rule_candidate,pending
flag__2020-07-29__0029493,flag,0,no_pattern,neutral,0.0,,flag/images/no_pattern/2020/07/flag__2020-07-29__0029493.png,,2020-07-29,29294,29493,2020-07-17T08:00:00+00:00,2020-07-29T23:00:00+00:00,,,,,,,,,,,,,No rule-based candidate at this daily endpoint,rule_candidate,pending
flag__2020-07-30__0029516,flag,1,forming,bullish,0.5336096077730633,100.0,flag/images/forming/2020/07/flag__2020-07-30__0029516.png,,2020-07-30,29317,29516,2020-07-20T08:00:00+00:00,2020-07-30T23:00:00+00:00,29454.0,29516.0,2020-07-28T07:00:00+00:00,2020-07-30T23:00:00+00:00,,,1980.81,1937.5157142857142,2067.3985714285714,2.0,1980.81,7.817142857142861,Bull flag after impulsive advance,rule_candidate,pending
flag__2020-07-31__0029539,flag,0,no_pattern,neutral,0.0,,flag/images/no_pattern/2020/07/flag__2020-07-31__0029539.png,,2020-07-31,29340,29539,2020-07-21T08:00:00+00:00,2020-07-31T23:00:00+00:00,,,,,,,,,,,,,No rule-based candidate at this daily endpoint,rule_candidate,pending
flag__2020-08-03__0029562,flag,1,forming,bullish,0.5475785614105846,48.0,flag/images/forming/2020/08/flag__2020-08-03__0029562.png,,2020-08-03,29363,29562,2020-07-22T08:00:00+00:00,2020-08-03T23:00:00+00:00,29533.0,29562.0,2020-07-31T17:00:00+00:00,2020-08-03T23:00:00+00:00,,,1984.4,1959.1753571428571,2034.849285714286,2.0,1984.4,5.498571428571414,Bull flag after impulsive advance,rule_candidate,pending
flag__2020-08-04__0029585,flag,0,no_pattern,neutral,0.0,,flag/images/no_pattern/2020/08/flag__2020-08-04__0029585.png,,2020-08-04,29386,29585,2020-07-23T08:00:00+00:00,2020-08-04T23:00:00+00:00,,,,,,,,,,,,,No rule-based candidate at this daily endpoint,rule_candidate,pending
flag__2020-08-05__0029608,flag,0,no_pattern,neutral,0.0,,flag/images/no_pattern/2020/08/flag__2020-08-05__0029608.png,,2020-08-05,29409,29608,2020-07-24T08:00:00+00:00,2020-08-05T23:00:00+00:00,,,,,,,,,,,,,No rule-based candidate at this daily endpoint,rule_candidate,pending
flag__2020-08-06__0029631,flag,0,no_pattern,neutral,0.0,,flag/images/no_pattern/2020/08/flag__2020-08-06__0029631.png,,2020-08-06,29432,29631,2020-07-27T08:00:00+00:00,2020-08-06T23:00:00+00:00,,,,,,,,,,,,,No rule-based candidate at this daily endpoint,rule_candidate,pending
flag__2020-08-07__0029654,flag,1,forming,bullish,0.6500449273574816,64.0,flag/images/forming/2020/08/flag__2020-08-07__0029654.png,,2020-08-07,29455,29654,2020-07-28T08:00:00+00:00,2020-08-07T23:00:00+00:00,29615.0,29654.0,2020-08-06T07:00:00+00:00,2020-08-07T23:00:00+00:00,,,2074.89,2012.6198214285714,2199.430357142857,2.0,2074.89,11.480714285714319,Bull flag after impulsive advance,rule_candidate,pending
flag__2020-08-10__0029677,flag,1,forming,bullish,0.6693939260637631,120.0,flag/images/forming/2020/08/flag__2020-08-10__0029677.png,,2020-08-10,29478,29677,2020-07-29T08:00:00+00:00,2020-08-10T23:00:00+00:00,29602.0,29677.0,2020-08-05T17:00:00+00:00,2020-08-10T23:00:00+00:00,,,2074.89,2013.6133928571428,2197.443214285714,2.0,2074.89,7.506428571428581,Bull flag after impulsive advance,rule_candidate,pending
flag__2020-08-11__0029700,flag,0,no_pattern,neutral,0.0,,flag/images/no_pattern/2020/08/flag__2020-08-11__0029700.png,,2020-08-11,29501,29700,2020-07-30T08:00:00+00:00,2020-08-11T23:00:00+00:00,,,,,,,,,,,,,No rule-based candidate at this daily endpoint,rule_candidate,pending
flag__2020-08-12__0029723,flag,0,no_pattern,neutral,0.0,,flag/images/no_pattern/2020/08/flag__2020-08-12__0029723.png,,2020-08-12,29524,29723,2020-07-31T08:00:00+00:00,2020-08-12T23:00:00+00:00,,,,,,,,,,,,,No rule-based candidate at this daily endpoint,rule_candidate,pending
flag__2020-08-13__0029746,flag,0,no_pattern,neutral,0.0,,flag/images/no_pattern/2020/08/flag__2020-08-13__0029746.png,,2020-08-13,29547,29746,2020-08-03T08:00:00+00:00,2020-08-13T23:00:00+00:00,,,,,,,,,,,,,No rule-based candidate at this daily endpoint,rule_candidate,pending
flag__2020-08-14__0029769,flag,1,forming,bullish,0.6510739194766396,48.0,flag/images/forming/2020/08/flag__2020-08-14__0029769.png,,2020-08-14,29570,29769,2020-08-04T08:00:00+00:00,2020-08-14T23:00:00+00:00,29740.0,29769.0,2020-08-13T17:00:00+00:00,2020-08-14T23:00:00+00:00,,,1962.13,1930.095535714286,2026.1989285714285,2.0,1962.13,8.21785714285714,Bull flag after impulsive advance,rule_candidate,pending
flag__2020-08-17__0029792,flag,0,no_pattern,neutral,0.0,,flag/images/no_pattern/2020/08/flag__2020-08-17__0029792.png,,2020-08-17,29593,29792,2020-08-05T08:00:00+00:00,2020-08-17T23:00:00+00:00,,,,,,,,,,,,,No rule-based candidate at this daily endpoint,rule_candidate,pending
flag__2020-08-18__0029815,flag,0,no_pattern,neutral,0.0,,flag/images/no_pattern/2020/08/flag__2020-08-18__0029815.png,,2020-08-18,29616,29815,2020-08-06T08:00:00+00:00,2020-08-18T23:00:00+00:00,,,,,,,,,,,,,No rule-based candidate at this daily endpoint,rule_candidate,pending
flag__2020-08-19__0029838,flag,0,no_pattern,neutral,0.0,,flag/images/no_pattern/2020/08/flag__2020-08-19__0029838.png,,2020-08-19,29639,29838,2020-08-07T08:00:00+00:00,2020-08-19T23:00:00+00:00,,,,,,,,,,,,,No rule-based candidate at this daily endpoint,rule_candidate,pending
flag__2020-08-20__0029861,flag,1,forming,bullish,0.6645024412646438,160.0,flag/images/forming/2020/08/flag__2020-08-20__0029861.png,,2020-08-20,29662,29861,2020-08-10T08:00:00+00:00,2020-08-20T23:00:00+00:00,29761.0,29861.0,2020-08-14T15:00:00+00:00,2020-08-20T23:00:00+00:00,,,2015.65,1921.547142857143,2203.8557142857144,2.0,2015.65,11.331428571428546,Bull flag after impulsive advance,rule_candidate,pending
flag__2020-08-21__0029884,flag,0,no_pattern,neutral,0.0,,flag/images/no_pattern/2020/08/flag__2020-08-21__0029884.png,,2020-08-21,29685,29884,2020-08-11T08:00:00+00:00,2020-08-21T23:00:00+00:00,,,,,,,,,,,,,No rule-based candidate at this daily endpoint,rule_candidate,pending
flag__2020-08-24__0029907,flag,1,forming,bullish,0.6297674166153501,200.0,flag/images/forming/2020/08/flag__2020-08-24__0029907.png,,2020-08-24,29708,29907,2020-08-12T08:00:00+00:00,2020-08-24T23:00:00+00:00,29782.0,29907.0,2020-08-17T13:00:00+00:00,2020-08-24T23:00:00+00:00,,,2005.77,1909.4396428571429,2198.430714285714,2.0,2005.77,8.24142857142858,Bull flag after impulsive advance,rule_candidate,pending
flag__2020-08-25__0029930,flag,0,no_pattern,neutral,0.0,,flag/images/no_pattern/2020/08/flag__2020-08-25__0029930.png,,2020-08-25,29731,29930,2020-08-13T08:00:00+00:00,2020-08-25T23:00:00+00:00,,,,,,,,,,,,,No rule-based candidate at this daily endpoint,rule_candidate,pending
flag__2020-08-26__0029953,flag,0,no_pattern,neutral,0.0,,flag/images/no_pattern/2020/08/flag__2020-08-26__0029953.png,,2020-08-26,29754,29953,2020-08-14T08:00:00+00:00,2020-08-26T23:00:00+00:00,,,,,,,,,,,,,No rule-based candidate at this daily endpoint,rule_candidate,pending
flag__2020-08-27__0029976,flag,0,no_pattern,neutral,0.0,,flag/images/no_pattern/2020/08/flag__2020-08-27__0029976.png,,2020-08-27,29777,29976,2020-08-17T08:00:00+00:00,2020-08-27T23:00:00+00:00,,,,,,,,,,,,,No rule-based candidate at this daily endpoint,rule_candidate,pending
flag__2020-08-28__0029999,flag,0,no_pattern,neutral,0.0,,flag/images/no_pattern/2020/08/flag__2020-08-28__0029999.png,,2020-08-28,29800,29999,2020-08-18T08:00:00+00:00,2020-08-28T23:00:00+00:00,,,,,,,,,,,,,No rule-based candidate at this daily endpoint,rule_candidate,pending
flag__2020-08-31__0030022,flag,1,forming,bullish,0.5343058385200807,48.0,flag/images/forming/2020/08/flag__2020-08-31__0030022.png,,2020-08-31,29823,30022,2020-08-19T08:00:00+00:00,2020-08-31T23:00:00+00:00,29993.0,30022.0,2020-08-28T17:00:00+00:00,2020-08-31T23:00:00+00:00,,,1976.43,1952.7324999999998,2023.8250000000005,2.0,1976.43,6.550000000000003,Bull flag after impulsive advance,rule_candidate,pending
flag__2020-09-01__0030045,flag,0,no_pattern,neutral,0.0,,flag/images/no_pattern/2020/09/flag__2020-09-01__0030045.png,,2020-09-01,29846,30045,2020-08-20T08:00:00+00:00,2020-09-01T23:00:00+00:00,,,,,,,,,,,,,No rule-based candidate at this daily endpoint,rule_candidate,pending
flag__2020-09-02__0030068,flag,0,no_pattern,neutral,0.0,,flag/images/no_pattern/2020/09/flag__2020-09-02__0030068.png,,2020-09-02,29869,30068,2020-08-21T08:00:00+00:00,2020-09-02T23:00:00+00:00,,,,,,,,,,,,,No rule-based candidate at this daily endpoint,rule_candidate,pending
flag__2020-09-03__0030091,flag,0,no_pattern,neutral,0.0,,flag/images/no_pattern/2020/09/flag__2020-09-03__0030091.png,,2020-09-03,29892,30091,2020-08-24T08:00:00+00:00,2020-09-03T23:00:00+00:00,,,,,,,,,,,,,No rule-based candidate at this daily endpoint,rule_candidate,pending
flag__2020-09-04__0030114,flag,0,no_pattern,neutral,0.0,,flag/images/no_pattern/2020/09/flag__2020-09-04__0030114.png,,2020-09-04,29915,30114,2020-08-25T08:00:00+00:00,2020-09-04T23:00:00+00:00,,,,,,,,,,,,,No rule-based candidate at this daily endpoint,rule_candidate,pending
flag__2020-09-07__0030133,flag,0,no_pattern,neutral,0.0,,flag/images/no_pattern/2020/09/flag__2020-09-07__0030133.png,,2020-09-07,29934,30133,2020-08-26T04:00:00+00:00,2020-09-07T19:00:00+00:00,,,,,,,,,,,,,No rule-based candidate at this daily endpoint,rule_candidate,pending
flag__2020-09-08__0030156,flag,0,no_pattern,neutral,0.0,,flag/images/no_pattern/2020/09/flag__2020-09-08__0030156.png,,2020-09-08,29957,30156,2020-08-27T04:00:00+00:00,2020-09-08T23:00:00+00:00,,,,,,,,,,,,,No rule-based candidate at this daily endpoint,rule_candidate,pending
flag__2020-09-09__0030179,flag,0,no_pattern,neutral,0.0,,flag/images/no_pattern/2020/09/flag__2020-09-09__0030179.png,,2020-09-09,29980,30179,2020-08-28T04:00:00+00:00,2020-09-09T23:00:00+00:00,,,,,,,,,,,,,No rule-based candidate at this daily endpoint,rule_candidate,pending
flag__2020-09-10__0030202,flag,0,no_pattern,neutral,0.0,,flag/images/no_pattern/2020/09/flag__2020-09-10__0030202.png,,2020-09-10,30003,30202,2020-08-31T04:00:00+00:00,2020-09-10T23:00:00+00:00,,,,,,,,,,,,,No rule-based candidate at this daily endpoint,rule_candidate,pending
flag__2020-09-11__0030225,flag,1,forming,bullish,0.5946367557221666,80.0,flag/images/forming/2020/09/flag__2020-09-11__0030225.png,,2020-09-11,30026,30225,2020-09-01T04:00:00+00:00,2020-09-11T23:00:00+00:00,30176.0,30225.0,2020-09-09T20:00:00+00:00,2020-09-11T23:00:00+00:00,,,1966.46,1936.0,2027.38,2.0,1966.46,4.880000000000011,Bull flag after impulsive advance,rule_candidate,pending
flag__2020-09-14__0030248,flag,0,no_pattern,neutral,0.0,,flag/images/no_pattern/2020/09/flag__2020-09-14__0030248.png,,2020-09-14,30049,30248,2020-09-02T04:00:00+00:00,2020-09-14T23:00:00+00:00,,,,,,,,,,,,,No rule-based candidate at this daily endpoint,rule_candidate,pending
flag__2020-09-15__0030271,flag,1,forming,bullish,0.5716351166255659,48.0,flag/images/forming/2020/09/flag__2020-09-15__0030271.png,,2020-09-15,30072,30271,2020-09-03T04:00:00+00:00,2020-09-15T23:00:00+00:00,30242.0,30271.0,2020-09-14T17:00:00+00:00,2020-09-15T23:00:00+00:00,,,1972.03,1946.81375,2022.4624999999999,2.0,1972.03,5.5849999999999556,Bull flag after impulsive advance,rule_candidate,pending
flag__2020-09-16__0030294,flag,0,no_pattern,neutral,0.0,,flag/images/no_pattern/2020/09/flag__2020-09-16__0030294.png,,2020-09-16,30095,30294,2020-09-04T04:00:00+00:00,2020-09-16T23:00:00+00:00,,,,,,,,,,,,,No rule-based candidate at this daily endpoint,rule_candidate,pending
flag__2020-09-17__0030317,flag,1,forming,bullish,0.6125469583351333,160.0,flag/images/forming/2020/09/flag__2020-09-17__0030317.png,,2020-09-17,30118,30317,2020-09-07T04:00:00+00:00,2020-09-17T23:00:00+00:00,30217.0,30317.0,2020-09-11T15:00:00+00:00,2020-09-17T23:00:00+00:00,,,1973.44,1931.3298214285714,2057.6603571428573,2.0,1973.44,5.960714285714256,Bull flag after impulsive advance,rule_candidate,pending
flag__2020-09-18__0030340,flag,1,forming,bullish,0.5972398005868526,200.0,flag/images/forming/2020/09/flag__2020-09-18__0030340.png,,2020-09-18,30141,30340,2020-09-08T08:00:00+00:00,2020-09-18T23:00:00+00:00,30215.0,30340.0,2020-09-11T13:00:00+00:00,2020-09-18T23:00:00+00:00,,,1973.44,1931.5858928571429,2057.1482142857144,2.0,1973.44,4.936428571428564,Bull flag after impulsive advance,rule_candidate,pending
flag__2020-09-21__0030363,flag,0,no_pattern,neutral,0.0,,flag/images/no_pattern/2020/09/flag__2020-09-21__0030363.png,,2020-09-21,30164,30363,2020-09-09T08:00:00+00:00,2020-09-21T23:00:00+00:00,,,,,,,,,,,,,No rule-based candidate at this daily endpoint,rule_candidate,pending
flag__2020-09-22__0030386,flag,0,no_pattern,neutral,0.0,,flag/images/no_pattern/2020/09/flag__2020-09-22__0030386.png,,2020-09-22,30187,30386,2020-09-10T08:00:00+00:00,2020-09-22T23:00:00+00:00,,,,,,,,,,,,,No rule-based candidate at this daily endpoint,rule_candidate,pending
flag__2020-09-23__0030409,flag,0,no_pattern,neutral,0.0,,flag/images/no_pattern/2020/09/flag__2020-09-23__0030409.png,,2020-09-23,30210,30409,2020-09-11T08:00:00+00:00,2020-09-23T23:00:00+00:00,,,,,,,,,,,,,No rule-based candidate at this daily endpoint,rule_candidate,pending
flag__2020-09-24__0030432,flag,0,no_pattern,neutral,0.0,,flag/images/no_pattern/2020/09/flag__2020-09-24__0030432.png,,2020-09-24,30233,30432,2020-09-14T08:00:00+00:00,2020-09-24T23:00:00+00:00,,,,,,,,,,,,,No rule-based candidate at this daily endpoint,rule_candidate,pending
flag__2020-09-25__0030455,flag,0,no_pattern,neutral,0.0,,flag/images/no_pattern/2020/09/flag__2020-09-25__0030455.png,,2020-09-25,30256,30455,2020-09-15T08:00:00+00:00,2020-09-25T23:00:00+00:00,,,,,,,,,,,,,No rule-based candidate at this daily endpoint,rule_candidate,pending
flag__2020-09-28__0030478,flag,0,no_pattern,neutral,0.0,,flag/images/no_pattern/2020/09/flag__2020-09-28__0030478.png,,2020-09-28,30279,30478,2020-09-16T08:00:00+00:00,2020-09-28T23:00:00+00:00,,,,,,,,,,,,,No rule-based candidate at this daily endpoint,rule_candidate,pending
flag__2020-09-29__0030501,flag,0,no_pattern,neutral,0.0,,flag/images/no_pattern/2020/09/flag__2020-09-29__0030501.png,,2020-09-29,30302,30501,2020-09-17T08:00:00+00:00,2020-09-29T23:00:00+00:00,,,,,,,,,,,,,No rule-based candidate at this daily endpoint,rule_candidate,pending
flag__2020-09-30__0030524,flag,1,forming,bullish,0.5739738909304013,64.0,flag/images/forming/2020/09/flag__2020-09-30__0030524.png,,2020-09-30,30325,30524,2020-09-18T08:00:00+00:00,2020-09-30T23:00:00+00:00,30485.0,30524.0,2020-09-29T07:00:00+00:00,2020-09-30T23:00:00+00:00,,,1902.24,1879.2369642857143,1948.2460714285714,2.0,1902.24,7.932142857142886,Bull flag after impulsive advance,rule_candidate,pending
flag__2020-10-01__0030547,flag,0,no_pattern,neutral,0.0,,flag/images/no_pattern/2020/10/flag__2020-10-01__0030547.png,,2020-10-01,30348,30547,2020-09-21T08:00:00+00:00,2020-10-01T23:00:00+00:00,,,,,,,,,,,,,No rule-based candidate at this daily endpoint,rule_candidate,pending
flag__2020-10-02__0030570,flag,0,no_pattern,neutral,0.0,,flag/images/no_pattern/2020/10/flag__2020-10-02__0030570.png,,2020-10-02,30371,30570,2020-09-22T08:00:00+00:00,2020-10-02T23:00:00+00:00,,,,,,,,,,,,,No rule-based candidate at this daily endpoint,rule_candidate,pending
flag__2020-10-05__0030593,flag,0,no_pattern,neutral,0.0,,flag/images/no_pattern/2020/10/flag__2020-10-05__0030593.png,,2020-10-05,30394,30593,2020-09-23T08:00:00+00:00,2020-10-05T23:00:00+00:00,,,,,,,,,,,,,No rule-based candidate at this daily endpoint,rule_candidate,pending
flag__2020-10-06__0030616,flag,0,no_pattern,neutral,0.0,,flag/images/no_pattern/2020/10/flag__2020-10-06__0030616.png,,2020-10-06,30417,30616,2020-09-24T08:00:00+00:00,2020-10-06T23:00:00+00:00,,,,,,,,,,,,,No rule-based candidate at this daily endpoint,rule_candidate,pending
flag__2020-10-07__0030639,flag,1,forming,bullish,0.571981889825413,200.0,flag/images/forming/2020/10/flag__2020-10-07__0030639.png,,2020-10-07,30440,30639,2020-09-25T08:00:00+00:00,2020-10-07T23:00:00+00:00,30514.0,30639.0,2020-09-30T13:00:00+00:00,2020-10-07T23:00:00+00:00,,,1920.76,1871.5655357142857,2019.1489285714285,2.0,1920.76,4.97785714285718,Bull flag after impulsive advance,rule_candidate,pending
flag__2020-10-08__0030662,flag,1,forming,bullish,0.5962610499183119,200.0,flag/images/forming/2020/10/flag__2020-10-08__0030662.png,,2020-10-08,30463,30662,2020-09-28T08:00:00+00:00,2020-10-08T23:00:00+00:00,30537.0,30662.0,2020-10-01T13:00:00+00:00,2020-10-08T23:00:00+00:00,,,1920.76,1871.5237499999998,2019.2325000000003,2.0,1920.76,5.145000000000031,Bull flag after impulsive advance,rule_candidate,pending
flag__2020-10-09__0030685,flag,0,no_pattern,neutral,0.0,,flag/images/no_pattern/2020/10/flag__2020-10-09__0030685.png,,2020-10-09,30486,30685,2020-09-29T08:00:00+00:00,2020-10-09T23:00:00+00:00,,,,,,,,,,,,,No rule-based candidate at this daily endpoint,rule_candidate,pending
flag__2020-10-12__0030708,flag,1,forming,bullish,0.6239701550302316,48.0,flag/images/forming/2020/10/flag__2020-10-12__0030708.png,,2020-10-12,30509,30708,2020-09-30T08:00:00+00:00,2020-10-12T23:00:00+00:00,30679.0,30708.0,2020-10-09T17:00:00+00:00,2020-10-12T23:00:00+00:00,,,1933.14,1917.3994642857144,1968.17,2.2254642812574494,1933.14,4.242142857142848,Bull flag after impulsive advance,rule_candidate,pending
flag__2020-10-13__0030731,flag,0,no_pattern,neutral,0.0,,flag/images/no_pattern/2020/10/flag__2020-10-13__0030731.png,,2020-10-13,30532,30731,2020-10-01T08:00:00+00:00,2020-10-13T23:00:00+00:00,,,,,,,,,,,,,No rule-based candidate at this daily endpoint,rule_candidate,pending
flag__2020-10-14__0030754,flag,1,forming,bullish,0.6302169404800047,120.0,flag/images/forming/2020/10/flag__2020-10-14__0030754.png,,2020-10-14,30555,30754,2020-10-02T08:00:00+00:00,2020-10-14T23:00:00+00:00,30679.0,30754.0,2020-10-09T17:00:00+00:00,2020-10-14T23:00:00+00:00,,,1925.79,1880.9089285714285,2015.5521428571428,2.0,1925.79,5.644285714285713,Bull flag after impulsive advance,rule_candidate,pending
flag__2020-10-15__0030777,flag,1,forming,bullish,0.6421689327702003,200.0,flag/images/forming/2020/10/flag__2020-10-15__0030777.png,,2020-10-15,30578,30777,2020-10-05T08:00:00+00:00,2020-10-15T23:00:00+00:00,30652.0,30777.0,2020-10-08T13:00:00+00:00,2020-10-15T23:00:00+00:00,,,1931.82,1880.7705357142856,2033.9189285714285,2.0,1931.82,6.197857142857076,Bull flag after impulsive advance,rule_candidate,pending
flag__2020-10-16__0030800,flag,0,no_pattern,neutral,0.0,,flag/images/no_pattern/2020/10/flag__2020-10-16__0030800.png,,2020-10-16,30601,30800,2020-10-06T08:00:00+00:00,2020-10-16T23:00:00+00:00,,,,,,,,,,,,,No rule-based candidate at this daily endpoint,rule_candidate,pending
flag__2020-10-19__0030823,flag,0,no_pattern,neutral,0.0,,flag/images/no_pattern/2020/10/flag__2020-10-19__0030823.png,,2020-10-19,30624,30823,2020-10-07T08:00:00+00:00,2020-10-19T23:00:00+00:00,,,,,,,,,,,,,No rule-based candidate at this daily endpoint,rule_candidate,pending
flag__2020-10-20__0030846,flag,1,forming,bullish,0.5338016466406935,80.0,flag/images/forming/2020/10/flag__2020-10-20__0030846.png,,2020-10-20,30647,30846,2020-10-08T08:00:00+00:00,2020-10-20T23:00:00+00:00,30797.0,30846.0,2020-10-16T20:00:00+00:00,2020-10-20T23:00:00+00:00,,,1918.38,1893.2260714285715,1968.6878571428574,2.0,1918.38,5.335714285714322,Bull flag after impulsive advance,rule_candidate,pending
flag__2020-10-21__0030869,flag,0,no_pattern,neutral,0.0,,flag/images/no_pattern/2020/10/flag__2020-10-21__0030869.png,,2020-10-21,30670,30869,2020-10-09T08:00:00+00:00,2020-10-21T23:00:00+00:00,,,,,,,,,,,,,No rule-based candidate at this daily endpoint,rule_candidate,pending
flag__2020-10-22__0030892,flag,0,no_pattern,neutral,0.0,,flag/images/no_pattern/2020/10/flag__2020-10-22__0030892.png,,2020-10-22,30693,30892,2020-10-12T08:00:00+00:00,2020-10-22T23:00:00+00:00,,,,,,,,,,,,,No rule-based candidate at this daily endpoint,rule_candidate,pending
flag__2020-10-23__0030915,flag,1,forming,bullish,0.6167299613398769,160.0,flag/images/forming/2020/10/flag__2020-10-23__0030915.png,,2020-10-23,30716,30915,2020-10-13T08:00:00+00:00,2020-10-23T23:00:00+00:00,30815.0,30915.0,2020-10-19T15:00:00+00:00,2020-10-23T23:00:00+00:00,,,1931.32,1893.2453571428573,2007.4692857142852,2.0,1931.32,4.698571428571411,Bull flag after impulsive advance,rule_candidate,pending
flag__2020-10-26__0030938,flag,0,no_pattern,neutral,0.0,,flag/images/no_pattern/2020/10/flag__2020-10-26__0030938.png,,2020-10-26,30739,30938,2020-10-14T08:00:00+00:00,2020-10-26T22:00:00+00:00,,,,,,,,,,,,,No rule-based candidate at this daily endpoint,rule_candidate,pending
flag__2020-10-27__0030961,flag,1,forming,bullish,0.5573182897978958,200.0,flag/images/forming/2020/10/flag__2020-10-27__0030961.png,,2020-10-27,30762,30961,2020-10-15T08:00:00+00:00,2020-10-27T22:00:00+00:00,30836.0,30961.0,2020-10-20T13:00:00+00:00,2020-10-27T22:00:00+00:00,,,1922.17,1890.246607142857,1986.016785714286,2.0,1922.17,3.653571428571484,Bull flag after impulsive advance,rule_candidate,pending
flag__2020-10-28__0030984,flag,0,no_pattern,neutral,0.0,,flag/images/no_pattern/2020/10/flag__2020-10-28__0030984.png,,2020-10-28,30785,30984,2020-10-16T08:00:00+00:00,2020-10-28T22:00:00+00:00,,,,,,,,,,,,,No rule-based candidate at this daily endpoint,rule_candidate,pending
flag__2020-10-29__0031007,flag,0,no_pattern,neutral,0.0,,flag/images/no_pattern/2020/10/flag__2020-10-29__0031007.png,,2020-10-29,30808,31007,2020-10-19T08:00:00+00:00,2020-10-29T22:00:00+00:00,,,,,,,,,,,,,No rule-based candidate at this daily endpoint,rule_candidate,pending
flag__2020-10-30__0031030,flag,0,no_pattern,neutral,0.0,,flag/images/no_pattern/2020/10/flag__2020-10-30__0031030.png,,2020-10-30,30831,31030,2020-10-20T08:00:00+00:00,2020-10-30T22:00:00+00:00,,,,,,,,,,,,,No rule-based candidate at this daily endpoint,rule_candidate,pending
flag__2020-11-02__0031053,flag,0,no_pattern,neutral,0.0,,flag/images/no_pattern/2020/11/flag__2020-11-02__0031053.png,,2020-11-02,30854,31053,2020-10-21T08:00:00+00:00,2020-11-02T23:00:00+00:00,,,,,,,,,,,,,No rule-based candidate at this daily endpoint,rule_candidate,pending
flag__2020-11-03__0031076,flag,0,no_pattern,neutral,0.0,,flag/images/no_pattern/2020/11/flag__2020-11-03__0031076.png,,2020-11-03,30877,31076,2020-10-22T08:00:00+00:00,2020-11-03T23:00:00+00:00,,,,,,,,,,,,,No rule-based candidate at this daily endpoint,rule_candidate,pending
flag__2020-11-04__0031099,flag,1,forming,bullish,0.5489227248826556,64.0,flag/images/forming/2020/11/flag__2020-11-04__0031099.png,,2020-11-04,30900,31099,2020-10-23T08:00:00+00:00,2020-11-04T23:00:00+00:00,31060.0,31099.0,2020-11-03T07:00:00+00:00,2020-11-04T23:00:00+00:00,,,1916.29,1880.5901785714286,1987.6896428571426,2.0,1916.29,7.719285714285742,Bull flag after impulsive advance,rule_candidate,pending
flag__2020-11-05__0031122,flag,0,no_pattern,neutral,0.0,,flag/images/no_pattern/2020/11/flag__2020-11-05__0031122.png,,2020-11-05,30923,31122,2020-10-26T07:00:00+00:00,2020-11-05T23:00:00+00:00,,,,,,,,,,,,,No rule-based candidate at this daily endpoint,rule_candidate,pending
flag__2020-11-06__0031145,flag,0,no_pattern,neutral,0.0,,flag/images/no_pattern/2020/11/flag__2020-11-06__0031145.png,,2020-11-06,30946,31145,2020-10-27T07:00:00+00:00,2020-11-06T23:00:00+00:00,,,,,,,,,,,,,No rule-based candidate at this daily endpoint,rule_candidate,pending
flag__2020-11-09__0031168,flag,0,no_pattern,neutral,0.0,,flag/images/no_pattern/2020/11/flag__2020-11-09__0031168.png,,2020-11-09,30969,31168,2020-10-28T07:00:00+00:00,2020-11-09T23:00:00+00:00,,,,,,,,,,,,,No rule-based candidate at this daily endpoint,rule_candidate,pending
flag__2020-11-10__0031191,flag,0,no_pattern,neutral,0.0,,flag/images/no_pattern/2020/11/flag__2020-11-10__0031191.png,,2020-11-10,30992,31191,2020-10-29T07:00:00+00:00,2020-11-10T23:00:00+00:00,,,,,,,,,,,,,No rule-based candidate at this daily endpoint,rule_candidate,pending
flag__2020-11-11__0031214,flag,0,no_pattern,neutral,0.0,,flag/images/no_pattern/2020/11/flag__2020-11-11__0031214.png,,2020-11-11,31015,31214,2020-10-30T07:00:00+00:00,2020-11-11T23:00:00+00:00,,,,,,,,,,,,,No rule-based candidate at this daily endpoint,rule_candidate,pending
flag__2020-11-12__0031237,flag,0,no_pattern,neutral,0.0,,flag/images/no_pattern/2020/11/flag__2020-11-12__0031237.png,,2020-11-12,31038,31237,2020-11-02T08:00:00+00:00,2020-11-12T23:00:00+00:00,,,,,,,,,,,,,No rule-based candidate at this daily endpoint,rule_candidate,pending
flag__2020-11-13__0031260,flag,0,no_pattern,neutral,0.0,,flag/images/no_pattern/2020/11/flag__2020-11-13__0031260.png,,2020-11-13,31061,31260,2020-11-03T08:00:00+00:00,2020-11-13T23:00:00+00:00,,,,,,,,,,,,,No rule-based candidate at this daily endpoint,rule_candidate,pending
flag__2020-11-16__0031283,flag,1,forming,bullish,0.5589047071020999,48.0,flag/images/forming/2020/11/flag__2020-11-16__0031283.png,,2020-11-16,31084,31283,2020-11-04T08:00:00+00:00,2020-11-16T23:00:00+00:00,31254.0,31283.0,2020-11-13T17:00:00+00:00,2020-11-16T23:00:00+00:00,,,1898.94,1862.7876785714284,1971.2446428571434,2.0,1898.94,7.3292857142857235,Bull flag after impulsive advance,rule_candidate,pending
flag__2020-11-17__0031306,flag,1,forming,bullish,0.5551999422746344,100.0,flag/images/forming/2020/11/flag__2020-11-17__0031306.png,,2020-11-17,31107,31306,2020-11-05T08:00:00+00:00,2020-11-17T23:00:00+00:00,31244.0,31306.0,2020-11-13T07:00:00+00:00,2020-11-17T23:00:00+00:00,,,1898.94,1863.4505357142857,1969.9189285714288,2.0,1898.94,4.677857142857127,Bull flag after impulsive advance,rule_candidate,pending
flag__2020-11-18__0031329,flag,0,no_pattern,neutral,0.0,,flag/images/no_pattern/2020/11/flag__2020-11-18__0031329.png,,2020-11-18,31130,31329,2020-11-06T08:00:00+00:00,2020-11-18T23:00:00+00:00,,,,,,,,,,,,,No rule-based candidate at this daily endpoint,rule_candidate,pending
flag__2020-11-19__0031352,flag,0,no_pattern,neutral,0.0,,flag/images/no_pattern/2020/11/flag__2020-11-19__0031352.png,,2020-11-19,31153,31352,2020-11-09T08:00:00+00:00,2020-11-19T23:00:00+00:00,,,,,,,,,,,,,No rule-based candidate at this daily endpoint,rule_candidate,pending
flag__2020-11-20__0031375,flag,0,no_pattern,neutral,0.0,,flag/images/no_pattern/2020/11/flag__2020-11-20__0031375.png,,2020-11-20,31176,31375,2020-11-10T08:00:00+00:00,2020-11-20T23:00:00+00:00,,,,,,,,,,,,,No rule-based candidate at this daily endpoint,rule_candidate,pending
flag__2020-11-23__0031398,flag,0,no_pattern,neutral,0.0,,flag/images/no_pattern/2020/11/flag__2020-11-23__0031398.png,,2020-11-23,31199,31398,2020-11-11T08:00:00+00:00,2020-11-23T23:00:00+00:00,,,,,,,,,,,,,No rule-based candidate at this daily endpoint,rule_candidate,pending
flag__2020-11-24__0031421,flag,0,no_pattern,neutral,0.0,,flag/images/no_pattern/2020/11/flag__2020-11-24__0031421.png,,2020-11-24,31222,31421,2020-11-12T08:00:00+00:00,2020-11-24T23:00:00+00:00,,,,,,,,,,,,,No rule-based candidate at this daily endpoint,rule_candidate,pending
flag__2020-11-25__0031444,flag,0,no_pattern,neutral,0.0,,flag/images/no_pattern/2020/11/flag__2020-11-25__0031444.png,,2020-11-25,31245,31444,2020-11-13T08:00:00+00:00,2020-11-25T23:00:00+00:00,,,,,,,,,,,,,No rule-based candidate at this daily endpoint,rule_candidate,pending
flag__2020-11-26__0031463,flag,0,no_pattern,neutral,0.0,,flag/images/no_pattern/2020/11/flag__2020-11-26__0031463.png,,2020-11-26,31264,31463,2020-11-16T04:00:00+00:00,2020-11-26T19:00:00+00:00,,,,,,,,,,,,,No rule-based candidate at this daily endpoint,rule_candidate,pending
flag__2020-11-27__0031483,flag,0,no_pattern,neutral,0.0,,flag/images/no_pattern/2020/11/flag__2020-11-27__0031483.png,,2020-11-27,31284,31483,2020-11-17T01:00:00+00:00,2020-11-27T20:00:00+00:00,,,,,,,,,,,,,No rule-based candidate at this daily endpoint,rule_candidate,pending
flag__2020-11-30__0031506,flag,0,no_pattern,neutral,0.0,,flag/images/no_pattern/2020/11/flag__2020-11-30__0031506.png,,2020-11-30,31307,31506,2020-11-18T01:00:00+00:00,2020-11-30T23:00:00+00:00,,,,,,,,,,,,,No rule-based candidate at this daily endpoint,rule_candidate,pending
flag__2020-12-01__0031529,flag,0,no_pattern,neutral,0.0,,flag/images/no_pattern/2020/12/flag__2020-12-01__0031529.png,,2020-12-01,31330,31529,2020-11-19T01:00:00+00:00,2020-12-01T23:00:00+00:00,,,,,,,,,,,,,No rule-based candidate at this daily endpoint,rule_candidate,pending
flag__2020-12-02__0031552,flag,0,no_pattern,neutral,0.0,,flag/images/no_pattern/2020/12/flag__2020-12-02__0031552.png,,2020-12-02,31353,31552,2020-11-20T01:00:00+00:00,2020-12-02T23:00:00+00:00,,,,,,,,,,,,,No rule-based candidate at this daily endpoint,rule_candidate,pending
flag__2020-12-03__0031575,flag,0,no_pattern,neutral,0.0,,flag/images/no_pattern/2020/12/flag__2020-12-03__0031575.png,,2020-12-03,31376,31575,2020-11-23T01:00:00+00:00,2020-12-03T23:00:00+00:00,,,,,,,,,,,,,No rule-based candidate at this daily endpoint,rule_candidate,pending
flag__2020-12-04__0031598,flag,1,forming,bullish,0.6100201914673546,48.0,flag/images/forming/2020/12/flag__2020-12-04__0031598.png,,2020-12-04,31399,31598,2020-11-24T01:00:00+00:00,2020-12-04T23:00:00+00:00,31569.0,31598.0,2020-12-03T17:00:00+00:00,2020-12-04T23:00:00+00:00,,,1847.99,1827.6733928571427,1888.6232142857145,2.0,1847.99,5.546428571428594,Bull flag after impulsive advance,rule_candidate,pending
flag__2020-12-07__0031621,flag,0,no_pattern,neutral,0.0,,flag/images/no_pattern/2020/12/flag__2020-12-07__0031621.png,,2020-12-07,31422,31621,2020-11-25T01:00:00+00:00,2020-12-07T23:00:00+00:00,,,,,,,,,,,,,No rule-based candidate at this daily endpoint,rule_candidate,pending
flag__2020-12-08__0031644,flag,0,no_pattern,neutral,0.0,,flag/images/no_pattern/2020/12/flag__2020-12-08__0031644.png,,2020-12-08,31445,31644,2020-11-26T01:00:00+00:00,2020-12-08T23:00:00+00:00,,,,,,,,,,,,,No rule-based candidate at this daily endpoint,rule_candidate,pending
flag__2020-12-09__0031667,flag,0,no_pattern,neutral,0.0,,flag/images/no_pattern/2020/12/flag__2020-12-09__0031667.png,,2020-12-09,31468,31667,2020-11-27T05:00:00+00:00,2020-12-09T23:00:00+00:00,,,,,,,,,,,,,No rule-based candidate at this daily endpoint,rule_candidate,pending
flag__2020-12-10__0031690,flag,1,forming,bullish,0.6781583879850469,160.0,flag/images/forming/2020/12/flag__2020-12-10__0031690.png,,2020-12-10,31491,31690,2020-11-30T08:00:00+00:00,2020-12-10T23:00:00+00:00,31590.0,31690.0,2020-12-04T15:00:00+00:00,2020-12-10T23:00:00+00:00,,,1875.28,1823.5630357142857,1978.7139285714286,2.0,1875.28,6.587857142857176,Bull flag after impulsive advance,rule_candidate,pending
flag__2020-12-11__0031713,flag,1,forming,bullish,0.6696143550074579,200.0,flag/images/forming/2020/12/flag__2020-12-11__0031713.png,,2020-12-11,31514,31713,2020-12-01T08:00:00+00:00,2020-12-11T23:00:00+00:00,31588.0,31713.0,2020-12-04T13:00:00+00:00,2020-12-11T23:00:00+00:00,,,1875.28,1822.5789285714286,1980.6821428571427,2.0,1875.28,5.404285714285704,Bull flag after impulsive advance,rule_candidate,pending
flag__2020-12-14__0031736,flag,0,no_pattern,neutral,0.0,,flag/images/no_pattern/2020/12/flag__2020-12-14__0031736.png,,2020-12-14,31537,31736,2020-12-02T08:00:00+00:00,2020-12-14T23:00:00+00:00,,,,,,,,,,,,,No rule-based candidate at this daily endpoint,rule_candidate,pending
flag__2020-12-15__0031759,flag,0,no_pattern,neutral,0.0,,flag/images/no_pattern/2020/12/flag__2020-12-15__0031759.png,,2020-12-15,31560,31759,2020-12-03T08:00:00+00:00,2020-12-15T23:00:00+00:00,,,,,,,,,,,,,No rule-based candidate at this daily endpoint,rule_candidate,pending
flag__2020-12-16__0031782,flag,0,no_pattern,neutral,0.0,,flag/images/no_pattern/2020/12/flag__2020-12-16__0031782.png,,2020-12-16,31583,31782,2020-12-04T08:00:00+00:00,2020-12-16T23:00:00+00:00,,,,,,,,,,,,,No rule-based candidate at this daily endpoint,rule_candidate,pending
flag__2020-12-17__0031805,flag,0,no_pattern,neutral,0.0,,flag/images/no_pattern/2020/12/flag__2020-12-17__0031805.png,,2020-12-17,31606,31805,2020-12-07T08:00:00+00:00,2020-12-17T23:00:00+00:00,,,,,,,,,,,,,No rule-based candidate at this daily endpoint,rule_candidate,pending
flag__2020-12-18__0031828,flag,1,forming,bullish,0.5516068785385904,64.0,flag/images/forming/2020/12/flag__2020-12-18__0031828.png,,2020-12-18,31629,31828,2020-12-08T08:00:00+00:00,2020-12-18T23:00:00+00:00,31789.0,31828.0,2020-12-17T07:00:00+00:00,2020-12-18T23:00:00+00:00,,,1891.46,1876.2394642857143,1925.64,2.2456502610430067,1891.46,4.682142857142821,Bull flag after impulsive advance,rule_candidate,pending
flag__2020-12-21__0031851,flag,1,forming,bullish,0.5592096406692578,64.0,flag/images/forming/2020/12/flag__2020-12-21__0031851.png,,2020-12-21,31652,31851,2020-12-09T08:00:00+00:00,2020-12-21T23:00:00+00:00,31812.0,31851.0,2020-12-18T07:00:00+00:00,2020-12-21T23:00:00+00:00,,,1906.61,1852.6392857142857,2014.5514285714282,2.0,1906.61,9.402857142857117,Bull flag after impulsive advance,rule_candidate,pending
flag__2020-12-22__0031874,flag,1,forming,bullish,0.6396469708095176,120.0,flag/images/forming/2020/12/flag__2020-12-22__0031874.png,,2020-12-22,31675,31874,2020-12-10T08:00:00+00:00,2020-12-22T23:00:00+00:00,31799.0,31874.0,2020-12-17T17:00:00+00:00,2020-12-22T23:00:00+00:00,,,1906.61,1853.5325,2012.7649999999996,2.0,1906.61,5.829999999999992,Bull flag after impulsive advance,rule_candidate,pending
flag__2020-12-23__0031897,flag,1,forming,bullish,0.6378204693358712,160.0,flag/images/forming/2020/12/flag__2020-12-23__0031897.png,,2020-12-23,31698,31897,2020-12-11T08:00:00+00:00,2020-12-23T23:00:00+00:00,31797.0,31897.0,2020-12-17T15:00:00+00:00,2020-12-23T23:00:00+00:00,,,1906.61,1853.7037500000001,2012.4224999999994,2.0,1906.61,5.144999999999966,Bull flag after impulsive advance,rule_candidate,pending
flag__2020-12-24__0031915,flag,1,forming,bullish,0.5816408359217204,200.0,flag/images/forming/2020/12/flag__2020-12-24__0031915.png,,2020-12-24,31716,31915,2020-12-14T03:00:00+00:00,2020-12-24T18:00:00+00:00,31790.0,31915.0,2020-12-17T08:00:00+00:00,2020-12-24T18:00:00+00:00,,,1906.61,1854.0019642857144,2011.826071428571,2.0,1906.61,3.952142857142852,Bull flag after impulsive advance,rule_candidate,pending
flag__2020-12-28__0031938,flag,0,no_pattern,neutral,0.0,,flag/images/no_pattern/2020/12/flag__2020-12-28__0031938.png,,2020-12-28,31739,31938,2020-12-15T03:00:00+00:00,2020-12-28T23:00:00+00:00,,,,,,,,,,,,,No rule-based candidate at this daily endpoint,rule_candidate,pending
flag__2020-12-29__0031961,flag,1,forming,bullish,0.6031149725415305,100.0,flag/images/forming/2020/12/flag__2020-12-29__0031961.png,,2020-12-29,31762,31961,2020-12-16T03:00:00+00:00,2020-12-29T23:00:00+00:00,31899.0,31961.0,2020-12-24T02:00:00+00:00,2020-12-29T23:00:00+00:00,,,1900.1,1867.9596428571429,1964.380714285714,2.0,1900.1,5.001428571428538,Bull flag after impulsive advance,rule_candidate,pending
flag__2020-12-30__0031984,flag,0,no_pattern,neutral,0.0,,flag/images/no_pattern/2020/12/flag__2020-12-30__0031984.png,,2020-12-30,31785,31984,2020-12-17T03:00:00+00:00,2020-12-30T23:00:00+00:00,,,,,,,,,,,,,No rule-based candidate at this daily endpoint,rule_candidate,pending
flag__2020-12-31__0032002,flag,0,no_pattern,neutral,0.0,,flag/images/no_pattern/2020/12/flag__2020-12-31__0032002.png,,2020-12-31,31803,32002,2020-12-17T21:00:00+00:00,2020-12-31T18:00:00+00:00,,,,,,,,,,,,,No rule-based candidate at this daily endpoint,rule_candidate,pending
flag__2021-01-04__0032025,flag,0,no_pattern,neutral,0.0,,flag/images/no_pattern/2021/01/flag__2021-01-04__0032025.png,,2021-01-04,31826,32025,2020-12-18T21:00:00+00:00,2021-01-04T23:00:00+00:00,,,,,,,,,,,,,No rule-based candidate at this daily endpoint,rule_candidate,pending
flag__2021-01-05__0032048,flag,0,no_pattern,neutral,0.0,,flag/images/no_pattern/2021/01/flag__2021-01-05__0032048.png,,2021-01-05,31849,32048,2020-12-21T21:00:00+00:00,2021-01-05T23:00:00+00:00,,,,,,,,,,,,,No rule-based candidate at this daily endpoint,rule_candidate,pending
flag__2021-01-06__0032071,flag,1,forming,bullish,0.6311748606165246,80.0,flag/images/forming/2021/01/flag__2021-01-06__0032071.png,,2021-01-06,31872,32071,2020-12-22T21:00:00+00:00,2021-01-06T23:00:00+00:00,32022.0,32071.0,2021-01-04T20:00:00+00:00,2021-01-06T23:00:00+00:00,,,1959.32,1898.0446428571427,2081.8707142857147,2.0000000000000036,1959.32,11.221428571428564,Bull flag after impulsive advance,rule_candidate,pending
flag__2021-01-07__0032094,flag,1,forming,bullish,0.6730614173600229,120.0,flag/images/forming/2021/01/flag__2021-01-07__0032094.png,,2021-01-07,31895,32094,2020-12-23T21:00:00+00:00,2021-01-07T23:00:00+00:00,32019.0,32094.0,2021-01-04T17:00:00+00:00,2021-01-07T23:00:00+00:00,,,1959.32,1899.1555357142856,2079.6489285714288,2.000000000000004,1959.32,6.77785714285715,Bull flag after impulsive advance,rule_candidate,pending
flag__2021-01-08__0032117,flag,0,no_pattern,neutral,0.0,,flag/images/no_pattern/2021/01/flag__2021-01-08__0032117.png,,2021-01-08,31918,32117,2020-12-28T03:00:00+00:00,2021-01-08T23:00:00+00:00,,,,,,,,,,,,,No rule-based candidate at this daily endpoint,rule_candidate,pending
flag__2021-01-11__0032140,flag,0,no_pattern,neutral,0.0,,flag/images/no_pattern/2021/01/flag__2021-01-11__0032140.png,,2021-01-11,31941,32140,2020-12-29T03:00:00+00:00,2021-01-11T23:00:00+00:00,,,,,,,,,,,,,No rule-based candidate at this daily endpoint,rule_candidate,pending
flag__2021-01-12__0032163,flag,0,no_pattern,neutral,0.0,,flag/images/no_pattern/2021/01/flag__2021-01-12__0032163.png,,2021-01-12,31964,32163,2020-12-30T03:00:00+00:00,2021-01-12T23:00:00+00:00,,,,,,,,,,,,,No rule-based candidate at this daily endpoint,rule_candidate,pending
flag__2021-01-13__0032186,flag,0,no_pattern,neutral,0.0,,flag/images/no_pattern/2021/01/flag__2021-01-13__0032186.png,,2021-01-13,31987,32186,2020-12-31T03:00:00+00:00,2021-01-13T23:00:00+00:00,,,,,,,,,,,,,No rule-based candidate at this daily endpoint,rule_candidate,pending
flag__2021-01-14__0032209,flag,0,no_pattern,neutral,0.0,,flag/images/no_pattern/2021/01/flag__2021-01-14__0032209.png,,2021-01-14,32010,32209,2021-01-04T08:00:00+00:00,2021-01-14T23:00:00+00:00,,,,,,,,,,,,,No rule-based candidate at this daily endpoint,rule_candidate,pending
flag__2021-01-15__0032232,flag,0,no_pattern,neutral,0.0,,flag/images/no_pattern/2021/01/flag__2021-01-15__0032232.png,,2021-01-15,32033,32232,2021-01-05T08:00:00+00:00,2021-01-15T23:00:00+00:00,,,,,,,,,,,,,No rule-based candidate at this daily endpoint,rule_candidate,pending
flag__2021-01-18__0032251,flag,0,no_pattern,neutral,0.0,,flag/images/no_pattern/2021/01/flag__2021-01-18__0032251.png,,2021-01-18,32052,32251,2021-01-06T04:00:00+00:00,2021-01-18T19:00:00+00:00,,,,,,,,,,,,,No rule-based candidate at this daily endpoint,rule_candidate,pending
flag__2021-01-19__0032274,flag,0,no_pattern,neutral,0.0,,flag/images/no_pattern/2021/01/flag__2021-01-19__0032274.png,,2021-01-19,32075,32274,2021-01-07T04:00:00+00:00,2021-01-19T23:00:00+00:00,,,,,,,,,,,,,No rule-based candidate at this daily endpoint,rule_candidate,pending
flag__2021-01-20__0032297,flag,0,no_pattern,neutral,0.0,,flag/images/no_pattern/2021/01/flag__2021-01-20__0032297.png,,2021-01-20,32098,32297,2021-01-08T04:00:00+00:00,2021-01-20T23:00:00+00:00,,,,,,,,,,,,,No rule-based candidate at this daily endpoint,rule_candidate,pending
flag__2021-01-21__0032320,flag,1,forming,bullish,0.5755541401437169,48.0,flag/images/forming/2021/01/flag__2021-01-21__0032320.png,,2021-01-21,32121,32320,2021-01-11T04:00:00+00:00,2021-01-21T23:00:00+00:00,32291.0,32320.0,2021-01-20T17:00:00+00:00,2021-01-21T23:00:00+00:00,,,1874.97,1857.1744642857143,1910.5610714285715,2.0,1874.97,5.022142857142869,Bull flag after impulsive advance,rule_candidate,pending
flag__2021-01-22__0032343,flag,1,forming,bullish,0.6684103674861709,100.0,flag/images/forming/2021/01/flag__2021-01-22__0032343.png,,2021-01-22,32144,32343,2021-01-12T04:00:00+00:00,2021-01-22T23:00:00+00:00,32281.0,32343.0,2021-01-20T07:00:00+00:00,2021-01-22T23:00:00+00:00,,,1874.97,1835.7126785714286,1953.484642857143,2.0,1874.97,6.109285714285696,Bull flag after impulsive advance,rule_candidate,pending
flag__2021-01-25__0032366,flag,1,forming,bullish,0.640374214226216,160.0,flag/images/forming/2021/01/flag__2021-01-25__0032366.png,,2021-01-25,32167,32366,2021-01-13T04:00:00+00:00,2021-01-25T23:00:00+00:00,32266.0,32366.0,2021-01-19T15:00:00+00:00,2021-01-25T23:00:00+00:00,,,1874.97,1835.8626785714287,1953.1846428571428,2.0,1874.97,5.5092857142857055,Bull flag after impulsive advance,rule_candidate,pending
flag__2021-01-26__0032389,flag,1,forming,bullish,0.5739753561805931,160.0,flag/images/forming/2021/01/flag__2021-01-26__0032389.png,,2021-01-26,32190,32389,2021-01-14T04:00:00+00:00,2021-01-26T23:00:00+00:00,32289.0,32389.0,2021-01-20T15:00:00+00:00,2021-01-26T23:00:00+00:00,,,1871.3,1836.1405357142858,1941.6189285714283,2.0,1871.3,4.397857142857139,Bull flag after impulsive advance,rule_candidate,pending
flag__2021-01-27__0032412,flag,0,no_pattern,neutral,0.0,,flag/images/no_pattern/2021/01/flag__2021-01-27__0032412.png,,2021-01-27,32213,32412,2021-01-15T04:00:00+00:00,2021-01-27T23:00:00+00:00,,,,,,,,,,,,,No rule-based candidate at this daily endpoint,rule_candidate,pending
flag__2021-01-28__0032435,flag,1,forming,bullish,0.6473169402562404,200.0,flag/images/forming/2021/01/flag__2021-01-28__0032435.png,,2021-01-28,32236,32435,2021-01-18T04:00:00+00:00,2021-01-28T23:00:00+00:00,32310.0,32435.0,2021-01-21T13:00:00+00:00,2021-01-28T23:00:00+00:00,,,1867.7,1829.4614285714285,1944.177142857143,2.0,1867.7,7.594285714285694,Bull flag after impulsive advance,rule_candidate,pending
flag__2021-01-29__0032458,flag,0,no_pattern,neutral,0.0,,flag/images/no_pattern/2021/01/flag__2021-01-29__0032458.png,,2021-01-29,32259,32458,2021-01-19T08:00:00+00:00,2021-01-29T23:00:00+00:00,,,,,,,,,,,,,No rule-based candidate at this daily endpoint,rule_candidate,pending
flag__2021-02-01__0032481,flag,0,no_pattern,neutral,0.0,,flag/images/no_pattern/2021/02/flag__2021-02-01__0032481.png,,2021-02-01,32282,32481,2021-01-20T08:00:00+00:00,2021-02-01T23:00:00+00:00,,,,,,,,,,,,,No rule-based candidate at this daily endpoint,rule_candidate,pending
flag__2021-02-02__0032504,flag,0,no_pattern,neutral,0.0,,flag/images/no_pattern/2021/02/flag__2021-02-02__0032504.png,,2021-02-02,32305,32504,2021-01-21T08:00:00+00:00,2021-02-02T23:00:00+00:00,,,,,,,,,,,,,No rule-based candidate at this daily endpoint,rule_candidate,pending
flag__2021-02-03__0032527,flag,0,no_pattern,neutral,0.0,,flag/images/no_pattern/2021/02/flag__2021-02-03__0032527.png,,2021-02-03,32328,32527,2021-01-22T08:00:00+00:00,2021-02-03T23:00:00+00:00,,,,,,,,,,,,,No rule-based candidate at this daily endpoint,rule_candidate,pending
flag__2021-02-04__0032550,flag,0,no_pattern,neutral,0.0,,flag/images/no_pattern/2021/02/flag__2021-02-04__0032550.png,,2021-02-04,32351,32550,2021-01-25T08:00:00+00:00,2021-02-04T23:00:00+00:00,,,,,,,,,,,,,No rule-based candidate at this daily endpoint,rule_candidate,pending
flag__2021-02-05__0032573,flag,0,no_pattern,neutral,0.0,,flag/images/no_pattern/2021/02/flag__2021-02-05__0032573.png,,2021-02-05,32374,32573,2021-01-26T08:00:00+00:00,2021-02-05T23:00:00+00:00,,,,,,,,,,,,,No rule-based candidate at this daily endpoint,rule_candidate,pending
flag__2021-02-08__0032596,flag,0,no_pattern,neutral,0.0,,flag/images/no_pattern/2021/02/flag__2021-02-08__0032596.png,,2021-02-08,32397,32596,2021-01-27T08:00:00+00:00,2021-02-08T23:00:00+00:00,,,,,,,,,,,,,No rule-based candidate at this daily endpoint,rule_candidate,pending
flag__2021-02-09__0032619,flag,1,forming,bullish,0.537659548737496,48.0,flag/images/forming/2021/02/flag__2021-02-09__0032619.png,,2021-02-09,32420,32619,2021-01-28T08:00:00+00:00,2021-02-09T23:00:00+00:00,32590.0,32619.0,2021-02-08T17:00:00+00:00,2021-02-09T23:00:00+00:00,,,1848.57,1828.4778571428571,1888.7542857142855,2.0,1848.57,5.568571428571398,Bull flag after impulsive advance,rule_candidate,pending
flag__2021-02-10__0032642,flag,0,no_pattern,neutral,0.0,,flag/images/no_pattern/2021/02/flag__2021-02-10__0032642.png,,2021-02-10,32443,32642,2021-01-29T08:00:00+00:00,2021-02-10T23:00:00+00:00,,,,,,,,,,,,,No rule-based candidate at this daily endpoint,rule_candidate,pending
flag__2021-02-11__0032665,flag,1,forming,bullish,0.6067731291512314,80.0,flag/images/forming/2021/02/flag__2021-02-11__0032665.png,,2021-02-11,32466,32665,2021-02-01T08:00:00+00:00,2021-02-11T23:00:00+00:00,32616.0,32665.0,2021-02-09T20:00:00+00:00,2021-02-11T23:00:00+00:00,,,1855.35,1819.8308928571428,1926.3882142857142,2.0,1855.35,4.556428571428585,Bull flag after impulsive advance,rule_candidate,pending
flag__2021-02-12__0032688,flag,1,forming,bullish,0.683078355301376,120.0,flag/images/forming/2021/02/flag__2021-02-12__0032688.png,,2021-02-12,32489,32688,2021-02-02T08:00:00+00:00,2021-02-12T23:00:00+00:00,32613.0,32688.0,2021-02-09T17:00:00+00:00,2021-02-12T23:00:00+00:00,,,1853.66,1808.9014285714286,1943.177142857143,2.0,1853.66,6.074285714285679,Bull flag after impulsive advance,rule_candidate,pending
flag__2021-02-15__0032707,flag,1,forming,bullish,0.6713877633719001,160.0,flag/images/forming/2021/02/flag__2021-02-15__0032707.png,,2021-02-15,32508,32707,2021-02-03T04:00:00+00:00,2021-02-15T19:00:00+00:00,32607.0,32707.0,2021-02-09T11:00:00+00:00,2021-02-15T19:00:00+00:00,,,1847.3,1809.4244642857143,1923.0510714285713,2.0,1847.3,3.9821428571428408,Bull flag after impulsive advance,rule_candidate,pending
flag__2021-02-16__0032730,flag,0,no_pattern,neutral,0.0,,flag/images/no_pattern/2021/02/flag__2021-02-16__0032730.png,,2021-02-16,32531,32730,2021-02-04T04:00:00+00:00,2021-02-16T23:00:00+00:00,,,,,,,,,,,,,No rule-based candidate at this daily endpoint,rule_candidate,pending
flag__2021-02-17__0032753,flag,0,no_pattern,neutral,0.0,,flag/images/no_pattern/2021/02/flag__2021-02-17__0032753.png,,2021-02-17,32554,32753,2021-02-05T04:00:00+00:00,2021-02-17T23:00:00+00:00,,,,,,,,,,,,,No rule-based candidate at this daily endpoint,rule_candidate,pending
flag__2021-02-18__0032776,flag,0,no_pattern,neutral,0.0,,flag/images/no_pattern/2021/02/flag__2021-02-18__0032776.png,,2021-02-18,32577,32776,2021-02-08T04:00:00+00:00,2021-02-18T23:00:00+00:00,,,,,,,,,,,,,No rule-based candidate at this daily endpoint,rule_candidate,pending
flag__2021-02-19__0032799,flag,0,no_pattern,neutral,0.0,,flag/images/no_pattern/2021/02/flag__2021-02-19__0032799.png,,2021-02-19,32600,32799,2021-02-09T04:00:00+00:00,2021-02-19T23:00:00+00:00,,,,,,,,,,,,,No rule-based candidate at this daily endpoint,rule_candidate,pending
flag__2021-02-22__0032822,flag,0,no_pattern,neutral,0.0,,flag/images/no_pattern/2021/02/flag__2021-02-22__0032822.png,,2021-02-22,32623,32822,2021-02-10T04:00:00+00:00,2021-02-22T23:00:00+00:00,,,,,,,,,,,,,No rule-based candidate at this daily endpoint,rule_candidate,pending
flag__2021-02-23__0032845,flag,1,forming,bullish,0.6510677577011462,48.0,flag/images/forming/2021/02/flag__2021-02-23__0032845.png,,2021-02-23,32646,32845,2021-02-11T04:00:00+00:00,2021-02-23T23:00:00+00:00,32816.0,32845.0,2021-02-22T17:00:00+00:00,2021-02-23T23:00:00+00:00,,,1815.84,1794.225357142857,1859.0692857142856,2.0,1815.84,5.4585714285714335,Bull flag after impulsive advance,rule_candidate,pending
flag__2021-02-24__0032868,flag,1,forming,bullish,0.6152293820965941,100.0,flag/images/forming/2021/02/flag__2021-02-24__0032868.png,,2021-02-24,32669,32868,2021-02-12T04:00:00+00:00,2021-02-24T23:00:00+00:00,32806.0,32868.0,2021-02-22T07:00:00+00:00,2021-02-24T23:00:00+00:00,,,1815.84,1781.6042857142859,1884.311428571428,2.0,1815.84,7.302857142857143,Bull flag after impulsive advance,rule_candidate,pending
flag__2021-02-25__0032891,flag,0,no_pattern,neutral,0.0,,flag/images/no_pattern/2021/02/flag__2021-02-25__0032891.png,,2021-02-25,32692,32891,2021-02-15T04:00:00+00:00,2021-02-25T23:00:00+00:00,,,,,,,,,,,,,No rule-based candidate at this daily endpoint,rule_candidate,pending
flag__2021-02-26__0032914,flag,0,no_pattern,neutral,0.0,,flag/images/no_pattern/2021/02/flag__2021-02-26__0032914.png,,2021-02-26,32715,32914,2021-02-16T08:00:00+00:00,2021-02-26T23:00:00+00:00,,,,,,,,,,,,,No rule-based candidate at this daily endpoint,rule_candidate,pending
flag__2021-03-01__0032937,flag,0,no_pattern,neutral,0.0,,flag/images/no_pattern/2021/03/flag__2021-03-01__0032937.png,,2021-03-01,32738,32937,2021-02-17T08:00:00+00:00,2021-03-01T23:00:00+00:00,,,,,,,,,,,,,No rule-based candidate at this daily endpoint,rule_candidate,pending
flag__2021-03-02__0032960,flag,0,no_pattern,neutral,0.0,,flag/images/no_pattern/2021/03/flag__2021-03-02__0032960.png,,2021-03-02,32761,32960,2021-02-18T08:00:00+00:00,2021-03-02T23:00:00+00:00,,,,,,,,,,,,,No rule-based candidate at this daily endpoint,rule_candidate,pending
flag__2021-03-03__0032983,flag,0,no_pattern,neutral,0.0,,flag/images/no_pattern/2021/03/flag__2021-03-03__0032983.png,,2021-03-03,32784,32983,2021-02-19T08:00:00+00:00,2021-03-03T23:00:00+00:00,,,,,,,,,,,,,No rule-based candidate at this daily endpoint,rule_candidate,pending
flag__2021-03-04__0033006,flag,0,no_pattern,neutral,0.0,,flag/images/no_pattern/2021/03/flag__2021-03-04__0033006.png,,2021-03-04,32807,33006,2021-02-22T08:00:00+00:00,2021-03-04T23:00:00+00:00,,,,,,,,,,,,,No rule-based candidate at this daily endpoint,rule_candidate,pending
flag__2021-03-05__0033029,flag,0,no_pattern,neutral,0.0,,flag/images/no_pattern/2021/03/flag__2021-03-05__0033029.png,,2021-03-05,32830,33029,2021-02-23T08:00:00+00:00,2021-03-05T23:00:00+00:00,,,,,,,,,,,,,No rule-based candidate at this daily endpoint,rule_candidate,pending
flag__2021-03-08__0033052,flag,0,no_pattern,neutral,0.0,,flag/images/no_pattern/2021/03/flag__2021-03-08__0033052.png,,2021-03-08,32853,33052,2021-02-24T08:00:00+00:00,2021-03-08T23:00:00+00:00,,,,,,,,,,,,,No rule-based candidate at this daily endpoint,rule_candidate,pending
flag__2021-03-09__0033075,flag,0,no_pattern,neutral,0.0,,flag/images/no_pattern/2021/03/flag__2021-03-09__0033075.png,,2021-03-09,32876,33075,2021-02-25T08:00:00+00:00,2021-03-09T23:00:00+00:00,,,,,,,,,,,,,No rule-based candidate at this daily endpoint,rule_candidate,pending
flag__2021-03-10__0033098,flag,0,no_pattern,neutral,0.0,,flag/images/no_pattern/2021/03/flag__2021-03-10__0033098.png,,2021-03-10,32899,33098,2021-02-26T08:00:00+00:00,2021-03-10T23:00:00+00:00,,,,,,,,,,,,,No rule-based candidate at this daily endpoint,rule_candidate,pending
flag__2021-03-11__0033121,flag,1,forming,bullish,0.5800354122580542,48.0,flag/images/forming/2021/03/flag__2021-03-11__0033121.png,,2021-03-11,32922,33121,2021-03-01T08:00:00+00:00,2021-03-11T23:00:00+00:00,33092.0,33121.0,2021-03-10T17:00:00+00:00,2021-03-11T23:00:00+00:00,,,1739.86,1717.6957142857143,1784.188571428571,2.0,1739.86,5.777142857142849,Bull flag after impulsive advance,rule_candidate,pending
flag__2021-03-12__0033144,flag,1,forming,bullish,0.6264768782209709,100.0,flag/images/forming/2021/03/flag__2021-03-12__0033144.png,,2021-03-12,32945,33144,2021-03-02T08:00:00+00:00,2021-03-12T23:00:00+00:00,33082.0,33144.0,2021-03-10T07:00:00+00:00,2021-03-12T23:00:00+00:00,,,1739.86,1697.5280357142856,1824.5239285714285,2.0,1739.86,6.1678571428571205,Bull flag after impulsive advance,rule_candidate,pending
flag__2021-03-15__0033167,flag,1,forming,bullish,0.5313847176761666,160.0,flag/images/forming/2021/03/flag__2021-03-15__0033167.png,,2021-03-15,32968,33167,2021-03-03T08:00:00+00:00,2021-03-15T22:00:00+00:00,33067.0,33167.0,2021-03-09T15:00:00+00:00,2021-03-15T22:00:00+00:00,,,1739.86,1697.8969642857141,1823.7860714285714,2.0,1739.86,4.692142857142861,Bull flag after impulsive advance,rule_candidate,pending
flag__2021-03-16__0033190,flag,0,no_pattern,neutral,0.0,,flag/images/no_pattern/2021/03/flag__2021-03-16__0033190.png,,2021-03-16,32991,33190,2021-03-04T08:00:00+00:00,2021-03-16T22:00:00+00:00,,,,,,,,,,,,,No rule-based candidate at this daily endpoint,rule_candidate,pending
flag__2021-03-17__0033213,flag,0,no_pattern,neutral,0.0,,flag/images/no_pattern/2021/03/flag__2021-03-17__0033213.png,,2021-03-17,33014,33213,2021-03-05T08:00:00+00:00,2021-03-17T22:00:00+00:00,,,,,,,,,,,,,No rule-based candidate at this daily endpoint,rule_candidate,pending
flag__2021-03-18__0033236,flag,0,no_pattern,neutral,0.0,,flag/images/no_pattern/2021/03/flag__2021-03-18__0033236.png,,2021-03-18,33037,33236,2021-03-08T08:00:00+00:00,2021-03-18T22:00:00+00:00,,,,,,,,,,,,,No rule-based candidate at this daily endpoint,rule_candidate,pending
flag__2021-03-19__0033259,flag,1,forming,bullish,0.5398021707052104,100.0,flag/images/forming/2021/03/flag__2021-03-19__0033259.png,,2021-03-19,33060,33259,2021-03-09T08:00:00+00:00,2021-03-19T22:00:00+00:00,33197.0,33259.0,2021-03-17T06:00:00+00:00,2021-03-19T22:00:00+00:00,,,1755.43,1718.1067857142857,1830.0764285714288,2.0,1755.43,4.932857142857139,Bull flag after impulsive advance,rule_candidate,pending
flag__2021-03-22__0033282,flag,0,no_pattern,neutral,0.0,,flag/images/no_pattern/2021/03/flag__2021-03-22__0033282.png,,2021-03-22,33083,33282,2021-03-10T08:00:00+00:00,2021-03-22T22:00:00+00:00,,,,,,,,,,,,,No rule-based candidate at this daily endpoint,rule_candidate,pending
flag__2021-03-23__0033305,flag,0,no_pattern,neutral,0.0,,flag/images/no_pattern/2021/03/flag__2021-03-23__0033305.png,,2021-03-23,33106,33305,2021-03-11T08:00:00+00:00,2021-03-23T22:00:00+00:00,,,,,,,,,,,,,No rule-based candidate at this daily endpoint,rule_candidate,pending
flag__2021-03-24__0033328,flag,1,forming,bullish,0.5770787250369475,200.0,flag/images/forming/2021/03/flag__2021-03-24__0033328.png,,2021-03-24,33129,33328,2021-03-12T08:00:00+00:00,2021-03-24T22:00:00+00:00,33203.0,33328.0,2021-03-17T12:00:00+00:00,2021-03-24T22:00:00+00:00,,,1746.88,1722.9762500000002,1794.6875,2.0,1746.88,3.734999999999965,Bull flag after impulsive advance,rule_candidate,pending
flag__2021-03-25__0033351,flag,0,no_pattern,neutral,0.0,,flag/images/no_pattern/2021/03/flag__2021-03-25__0033351.png,,2021-03-25,33152,33351,2021-03-15T07:00:00+00:00,2021-03-25T22:00:00+00:00,,,,,,,,,,,,,No rule-based candidate at this daily endpoint,rule_candidate,pending
flag__2021-03-26__0033374,flag,0,no_pattern,neutral,0.0,,flag/images/no_pattern/2021/03/flag__2021-03-26__0033374.png,,2021-03-26,33175,33374,2021-03-16T07:00:00+00:00,2021-03-26T22:00:00+00:00,,,,,,,,,,,,,No rule-based candidate at this daily endpoint,rule_candidate,pending
flag__2021-03-29__0033397,flag,0,no_pattern,neutral,0.0,,flag/images/no_pattern/2021/03/flag__2021-03-29__0033397.png,,2021-03-29,33198,33397,2021-03-17T07:00:00+00:00,2021-03-29T23:00:00+00:00,,,,,,,,,,,,,No rule-based candidate at this daily endpoint,rule_candidate,pending
flag__2021-03-30__0033420,flag,0,no_pattern,neutral,0.0,,flag/images/no_pattern/2021/03/flag__2021-03-30__0033420.png,,2021-03-30,33221,33420,2021-03-18T07:00:00+00:00,2021-03-30T23:00:00+00:00,,,,,,,,,,,,,No rule-based candidate at this daily endpoint,rule_candidate,pending
flag__2021-03-31__0033443,flag,0,no_pattern,neutral,0.0,,flag/images/no_pattern/2021/03/flag__2021-03-31__0033443.png,,2021-03-31,33244,33443,2021-03-19T07:00:00+00:00,2021-03-31T23:00:00+00:00,,,,,,,,,,,,,No rule-based candidate at this daily endpoint,rule_candidate,pending
flag__2021-04-01__0033466,flag,0,no_pattern,neutral,0.0,,flag/images/no_pattern/2021/04/flag__2021-04-01__0033466.png,,2021-04-01,33267,33466,2021-03-22T07:00:00+00:00,2021-04-01T23:00:00+00:00,,,,,,,,,,,,,No rule-based candidate at this daily endpoint,rule_candidate,pending
flag__2021-04-05__0033489,flag,1,forming,bullish,0.5332576541518047,64.0,flag/images/forming/2021/04/flag__2021-04-05__0033489.png,,2021-04-05,33290,33489,2021-03-23T07:00:00+00:00,2021-04-05T23:00:00+00:00,33450.0,33489.0,2021-04-01T07:00:00+00:00,2021-04-05T23:00:00+00:00,,,1733.46,1720.3707142857143,1782.79,3.7687312414733727,1733.46,3.717142857142871,Bull flag after impulsive advance,rule_candidate,pending
flag__2021-04-06__0033512,flag,0,no_pattern,neutral,0.0,,flag/images/no_pattern/2021/04/flag__2021-04-06__0033512.png,,2021-04-06,33313,33512,2021-03-24T07:00:00+00:00,2021-04-06T23:00:00+00:00,,,,,,,,,,,,,No rule-based candidate at this daily endpoint,rule_candidate,pending
flag__2021-04-07__0033535,flag,1,forming,bullish,0.5992235338391416,64.0,flag/images/forming/2021/04/flag__2021-04-07__0033535.png,,2021-04-07,33336,33535,2021-03-25T07:00:00+00:00,2021-04-07T23:00:00+00:00,33496.0,33535.0,2021-04-06T07:00:00+00:00,2021-04-07T23:00:00+00:00,,,1745.33,1729.6274999999998,1776.7350000000001,2.0,1745.33,3.8500000000000227,Bull flag after impulsive advance,rule_candidate,pending
flag__2021-04-08__0033558,flag,0,no_pattern,neutral,0.0,,flag/images/no_pattern/2021/04/flag__2021-04-08__0033558.png,,2021-04-08,33359,33558,2021-03-26T07:00:00+00:00,2021-04-08T23:00:00+00:00,,,,,,,,,,,,,No rule-based candidate at this daily endpoint,rule_candidate,pending
flag__2021-04-09__0033581,flag,1,forming,bullish,0.6945912169478689,64.0,flag/images/forming/2021/04/flag__2021-04-09__0033581.png,,2021-04-09,33382,33581,2021-03-29T08:00:00+00:00,2021-04-09T23:00:00+00:00,33542.0,33581.0,2021-04-08T07:00:00+00:00,2021-04-09T23:00:00+00:00,,,1757.53,1729.9823214285714,1812.6253571428572,2.0,1757.53,4.270714285714299,Bull flag after impulsive advance,rule_candidate,pending
flag__2021-04-12__0033604,flag,1,forming,bullish,0.5602500256562489,160.0,flag/images/forming/2021/04/flag__2021-04-12__0033604.png,,2021-04-12,33405,33604,2021-03-30T08:00:00+00:00,2021-04-12T23:00:00+00:00,33504.0,33604.0,2021-04-06T15:00:00+00:00,2021-04-12T23:00:00+00:00,,,1758.65,1726.2560714285714,1823.4378571428574,2.0,1758.65,4.055714285714267,Bull flag after impulsive advance,rule_candidate,pending
flag__2021-04-13__0033627,flag,1,forming,bullish,0.6240063940642594,160.0,flag/images/forming/2021/04/flag__2021-04-13__0033627.png,,2021-04-13,33428,33627,2021-03-31T08:00:00+00:00,2021-04-13T23:00:00+00:00,33527.0,33627.0,2021-04-07T15:00:00+00:00,2021-04-13T23:00:00+00:00,,,1757.53,1722.317857142857,1827.9542857142858,2.0,1757.53,5.128571428571377,Bull flag after impulsive advance,rule_candidate,pending
flag__2021-04-14__0033650,flag,1,forming,bullish,0.5467478522351642,200.0,flag/images/forming/2021/04/flag__2021-04-14__0033650.png,,2021-04-14,33451,33650,2021-04-01T08:00:00+00:00,2021-04-14T23:00:00+00:00,33525.0,33650.0,2021-04-07T13:00:00+00:00,2021-04-14T23:00:00+00:00,,,1757.26,1722.6057142857142,1826.5685714285717,2.0,1757.26,3.977142857142813,Bull flag after impulsive advance,rule_candidate,pending
flag__2021-04-15__0033673,flag,0,no_pattern,neutral,0.0,,flag/images/no_pattern/2021/04/flag__2021-04-15__0033673.png,,2021-04-15,33474,33673,2021-04-05T08:00:00+00:00,2021-04-15T23:00:00+00:00,,,,,,,,,,,,,No rule-based candidate at this daily endpoint,rule_candidate,pending
flag__2021-04-16__0033696,flag,0,no_pattern,neutral,0.0,,flag/images/no_pattern/2021/04/flag__2021-04-16__0033696.png,,2021-04-16,33497,33696,2021-04-06T08:00:00+00:00,2021-04-16T23:00:00+00:00,,,,,,,,,,,,,No rule-based candidate at this daily endpoint,rule_candidate,pending
flag__2021-04-19__0033719,flag,1,forming,bullish,0.5785741888192419,48.0,flag/images/forming/2021/04/flag__2021-04-19__0033719.png,,2021-04-19,33520,33719,2021-04-07T08:00:00+00:00,2021-04-19T23:00:00+00:00,33690.0,33719.0,2021-04-16T17:00:00+00:00,2021-04-19T23:00:00+00:00,,,1789.96,1765.3762499999998,1839.1275000000005,2.0,1789.96,4.895000000000047,Bull flag after impulsive advance,rule_candidate,pending
flag__2021-04-20__0033742,flag,1,forming,bullish,0.5613182302716341,100.0,flag/images/forming/2021/04/flag__2021-04-20__0033742.png,,2021-04-20,33543,33742,2021-04-08T08:00:00+00:00,2021-04-20T23:00:00+00:00,33680.0,33742.0,2021-04-16T07:00:00+00:00,2021-04-20T23:00:00+00:00,,,1789.96,1762.3360714285714,1845.2078571428574,2.0,1789.96,4.895714285714315,Bull flag after impulsive advance,rule_candidate,pending
flag__2021-04-21__0033765,flag,0,no_pattern,neutral,0.0,,flag/images/no_pattern/2021/04/flag__2021-04-21__0033765.png,,2021-04-21,33566,33765,2021-04-09T08:00:00+00:00,2021-04-21T23:00:00+00:00,,,,,,,,,,,,,No rule-based candidate at this daily endpoint,rule_candidate,pending
flag__2021-04-22__0033788,flag,1,forming,bullish,0.7054712029787645,48.0,flag/images/forming/2021/04/flag__2021-04-22__0033788.png,,2021-04-22,33589,33788,2021-04-12T08:00:00+00:00,2021-04-22T23:00:00+00:00,33759.0,33788.0,2021-04-21T17:00:00+00:00,2021-04-22T23:00:00+00:00,,,1797.75,1776.2098214285713,1840.8303571428573,2.0,1797.75,4.480714285714238,Bull flag after impulsive advance,rule_candidate,pending
flag__2021-04-23__0033811,flag,1,forming,bullish,0.5747766429155807,80.0,flag/images/forming/2021/04/flag__2021-04-23__0033811.png,,2021-04-23,33612,33811,2021-04-13T08:00:00+00:00,2021-04-23T23:00:00+00:00,33762.0,33811.0,2021-04-21T20:00:00+00:00,2021-04-23T23:00:00+00:00,,,1795.8,1768.6769642857143,1850.0460714285712,2.0,1795.8,4.812142857142833,Bull flag after impulsive advance,rule_candidate,pending
flag__2021-04-26__0033834,flag,1,forming,bullish,0.6597575262012041,160.0,flag/images/forming/2021/04/flag__2021-04-26__0033834.png,,2021-04-26,33635,33834,2021-04-14T08:00:00+00:00,2021-04-26T23:00:00+00:00,33734.0,33834.0,2021-04-20T15:00:00+00:00,2021-04-26T23:00:00+00:00,,,1797.75,1767.8169642857142,1857.6160714285716,2.0,1797.75,3.732142857142857,Bull flag after impulsive advance,rule_candidate,pending
flag__2021-04-27__0033857,flag,1,forming,bullish,0.6222652260629877,200.0,flag/images/forming/2021/04/flag__2021-04-27__0033857.png,,2021-04-27,33658,33857,2021-04-15T08:00:00+00:00,2021-04-27T23:00:00+00:00,33732.0,33857.0,2021-04-20T13:00:00+00:00,2021-04-27T23:00:00+00:00,,,1797.75,1767.84875,1857.5524999999998,2.0,1797.75,3.6049999999999858,Bull flag after impulsive advance,rule_candidate,pending
flag__2021-04-28__0033880,flag,1,forming,bullish,0.6098428440867916,200.0,flag/images/forming/2021/04/flag__2021-04-28__0033880.png,,2021-04-28,33681,33880,2021-04-16T08:00:00+00:00,2021-04-28T23:00:00+00:00,33755.0,33880.0,2021-04-21T13:00:00+00:00,2021-04-28T23:00:00+00:00,,,1795.8,1761.4253571428571,1864.5492857142856,2.0,1795.8,4.45857142857145,Bull flag after impulsive advance,rule_candidate,pending
flag__2021-04-29__0033903,flag,0,no_pattern,neutral,0.0,,flag/images/no_pattern/2021/04/flag__2021-04-29__0033903.png,,2021-04-29,33704,33903,2021-04-19T08:00:00+00:00,2021-04-29T23:00:00+00:00,,,,,,,,,,,,,No rule-based candidate at this daily endpoint,rule_candidate,pending
flag__2021-04-30__0033926,flag,0,no_pattern,neutral,0.0,,flag/images/no_pattern/2021/04/flag__2021-04-30__0033926.png,,2021-04-30,33727,33926,2021-04-20T08:00:00+00:00,2021-04-30T23:00:00+00:00,,,,,,,,,,,,,No rule-based candidate at this daily endpoint,rule_candidate,pending
flag__2021-05-03__0033949,flag,0,no_pattern,neutral,0.0,,flag/images/no_pattern/2021/05/flag__2021-05-03__0033949.png,,2021-05-03,33750,33949,2021-04-21T08:00:00+00:00,2021-05-03T23:00:00+00:00,,,,,,,,,,,,,No rule-based candidate at this daily endpoint,rule_candidate,pending
flag__2021-05-04__0033972,flag,1,forming,bullish,0.6461148426281196,64.0,flag/images/forming/2021/05/flag__2021-05-04__0033972.png,,2021-05-04,33773,33972,2021-04-22T08:00:00+00:00,2021-05-04T23:00:00+00:00,33933.0,33972.0,2021-05-03T07:00:00+00:00,2021-05-04T23:00:00+00:00,,,1798.91,1769.15625,1858.4175000000002,2.0,1798.91,5.974999999999974,Bull flag after impulsive advance,rule_candidate,pending
flag__2021-05-05__0033995,flag,1,forming,bullish,0.6199931525908324,120.0,flag/images/forming/2021/05/flag__2021-05-05__0033995.png,,2021-05-05,33796,33995,2021-04-23T08:00:00+00:00,2021-05-05T23:00:00+00:00,33920.0,33995.0,2021-04-30T17:00:00+00:00,2021-05-05T23:00:00+00:00,,,1798.91,1769.2830357142857,1858.1639285714289,2.0,1798.91,3.947857142857109,Bull flag after impulsive advance,rule_candidate,pending
flag__2021-05-06__0034018,flag,0,no_pattern,neutral,0.0,,flag/images/no_pattern/2021/05/flag__2021-05-06__0034018.png,,2021-05-06,33819,34018,2021-04-26T08:00:00+00:00,2021-05-06T23:00:00+00:00,,,,,,,,,,,,,No rule-based candidate at this daily endpoint,rule_candidate,pending
flag__2021-05-07__0034041,flag,0,no_pattern,neutral,0.0,,flag/images/no_pattern/2021/05/flag__2021-05-07__0034041.png,,2021-05-07,33842,34041,2021-04-27T08:00:00+00:00,2021-05-07T23:00:00+00:00,,,,,,,,,,,,,No rule-based candidate at this daily endpoint,rule_candidate,pending
flag__2021-05-10__0034064,flag,0,no_pattern,neutral,0.0,,flag/images/no_pattern/2021/05/flag__2021-05-10__0034064.png,,2021-05-10,33865,34064,2021-04-28T08:00:00+00:00,2021-05-10T23:00:00+00:00,,,,,,,,,,,,,No rule-based candidate at this daily endpoint,rule_candidate,pending
flag__2021-05-11__0034087,flag,1,forming,bullish,0.5774163450437731,80.0,flag/images/forming/2021/05/flag__2021-05-11__0034087.png,,2021-05-11,33888,34087,2021-04-29T08:00:00+00:00,2021-05-11T23:00:00+00:00,34038.0,34087.0,2021-05-07T20:00:00+00:00,2021-05-11T23:00:00+00:00,,,1845.3,1816.6450000000002,1902.6099999999994,2.0,1845.3,4.979999999999985,Bull flag after impulsive advance,rule_candidate,pending
flag__2021-05-12__0034110,flag,1,forming,bullish,0.6226340946876855,120.0,flag/images/forming/2021/05/flag__2021-05-12__0034110.png,,2021-05-12,33911,34110,2021-04-30T08:00:00+00:00,2021-05-12T23:00:00+00:00,34035.0,34110.0,2021-05-07T17:00:00+00:00,2021-05-12T23:00:00+00:00,,,1845.3,1811.5155357142855,1912.8689285714288,2.0,1845.3,6.377857142857157,Bull flag after impulsive advance,rule_candidate,pending
flag__2021-05-13__0034133,flag,1,forming,bullish,0.6513000048373796,160.0,flag/images/forming/2021/05/flag__2021-05-13__0034133.png,,2021-05-13,33934,34133,2021-05-03T08:00:00+00:00,2021-05-13T23:00:00+00:00,34033.0,34133.0,2021-05-07T15:00:00+00:00,2021-05-13T23:00:00+00:00,,,1843.6,1807.325,1916.1499999999996,2.0,1843.6,5.219999999999994,Bull flag after impulsive advance,rule_candidate,pending
flag__2021-05-14__0034156,flag,1,forming,bullish,0.5345213402926547,200.0,flag/images/forming/2021/05/flag__2021-05-14__0034156.png,,2021-05-14,33957,34156,2021-05-04T08:00:00+00:00,2021-05-14T23:00:00+00:00,34031.0,34156.0,2021-05-07T13:00:00+00:00,2021-05-14T23:00:00+00:00,,,1845.39,1807.65625,1920.8575000000003,2.0,1845.39,3.894999999999982,Bull flag after impulsive advance,rule_candidate,pending
flag__2021-05-17__0034179,flag,0,no_pattern,neutral,0.0,,flag/images/no_pattern/2021/05/flag__2021-05-17__0034179.png,,2021-05-17,33980,34179,2021-05-05T08:00:00+00:00,2021-05-17T23:00:00+00:00,,,,,,,,,,,,,No rule-based candidate at this daily endpoint,rule_candidate,pending
flag__2021-05-18__0034202,flag,1,forming,bullish,0.5475910899821653,48.0,flag/images/forming/2021/05/flag__2021-05-18__0034202.png,,2021-05-18,34003,34202,2021-05-06T08:00:00+00:00,2021-05-18T23:00:00+00:00,34173.0,34202.0,2021-05-17T17:00:00+00:00,2021-05-18T23:00:00+00:00,,,1874.92,1862.1658928571428,1900.4282142857146,2.0,1874.92,3.616428571428579,Bull flag after impulsive advance,rule_candidate,pending
flag__2021-05-19__0034225,flag,0,no_pattern,neutral,0.0,,flag/images/no_pattern/2021/05/flag__2021-05-19__0034225.png,,2021-05-19,34026,34225,2021-05-07T08:00:00+00:00,2021-05-19T23:00:00+00:00,,,,,,,,,,,,,No rule-based candidate at this daily endpoint,rule_candidate,pending
flag__2021-05-20__0034248,flag,0,no_pattern,neutral,0.0,,flag/images/no_pattern/2021/05/flag__2021-05-20__0034248.png,,2021-05-20,34049,34248,2021-05-10T08:00:00+00:00,2021-05-20T23:00:00+00:00,,,,,,,,,,,,,No rule-based candidate at this daily endpoint,rule_candidate,pending
flag__2021-05-21__0034271,flag,0,no_pattern,neutral,0.0,,flag/images/no_pattern/2021/05/flag__2021-05-21__0034271.png,,2021-05-21,34072,34271,2021-05-11T08:00:00+00:00,2021-05-21T23:00:00+00:00,,,,,,,,,,,,,No rule-based candidate at this daily endpoint,rule_candidate,pending
flag__2021-05-24__0034294,flag,0,no_pattern,neutral,0.0,,flag/images/no_pattern/2021/05/flag__2021-05-24__0034294.png,,2021-05-24,34095,34294,2021-05-12T08:00:00+00:00,2021-05-24T23:00:00+00:00,,,,,,,,,,,,,No rule-based candidate at this daily endpoint,rule_candidate,pending
flag__2021-05-25__0034317,flag,0,no_pattern,neutral,0.0,,flag/images/no_pattern/2021/05/flag__2021-05-25__0034317.png,,2021-05-25,34118,34317,2021-05-13T08:00:00+00:00,2021-05-25T23:00:00+00:00,,,,,,,,,,,,,No rule-based candidate at this daily endpoint,rule_candidate,pending
flag__2021-05-26__0034340,flag,1,forming,bullish,0.5666278727340571,48.0,flag/images/forming/2021/05/flag__2021-05-26__0034340.png,,2021-05-26,34141,34340,2021-05-14T08:00:00+00:00,2021-05-26T23:00:00+00:00,34311.0,34340.0,2021-05-25T17:00:00+00:00,2021-05-26T23:00:00+00:00,,,1912.63,1889.3148214285713,1959.2603571428576,2.0,1912.63,5.180714285714332,Bull flag after impulsive advance,rule_candidate,pending
flag__2021-05-27__0034363,flag,1,forming,bullish,0.6238539279860621,100.0,flag/images/forming/2021/05/flag__2021-05-27__0034363.png,,2021-05-27,34164,34363,2021-05-17T08:00:00+00:00,2021-05-27T23:00:00+00:00,34301.0,34363.0,2021-05-25T07:00:00+00:00,2021-05-27T23:00:00+00:00,,,1912.63,1886.9326785714286,1964.0246428571431,2.0,1912.63,4.8292857142857075,Bull flag after impulsive advance,rule_candidate,pending
flag__2021-05-28__0034386,flag,1,forming,bullish,0.5817377931663056,160.0,flag/images/forming/2021/05/flag__2021-05-28__0034386.png,,2021-05-28,34187,34386,2021-05-18T08:00:00+00:00,2021-05-28T23:00:00+00:00,34286.0,34386.0,2021-05-24T15:00:00+00:00,2021-05-28T23:00:00+00:00,,,1912.63,1880.9555357142858,1975.9789285714287,2.0,1912.63,4.817857142857146,Bull flag after impulsive advance,rule_candidate,pending
flag__2021-05-31__0034405,flag,0,no_pattern,neutral,0.0,,flag/images/no_pattern/2021/05/flag__2021-05-31__0034405.png,,2021-05-31,34206,34405,2021-05-19T04:00:00+00:00,2021-05-31T19:00:00+00:00,,,,,,,,,,,,,No rule-based candidate at this daily endpoint,rule_candidate,pending
flag__2021-06-01__0034428,flag,0,no_pattern,neutral,0.0,,flag/images/no_pattern/2021/06/flag__2021-06-01__0034428.png,,2021-06-01,34229,34428,2021-05-20T04:00:00+00:00,2021-06-01T23:00:00+00:00,,,,,,,,,,,,,No rule-based candidate at this daily endpoint,rule_candidate,pending
flag__2021-06-02__0034451,flag,1,forming,bullish,0.5719544265427907,100.0,flag/images/forming/2021/06/flag__2021-06-02__0034451.png,,2021-06-02,34252,34451,2021-05-21T04:00:00+00:00,2021-06-02T23:00:00+00:00,34389.0,34451.0,2021-05-31T03:00:00+00:00,2021-06-02T23:00:00+00:00,,,1916.44,1891.3387500000001,1966.6425,2.0,1916.44,3.6050000000000018,Bull flag after impulsive advance,rule_candidate,pending
flag__2021-06-03__0034474,flag,0,no_pattern,neutral,0.0,,flag/images/no_pattern/2021/06/flag__2021-06-03__0034474.png,,2021-06-03,34275,34474,2021-05-24T04:00:00+00:00,2021-06-03T23:00:00+00:00,,,,,,,,,,,,,No rule-based candidate at this daily endpoint,rule_candidate,pending
flag__2021-06-04__0034497,flag,1,forming,bullish,0.6381390930485231,200.0,flag/images/forming/2021/06/flag__2021-06-04__0034497.png,,2021-06-04,34298,34497,2021-05-25T04:00:00+00:00,2021-06-04T23:00:00+00:00,34372.0,34497.0,2021-05-28T09:00:00+00:00,2021-06-04T23:00:00+00:00,,,1916.44,1854.3782142857144,2040.5635714285713,2.0,1916.44,4.247142857142795,Bull flag after impulsive advance,rule_candidate,pending
flag__2021-06-07__0034520,flag,0,no_pattern,neutral,0.0,,flag/images/no_pattern/2021/06/flag__2021-06-07__0034520.png,,2021-06-07,34321,34520,2021-05-26T04:00:00+00:00,2021-06-07T23:00:00+00:00,,,,,,,,,,,,,No rule-based candidate at this daily endpoint,rule_candidate,pending
flag__2021-06-08__0034543,flag,1,forming,bullish,0.6107413350396209,64.0,flag/images/forming/2021/06/flag__2021-06-08__0034543.png,,2021-06-08,34344,34543,2021-05-27T04:00:00+00:00,2021-06-08T23:00:00+00:00,34504.0,34543.0,2021-06-07T07:00:00+00:00,2021-06-08T23:00:00+00:00,,,1903.55,1882.3314285714284,1945.987142857143,2.0,1903.55,5.154285714285785,Bull flag after impulsive advance,rule_candidate,pending
flag__2021-06-09__0034566,flag,1,forming,bullish,0.6214790195781936,100.0,flag/images/forming/2021/06/flag__2021-06-09__0034566.png,,2021-06-09,34367,34566,2021-05-28T04:00:00+00:00,2021-06-09T23:00:00+00:00,34504.0,34566.0,2021-06-07T07:00:00+00:00,2021-06-09T23:00:00+00:00,,,1903.55,1882.71625,1945.2175,2.0,1903.55,3.615000000000009,Bull flag after impulsive advance,rule_candidate,pending
flag__2021-06-10__0034589,flag,1,forming,bullish,0.5498027591185275,120.0,flag/images/forming/2021/06/flag__2021-06-10__0034589.png,,2021-06-10,34390,34589,2021-05-31T04:00:00+00:00,2021-06-10T23:00:00+00:00,34514.0,34589.0,2021-06-07T17:00:00+00:00,2021-06-10T23:00:00+00:00,,,1899.8,1868.2994642857143,1962.8010714285713,2.0,1899.8,5.602142857142878,Bull flag after impulsive advance,rule_candidate,pending
flag__2021-06-11__0034612,flag,0,no_pattern,neutral,0.0,,flag/images/no_pattern/2021/06/flag__2021-06-11__0034612.png,,2021-06-11,34413,34612,2021-06-01T08:00:00+00:00,2021-06-11T23:00:00+00:00,,,,,,,,,,,,,No rule-based candidate at this daily endpoint,rule_candidate,pending
flag__2021-06-14__0034635,flag,0,no_pattern,neutral,0.0,,flag/images/no_pattern/2021/06/flag__2021-06-14__0034635.png,,2021-06-14,34436,34635,2021-06-02T08:00:00+00:00,2021-06-14T23:00:00+00:00,,,,,,,,,,,,,No rule-based candidate at this daily endpoint,rule_candidate,pending
flag__2021-06-15__0034658,flag,0,no_pattern,neutral,0.0,,flag/images/no_pattern/2021/06/flag__2021-06-15__0034658.png,,2021-06-15,34459,34658,2021-06-03T08:00:00+00:00,2021-06-15T23:00:00+00:00,,,,,,,,,,,,,No rule-based candidate at this daily endpoint,rule_candidate,pending
flag__2021-06-16__0034681,flag,0,no_pattern,neutral,0.0,,flag/images/no_pattern/2021/06/flag__2021-06-16__0034681.png,,2021-06-16,34482,34681,2021-06-04T08:00:00+00:00,2021-06-16T23:00:00+00:00,,,,,,,,,,,,,No rule-based candidate at this daily endpoint,rule_candidate,pending
flag__2021-06-17__0034704,flag,0,no_pattern,neutral,0.0,,flag/images/no_pattern/2021/06/flag__2021-06-17__0034704.png,,2021-06-17,34505,34704,2021-06-07T08:00:00+00:00,2021-06-17T23:00:00+00:00,,,,,,,,,,,,,No rule-based candidate at this daily endpoint,rule_candidate,pending
flag__2021-06-18__0034727,flag,0,no_pattern,neutral,0.0,,flag/images/no_pattern/2021/06/flag__2021-06-18__0034727.png,,2021-06-18,34528,34727,2021-06-08T08:00:00+00:00,2021-06-18T23:00:00+00:00,,,,,,,,,,,,,No rule-based candidate at this daily endpoint,rule_candidate,pending
flag__2021-06-21__0034750,flag,0,no_pattern,neutral,0.0,,flag/images/no_pattern/2021/06/flag__2021-06-21__0034750.png,,2021-06-21,34551,34750,2021-06-09T08:00:00+00:00,2021-06-21T23:00:00+00:00,,,,,,,,,,,,,No rule-based candidate at this daily endpoint,rule_candidate,pending
flag__2021-06-22__0034773,flag,1,forming,bullish,0.6380192703775112,48.0,flag/images/forming/2021/06/flag__2021-06-22__0034773.png,,2021-06-22,34574,34773,2021-06-10T08:00:00+00:00,2021-06-22T23:00:00+00:00,34744.0,34773.0,2021-06-21T17:00:00+00:00,2021-06-22T23:00:00+00:00,,,1789.96,1770.8117857142856,1828.2564285714288,2.0,1789.96,5.592857142857156,Bull flag after impulsive advance,rule_candidate,pending
flag__2021-06-23__0034796,flag,0,no_pattern,neutral,0.0,,flag/images/no_pattern/2021/06/flag__2021-06-23__0034796.png,,2021-06-23,34597,34796,2021-06-11T08:00:00+00:00,2021-06-23T23:00:00+00:00,,,,,,,,,,,,,No rule-based candidate at this daily endpoint,rule_candidate,pending
flag__2021-06-24__0034819,flag,0,no_pattern,neutral,0.0,,flag/images/no_pattern/2021/06/flag__2021-06-24__0034819.png,,2021-06-24,34620,34819,2021-06-14T08:00:00+00:00,2021-06-24T23:00:00+00:00,,,,,,,,,,,,,No rule-based candidate at this daily endpoint,rule_candidate,pending
flag__2021-06-25__0034842,flag,0,no_pattern,neutral,0.0,,flag/images/no_pattern/2021/06/flag__2021-06-25__0034842.png,,2021-06-25,34643,34842,2021-06-15T08:00:00+00:00,2021-06-25T23:00:00+00:00,,,,,,,,,,,,,No rule-based candidate at this daily endpoint,rule_candidate,pending
flag__2021-06-28__0034865,flag,1,forming,bullish,0.5358938344158791,48.0,flag/images/forming/2021/06/flag__2021-06-28__0034865.png,,2021-06-28,34666,34865,2021-06-16T08:00:00+00:00,2021-06-28T23:00:00+00:00,34836.0,34865.0,2021-06-25T17:00:00+00:00,2021-06-28T23:00:00+00:00,,,1785.63,1769.5016071428572,1817.886785714286,2.0,1785.63,4.073571428571394,Bull flag after impulsive advance,rule_candidate,pending
flag__2021-06-29__0034888,flag,0,no_pattern,neutral,0.0,,flag/images/no_pattern/2021/06/flag__2021-06-29__0034888.png,,2021-06-29,34689,34888,2021-06-17T08:00:00+00:00,2021-06-29T23:00:00+00:00,,,,,,,,,,,,,No rule-based candidate at this daily endpoint,rule_candidate,pending
flag__2021-06-30__0034911,flag,0,no_pattern,neutral,0.0,,flag/images/no_pattern/2021/06/flag__2021-06-30__0034911.png,,2021-06-30,34712,34911,2021-06-18T08:00:00+00:00,2021-06-30T23:00:00+00:00,,,,,,,,,,,,,No rule-based candidate at this daily endpoint,rule_candidate,pending
flag__2021-07-01__0034934,flag,1,forming,bullish,0.5450087421749611,200.0,flag/images/forming/2021/07/flag__2021-07-01__0034934.png,,2021-07-01,34735,34934,2021-06-21T08:00:00+00:00,2021-07-01T23:00:00+00:00,34809.0,34934.0,2021-06-24T13:00:00+00:00,2021-07-01T23:00:00+00:00,,,1785.63,1749.3644642857143,1858.1610714285716,2.0,1785.63,4.542142857142851,Bull flag after impulsive advance,rule_candidate,pending
flag__2021-07-02__0034957,flag,0,no_pattern,neutral,0.0,,flag/images/no_pattern/2021/07/flag__2021-07-02__0034957.png,,2021-07-02,34758,34957,2021-06-22T08:00:00+00:00,2021-07-02T23:00:00+00:00,,,,,,,,,,,,,No rule-based candidate at this daily endpoint,rule_candidate,pending
flag__2021-07-05__0034976,flag,0,no_pattern,neutral,0.0,,flag/images/no_pattern/2021/07/flag__2021-07-05__0034976.png,,2021-07-05,34777,34976,2021-06-23T04:00:00+00:00,2021-07-05T19:00:00+00:00,,,,,,,,,,,,,No rule-based candidate at this daily endpoint,rule_candidate,pending
flag__2021-07-06__0034999,flag,0,no_pattern,neutral,0.0,,flag/images/no_pattern/2021/07/flag__2021-07-06__0034999.png,,2021-07-06,34800,34999,2021-06-24T04:00:00+00:00,2021-07-06T23:00:00+00:00,,,,,,,,,,,,,No rule-based candidate at this daily endpoint,rule_candidate,pending
flag__2021-07-07__0035022,flag,0,no_pattern,neutral,0.0,,flag/images/no_pattern/2021/07/flag__2021-07-07__0035022.png,,2021-07-07,34823,35022,2021-06-25T04:00:00+00:00,2021-07-07T23:00:00+00:00,,,,,,,,,,,,,No rule-based candidate at this daily endpoint,rule_candidate,pending
flag__2021-07-08__0035045,flag,1,forming,bullish,0.5309539176887724,80.0,flag/images/forming/2021/07/flag__2021-07-08__0035045.png,,2021-07-08,34846,35045,2021-06-28T04:00:00+00:00,2021-07-08T23:00:00+00:00,34996.0,35045.0,2021-07-06T20:00:00+00:00,2021-07-08T23:00:00+00:00,,,1818.15,1792.267857142857,1869.914285714286,2.0,1818.15,6.728571428571415,Bull flag after impulsive advance,rule_candidate,pending
flag__2021-07-09__0035068,flag,0,no_pattern,neutral,0.0,,flag/images/no_pattern/2021/07/flag__2021-07-09__0035068.png,,2021-07-09,34869,35068,2021-06-29T04:00:00+00:00,2021-07-09T23:00:00+00:00,,,,,,,,,,,,,No rule-based candidate at this daily endpoint,rule_candidate,pending
flag__2021-07-12__0035091,flag,1,forming,bullish,0.5777155022690286,64.0,flag/images/forming/2021/07/flag__2021-07-12__0035091.png,,2021-07-12,34892,35091,2021-06-30T04:00:00+00:00,2021-07-12T23:00:00+00:00,35052.0,35091.0,2021-07-09T07:00:00+00:00,2021-07-12T23:00:00+00:00,,,1812.28,1790.2676785714286,1856.3046428571427,2.0,1812.28,4.929285714285713,Bull flag after impulsive advance,rule_candidate,pending
flag__2021-07-13__0035114,flag,0,no_pattern,neutral,0.0,,flag/images/no_pattern/2021/07/flag__2021-07-13__0035114.png,,2021-07-13,34915,35114,2021-07-01T04:00:00+00:00,2021-07-13T23:00:00+00:00,,,,,,,,,,,,,No rule-based candidate at this daily endpoint,rule_candidate,pending
flag__2021-07-14__0035137,flag,0,no_pattern,neutral,0.0,,flag/images/no_pattern/2021/07/flag__2021-07-14__0035137.png,,2021-07-14,34938,35137,2021-07-02T04:00:00+00:00,2021-07-14T23:00:00+00:00,,,,,,,,,,,,,No rule-based candidate at this daily endpoint,rule_candidate,pending
flag__2021-07-15__0035160,flag,0,no_pattern,neutral,0.0,,flag/images/no_pattern/2021/07/flag__2021-07-15__0035160.png,,2021-07-15,34961,35160,2021-07-05T04:00:00+00:00,2021-07-15T23:00:00+00:00,,,,,,,,,,,,,No rule-based candidate at this daily endpoint,rule_candidate,pending
flag__2021-07-16__0035183,flag,1,forming,bullish,0.632260977469834,100.0,flag/images/forming/2021/07/flag__2021-07-16__0035183.png,,2021-07-16,34984,35183,2021-07-06T08:00:00+00:00,2021-07-16T23:00:00+00:00,35121.0,35183.0,2021-07-14T07:00:00+00:00,2021-07-16T23:00:00+00:00,,,1834.08,1807.4194642857144,1887.401071428571,2.0,1834.08,5.202142857142852,Bull flag after impulsive advance,rule_candidate,pending
flag__2021-07-19__0035206,flag,1,forming,bullish,0.6787249078099656,160.0,flag/images/forming/2021/07/flag__2021-07-19__0035206.png,,2021-07-19,35007,35206,2021-07-07T08:00:00+00:00,2021-07-19T23:00:00+00:00,35106.0,35206.0,2021-07-13T15:00:00+00:00,2021-07-19T23:00:00+00:00,,,1834.08,1793.6639285714286,1914.9121428571425,2.0,1834.08,4.98428571428568,Bull flag after impulsive advance,rule_candidate,pending
flag__2021-07-20__0035229,flag,1,forming,bullish,0.6368140404128054,200.0,flag/images/forming/2021/07/flag__2021-07-20__0035229.png,,2021-07-20,35030,35229,2021-07-08T08:00:00+00:00,2021-07-20T23:00:00+00:00,35104.0,35229.0,2021-07-13T13:00:00+00:00,2021-07-20T23:00:00+00:00,,,1834.08,1793.6626785714286,1914.9146428571426,2.0,1834.08,4.989285714285692,Bull flag after impulsive advance,rule_candidate,pending
flag__2021-07-21__0035252,flag,0,no_pattern,neutral,0.0,,flag/images/no_pattern/2021/07/flag__2021-07-21__0035252.png,,2021-07-21,35053,35252,2021-07-09T08:00:00+00:00,2021-07-21T23:00:00+00:00,,,,,,,,,,,,,No rule-based candidate at this daily endpoint,rule_candidate,pending
flag__2021-07-22__0035275,flag,1,forming,bullish,0.6003845324802082,200.0,flag/images/forming/2021/07/flag__2021-07-22__0035275.png,,2021-07-22,35076,35275,2021-07-12T08:00:00+00:00,2021-07-22T23:00:00+00:00,35150.0,35275.0,2021-07-15T13:00:00+00:00,2021-07-22T23:00:00+00:00,,,1824.96,1791.5446428571427,1891.7907142857148,2.0,1824.96,4.261428571428594,Bull flag after impulsive advance,rule_candidate,pending
flag__2021-07-23__0035298,flag,0,no_pattern,neutral,0.0,,flag/images/no_pattern/2021/07/flag__2021-07-23__0035298.png,,2021-07-23,35099,35298,2021-07-13T08:00:00+00:00,2021-07-23T23:00:00+00:00,,,,,,,,,,,,,No rule-based candidate at this daily endpoint,rule_candidate,pending
flag__2021-07-26__0035321,flag,0,no_pattern,neutral,0.0,,flag/images/no_pattern/2021/07/flag__2021-07-26__0035321.png,,2021-07-26,35122,35321,2021-07-14T08:00:00+00:00,2021-07-26T23:00:00+00:00,,,,,,,,,,,,,No rule-based candidate at this daily endpoint,rule_candidate,pending
flag__2021-07-27__0035344,flag,0,no_pattern,neutral,0.0,,flag/images/no_pattern/2021/07/flag__2021-07-27__0035344.png,,2021-07-27,35145,35344,2021-07-15T08:00:00+00:00,2021-07-27T23:00:00+00:00,,,,,,,,,,,,,No rule-based candidate at this daily endpoint,rule_candidate,pending
flag__2021-07-28__0035367,flag,0,no_pattern,neutral,0.0,,flag/images/no_pattern/2021/07/flag__2021-07-28__0035367.png,,2021-07-28,35168,35367,2021-07-16T08:00:00+00:00,2021-07-28T23:00:00+00:00,,,,,,,,,,,,,No rule-based candidate at this daily endpoint,rule_candidate,pending
flag__2021-07-29__0035390,flag,0,no_pattern,neutral,0.0,,flag/images/no_pattern/2021/07/flag__2021-07-29__0035390.png,,2021-07-29,35191,35390,2021-07-19T08:00:00+00:00,2021-07-29T23:00:00+00:00,,,,,,,,,,,,,No rule-based candidate at this daily endpoint,rule_candidate,pending
flag__2021-07-30__0035413,flag,1,forming,bullish,0.5813843796757371,80.0,flag/images/forming/2021/07/flag__2021-07-30__0035413.png,,2021-07-30,35214,35413,2021-07-20T08:00:00+00:00,2021-07-30T23:00:00+00:00,35364.0,35413.0,2021-07-28T20:00:00+00:00,2021-07-30T23:00:00+00:00,,,1832.63,1809.1417857142858,1879.6064285714288,2.0,1832.63,3.9528571428571206,Bull flag after impulsive advance,rule_candidate,pending
flag__2021-08-02__0035436,flag,1,forming,bullish,0.6799527650037348,120.0,flag/images/forming/2021/08/flag__2021-08-02__0035436.png,,2021-08-02,35237,35436,2021-07-21T08:00:00+00:00,2021-08-02T23:00:00+00:00,35361.0,35436.0,2021-07-28T17:00:00+00:00,2021-08-02T23:00:00+00:00,,,1832.63,1804.5373214285714,1888.8153571428575,2.0,1832.63,4.050714285714305,Bull flag after impulsive advance,rule_candidate,pending
flag__2021-08-03__0035459,flag,1,forming,bullish,0.619496439636612,200.0,flag/images/forming/2021/08/flag__2021-08-03__0035459.png,,2021-08-03,35260,35459,2021-07-22T08:00:00+00:00,2021-08-03T23:00:00+00:00,35334.0,35459.0,2021-07-27T13:00:00+00:00,2021-08-03T23:00:00+00:00,,,1832.63,1804.8333928571428,1888.2232142857147,2.0,1832.63,2.866428571428563,Bull flag after impulsive advance,rule_candidate,pending
flag__2021-08-04__0035482,flag,1,forming,bullish,0.5840634973127222,200.0,flag/images/forming/2021/08/flag__2021-08-04__0035482.png,,2021-08-04,35283,35482,2021-07-23T08:00:00+00:00,2021-08-04T23:00:00+00:00,35357.0,35482.0,2021-07-28T13:00:00+00:00,2021-08-04T23:00:00+00:00,,,1831.5,1804.3046428571429,1885.8907142857142,2.0,1831.5,4.981428571428556,Bull flag after impulsive advance,rule_candidate,pending
flag__2021-08-05__0035505,flag,0,no_pattern,neutral,0.0,,flag/images/no_pattern/2021/08/flag__2021-08-05__0035505.png,,2021-08-05,35306,35505,2021-07-26T08:00:00+00:00,2021-08-05T23:00:00+00:00,,,,,,,,,,,,,No rule-based candidate at this daily endpoint,rule_candidate,pending
flag__2021-08-06__0035528,flag,0,no_pattern,neutral,0.0,,flag/images/no_pattern/2021/08/flag__2021-08-06__0035528.png,,2021-08-06,35329,35528,2021-07-27T08:00:00+00:00,2021-08-06T23:00:00+00:00,,,,,,,,,,,,,No rule-based candidate at this daily endpoint,rule_candidate,pending
flag__2021-08-09__0035551,flag,0,no_pattern,neutral,0.0,,flag/images/no_pattern/2021/08/flag__2021-08-09__0035551.png,,2021-08-09,35352,35551,2021-07-28T08:00:00+00:00,2021-08-09T23:00:00+00:00,,,,,,,,,,,,,No rule-based candidate at this daily endpoint,rule_candidate,pending
flag__2021-08-10__0035574,flag,0,no_pattern,neutral,0.0,,flag/images/no_pattern/2021/08/flag__2021-08-10__0035574.png,,2021-08-10,35375,35574,2021-07-29T08:00:00+00:00,2021-08-10T23:00:00+00:00,,,,,,,,,,,,,No rule-based candidate at this daily endpoint,rule_candidate,pending
flag__2021-08-11__0035597,flag,0,no_pattern,neutral,0.0,,flag/images/no_pattern/2021/08/flag__2021-08-11__0035597.png,,2021-08-11,35398,35597,2021-07-30T08:00:00+00:00,2021-08-11T23:00:00+00:00,,,,,,,,,,,,,No rule-based candidate at this daily endpoint,rule_candidate,pending
flag__2021-08-12__0035620,flag,1,forming,bullish,0.5303267773333581,48.0,flag/images/forming/2021/08/flag__2021-08-12__0035620.png,,2021-08-12,35421,35620,2021-08-02T08:00:00+00:00,2021-08-12T23:00:00+00:00,35591.0,35620.0,2021-08-11T17:00:00+00:00,2021-08-12T23:00:00+00:00,,,1758.06,1740.595,1792.9899999999998,2.0,1758.06,4.139999999999986,Bull flag after impulsive advance,rule_candidate,pending
flag__2021-08-13__0035643,flag,0,no_pattern,neutral,0.0,,flag/images/no_pattern/2021/08/flag__2021-08-13__0035643.png,,2021-08-13,35444,35643,2021-08-03T08:00:00+00:00,2021-08-13T23:00:00+00:00,,,,,,,,,,,,,No rule-based candidate at this daily endpoint,rule_candidate,pending
flag__2021-08-16__0035666,flag,0,no_pattern,neutral,0.0,,flag/images/no_pattern/2021/08/flag__2021-08-16__0035666.png,,2021-08-16,35467,35666,2021-08-04T08:00:00+00:00,2021-08-16T23:00:00+00:00,,,,,,,,,,,,,No rule-based candidate at this daily endpoint,rule_candidate,pending
flag__2021-08-17__0035689,flag,1,forming,bullish,0.5470288632347171,48.0,flag/images/forming/2021/08/flag__2021-08-17__0035689.png,,2021-08-17,35490,35689,2021-08-05T08:00:00+00:00,2021-08-17T23:00:00+00:00,35660.0,35689.0,2021-08-16T17:00:00+00:00,2021-08-17T23:00:00+00:00,,,1795.32,1779.6155357142857,1826.7289285714285,2.0,1795.32,3.9378571428571667,Bull flag after impulsive advance,rule_candidate,pending
flag__2021-08-18__0035712,flag,1,forming,bullish,0.5585889705009749,80.0,flag/images/forming/2021/08/flag__2021-08-18__0035712.png,,2021-08-18,35513,35712,2021-08-06T08:00:00+00:00,2021-08-18T23:00:00+00:00,35663.0,35712.0,2021-08-16T20:00:00+00:00,2021-08-18T23:00:00+00:00,,,1795.32,1775.960357142857,1834.0392857142858,2.0,1795.32,4.638571428571416,Bull flag after impulsive advance,rule_candidate,pending
flag__2021-08-19__0035735,flag,1,forming,bullish,0.6044149456355511,100.0,flag/images/forming/2021/08/flag__2021-08-19__0035735.png,,2021-08-19,35536,35735,2021-08-09T08:00:00+00:00,2021-08-19T23:00:00+00:00,35673.0,35735.0,2021-08-17T07:00:00+00:00,2021-08-19T23:00:00+00:00,,,1793.83,1773.1905357142857,1835.1089285714284,2.0,1793.83,4.797857142857148,Bull flag after impulsive advance,rule_candidate,pending
flag__2021-08-20__0035758,flag,1,forming,bullish,0.5928601270345416,200.0,flag/images/forming/2021/08/flag__2021-08-20__0035758.png,,2021-08-20,35559,35758,2021-08-10T08:00:00+00:00,2021-08-20T23:00:00+00:00,35633.0,35758.0,2021-08-13T13:00:00+00:00,2021-08-20T23:00:00+00:00,,,1795.32,1773.4517857142857,1848.81,2.4460159069752345,1795.32,3.7528571428571564,Bull flag after impulsive advance,rule_candidate,pending
flag__2021-08-23__0035781,flag,0,no_pattern,neutral,0.0,,flag/images/no_pattern/2021/08/flag__2021-08-23__0035781.png,,2021-08-23,35582,35781,2021-08-11T08:00:00+00:00,2021-08-23T23:00:00+00:00,,,,,,,,,,,,,No rule-based candidate at this daily endpoint,rule_candidate,pending
flag__2021-08-24__0035804,flag,0,no_pattern,neutral,0.0,,flag/images/no_pattern/2021/08/flag__2021-08-24__0035804.png,,2021-08-24,35605,35804,2021-08-12T08:00:00+00:00,2021-08-24T23:00:00+00:00,,,,,,,,,,,,,No rule-based candidate at this daily endpoint,rule_candidate,pending
flag__2021-08-25__0035827,flag,0,no_pattern,neutral,0.0,,flag/images/no_pattern/2021/08/flag__2021-08-25__0035827.png,,2021-08-25,35628,35827,2021-08-13T08:00:00+00:00,2021-08-25T23:00:00+00:00,,,,,,,,,,,,,No rule-based candidate at this daily endpoint,rule_candidate,pending
flag__2021-08-26__0035850,flag,1,forming,bullish,0.6538522555808854,120.0,flag/images/forming/2021/08/flag__2021-08-26__0035850.png,,2021-08-26,35651,35850,2021-08-16T08:00:00+00:00,2021-08-26T23:00:00+00:00,35775.0,35850.0,2021-08-23T17:00:00+00:00,2021-08-26T23:00:00+00:00,,,1809.5,1778.6980357142857,1871.1039285714287,2.0,1809.5,4.447857142857125,Bull flag after impulsive advance,rule_candidate,pending
flag__2021-08-27__0035873,flag,0,no_pattern,neutral,0.0,,flag/images/no_pattern/2021/08/flag__2021-08-27__0035873.png,,2021-08-27,35674,35873,2021-08-17T08:00:00+00:00,2021-08-27T23:00:00+00:00,,,,,,,,,,,,,No rule-based candidate at this daily endpoint,rule_candidate,pending
flag__2021-08-30__0035896,flag,1,forming,bullish,0.67207960652536,48.0,flag/images/forming/2021/08/flag__2021-08-30__0035896.png,,2021-08-30,35697,35896,2021-08-18T08:00:00+00:00,2021-08-30T23:00:00+00:00,35867.0,35896.0,2021-08-27T17:00:00+00:00,2021-08-30T23:00:00+00:00,,,1823.14,1806.9903571428572,1855.439285714286,2.0,1823.14,2.558571428571424,Bull flag after impulsive advance,rule_candidate,pending
flag__2021-08-31__0035919,flag,1,forming,bullish,0.5629035753267518,100.0,flag/images/forming/2021/08/flag__2021-08-31__0035919.png,,2021-08-31,35720,35919,2021-08-19T08:00:00+00:00,2021-08-31T23:00:00+00:00,35857.0,35919.0,2021-08-27T07:00:00+00:00,2021-08-31T23:00:00+00:00,,,1823.14,1800.6471428571429,1868.1257142857146,2.0,1823.14,4.491428571428563,Bull flag after impulsive advance,rule_candidate,pending
flag__2021-09-01__0035942,flag,1,forming,bullish,0.5478723872799431,160.0,flag/images/forming/2021/09/flag__2021-09-01__0035942.png,,2021-09-01,35743,35942,2021-08-20T08:00:00+00:00,2021-09-01T23:00:00+00:00,35842.0,35942.0,2021-08-26T15:00:00+00:00,2021-09-01T23:00:00+00:00,,,1823.14,1800.774107142857,1867.8717857142863,2.0,1823.14,3.9835714285714436,Bull flag after impulsive advance,rule_candidate,pending
flag__2021-09-02__0035965,flag,1,forming,bullish,0.5551511120442444,100.0,flag/images/forming/2021/09/flag__2021-09-02__0035965.png,,2021-09-02,35766,35965,2021-08-23T08:00:00+00:00,2021-09-02T23:00:00+00:00,35903.0,35965.0,2021-08-31T07:00:00+00:00,2021-09-02T23:00:00+00:00,,,1819.89,1804.0071428571428,1851.6557142857148,2.0,1819.89,3.3714285714285586,Bull flag after impulsive advance,rule_candidate,pending
flag__2021-09-03__0035988,flag,0,no_pattern,neutral,0.0,,flag/images/no_pattern/2021/09/flag__2021-09-03__0035988.png,,2021-09-03,35789,35988,2021-08-24T08:00:00+00:00,2021-09-03T23:00:00+00:00,,,,,,,,,,,,,No rule-based candidate at this daily endpoint,rule_candidate,pending
flag__2021-09-06__0036007,flag,1,forming,bullish,0.7027623259230683,48.0,flag/images/forming/2021/09/flag__2021-09-06__0036007.png,,2021-09-06,35808,36007,2021-08-25T04:00:00+00:00,2021-09-06T19:00:00+00:00,35978.0,36007.0,2021-09-03T13:00:00+00:00,2021-09-06T19:00:00+00:00,,,1831.31,1820.7542857142857,1853.28,2.081337122750053,1831.31,2.0228571428571382,Bull flag after impulsive advance,rule_candidate,pending
flag__2021-09-07__0036030,flag,0,no_pattern,neutral,0.0,,flag/images/no_pattern/2021/09/flag__2021-09-07__0036030.png,,2021-09-07,35831,36030,2021-08-26T04:00:00+00:00,2021-09-07T23:00:00+00:00,,,,,,,,,,,,,No rule-based candidate at this daily endpoint,rule_candidate,pending
flag__2021-09-08__0036053,flag,0,no_pattern,neutral,0.0,,flag/images/no_pattern/2021/09/flag__2021-09-08__0036053.png,,2021-09-08,35854,36053,2021-08-27T04:00:00+00:00,2021-09-08T23:00:00+00:00,,,,,,,,,,,,,No rule-based candidate at this daily endpoint,rule_candidate,pending
flag__2021-09-09__0036076,flag,0,no_pattern,neutral,0.0,,flag/images/no_pattern/2021/09/flag__2021-09-09__0036076.png,,2021-09-09,35877,36076,2021-08-30T04:00:00+00:00,2021-09-09T23:00:00+00:00,,,,,,,,,,,,,No rule-based candidate at this daily endpoint,rule_candidate,pending
flag__2021-09-10__0036099,flag,0,no_pattern,neutral,0.0,,flag/images/no_pattern/2021/09/flag__2021-09-10__0036099.png,,2021-09-10,35900,36099,2021-08-31T04:00:00+00:00,2021-09-10T23:00:00+00:00,,,,,,,,,,,,,No rule-based candidate at this daily endpoint,rule_candidate,pending
flag__2021-09-13__0036122,flag,0,no_pattern,neutral,0.0,,flag/images/no_pattern/2021/09/flag__2021-09-13__0036122.png,,2021-09-13,35923,36122,2021-09-01T04:00:00+00:00,2021-09-13T23:00:00+00:00,,,,,,,,,,,,,No rule-based candidate at this daily endpoint,rule_candidate,pending
flag__2021-09-14__0036145,flag,0,no_pattern,neutral,0.0,,flag/images/no_pattern/2021/09/flag__2021-09-14__0036145.png,,2021-09-14,35946,36145,2021-09-02T04:00:00+00:00,2021-09-14T23:00:00+00:00,,,,,,,,,,,,,No rule-based candidate at this daily endpoint,rule_candidate,pending
flag__2021-09-15__0036168,flag,0,no_pattern,neutral,0.0,,flag/images/no_pattern/2021/09/flag__2021-09-15__0036168.png,,2021-09-15,35969,36168,2021-09-03T04:00:00+00:00,2021-09-15T23:00:00+00:00,,,,,,,,,,,,,No rule-based candidate at this daily endpoint,rule_candidate,pending
flag__2021-09-16__0036191,flag,0,no_pattern,neutral,0.0,,flag/images/no_pattern/2021/09/flag__2021-09-16__0036191.png,,2021-09-16,35992,36191,2021-09-06T04:00:00+00:00,2021-09-16T23:00:00+00:00,,,,,,,,,,,,,No rule-based candidate at this daily endpoint,rule_candidate,pending
flag__2021-09-17__0036214,flag,0,no_pattern,neutral,0.0,,flag/images/no_pattern/2021/09/flag__2021-09-17__0036214.png,,2021-09-17,36015,36214,2021-09-07T08:00:00+00:00,2021-09-17T23:00:00+00:00,,,,,,,,,,,,,No rule-based candidate at this daily endpoint,rule_candidate,pending
flag__2021-09-20__0036237,flag,0,no_pattern,neutral,0.0,,flag/images/no_pattern/2021/09/flag__2021-09-20__0036237.png,,2021-09-20,36038,36237,2021-09-08T08:00:00+00:00,2021-09-20T23:00:00+00:00,,,,,,,,,,,,,No rule-based candidate at this daily endpoint,rule_candidate,pending
flag__2021-09-21__0036260,flag,0,no_pattern,neutral,0.0,,flag/images/no_pattern/2021/09/flag__2021-09-21__0036260.png,,2021-09-21,36061,36260,2021-09-09T08:00:00+00:00,2021-09-21T23:00:00+00:00,,,,,,,,,,,,,No rule-based candidate at this daily endpoint,rule_candidate,pending
flag__2021-09-22__0036283,flag,1,forming,bullish,0.5690266980781888,64.0,flag/images/forming/2021/09/flag__2021-09-22__0036283.png,,2021-09-22,36084,36283,2021-09-10T08:00:00+00:00,2021-09-22T23:00:00+00:00,36244.0,36283.0,2021-09-21T07:00:00+00:00,2021-09-22T23:00:00+00:00,,,1787.1,1763.3892857142857,1834.5214285714283,2.0,1787.1,5.282857142857097,Bull flag after impulsive advance,rule_candidate,pending
flag__2021-09-23__0036306,flag,0,no_pattern,neutral,0.0,,flag/images/no_pattern/2021/09/flag__2021-09-23__0036306.png,,2021-09-23,36107,36306,2021-09-13T08:00:00+00:00,2021-09-23T23:00:00+00:00,,,,,,,,,,,,,No rule-based candidate at this daily endpoint,rule_candidate,pending
flag__2021-09-24__0036329,flag,0,no_pattern,neutral,0.0,,flag/images/no_pattern/2021/09/flag__2021-09-24__0036329.png,,2021-09-24,36130,36329,2021-09-14T08:00:00+00:00,2021-09-24T23:00:00+00:00,,,,,,,,,,,,,No rule-based candidate at this daily endpoint,rule_candidate,pending
flag__2021-09-27__0036352,flag,0,no_pattern,neutral,0.0,,flag/images/no_pattern/2021/09/flag__2021-09-27__0036352.png,,2021-09-27,36153,36352,2021-09-15T08:00:00+00:00,2021-09-27T23:00:00+00:00,,,,,,,,,,,,,No rule-based candidate at this daily endpoint,rule_candidate,pending
flag__2021-09-28__0036375,flag,0,no_pattern,neutral,0.0,,flag/images/no_pattern/2021/09/flag__2021-09-28__0036375.png,,2021-09-28,36176,36375,2021-09-16T08:00:00+00:00,2021-09-28T23:00:00+00:00,,,,,,,,,,,,,No rule-based candidate at this daily endpoint,rule_candidate,pending
flag__2021-09-29__0036398,flag,0,no_pattern,neutral,0.0,,flag/images/no_pattern/2021/09/flag__2021-09-29__0036398.png,,2021-09-29,36199,36398,2021-09-17T08:00:00+00:00,2021-09-29T23:00:00+00:00,,,,,,,,,,,,,No rule-based candidate at this daily endpoint,rule_candidate,pending
flag__2021-09-30__0036421,flag,0,no_pattern,neutral,0.0,,flag/images/no_pattern/2021/09/flag__2021-09-30__0036421.png,,2021-09-30,36222,36421,2021-09-20T08:00:00+00:00,2021-09-30T23:00:00+00:00,,,,,,,,,,,,,No rule-based candidate at this daily endpoint,rule_candidate,pending
flag__2021-10-01__0036444,flag,0,no_pattern,neutral,0.0,,flag/images/no_pattern/2021/10/flag__2021-10-01__0036444.png,,2021-10-01,36245,36444,2021-09-21T08:00:00+00:00,2021-10-01T23:00:00+00:00,,,,,,,,,,,,,No rule-based candidate at this daily endpoint,rule_candidate,pending
flag__2021-10-04__0036467,flag,0,no_pattern,neutral,0.0,,flag/images/no_pattern/2021/10/flag__2021-10-04__0036467.png,,2021-10-04,36268,36467,2021-09-22T08:00:00+00:00,2021-10-04T23:00:00+00:00,,,,,,,,,,,,,No rule-based candidate at this daily endpoint,rule_candidate,pending
flag__2021-10-05__0036490,flag,1,forming,bullish,0.6256415056730937,64.0,flag/images/forming/2021/10/flag__2021-10-05__0036490.png,,2021-10-05,36291,36490,2021-09-23T08:00:00+00:00,2021-10-05T23:00:00+00:00,36451.0,36490.0,2021-10-04T07:00:00+00:00,2021-10-05T23:00:00+00:00,,,1770.07,1747.578392857143,1815.053214285714,2.0,1770.07,4.44642857142862,Bull flag after impulsive advance,rule_candidate,pending
flag__2021-10-06__0036513,flag,1,forming,bullish,0.5653814715718546,120.0,flag/images/forming/2021/10/flag__2021-10-06__0036513.png,,2021-10-06,36314,36513,2021-09-24T08:00:00+00:00,2021-10-06T23:00:00+00:00,36438.0,36513.0,2021-10-01T17:00:00+00:00,2021-10-06T23:00:00+00:00,,,1770.25,1744.6433928571428,1821.4632142857145,2.0,1770.25,4.506428571428581,Bull flag after impulsive advance,rule_candidate,pending
flag__2021-10-07__0036536,flag,1,forming,bullish,0.5373665202706475,160.0,flag/images/forming/2021/10/flag__2021-10-07__0036536.png,,2021-10-07,36337,36536,2021-09-27T08:00:00+00:00,2021-10-07T23:00:00+00:00,36436.0,36536.0,2021-10-01T15:00:00+00:00,2021-10-07T23:00:00+00:00,,,1770.07,1744.6883928571428,1820.8332142857141,2.0,1770.07,4.326428571428551,Bull flag after impulsive advance,rule_candidate,pending
flag__2021-10-08__0036559,flag,0,no_pattern,neutral,0.0,,flag/images/no_pattern/2021/10/flag__2021-10-08__0036559.png,,2021-10-08,36360,36559,2021-09-28T08:00:00+00:00,2021-10-08T23:00:00+00:00,,,,,,,,,,,,,No rule-based candidate at this daily endpoint,rule_candidate,pending
flag__2021-10-11__0036582,flag,1,forming,bullish,0.5305653112221684,200.0,flag/images/forming/2021/10/flag__2021-10-11__0036582.png,,2021-10-11,36383,36582,2021-09-29T08:00:00+00:00,2021-10-11T23:00:00+00:00,36457.0,36582.0,2021-10-04T13:00:00+00:00,2021-10-11T23:00:00+00:00,,,1781.17,1744.8876785714285,1853.7346428571432,2.0,1781.17,3.5292857142857366,Bull flag after impulsive advance,rule_candidate,pending
flag__2021-10-12__0036605,flag,1,forming,bullish,0.531037730540159,200.0,flag/images/forming/2021/10/flag__2021-10-12__0036605.png,,2021-10-12,36406,36605,2021-09-30T08:00:00+00:00,2021-10-12T23:00:00+00:00,36480.0,36605.0,2021-10-05T13:00:00+00:00,2021-10-12T23:00:00+00:00,,,1781.17,1748.897857142857,1845.7142857142862,2.0,1781.17,4.688571428571403,Bull flag after impulsive advance,rule_candidate,pending
flag__2021-10-13__0036628,flag,0,no_pattern,neutral,0.0,,flag/images/no_pattern/2021/10/flag__2021-10-13__0036628.png,,2021-10-13,36429,36628,2021-10-01T08:00:00+00:00,2021-10-13T23:00:00+00:00,,,,,,,,,,,,,No rule-based candidate at this daily endpoint,rule_candidate,pending
flag__2021-10-14__0036651,flag,0,no_pattern,neutral,0.0,,flag/images/no_pattern/2021/10/flag__2021-10-14__0036651.png,,2021-10-14,36452,36651,2021-10-04T08:00:00+00:00,2021-10-14T23:00:00+00:00,,,,,,,,,,,,,No rule-based candidate at this daily endpoint,rule_candidate,pending
flag__2021-10-15__0036674,flag,0,no_pattern,neutral,0.0,,flag/images/no_pattern/2021/10/flag__2021-10-15__0036674.png,,2021-10-15,36475,36674,2021-10-05T08:00:00+00:00,2021-10-15T23:00:00+00:00,,,,,,,,,,,,,No rule-based candidate at this daily endpoint,rule_candidate,pending
flag__2021-10-18__0036697,flag,1,forming,bullish,0.5498943046085379,200.0,flag/images/forming/2021/10/flag__2021-10-18__0036697.png,,2021-10-18,36498,36697,2021-10-06T08:00:00+00:00,2021-10-18T23:00:00+00:00,36572.0,36697.0,2021-10-11T13:00:00+00:00,2021-10-18T23:00:00+00:00,,,1800.47,1756.8105357142856,1887.7889285714289,2.0,1800.47,3.8778571428571564,Bull flag after impulsive advance,rule_candidate,pending
flag__2021-10-19__0036720,flag,0,no_pattern,neutral,0.0,,flag/images/no_pattern/2021/10/flag__2021-10-19__0036720.png,,2021-10-19,36521,36720,2021-10-07T08:00:00+00:00,2021-10-19T23:00:00+00:00,,,,,,,,,,,,,No rule-based candidate at this daily endpoint,rule_candidate,pending
flag__2021-10-20__0036743,flag,1,forming,bullish,0.5300000317006276,200.0,flag/images/forming/2021/10/flag__2021-10-20__0036743.png,,2021-10-20,36544,36743,2021-10-08T08:00:00+00:00,2021-10-20T23:00:00+00:00,36618.0,36743.0,2021-10-13T13:00:00+00:00,2021-10-20T23:00:00+00:00,,,1796.35,1758.8935714285715,1871.2628571428568,2.0,1796.35,4.585714285714289,Bull flag after impulsive advance,rule_candidate,pending
flag__2021-10-21__0036766,flag,1,forming,bullish,0.5861420033463627,48.0,flag/images/forming/2021/10/flag__2021-10-21__0036766.png,,2021-10-21,36567,36766,2021-10-11T08:00:00+00:00,2021-10-21T23:00:00+00:00,36737.0,36766.0,2021-10-20T17:00:00+00:00,2021-10-21T23:00:00+00:00,,,1789.3,1775.3810714285714,1817.137857142857,2.0,1789.3,4.315714285714274,Bull flag after impulsive advance,rule_candidate,pending
flag__2021-10-22__0036789,flag,0,no_pattern,neutral,0.0,,flag/images/no_pattern/2021/10/flag__2021-10-22__0036789.png,,2021-10-22,36590,36789,2021-10-12T08:00:00+00:00,2021-10-22T23:00:00+00:00,,,,,,,,,,,,,No rule-based candidate at this daily endpoint,rule_candidate,pending
flag__2021-10-25__0036812,flag,0,no_pattern,neutral,0.0,,flag/images/no_pattern/2021/10/flag__2021-10-25__0036812.png,,2021-10-25,36613,36812,2021-10-13T08:00:00+00:00,2021-10-25T23:00:00+00:00,,,,,,,,,,,,,No rule-based candidate at this daily endpoint,rule_candidate,pending
flag__2021-10-26__0036835,flag,1,forming,bullish,0.5443574142180407,100.0,flag/images/forming/2021/10/flag__2021-10-26__0036835.png,,2021-10-26,36636,36835,2021-10-14T08:00:00+00:00,2021-10-26T23:00:00+00:00,36773.0,36835.0,2021-10-22T07:00:00+00:00,2021-10-26T23:00:00+00:00,,,1809.79,1781.0810714285715,1867.207857142857,2.0,1809.79,4.595714285714264,Bull flag after impulsive advance,rule_candidate,pending
flag__2021-10-27__0036858,flag,1,forming,bullish,0.6018256887394438,100.0,flag/images/forming/2021/10/flag__2021-10-27__0036858.png,,2021-10-27,36659,36858,2021-10-15T08:00:00+00:00,2021-10-27T23:00:00+00:00,36796.0,36858.0,2021-10-25T07:00:00+00:00,2021-10-27T23:00:00+00:00,,,1808.2,1781.0535714285716,1862.492857142857,2.0,1808.2,4.7057142857142775,Bull flag after impulsive advance,rule_candidate,pending
flag__2021-10-28__0036881,flag,1,forming,bullish,0.5428579800244138,200.0,flag/images/forming/2021/10/flag__2021-10-28__0036881.png,,2021-10-28,36682,36881,2021-10-18T08:00:00+00:00,2021-10-28T23:00:00+00:00,36756.0,36881.0,2021-10-21T13:00:00+00:00,2021-10-28T23:00:00+00:00,,,1810.18,1780.8935714285715,1868.7528571428572,2.0,1810.18,5.34571428571428,Bull flag after impulsive advance,rule_candidate,pending
flag__2021-10-29__0036904,flag,0,no_pattern,neutral,0.0,,flag/images/no_pattern/2021/10/flag__2021-10-29__0036904.png,,2021-10-29,36705,36904,2021-10-19T08:00:00+00:00,2021-10-29T23:00:00+00:00,,,,,,,,,,,,,No rule-based candidate at this daily endpoint,rule_candidate,pending
flag__2021-11-01__0036927,flag,1,forming,bullish,0.6134920997340793,160.0,flag/images/forming/2021/11/flag__2021-11-01__0036927.png,,2021-11-01,36728,36927,2021-10-20T08:00:00+00:00,2021-11-01T22:00:00+00:00,36827.0,36927.0,2021-10-26T15:00:00+00:00,2021-11-01T22:00:00+00:00,,,1810.18,1771.1219642857143,1888.2960714285716,2.0,1810.18,3.592142857142887,Bull flag after impulsive advance,rule_candidate,pending
flag__2021-11-02__0036950,flag,1,forming,bullish,0.6087270801188889,48.0,flag/images/forming/2021/11/flag__2021-11-02__0036950.png,,2021-11-02,36751,36950,2021-10-21T08:00:00+00:00,2021-11-02T22:00:00+00:00,36921.0,36950.0,2021-11-01T16:00:00+00:00,2021-11-02T22:00:00+00:00,,,1796.32,1785.4275,1818.1049999999998,2.0,1796.32,3.4499999999999806,Bull flag after impulsive advance,rule_candidate,pending
flag__2021-11-03__0036973,flag,0,no_pattern,neutral,0.0,,flag/images/no_pattern/2021/11/flag__2021-11-03__0036973.png,,2021-11-03,36774,36973,2021-10-22T08:00:00+00:00,2021-11-03T22:00:00+00:00,,,,,,,,,,,,,No rule-based candidate at this daily endpoint,rule_candidate,pending
flag__2021-11-04__0036996,flag,0,no_pattern,neutral,0.0,,flag/images/no_pattern/2021/11/flag__2021-11-04__0036996.png,,2021-11-04,36797,36996,2021-10-25T08:00:00+00:00,2021-11-04T22:00:00+00:00,,,,,,,,,,,,,No rule-based candidate at this daily endpoint,rule_candidate,pending
flag__2021-11-05__0037019,flag,0,no_pattern,neutral,0.0,,flag/images/no_pattern/2021/11/flag__2021-11-05__0037019.png,,2021-11-05,36820,37019,2021-10-26T08:00:00+00:00,2021-11-05T22:00:00+00:00,,,,,,,,,,,,,No rule-based candidate at this daily endpoint,rule_candidate,pending
flag__2021-11-08__0037042,flag,0,no_pattern,neutral,0.0,,flag/images/no_pattern/2021/11/flag__2021-11-08__0037042.png,,2021-11-08,36843,37042,2021-10-27T08:00:00+00:00,2021-11-08T23:00:00+00:00,,,,,,,,,,,,,No rule-based candidate at this daily endpoint,rule_candidate,pending
flag__2021-11-09__0037065,flag,0,no_pattern,neutral,0.0,,flag/images/no_pattern/2021/11/flag__2021-11-09__0037065.png,,2021-11-09,36866,37065,2021-10-28T08:00:00+00:00,2021-11-09T23:00:00+00:00,,,,,,,,,,,,,No rule-based candidate at this daily endpoint,rule_candidate,pending
flag__2021-11-10__0037088,flag,0,no_pattern,neutral,0.0,,flag/images/no_pattern/2021/11/flag__2021-11-10__0037088.png,,2021-11-10,36889,37088,2021-10-29T08:00:00+00:00,2021-11-10T23:00:00+00:00,,,,,,,,,,,,,No rule-based candidate at this daily endpoint,rule_candidate,pending
flag__2021-11-11__0037111,flag,0,no_pattern,neutral,0.0,,flag/images/no_pattern/2021/11/flag__2021-11-11__0037111.png,,2021-11-11,36912,37111,2021-11-01T07:00:00+00:00,2021-11-11T23:00:00+00:00,,,,,,,,,,,,,No rule-based candidate at this daily endpoint,rule_candidate,pending
flag__2021-11-12__0037134,flag,1,forming,bullish,0.5327856692564665,80.0,flag/images/forming/2021/11/flag__2021-11-12__0037134.png,,2021-11-12,36935,37134,2021-11-02T07:00:00+00:00,2021-11-12T23:00:00+00:00,37085.0,37134.0,2021-11-10T20:00:00+00:00,2021-11-12T23:00:00+00:00,,,1868.51,1843.9217857142858,1917.6864285714285,2.0,1868.51,4.992857142857149,Bull flag after impulsive advance,rule_candidate,pending
flag__2021-11-15__0037157,flag,1,forming,bullish,0.5300312748816896,64.0,flag/images/forming/2021/11/flag__2021-11-15__0037157.png,,2021-11-15,36958,37157,2021-11-03T07:00:00+00:00,2021-11-15T23:00:00+00:00,37118.0,37157.0,2021-11-12T07:00:00+00:00,2021-11-15T23:00:00+00:00,,,1869.99,1855.193392857143,1899.5832142857141,2.0,1869.99,4.066428571428593,Bull flag after impulsive advance,rule_candidate,pending
flag__2021-11-16__0037180,flag,1,forming,bullish,0.531949793775893,120.0,flag/images/forming/2021/11/flag__2021-11-16__0037180.png,,2021-11-16,36981,37180,2021-11-04T07:00:00+00:00,2021-11-16T23:00:00+00:00,37105.0,37180.0,2021-11-11T17:00:00+00:00,2021-11-16T23:00:00+00:00,,,1877.04,1848.1689285714285,1934.7821428571428,2.0,1877.04,5.524285714285725,Bull flag after impulsive advance,rule_candidate,pending
flag__2021-11-17__0037203,flag,1,forming,bullish,0.5397717563884945,120.0,flag/images/forming/2021/11/flag__2021-11-17__0037203.png,,2021-11-17,37004,37203,2021-11-05T07:00:00+00:00,2021-11-17T23:00:00+00:00,37128.0,37203.0,2021-11-12T17:00:00+00:00,2021-11-17T23:00:00+00:00,,,1877.04,1848.5025,1934.1149999999998,2.0,1877.04,3.8300000000000245,Bull flag after impulsive advance,rule_candidate,pending
flag__2021-11-18__0037226,flag,1,forming,bullish,0.5301561010391872,160.0,flag/images/forming/2021/11/flag__2021-11-18__0037226.png,,2021-11-18,37027,37226,2021-11-08T08:00:00+00:00,2021-11-18T23:00:00+00:00,37126.0,37226.0,2021-11-12T15:00:00+00:00,2021-11-18T23:00:00+00:00,,,1877.04,1848.3448214285715,1934.4303571428568,2.0,1877.04,4.460714285714289,Bull flag after impulsive advance,rule_candidate,pending
flag__2021-11-19__0037249,flag,1,forming,bullish,0.5467593054931088,200.0,flag/images/forming/2021/11/flag__2021-11-19__0037249.png,,2021-11-19,37050,37249,2021-11-09T08:00:00+00:00,2021-11-19T23:00:00+00:00,37124.0,37249.0,2021-11-12T13:00:00+00:00,2021-11-19T23:00:00+00:00,,,1877.04,1841.425,1948.27,2.0,1877.04,6.5400000000000125,Bull flag after impulsive advance,rule_candidate,pending
flag__2021-11-22__0037272,flag,0,no_pattern,neutral,0.0,,flag/images/no_pattern/2021/11/flag__2021-11-22__0037272.png,,2021-11-22,37073,37272,2021-11-10T08:00:00+00:00,2021-11-22T23:00:00+00:00,,,,,,,,,,,,,No rule-based candidate at this daily endpoint,rule_candidate,pending
flag__2021-11-23__0037295,flag,0,no_pattern,neutral,0.0,,flag/images/no_pattern/2021/11/flag__2021-11-23__0037295.png,,2021-11-23,37096,37295,2021-11-11T08:00:00+00:00,2021-11-23T23:00:00+00:00,,,,,,,,,,,,,No rule-based candidate at this daily endpoint,rule_candidate,pending
flag__2021-11-24__0037318,flag,0,no_pattern,neutral,0.0,,flag/images/no_pattern/2021/11/flag__2021-11-24__0037318.png,,2021-11-24,37119,37318,2021-11-12T08:00:00+00:00,2021-11-24T23:00:00+00:00,,,,,,,,,,,,,No rule-based candidate at this daily endpoint,rule_candidate,pending
flag__2021-11-25__0037337,flag,0,no_pattern,neutral,0.0,,flag/images/no_pattern/2021/11/flag__2021-11-25__0037337.png,,2021-11-25,37138,37337,2021-11-15T04:00:00+00:00,2021-11-25T19:00:00+00:00,,,,,,,,,,,,,No rule-based candidate at this daily endpoint,rule_candidate,pending
flag__2021-11-26__0037357,flag,0,no_pattern,neutral,0.0,,flag/images/no_pattern/2021/11/flag__2021-11-26__0037357.png,,2021-11-26,37158,37357,2021-11-16T01:00:00+00:00,2021-11-26T20:00:00+00:00,,,,,,,,,,,,,No rule-based candidate at this daily endpoint,rule_candidate,pending
flag__2021-11-29__0037380,flag,0,no_pattern,neutral,0.0,,flag/images/no_pattern/2021/11/flag__2021-11-29__0037380.png,,2021-11-29,37181,37380,2021-11-17T01:00:00+00:00,2021-11-29T23:00:00+00:00,,,,,,,,,,,,,No rule-based candidate at this daily endpoint,rule_candidate,pending
flag__2021-11-30__0037403,flag,0,no_pattern,neutral,0.0,,flag/images/no_pattern/2021/11/flag__2021-11-30__0037403.png,,2021-11-30,37204,37403,2021-11-18T01:00:00+00:00,2021-11-30T23:00:00+00:00,,,,,,,,,,,,,No rule-based candidate at this daily endpoint,rule_candidate,pending
flag__2021-12-01__0037426,flag,0,no_pattern,neutral,0.0,,flag/images/no_pattern/2021/12/flag__2021-12-01__0037426.png,,2021-12-01,37227,37426,2021-11-19T01:00:00+00:00,2021-12-01T23:00:00+00:00,,,,,,,,,,,,,No rule-based candidate at this daily endpoint,rule_candidate,pending
flag__2021-12-02__0037449,flag,0,no_pattern,neutral,0.0,,flag/images/no_pattern/2021/12/flag__2021-12-02__0037449.png,,2021-12-02,37250,37449,2021-11-22T01:00:00+00:00,2021-12-02T23:00:00+00:00,,,,,,,,,,,,,No rule-based candidate at this daily endpoint,rule_candidate,pending
flag__2021-12-03__0037472,flag,0,no_pattern,neutral,0.0,,flag/images/no_pattern/2021/12/flag__2021-12-03__0037472.png,,2021-12-03,37273,37472,2021-11-23T01:00:00+00:00,2021-12-03T23:00:00+00:00,,,,,,,,,,,,,No rule-based candidate at this daily endpoint,rule_candidate,pending
flag__2021-12-06__0037495,flag,1,forming,bullish,0.6472856362435235,48.0,flag/images/forming/2021/12/flag__2021-12-06__0037495.png,,2021-12-06,37296,37495,2021-11-24T01:00:00+00:00,2021-12-06T23:00:00+00:00,37466.0,37495.0,2021-12-03T17:00:00+00:00,2021-12-06T23:00:00+00:00,,,1787.68,1774.7564285714286,1813.527142857143,2.0,1787.68,3.8542857142857008,Bull flag after impulsive advance,rule_candidate,pending
flag__2021-12-07__0037518,flag,0,no_pattern,neutral,0.0,,flag/images/no_pattern/2021/12/flag__2021-12-07__0037518.png,,2021-12-07,37319,37518,2021-11-25T01:00:00+00:00,2021-12-07T23:00:00+00:00,,,,,,,,,,,,,No rule-based candidate at this daily endpoint,rule_candidate,pending
flag__2021-12-08__0037541,flag,0,no_pattern,neutral,0.0,,flag/images/no_pattern/2021/12/flag__2021-12-08__0037541.png,,2021-12-08,37342,37541,2021-11-26T05:00:00+00:00,2021-12-08T23:00:00+00:00,,,,,,,,,,,,,No rule-based candidate at this daily endpoint,rule_candidate,pending
flag__2021-12-09__0037564,flag,1,forming,bullish,0.6094754266198956,120.0,flag/images/forming/2021/12/flag__2021-12-09__0037564.png,,2021-12-09,37365,37564,2021-11-29T08:00:00+00:00,2021-12-09T23:00:00+00:00,37489.0,37564.0,2021-12-06T17:00:00+00:00,2021-12-09T23:00:00+00:00,,,1793.06,1772.1494642857144,1834.881071428571,2.0,1793.06,4.202142857142819,Bull flag after impulsive advance,rule_candidate,pending
flag__2021-12-10__0037587,flag,0,no_pattern,neutral,0.0,,flag/images/no_pattern/2021/12/flag__2021-12-10__0037587.png,,2021-12-10,37388,37587,2021-11-30T08:00:00+00:00,2021-12-10T23:00:00+00:00,,,,,,,,,,,,,No rule-based candidate at this daily endpoint,rule_candidate,pending
flag__2021-12-13__0037610,flag,0,no_pattern,neutral,0.0,,flag/images/no_pattern/2021/12/flag__2021-12-13__0037610.png,,2021-12-13,37411,37610,2021-12-01T08:00:00+00:00,2021-12-13T23:00:00+00:00,,,,,,,,,,,,,No rule-based candidate at this daily endpoint,rule_candidate,pending
flag__2021-12-14__0037633,flag,0,no_pattern,neutral,0.0,,flag/images/no_pattern/2021/12/flag__2021-12-14__0037633.png,,2021-12-14,37434,37633,2021-12-02T08:00:00+00:00,2021-12-14T23:00:00+00:00,,,,,,,,,,,,,No rule-based candidate at this daily endpoint,rule_candidate,pending
flag__2021-12-15__0037656,flag,1,forming,bullish,0.6061126558425357,80.0,flag/images/forming/2021/12/flag__2021-12-15__0037656.png,,2021-12-15,37457,37656,2021-12-03T08:00:00+00:00,2021-12-15T23:00:00+00:00,37607.0,37656.0,2021-12-13T20:00:00+00:00,2021-12-15T23:00:00+00:00,,,1785.66,1751.2957142857144,1854.3885714285714,2.0,1785.66,5.3771428571428554,Bull flag after impulsive advance,rule_candidate,pending
flag__2021-12-16__0037679,flag,0,no_pattern,neutral,0.0,,flag/images/no_pattern/2021/12/flag__2021-12-16__0037679.png,,2021-12-16,37480,37679,2021-12-06T08:00:00+00:00,2021-12-16T23:00:00+00:00,,,,,,,,,,,,,No rule-based candidate at this daily endpoint,rule_candidate,pending
flag__2021-12-17__0037702,flag,1,forming,bullish,0.5329692814411399,48.0,flag/images/forming/2021/12/flag__2021-12-17__0037702.png,,2021-12-17,37503,37702,2021-12-07T08:00:00+00:00,2021-12-17T23:00:00+00:00,37673.0,37702.0,2021-12-16T17:00:00+00:00,2021-12-17T23:00:00+00:00,,,1814.22,1794.6357142857144,1853.3885714285714,2.0,1814.22,4.217142857142854,Bull flag after impulsive advance,rule_candidate,pending
flag__2021-12-20__0037725,flag,1,forming,bullish,0.6931755295947093,80.0,flag/images/forming/2021/12/flag__2021-12-20__0037725.png,,2021-12-20,37526,37725,2021-12-08T08:00:00+00:00,2021-12-20T23:00:00+00:00,37676.0,37725.0,2021-12-16T20:00:00+00:00,2021-12-20T23:00:00+00:00,,,1814.22,1787.2208928571429,1868.2182142857143,2.0,1814.22,3.836428571428574,Bull flag after impulsive advance,rule_candidate,pending
flag__2021-12-21__0037748,flag,1,forming,bullish,0.6574556352604799,120.0,flag/images/forming/2021/12/flag__2021-12-21__0037748.png,,2021-12-21,37549,37748,2021-12-09T08:00:00+00:00,2021-12-21T23:00:00+00:00,37673.0,37748.0,2021-12-16T17:00:00+00:00,2021-12-21T23:00:00+00:00,,,1809.58,1783.9712499999998,1860.7975000000001,2.0,1809.58,3.4750000000000063,Bull flag after impulsive advance,rule_candidate,pending
flag__2021-12-22__0037771,flag,1,forming,bullish,0.614614097183015,200.0,flag/images/forming/2021/12/flag__2021-12-22__0037771.png,,2021-12-22,37572,37771,2021-12-10T08:00:00+00:00,2021-12-22T23:00:00+00:00,37646.0,37771.0,2021-12-15T13:00:00+00:00,2021-12-22T23:00:00+00:00,,,1814.22,1784.0037499999999,1874.6525000000004,2.0,1814.22,3.3449999999999784,Bull flag after impulsive advance,rule_candidate,pending
flag__2021-12-23__0037794,flag,0,no_pattern,neutral,0.0,,flag/images/no_pattern/2021/12/flag__2021-12-23__0037794.png,,2021-12-23,37595,37794,2021-12-13T08:00:00+00:00,2021-12-23T23:00:00+00:00,,,,,,,,,,,,,No rule-based candidate at this daily endpoint,rule_candidate,pending
flag__2021-12-27__0037817,flag,0,no_pattern,neutral,0.0,,flag/images/no_pattern/2021/12/flag__2021-12-27__0037817.png,,2021-12-27,37618,37817,2021-12-14T08:00:00+00:00,2021-12-27T23:00:00+00:00,,,,,,,,,,,,,No rule-based candidate at this daily endpoint,rule_candidate,pending
flag__2021-12-28__0037840,flag,0,no_pattern,neutral,0.0,,flag/images/no_pattern/2021/12/flag__2021-12-28__0037840.png,,2021-12-28,37641,37840,2021-12-15T08:00:00+00:00,2021-12-28T23:00:00+00:00,,,,,,,,,,,,,No rule-based candidate at this daily endpoint,rule_candidate,pending
flag__2021-12-29__0037863,flag,1,forming,bullish,0.6427414544197254,100.0,flag/images/forming/2021/12/flag__2021-12-29__0037863.png,,2021-12-29,37664,37863,2021-12-16T08:00:00+00:00,2021-12-29T23:00:00+00:00,37801.0,37863.0,2021-12-27T07:00:00+00:00,2021-12-29T23:00:00+00:00,,,1820.27,1788.3698214285714,1884.0703571428571,2.0,1820.27,4.0007142857142854,Bull flag after impulsive advance,rule_candidate,pending
flag__2021-12-30__0037886,flag,1,forming,bullish,0.5618893554491036,160.0,flag/images/forming/2021/12/flag__2021-12-30__0037886.png,,2021-12-30,37687,37886,2021-12-17T08:00:00+00:00,2021-12-30T23:00:00+00:00,37786.0,37886.0,2021-12-23T15:00:00+00:00,2021-12-30T23:00:00+00:00,,,1820.27,1788.4971428571428,1883.8157142857144,2.0,1820.27,3.491428571428579,Bull flag after impulsive advance,rule_candidate,pending
flag__2021-12-31__0037904,flag,0,no_pattern,neutral,0.0,,flag/images/no_pattern/2021/12/flag__2021-12-31__0037904.png,,2021-12-31,37705,37904,2021-12-20T03:00:00+00:00,2021-12-31T18:00:00+00:00,,,,,,,,,,,,,No rule-based candidate at this daily endpoint,rule_candidate,pending
flag__2022-01-03__0037927,flag,0,no_pattern,neutral,0.0,,flag/images/no_pattern/2022/01/flag__2022-01-03__0037927.png,,2022-01-03,37728,37927,2021-12-21T03:00:00+00:00,2022-01-03T23:00:00+00:00,,,,,,,,,,,,,No rule-based candidate at this daily endpoint,rule_candidate,pending
flag__2022-01-04__0037950,flag,1,forming,bullish,0.5846845144673716,100.0,flag/images/forming/2022/01/flag__2022-01-04__0037950.png,,2022-01-04,37751,37950,2021-12-22T03:00:00+00:00,2022-01-04T23:00:00+00:00,37888.0,37950.0,2021-12-31T02:00:00+00:00,2022-01-04T23:00:00+00:00,,,1831.36,1797.192142857143,1899.6957142857138,2.0,1831.36,4.031428571428592,Bull flag after impulsive advance,rule_candidate,pending
flag__2022-01-05__0037973,flag,0,no_pattern,neutral,0.0,,flag/images/no_pattern/2022/01/flag__2022-01-05__0037973.png,,2022-01-05,37774,37973,2021-12-23T03:00:00+00:00,2022-01-05T23:00:00+00:00,,,,,,,,,,,,,No rule-based candidate at this daily endpoint,rule_candidate,pending
flag__2022-01-06__0037996,flag,0,no_pattern,neutral,0.0,,flag/images/no_pattern/2022/01/flag__2022-01-06__0037996.png,,2022-01-06,37797,37996,2021-12-27T03:00:00+00:00,2022-01-06T23:00:00+00:00,,,,,,,,,,,,,No rule-based candidate at this daily endpoint,rule_candidate,pending
flag__2022-01-07__0038019,flag,0,no_pattern,neutral,0.0,,flag/images/no_pattern/2022/01/flag__2022-01-07__0038019.png,,2022-01-07,37820,38019,2021-12-28T03:00:00+00:00,2022-01-07T23:00:00+00:00,,,,,,,,,,,,,No rule-based candidate at this daily endpoint,rule_candidate,pending
flag__2022-01-10__0038042,flag,0,no_pattern,neutral,0.0,,flag/images/no_pattern/2022/01/flag__2022-01-10__0038042.png,,2022-01-10,37843,38042,2021-12-29T03:00:00+00:00,2022-01-10T23:00:00+00:00,,,,,,,,,,,,,No rule-based candidate at this daily endpoint,rule_candidate,pending
flag__2022-01-11__0038065,flag,0,no_pattern,neutral,0.0,,flag/images/no_pattern/2022/01/flag__2022-01-11__0038065.png,,2022-01-11,37866,38065,2021-12-30T03:00:00+00:00,2022-01-11T23:00:00+00:00,,,,,,,,,,,,,No rule-based candidate at this daily endpoint,rule_candidate,pending
flag__2022-01-12__0038088,flag,0,no_pattern,neutral,0.0,,flag/images/no_pattern/2022/01/flag__2022-01-12__0038088.png,,2022-01-12,37889,38088,2021-12-31T03:00:00+00:00,2022-01-12T23:00:00+00:00,,,,,,,,,,,,,No rule-based candidate at this daily endpoint,rule_candidate,pending
flag__2022-01-13__0038111,flag,1,forming,bullish,0.6402802185086597,64.0,flag/images/forming/2022/01/flag__2022-01-13__0038111.png,,2022-01-13,37912,38111,2022-01-03T08:00:00+00:00,2022-01-13T23:00:00+00:00,38072.0,38111.0,2022-01-12T07:00:00+00:00,2022-01-13T23:00:00+00:00,,,1828.05,1811.3773214285713,1861.3953571428572,2.0,1828.05,3.8507142857142918,Bull flag after impulsive advance,rule_candidate,pending
flag__2022-01-14__0038134,flag,1,forming,bullish,0.5745987497401891,120.0,flag/images/forming/2022/01/flag__2022-01-14__0038134.png,,2022-01-14,37935,38134,2022-01-04T08:00:00+00:00,2022-01-14T23:00:00+00:00,38059.0,38134.0,2022-01-11T17:00:00+00:00,2022-01-14T23:00:00+00:00,,,1829.22,1811.309107142857,1865.0417857142859,2.0,1829.22,4.123571428571446,Bull flag after impulsive advance,rule_candidate,pending
flag__2022-01-17__0038155,flag,1,forming,bullish,0.6033984386039447,160.0,flag/images/forming/2022/01/flag__2022-01-17__0038155.png,,2022-01-17,37956,38155,2022-01-05T06:00:00+00:00,2022-01-17T21:00:00+00:00,38055.0,38155.0,2022-01-11T13:00:00+00:00,2022-01-17T21:00:00+00:00,,,1829.22,1811.8639285714285,1863.9321428571432,2.0,1829.22,1.9042857142857526,Bull flag after impulsive advance,rule_candidate,pending
flag__2022-01-18__0038178,flag,1,forming,bullish,0.6308763856332735,200.0,flag/images/forming/2022/01/flag__2022-01-18__0038178.png,,2022-01-18,37979,38178,2022-01-06T06:00:00+00:00,2022-01-18T23:00:00+00:00,38053.0,38178.0,2022-01-11T11:00:00+00:00,2022-01-18T23:00:00+00:00,,,1829.22,1804.522857142857,1878.614285714286,2.0,1829.22,5.068571428571447,Bull flag after impulsive advance,rule_candidate,pending
flag__2022-01-19__0038201,flag,0,no_pattern,neutral,0.0,,flag/images/no_pattern/2022/01/flag__2022-01-19__0038201.png,,2022-01-19,38002,38201,2022-01-07T06:00:00+00:00,2022-01-19T23:00:00+00:00,,,,,,,,,,,,,No rule-based candidate at this daily endpoint,rule_candidate,pending
flag__2022-01-20__0038224,flag,0,no_pattern,neutral,0.0,,flag/images/no_pattern/2022/01/flag__2022-01-20__0038224.png,,2022-01-20,38025,38224,2022-01-10T06:00:00+00:00,2022-01-20T23:00:00+00:00,,,,,,,,,,,,,No rule-based candidate at this daily endpoint,rule_candidate,pending
flag__2022-01-21__0038247,flag,1,forming,bullish,0.6365321476017473,64.0,flag/images/forming/2022/01/flag__2022-01-21__0038247.png,,2022-01-21,38048,38247,2022-01-11T06:00:00+00:00,2022-01-21T23:00:00+00:00,38208.0,38247.0,2022-01-20T07:00:00+00:00,2022-01-21T23:00:00+00:00,,,1846.73,1827.1632142857143,1885.8635714285715,2.0,1846.73,4.6271428571428554,Bull flag after impulsive advance,rule_candidate,pending
flag__2022-01-24__0038270,flag,1,forming,bullish,0.5603497691269259,160.0,flag/images/forming/2022/01/flag__2022-01-24__0038270.png,,2022-01-24,38071,38270,2022-01-12T06:00:00+00:00,2022-01-24T23:00:00+00:00,38170.0,38270.0,2022-01-18T15:00:00+00:00,2022-01-24T23:00:00+00:00,,,1847.8,1827.1010714285715,1889.197857142857,2.0,1847.8,4.875714285714269,Bull flag after impulsive advance,rule_candidate,pending
flag__2022-01-25__0038293,flag,0,no_pattern,neutral,0.0,,flag/images/no_pattern/2022/01/flag__2022-01-25__0038293.png,,2022-01-25,38094,38293,2022-01-13T06:00:00+00:00,2022-01-25T23:00:00+00:00,,,,,,,,,,,,,No rule-based candidate at this daily endpoint,rule_candidate,pending
flag__2022-01-26__0038316,flag,0,no_pattern,neutral,0.0,,flag/images/no_pattern/2022/01/flag__2022-01-26__0038316.png,,2022-01-26,38117,38316,2022-01-14T06:00:00+00:00,2022-01-26T23:00:00+00:00,,,,,,,,,,,,,No rule-based candidate at this daily endpoint,rule_candidate,pending
flag__2022-01-27__0038339,flag,0,no_pattern,neutral,0.0,,flag/images/no_pattern/2022/01/flag__2022-01-27__0038339.png,,2022-01-27,38140,38339,2022-01-17T06:00:00+00:00,2022-01-27T23:00:00+00:00,,,,,,,,,,,,,No rule-based candidate at this daily endpoint,rule_candidate,pending
flag__2022-01-28__0038362,flag,0,no_pattern,neutral,0.0,,flag/images/no_pattern/2022/01/flag__2022-01-28__0038362.png,,2022-01-28,38163,38362,2022-01-18T08:00:00+00:00,2022-01-28T23:00:00+00:00,,,,,,,,,,,,,No rule-based candidate at this daily endpoint,rule_candidate,pending
flag__2022-01-31__0038385,flag,0,no_pattern,neutral,0.0,,flag/images/no_pattern/2022/01/flag__2022-01-31__0038385.png,,2022-01-31,38186,38385,2022-01-19T08:00:00+00:00,2022-01-31T23:00:00+00:00,,,,,,,,,,,,,No rule-based candidate at this daily endpoint,rule_candidate,pending
flag__2022-02-01__0038408,flag,0,no_pattern,neutral,0.0,,flag/images/no_pattern/2022/02/flag__2022-02-01__0038408.png,,2022-02-01,38209,38408,2022-01-20T08:00:00+00:00,2022-02-01T23:00:00+00:00,,,,,,,,,,,,,No rule-based candidate at this daily endpoint,rule_candidate,pending
flag__2022-02-02__0038431,flag,0,no_pattern,neutral,0.0,,flag/images/no_pattern/2022/02/flag__2022-02-02__0038431.png,,2022-02-02,38232,38431,2022-01-21T08:00:00+00:00,2022-02-02T23:00:00+00:00,,,,,,,,,,,,,No rule-based candidate at this daily endpoint,rule_candidate,pending
flag__2022-02-03__0038454,flag,1,forming,bullish,0.5967231571938004,64.0,flag/images/forming/2022/02/flag__2022-02-03__0038454.png,,2022-02-03,38255,38454,2022-01-24T08:00:00+00:00,2022-02-03T23:00:00+00:00,38415.0,38454.0,2022-02-02T07:00:00+00:00,2022-02-03T23:00:00+00:00,,,1810.7,1787.3253571428572,1857.4492857142857,2.0,1810.7,4.818571428571431,Bull flag after impulsive advance,rule_candidate,pending
flag__2022-02-04__0038477,flag,0,no_pattern,neutral,0.0,,flag/images/no_pattern/2022/02/flag__2022-02-04__0038477.png,,2022-02-04,38278,38477,2022-01-25T08:00:00+00:00,2022-02-04T23:00:00+00:00,,,,,,,,,,,,,No rule-based candidate at this daily endpoint,rule_candidate,pending
flag__2022-02-07__0038500,flag,0,no_pattern,neutral,0.0,,flag/images/no_pattern/2022/02/flag__2022-02-07__0038500.png,,2022-02-07,38301,38500,2022-01-26T08:00:00+00:00,2022-02-07T23:00:00+00:00,,,,,,,,,,,,,No rule-based candidate at this daily endpoint,rule_candidate,pending
flag__2022-02-08__0038523,flag,0,no_pattern,neutral,0.0,,flag/images/no_pattern/2022/02/flag__2022-02-08__0038523.png,,2022-02-08,38324,38523,2022-01-27T08:00:00+00:00,2022-02-08T23:00:00+00:00,,,,,,,,,,,,,No rule-based candidate at this daily endpoint,rule_candidate,pending
flag__2022-02-09__0038546,flag,0,no_pattern,neutral,0.0,,flag/images/no_pattern/2022/02/flag__2022-02-09__0038546.png,,2022-02-09,38347,38546,2022-01-28T08:00:00+00:00,2022-02-09T23:00:00+00:00,,,,,,,,,,,,,No rule-based candidate at this daily endpoint,rule_candidate,pending
flag__2022-02-10__0038569,flag,0,no_pattern,neutral,0.0,,flag/images/no_pattern/2022/02/flag__2022-02-10__0038569.png,,2022-02-10,38370,38569,2022-01-31T08:00:00+00:00,2022-02-10T23:00:00+00:00,,,,,,,,,,,,,No rule-based candidate at this daily endpoint,rule_candidate,pending
flag__2022-02-11__0038592,flag,0,no_pattern,neutral,0.0,,flag/images/no_pattern/2022/02/flag__2022-02-11__0038592.png,,2022-02-11,38393,38592,2022-02-01T08:00:00+00:00,2022-02-11T23:00:00+00:00,,,,,,,,,,,,,No rule-based candidate at this daily endpoint,rule_candidate,pending
flag__2022-02-14__0038615,flag,0,no_pattern,neutral,0.0,,flag/images/no_pattern/2022/02/flag__2022-02-14__0038615.png,,2022-02-14,38416,38615,2022-02-02T08:00:00+00:00,2022-02-14T23:00:00+00:00,,,,,,,,,,,,,No rule-based candidate at this daily endpoint,rule_candidate,pending
flag__2022-02-15__0038638,flag,1,forming,bullish,0.6298633117182894,64.0,flag/images/forming/2022/02/flag__2022-02-15__0038638.png,,2022-02-15,38439,38638,2022-02-03T08:00:00+00:00,2022-02-15T23:00:00+00:00,38599.0,38638.0,2022-02-14T07:00:00+00:00,2022-02-15T23:00:00+00:00,,,1879.4,1842.6025,1952.9950000000003,2.0,1879.4,6.910000000000066,Bull flag after impulsive advance,rule_candidate,pending
flag__2022-02-16__0038661,flag,1,forming,bullish,0.5531068713845905,120.0,flag/images/forming/2022/02/flag__2022-02-16__0038661.png,,2022-02-16,38462,38661,2022-02-04T08:00:00+00:00,2022-02-16T23:00:00+00:00,38586.0,38661.0,2022-02-11T17:00:00+00:00,2022-02-16T23:00:00+00:00,,,1879.4,1843.1353571428572,1951.929285714286,2.0,1879.4,4.778571428571452,Bull flag after impulsive advance,rule_candidate,pending
flag__2022-02-17__0038684,flag,0,no_pattern,neutral,0.0,,flag/images/no_pattern/2022/02/flag__2022-02-17__0038684.png,,2022-02-17,38485,38684,2022-02-07T08:00:00+00:00,2022-02-17T23:00:00+00:00,,,,,,,,,,,,,No rule-based candidate at this daily endpoint,rule_candidate,pending
flag__2022-02-18__0038707,flag,1,forming,bullish,0.535733737070086,64.0,flag/images/forming/2022/02/flag__2022-02-18__0038707.png,,2022-02-18,38508,38707,2022-02-08T08:00:00+00:00,2022-02-18T23:00:00+00:00,38668.0,38707.0,2022-02-17T07:00:00+00:00,2022-02-18T23:00:00+00:00,,,1902.3,1885.3305357142858,1944.8,2.5044986267350184,1902.3,4.637857142857131,Bull flag after impulsive advance,rule_candidate,pending
flag__2022-02-21__0038728,flag,0,no_pattern,neutral,0.0,,flag/images/no_pattern/2022/02/flag__2022-02-21__0038728.png,,2022-02-21,38529,38728,2022-02-09T06:00:00+00:00,2022-02-21T21:00:00+00:00,,,,,,,,,,,,,No rule-based candidate at this daily endpoint,rule_candidate,pending
flag__2022-02-22__0038751,flag,0,no_pattern,neutral,0.0,,flag/images/no_pattern/2022/02/flag__2022-02-22__0038751.png,,2022-02-22,38552,38751,2022-02-10T06:00:00+00:00,2022-02-22T23:00:00+00:00,,,,,,,,,,,,,No rule-based candidate at this daily endpoint,rule_candidate,pending
flag__2022-02-23__0038774,flag,1,forming,bullish,0.5334961642364583,100.0,flag/images/forming/2022/02/flag__2022-02-23__0038774.png,,2022-02-23,38575,38774,2022-02-11T06:00:00+00:00,2022-02-23T23:00:00+00:00,38712.0,38774.0,2022-02-21T05:00:00+00:00,2022-02-23T23:00:00+00:00,,,1913.79,1888.4410714285714,1964.4878571428571,2.0,1913.79,4.435714285714312,Bull flag after impulsive advance,rule_candidate,pending
flag__2022-02-24__0038797,flag,0,no_pattern,neutral,0.0,,flag/images/no_pattern/2022/02/flag__2022-02-24__0038797.png,,2022-02-24,38598,38797,2022-02-14T06:00:00+00:00,2022-02-24T23:00:00+00:00,,,,,,,,,,,,,No rule-based candidate at this daily endpoint,rule_candidate,pending
flag__2022-02-25__0038820,flag,0,no_pattern,neutral,0.0,,flag/images/no_pattern/2022/02/flag__2022-02-25__0038820.png,,2022-02-25,38621,38820,2022-02-15T06:00:00+00:00,2022-02-25T23:00:00+00:00,,,,,,,,,,,,,No rule-based candidate at this daily endpoint,rule_candidate,pending
flag__2022-02-28__0038843,flag,1,forming,bullish,0.5450976428349232,120.0,flag/images/forming/2022/02/flag__2022-02-28__0038843.png,,2022-02-28,38644,38843,2022-02-16T06:00:00+00:00,2022-02-28T23:00:00+00:00,38768.0,38843.0,2022-02-23T17:00:00+00:00,2022-02-28T23:00:00+00:00,,,1962.94,1875.84875,2137.1225,2.0,1962.94,8.164999999999996,Bull flag after impulsive advance,rule_candidate,pending
flag__2022-03-01__0038866,flag,0,no_pattern,neutral,0.0,,flag/images/no_pattern/2022/03/flag__2022-03-01__0038866.png,,2022-03-01,38667,38866,2022-02-17T06:00:00+00:00,2022-03-01T23:00:00+00:00,,,,,,,,,,,,,No rule-based candidate at this daily endpoint,rule_candidate,pending
flag__2022-03-02__0038889,flag,1,forming,bullish,0.6429030617893281,64.0,flag/images/forming/2022/03/flag__2022-03-02__0038889.png,,2022-03-02,38690,38889,2022-02-18T06:00:00+00:00,2022-03-02T23:00:00+00:00,38850.0,38889.0,2022-03-01T07:00:00+00:00,2022-03-02T23:00:00+00:00,,,1950.07,1910.9669642857143,2028.2760714285712,2.0,1950.07,9.692142857142878,Bull flag after impulsive advance,rule_candidate,pending
flag__2022-03-03__0038912,flag,1,forming,bullish,0.5368030716997142,100.0,flag/images/forming/2022/03/flag__2022-03-03__0038912.png,,2022-03-03,38713,38912,2022-02-21T06:00:00+00:00,2022-03-03T23:00:00+00:00,38850.0,38912.0,2022-03-01T07:00:00+00:00,2022-03-03T23:00:00+00:00,,,1947.83,1911.8019642857143,2019.886071428571,2.0,1947.83,6.352142857142845,Bull flag after impulsive advance,rule_candidate,pending
flag__2022-03-04__0038935,flag,0,no_pattern,neutral,0.0,,flag/images/no_pattern/2022/03/flag__2022-03-04__0038935.png,,2022-03-04,38736,38935,2022-02-22T08:00:00+00:00,2022-03-04T23:00:00+00:00,,,,,,,,,,,,,No rule-based candidate at this daily endpoint,rule_candidate,pending
flag__2022-03-07__0038958,flag,0,no_pattern,neutral,0.0,,flag/images/no_pattern/2022/03/flag__2022-03-07__0038958.png,,2022-03-07,38759,38958,2022-02-23T08:00:00+00:00,2022-03-07T23:00:00+00:00,,,,,,,,,,,,,No rule-based candidate at this daily endpoint,rule_candidate,pending
flag__2022-03-08__0038981,flag,0,no_pattern,neutral,0.0,,flag/images/no_pattern/2022/03/flag__2022-03-08__0038981.png,,2022-03-08,38782,38981,2022-02-24T08:00:00+00:00,2022-03-08T23:00:00+00:00,,,,,,,,,,,,,No rule-based candidate at this daily endpoint,rule_candidate,pending
flag__2022-03-09__0039004,flag,1,forming,bullish,0.5816405743068928,80.0,flag/images/forming/2022/03/flag__2022-03-09__0039004.png,,2022-03-09,38805,39004,2022-02-25T08:00:00+00:00,2022-03-09T23:00:00+00:00,38955.0,39004.0,2022-03-07T20:00:00+00:00,2022-03-09T23:00:00+00:00,,,2070.4,1972.4646428571427,2266.270714285715,2.0,2070.4,14.261428571428626,Bull flag after impulsive advance,rule_candidate,pending
flag__2022-03-10__0039027,flag,1,forming,bullish,0.6496610430906102,120.0,flag/images/forming/2022/03/flag__2022-03-10__0039027.png,,2022-03-10,38828,39027,2022-02-28T08:00:00+00:00,2022-03-10T23:00:00+00:00,38952.0,39027.0,2022-03-07T17:00:00+00:00,2022-03-10T23:00:00+00:00,,,2070.4,1967.7267857142858,2275.7464285714286,2.0,2070.4,11.052857142857144,Bull flag after impulsive advance,rule_candidate,pending
flag__2022-03-11__0039050,flag,1,forming,bullish,0.6318628551310062,160.0,flag/images/forming/2022/03/flag__2022-03-11__0039050.png,,2022-03-11,38851,39050,2022-03-01T08:00:00+00:00,2022-03-11T23:00:00+00:00,38950.0,39050.0,2022-03-07T15:00:00+00:00,2022-03-11T23:00:00+00:00,,,2059.13,1955.9512499999998,2265.4875000000006,2.0,2059.13,10.395000000000014,Bull flag after impulsive advance,rule_candidate,pending
flag__2022-03-14__0039073,flag,0,no_pattern,neutral,0.0,,flag/images/no_pattern/2022/03/flag__2022-03-14__0039073.png,,2022-03-14,38874,39073,2022-03-02T08:00:00+00:00,2022-03-14T22:00:00+00:00,,,,,,,,,,,,,No rule-based candidate at this daily endpoint,rule_candidate,pending
flag__2022-03-15__0039096,flag,0,no_pattern,neutral,0.0,,flag/images/no_pattern/2022/03/flag__2022-03-15__0039096.png,,2022-03-15,38897,39096,2022-03-03T08:00:00+00:00,2022-03-15T22:00:00+00:00,,,,,,,,,,,,,No rule-based candidate at this daily endpoint,rule_candidate,pending
flag__2022-03-16__0039119,flag,0,no_pattern,neutral,0.0,,flag/images/no_pattern/2022/03/flag__2022-03-16__0039119.png,,2022-03-16,38920,39119,2022-03-04T08:00:00+00:00,2022-03-16T22:00:00+00:00,,,,,,,,,,,,,No rule-based candidate at this daily endpoint,rule_candidate,pending
flag__2022-03-17__0039142,flag,0,no_pattern,neutral,0.0,,flag/images/no_pattern/2022/03/flag__2022-03-17__0039142.png,,2022-03-17,38943,39142,2022-03-07T08:00:00+00:00,2022-03-17T22:00:00+00:00,,,,,,,,,,,,,No rule-based candidate at this daily endpoint,rule_candidate,pending
flag__2022-03-18__0039165,flag,0,no_pattern,neutral,0.0,,flag/images/no_pattern/2022/03/flag__2022-03-18__0039165.png,,2022-03-18,38966,39165,2022-03-08T08:00:00+00:00,2022-03-18T22:00:00+00:00,,,,,,,,,,,,,No rule-based candidate at this daily endpoint,rule_candidate,pending
flag__2022-03-21__0039188,flag,1,forming,bullish,0.5591782136871348,100.0,flag/images/forming/2022/03/flag__2022-03-21__0039188.png,,2022-03-21,38989,39188,2022-03-09T08:00:00+00:00,2022-03-21T22:00:00+00:00,39126.0,39188.0,2022-03-17T06:00:00+00:00,2022-03-21T22:00:00+00:00,,,1945.26,1916.3767857142857,2003.0264285714286,2.0,1945.26,5.972857142857151,Bull flag after impulsive advance,rule_candidate,pending
flag__2022-03-22__0039211,flag,0,no_pattern,neutral,0.0,,flag/images/no_pattern/2022/03/flag__2022-03-22__0039211.png,,2022-03-22,39012,39211,2022-03-10T08:00:00+00:00,2022-03-22T22:00:00+00:00,,,,,,,,,,,,,No rule-based candidate at this daily endpoint,rule_candidate,pending
flag__2022-03-23__0039234,flag,0,no_pattern,neutral,0.0,,flag/images/no_pattern/2022/03/flag__2022-03-23__0039234.png,,2022-03-23,39035,39234,2022-03-11T08:00:00+00:00,2022-03-23T22:00:00+00:00,,,,,,,,,,,,,No rule-based candidate at this daily endpoint,rule_candidate,pending
flag__2022-03-24__0039257,flag,0,no_pattern,neutral,0.0,,flag/images/no_pattern/2022/03/flag__2022-03-24__0039257.png,,2022-03-24,39058,39257,2022-03-14T07:00:00+00:00,2022-03-24T22:00:00+00:00,,,,,,,,,,,,,No rule-based candidate at this daily endpoint,rule_candidate,pending
flag__2022-03-25__0039280,flag,1,forming,bullish,0.6478665463942531,64.0,flag/images/forming/2022/03/flag__2022-03-25__0039280.png,,2022-03-25,39081,39280,2022-03-15T07:00:00+00:00,2022-03-25T22:00:00+00:00,39241.0,39280.0,2022-03-24T06:00:00+00:00,2022-03-25T22:00:00+00:00,,,1966.09,1941.6,2015.07,2.0,1966.09,6.000000000000033,Bull flag after impulsive advance,rule_candidate,pending
flag__2022-03-28__0039303,flag,0,no_pattern,neutral,0.0,,flag/images/no_pattern/2022/03/flag__2022-03-28__0039303.png,,2022-03-28,39104,39303,2022-03-16T07:00:00+00:00,2022-03-28T23:00:00+00:00,,,,,,,,,,,,,No rule-based candidate at this daily endpoint,rule_candidate,pending
flag__2022-03-29__0039326,flag,0,no_pattern,neutral,0.0,,flag/images/no_pattern/2022/03/flag__2022-03-29__0039326.png,,2022-03-29,39127,39326,2022-03-17T07:00:00+00:00,2022-03-29T23:00:00+00:00,,,,,,,,,,,,,No rule-based candidate at this daily endpoint,rule_candidate,pending
flag__2022-03-30__0039349,flag,0,no_pattern,neutral,0.0,,flag/images/no_pattern/2022/03/flag__2022-03-30__0039349.png,,2022-03-30,39150,39349,2022-03-18T07:00:00+00:00,2022-03-30T23:00:00+00:00,,,,,,,,,,,,,No rule-based candidate at this daily endpoint,rule_candidate,pending
flag__2022-03-31__0039372,flag,0,no_pattern,neutral,0.0,,flag/images/no_pattern/2022/03/flag__2022-03-31__0039372.png,,2022-03-31,39173,39372,2022-03-21T07:00:00+00:00,2022-03-31T23:00:00+00:00,,,,,,,,,,,,,No rule-based candidate at this daily endpoint,rule_candidate,pending
flag__2022-04-01__0039395,flag,1,forming,bullish,0.5937749315244609,80.0,flag/images/forming/2022/04/flag__2022-04-01__0039395.png,,2022-04-01,39196,39395,2022-03-22T07:00:00+00:00,2022-04-01T23:00:00+00:00,39346.0,39395.0,2022-03-30T20:00:00+00:00,2022-04-01T23:00:00+00:00,,,1949.7,1916.4292857142857,2016.2414285714287,2.0,1949.7,6.162857142857125,Bull flag after impulsive advance,rule_candidate,pending
flag__2022-04-04__0039418,flag,1,forming,bullish,0.5452046363245173,100.0,flag/images/forming/2022/04/flag__2022-04-04__0039418.png,,2022-04-04,39219,39418,2022-03-23T07:00:00+00:00,2022-04-04T23:00:00+00:00,39356.0,39418.0,2022-03-31T07:00:00+00:00,2022-04-04T23:00:00+00:00,,,1939.42,1914.1042857142859,1990.0514285714285,2.0,1939.42,5.142857142857126,Bull flag after impulsive advance,rule_candidate,pending
flag__2022-04-05__0039441,flag,0,no_pattern,neutral,0.0,,flag/images/no_pattern/2022/04/flag__2022-04-05__0039441.png,,2022-04-05,39242,39441,2022-03-24T07:00:00+00:00,2022-04-05T23:00:00+00:00,,,,,,,,,,,,,No rule-based candidate at this daily endpoint,rule_candidate,pending
flag__2022-04-06__0039464,flag,0,no_pattern,neutral,0.0,,flag/images/no_pattern/2022/04/flag__2022-04-06__0039464.png,,2022-04-06,39265,39464,2022-03-25T07:00:00+00:00,2022-04-06T23:00:00+00:00,,,,,,,,,,,,,No rule-based candidate at this daily endpoint,rule_candidate,pending
flag__2022-04-07__0039487,flag,1,forming,bullish,0.531095070239135,160.0,flag/images/forming/2022/04/flag__2022-04-07__0039487.png,,2022-04-07,39288,39487,2022-03-28T08:00:00+00:00,2022-04-07T23:00:00+00:00,39387.0,39487.0,2022-04-01T15:00:00+00:00,2022-04-07T23:00:00+00:00,,,1944.47,1913.7569642857143,2005.8960714285715,2.0,1944.47,4.932142857142821,Bull flag after impulsive advance,rule_candidate,pending
flag__2022-04-08__0039510,flag,0,no_pattern,neutral,0.0,,flag/images/no_pattern/2022/04/flag__2022-04-08__0039510.png,,2022-04-08,39311,39510,2022-03-29T08:00:00+00:00,2022-04-08T23:00:00+00:00,,,,,,,,,,,,,No rule-based candidate at this daily endpoint,rule_candidate,pending
flag__2022-04-11__0039533,flag,0,no_pattern,neutral,0.0,,flag/images/no_pattern/2022/04/flag__2022-04-11__0039533.png,,2022-04-11,39334,39533,2022-03-30T08:00:00+00:00,2022-04-11T23:00:00+00:00,,,,,,,,,,,,,No rule-based candidate at this daily endpoint,rule_candidate,pending
flag__2022-04-12__0039556,flag,0,no_pattern,neutral,0.0,,flag/images/no_pattern/2022/04/flag__2022-04-12__0039556.png,,2022-04-12,39357,39556,2022-03-31T08:00:00+00:00,2022-04-12T23:00:00+00:00,,,,,,,,,,,,,No rule-based candidate at this daily endpoint,rule_candidate,pending
flag__2022-04-13__0039579,flag,0,no_pattern,neutral,0.0,,flag/images/no_pattern/2022/04/flag__2022-04-13__0039579.png,,2022-04-13,39380,39579,2022-04-01T08:00:00+00:00,2022-04-13T23:00:00+00:00,,,,,,,,,,,,,No rule-based candidate at this daily endpoint,rule_candidate,pending
flag__2022-04-14__0039602,flag,1,forming,bullish,0.637654516756806,64.0,flag/images/forming/2022/04/flag__2022-04-14__0039602.png,,2022-04-14,39403,39602,2022-04-04T08:00:00+00:00,2022-04-14T23:00:00+00:00,39563.0,39602.0,2022-04-13T07:00:00+00:00,2022-04-14T23:00:00+00:00,,,1981.46,1958.6366071428572,2027.1067857142857,2.0,1981.46,7.0135714285713835,Bull flag after impulsive advance,rule_candidate,pending
flag__2022-04-18__0039625,flag,0,no_pattern,neutral,0.0,,flag/images/no_pattern/2022/04/flag__2022-04-18__0039625.png,,2022-04-18,39426,39625,2022-04-05T08:00:00+00:00,2022-04-18T23:00:00+00:00,,,,,,,,,,,,,No rule-based candidate at this daily endpoint,rule_candidate,pending
flag__2022-04-19__0039648,flag,1,forming,bullish,0.5751708959529426,120.0,flag/images/forming/2022/04/flag__2022-04-19__0039648.png,,2022-04-19,39449,39648,2022-04-06T08:00:00+00:00,2022-04-19T23:00:00+00:00,39573.0,39648.0,2022-04-13T17:00:00+00:00,2022-04-19T23:00:00+00:00,,,1998.32,1941.98125,2110.9974999999995,1.999999999999996,1998.32,6.795000000000008,Bull flag after impulsive advance,rule_candidate,pending
flag__2022-04-20__0039671,flag,1,forming,bullish,0.6752943595619086,160.0,flag/images/forming/2022/04/flag__2022-04-20__0039671.png,,2022-04-20,39472,39671,2022-04-07T08:00:00+00:00,2022-04-20T23:00:00+00:00,39571.0,39671.0,2022-04-13T15:00:00+00:00,2022-04-20T23:00:00+00:00,,,1998.32,1937.9644642857143,2119.0310714285715,2.0000000000000036,1998.32,4.942142857142845,Bull flag after impulsive advance,rule_candidate,pending
flag__2022-04-21__0039694,flag,0,no_pattern,neutral,0.0,,flag/images/no_pattern/2022/04/flag__2022-04-21__0039694.png,,2022-04-21,39495,39694,2022-04-08T08:00:00+00:00,2022-04-21T23:00:00+00:00,,,,,,,,,,,,,No rule-based candidate at this daily endpoint,rule_candidate,pending
flag__2022-04-22__0039717,flag,0,no_pattern,neutral,0.0,,flag/images/no_pattern/2022/04/flag__2022-04-22__0039717.png,,2022-04-22,39518,39717,2022-04-11T08:00:00+00:00,2022-04-22T23:00:00+00:00,,,,,,,,,,,,,No rule-based candidate at this daily endpoint,rule_candidate,pending
flag__2022-04-25__0039740,flag,0,no_pattern,neutral,0.0,,flag/images/no_pattern/2022/04/flag__2022-04-25__0039740.png,,2022-04-25,39541,39740,2022-04-12T08:00:00+00:00,2022-04-25T23:00:00+00:00,,,,,,,,,,,,,No rule-based candidate at this daily endpoint,rule_candidate,pending
flag__2022-04-26__0039763,flag,0,no_pattern,neutral,0.0,,flag/images/no_pattern/2022/04/flag__2022-04-26__0039763.png,,2022-04-26,39564,39763,2022-04-13T08:00:00+00:00,2022-04-26T23:00:00+00:00,,,,,,,,,,,,,No rule-based candidate at this daily endpoint,rule_candidate,pending
flag__2022-04-27__0039786,flag,0,no_pattern,neutral,0.0,,flag/images/no_pattern/2022/04/flag__2022-04-27__0039786.png,,2022-04-27,39587,39786,2022-04-14T08:00:00+00:00,2022-04-27T23:00:00+00:00,,,,,,,,,,,,,No rule-based candidate at this daily endpoint,rule_candidate,pending
flag__2022-04-28__0039809,flag,0,no_pattern,neutral,0.0,,flag/images/no_pattern/2022/04/flag__2022-04-28__0039809.png,,2022-04-28,39610,39809,2022-04-18T08:00:00+00:00,2022-04-28T23:00:00+00:00,,,,,,,,,,,,,No rule-based candidate at this daily endpoint,rule_candidate,pending
flag__2022-04-29__0039832,flag,0,no_pattern,neutral,0.0,,flag/images/no_pattern/2022/04/flag__2022-04-29__0039832.png,,2022-04-29,39633,39832,2022-04-19T08:00:00+00:00,2022-04-29T23:00:00+00:00,,,,,,,,,,,,,No rule-based candidate at this daily endpoint,rule_candidate,pending
flag__2022-05-02__0039855,flag,0,no_pattern,neutral,0.0,,flag/images/no_pattern/2022/05/flag__2022-05-02__0039855.png,,2022-05-02,39656,39855,2022-04-20T08:00:00+00:00,2022-05-02T23:00:00+00:00,,,,,,,,,,,,,No rule-based candidate at this daily endpoint,rule_candidate,pending
flag__2022-05-03__0039878,flag,0,no_pattern,neutral,0.0,,flag/images/no_pattern/2022/05/flag__2022-05-03__0039878.png,,2022-05-03,39679,39878,2022-04-21T08:00:00+00:00,2022-05-03T23:00:00+00:00,,,,,,,,,,,,,No rule-based candidate at this daily endpoint,rule_candidate,pending
flag__2022-05-04__0039901,flag,0,no_pattern,neutral,0.0,,flag/images/no_pattern/2022/05/flag__2022-05-04__0039901.png,,2022-05-04,39702,39901,2022-04-22T08:00:00+00:00,2022-05-04T23:00:00+00:00,,,,,,,,,,,,,No rule-based candidate at this daily endpoint,rule_candidate,pending
flag__2022-05-05__0039924,flag,0,no_pattern,neutral,0.0,,flag/images/no_pattern/2022/05/flag__2022-05-05__0039924.png,,2022-05-05,39725,39924,2022-04-25T08:00:00+00:00,2022-05-05T23:00:00+00:00,,,,,,,,,,,,,No rule-based candidate at this daily endpoint,rule_candidate,pending
flag__2022-05-06__0039947,flag,1,forming,bullish,0.6070606701957386,100.0,flag/images/forming/2022/05/flag__2022-05-06__0039947.png,,2022-05-06,39748,39947,2022-04-26T08:00:00+00:00,2022-05-06T23:00:00+00:00,39885.0,39947.0,2022-05-04T07:00:00+00:00,2022-05-06T23:00:00+00:00,,,1909.68,1864.3169642857142,2000.4060714285717,2.0,1909.68,6.212142857142843,Bull flag after impulsive advance,rule_candidate,pending
flag__2022-05-09__0039970,flag,0,no_pattern,neutral,0.0,,flag/images/no_pattern/2022/05/flag__2022-05-09__0039970.png,,2022-05-09,39771,39970,2022-04-27T08:00:00+00:00,2022-05-09T23:00:00+00:00,,,,,,,,,,,,,No rule-based candidate at this daily endpoint,rule_candidate,pending
flag__2022-05-10__0039993,flag,0,no_pattern,neutral,0.0,,flag/images/no_pattern/2022/05/flag__2022-05-10__0039993.png,,2022-05-10,39794,39993,2022-04-28T08:00:00+00:00,2022-05-10T23:00:00+00:00,,,,,,,,,,,,,No rule-based candidate at this daily endpoint,rule_candidate,pending
flag__2022-05-11__0040016,flag,0,no_pattern,neutral,0.0,,flag/images/no_pattern/2022/05/flag__2022-05-11__0040016.png,,2022-05-11,39817,40016,2022-04-29T08:00:00+00:00,2022-05-11T23:00:00+00:00,,,,,,,,,,,,,No rule-based candidate at this daily endpoint,rule_candidate,pending
flag__2022-05-12__0040039,flag,0,no_pattern,neutral,0.0,,flag/images/no_pattern/2022/05/flag__2022-05-12__0040039.png,,2022-05-12,39840,40039,2022-05-02T08:00:00+00:00,2022-05-12T23:00:00+00:00,,,,,,,,,,,,,No rule-based candidate at this daily endpoint,rule_candidate,pending
flag__2022-05-13__0040062,flag,0,no_pattern,neutral,0.0,,flag/images/no_pattern/2022/05/flag__2022-05-13__0040062.png,,2022-05-13,39863,40062,2022-05-03T08:00:00+00:00,2022-05-13T23:00:00+00:00,,,,,,,,,,,,,No rule-based candidate at this daily endpoint,rule_candidate,pending
flag__2022-05-16__0040085,flag,0,no_pattern,neutral,0.0,,flag/images/no_pattern/2022/05/flag__2022-05-16__0040085.png,,2022-05-16,39886,40085,2022-05-04T08:00:00+00:00,2022-05-16T23:00:00+00:00,,,,,,,,,,,,,No rule-based candidate at this daily endpoint,rule_candidate,pending
flag__2022-05-17__0040108,flag,0,no_pattern,neutral,0.0,,flag/images/no_pattern/2022/05/flag__2022-05-17__0040108.png,,2022-05-17,39909,40108,2022-05-05T08:00:00+00:00,2022-05-17T23:00:00+00:00,,,,,,,,,,,,,No rule-based candidate at this daily endpoint,rule_candidate,pending
flag__2022-05-18__0040131,flag,0,no_pattern,neutral,0.0,,flag/images/no_pattern/2022/05/flag__2022-05-18__0040131.png,,2022-05-18,39932,40131,2022-05-06T08:00:00+00:00,2022-05-18T23:00:00+00:00,,,,,,,,,,,,,No rule-based candidate at this daily endpoint,rule_candidate,pending
flag__2022-05-19__0040154,flag,0,no_pattern,neutral,0.0,,flag/images/no_pattern/2022/05/flag__2022-05-19__0040154.png,,2022-05-19,39955,40154,2022-05-09T08:00:00+00:00,2022-05-19T23:00:00+00:00,,,,,,,,,,,,,No rule-based candidate at this daily endpoint,rule_candidate,pending
flag__2022-05-20__0040177,flag,0,no_pattern,neutral,0.0,,flag/images/no_pattern/2022/05/flag__2022-05-20__0040177.png,,2022-05-20,39978,40177,2022-05-10T08:00:00+00:00,2022-05-20T23:00:00+00:00,,,,,,,,,,,,,No rule-based candidate at this daily endpoint,rule_candidate,pending
flag__2022-05-23__0040200,flag,0,no_pattern,neutral,0.0,,flag/images/no_pattern/2022/05/flag__2022-05-23__0040200.png,,2022-05-23,40001,40200,2022-05-11T08:00:00+00:00,2022-05-23T23:00:00+00:00,,,,,,,,,,,,,No rule-based candidate at this daily endpoint,rule_candidate,pending
flag__2022-05-24__0040223,flag,0,no_pattern,neutral,0.0,,flag/images/no_pattern/2022/05/flag__2022-05-24__0040223.png,,2022-05-24,40024,40223,2022-05-12T08:00:00+00:00,2022-05-24T23:00:00+00:00,,,,,,,,,,,,,No rule-based candidate at this daily endpoint,rule_candidate,pending
flag__2022-05-25__0040246,flag,1,forming,bullish,0.6207050733110911,80.0,flag/images/forming/2022/05/flag__2022-05-25__0040246.png,,2022-05-25,40047,40246,2022-05-13T08:00:00+00:00,2022-05-25T23:00:00+00:00,40197.0,40246.0,2022-05-23T20:00:00+00:00,2022-05-25T23:00:00+00:00,,,1869.63,1840.7530357142857,1927.383928571429,2.0,1869.63,4.907857142857113,Bull flag after impulsive advance,rule_candidate,pending
flag__2022-05-26__0040269,flag,1,forming,bullish,0.6456119727767944,100.0,flag/images/forming/2022/05/flag__2022-05-26__0040269.png,,2022-05-26,40070,40269,2022-05-16T08:00:00+00:00,2022-05-26T23:00:00+00:00,40207.0,40269.0,2022-05-24T07:00:00+00:00,2022-05-26T23:00:00+00:00,,,1867.99,1839.9107142857142,1924.1485714285716,2.0,1867.99,4.237142857142885,Bull flag after impulsive advance,rule_candidate,pending
flag__2022-05-27__0040292,flag,1,forming,bullish,0.5617152824496224,200.0,flag/images/forming/2022/05/flag__2022-05-27__0040292.png,,2022-05-27,40093,40292,2022-05-17T08:00:00+00:00,2022-05-27T23:00:00+00:00,40167.0,40292.0,2022-05-20T13:00:00+00:00,2022-05-27T23:00:00+00:00,,,1869.63,1839.964107142857,1928.9617857142862,2.0,1869.63,4.023571428571407,Bull flag after impulsive advance,rule_candidate,pending
flag__2022-05-30__0040313,flag,0,no_pattern,neutral,0.0,,flag/images/no_pattern/2022/05/flag__2022-05-30__0040313.png,,2022-05-30,40114,40313,2022-05-18T06:00:00+00:00,2022-05-30T21:00:00+00:00,,,,,,,,,,,,,No rule-based candidate at this daily endpoint,rule_candidate,pending
flag__2022-05-31__0040336,flag,1,forming,bullish,0.5300605221004692,200.0,flag/images/forming/2022/05/flag__2022-05-31__0040336.png,,2022-05-31,40137,40336,2022-05-19T06:00:00+00:00,2022-05-31T23:00:00+00:00,40211.0,40336.0,2022-05-24T11:00:00+00:00,2022-05-31T23:00:00+00:00,,,1863.91,1833.6669642857144,1924.3960714285715,2.0,1863.91,5.212142857142875,Bull flag after impulsive advance,rule_candidate,pending
flag__2022-06-01__0040359,flag,1,forming,bullish,0.6329391845899222,200.0,flag/images/forming/2022/06/flag__2022-06-01__0040359.png,,2022-06-01,40160,40359,2022-05-20T06:00:00+00:00,2022-06-01T23:00:00+00:00,40234.0,40359.0,2022-05-25T11:00:00+00:00,2022-06-01T23:00:00+00:00,,,1863.91,1827.0733928571428,1937.5832142857146,2.0,1863.91,5.386428571428545,Bull flag after impulsive advance,rule_candidate,pending
flag__2022-06-02__0040382,flag,0,no_pattern,neutral,0.0,,flag/images/no_pattern/2022/06/flag__2022-06-02__0040382.png,,2022-06-02,40183,40382,2022-05-23T06:00:00+00:00,2022-06-02T23:00:00+00:00,,,,,,,,,,,,,No rule-based candidate at this daily endpoint,rule_candidate,pending
flag__2022-06-03__0040405,flag,1,forming,bullish,0.6774919361116367,64.0,flag/images/forming/2022/06/flag__2022-06-03__0040405.png,,2022-06-03,40206,40405,2022-05-24T06:00:00+00:00,2022-06-03T23:00:00+00:00,40366.0,40405.0,2022-06-02T07:00:00+00:00,2022-06-03T23:00:00+00:00,,,1874.01,1846.2117857142857,1929.6064285714285,2.0,1874.01,4.352857142857131,Bull flag after impulsive advance,rule_candidate,pending
flag__2022-06-06__0040428,flag,0,no_pattern,neutral,0.0,,flag/images/no_pattern/2022/06/flag__2022-06-06__0040428.png,,2022-06-06,40229,40428,2022-05-25T06:00:00+00:00,2022-06-06T23:00:00+00:00,,,,,,,,,,,,,No rule-based candidate at this daily endpoint,rule_candidate,pending
flag__2022-06-07__0040451,flag,0,no_pattern,neutral,0.0,,flag/images/no_pattern/2022/06/flag__2022-06-07__0040451.png,,2022-06-07,40252,40451,2022-05-26T06:00:00+00:00,2022-06-07T23:00:00+00:00,,,,,,,,,,,,,No rule-based candidate at this daily endpoint,rule_candidate,pending
flag__2022-06-08__0040474,flag,0,no_pattern,neutral,0.0,,flag/images/no_pattern/2022/06/flag__2022-06-08__0040474.png,,2022-06-08,40275,40474,2022-05-27T06:00:00+00:00,2022-06-08T23:00:00+00:00,,,,,,,,,,,,,No rule-based candidate at this daily endpoint,rule_candidate,pending
flag__2022-06-09__0040497,flag,0,no_pattern,neutral,0.0,,flag/images/no_pattern/2022/06/flag__2022-06-09__0040497.png,,2022-06-09,40298,40497,2022-05-30T06:00:00+00:00,2022-06-09T23:00:00+00:00,,,,,,,,,,,,,No rule-based candidate at this daily endpoint,rule_candidate,pending
flag__2022-06-10__0040520,flag,0,no_pattern,neutral,0.0,,flag/images/no_pattern/2022/06/flag__2022-06-10__0040520.png,,2022-06-10,40321,40520,2022-05-31T08:00:00+00:00,2022-06-10T23:00:00+00:00,,,,,,,,,,,,,No rule-based candidate at this daily endpoint,rule_candidate,pending
flag__2022-06-13__0040543,flag,0,no_pattern,neutral,0.0,,flag/images/no_pattern/2022/06/flag__2022-06-13__0040543.png,,2022-06-13,40344,40543,2022-06-01T08:00:00+00:00,2022-06-13T23:00:00+00:00,,,,,,,,,,,,,No rule-based candidate at this daily endpoint,rule_candidate,pending
flag__2022-06-14__0040566,flag,0,no_pattern,neutral,0.0,,flag/images/no_pattern/2022/06/flag__2022-06-14__0040566.png,,2022-06-14,40367,40566,2022-06-02T08:00:00+00:00,2022-06-14T23:00:00+00:00,,,,,,,,,,,,,No rule-based candidate at this daily endpoint,rule_candidate,pending
flag__2022-06-15__0040589,flag,0,no_pattern,neutral,0.0,,flag/images/no_pattern/2022/06/flag__2022-06-15__0040589.png,,2022-06-15,40390,40589,2022-06-03T08:00:00+00:00,2022-06-15T23:00:00+00:00,,,,,,,,,,,,,No rule-based candidate at this daily endpoint,rule_candidate,pending
flag__2022-06-16__0040612,flag,0,no_pattern,neutral,0.0,,flag/images/no_pattern/2022/06/flag__2022-06-16__0040612.png,,2022-06-16,40413,40612,2022-06-06T08:00:00+00:00,2022-06-16T23:00:00+00:00,,,,,,,,,,,,,No rule-based candidate at this daily endpoint,rule_candidate,pending
flag__2022-06-17__0040635,flag,1,forming,bullish,0.6317142305685983,64.0,flag/images/forming/2022/06/flag__2022-06-17__0040635.png,,2022-06-17,40436,40635,2022-06-07T08:00:00+00:00,2022-06-17T23:00:00+00:00,40596.0,40635.0,2022-06-16T07:00:00+00:00,2022-06-17T23:00:00+00:00,,,1857.48,1830.6155357142857,1911.2089285714287,2.0,1857.48,5.497857142857161,Bull flag after impulsive advance,rule_candidate,pending
flag__2022-06-20__0040656,flag,1,forming,bullish,0.6429678585154038,100.0,flag/images/forming/2022/06/flag__2022-06-20__0040656.png,,2022-06-20,40457,40656,2022-06-08T06:00:00+00:00,2022-06-20T21:00:00+00:00,40594.0,40656.0,2022-06-16T05:00:00+00:00,2022-06-20T21:00:00+00:00,,,1857.48,1832.9630357142858,1906.5139285714286,2.0,1857.48,3.1878571428571183,Bull flag after impulsive advance,rule_candidate,pending
flag__2022-06-21__0040679,flag,1,forming,bullish,0.6190990705063258,120.0,flag/images/forming/2022/06/flag__2022-06-21__0040679.png,,2022-06-21,40480,40679,2022-06-09T06:00:00+00:00,2022-06-21T23:00:00+00:00,40604.0,40679.0,2022-06-16T15:00:00+00:00,2022-06-21T23:00:00+00:00,,,1852.88,1827.2173214285715,1904.2053571428573,2.0,1852.88,4.930714285714283,Bull flag after impulsive advance,rule_candidate,pending
flag__2022-06-22__0040702,flag,1,forming,bullish,0.5707365735843646,160.0,flag/images/forming/2022/06/flag__2022-06-22__0040702.png,,2022-06-22,40503,40702,2022-06-10T06:00:00+00:00,2022-06-22T23:00:00+00:00,40602.0,40702.0,2022-06-16T13:00:00+00:00,2022-06-22T23:00:00+00:00,,,1847.78,1821.837857142857,1899.6642857142858,2.0,1847.78,5.888571428571448,Bull flag after impulsive advance,rule_candidate,pending
flag__2022-06-23__0040725,flag,1,forming,bullish,0.5446081170076758,160.0,flag/images/forming/2022/06/flag__2022-06-23__0040725.png,,2022-06-23,40526,40725,2022-06-13T06:00:00+00:00,2022-06-23T23:00:00+00:00,40625.0,40725.0,2022-06-17T13:00:00+00:00,2022-06-23T23:00:00+00:00,,,1847.78,1821.007142857143,1901.325714285714,2.0,1847.78,5.651428571428612,Bull flag after impulsive advance,rule_candidate,pending
flag__2022-06-24__0040748,flag,1,forming,bullish,0.5345437646869949,64.0,flag/images/forming/2022/06/flag__2022-06-24__0040748.png,,2022-06-24,40549,40748,2022-06-14T06:00:00+00:00,2022-06-24T23:00:00+00:00,40709.0,40748.0,2022-06-23T07:00:00+00:00,2022-06-24T23:00:00+00:00,,,1841.92,1815.47625,1894.8075000000003,2.0,1841.92,5.1749999999999705,Bull flag after impulsive advance,rule_candidate,pending
flag__2022-06-27__0040771,flag,1,forming,bullish,0.5427446907548106,200.0,flag/images/forming/2022/06/flag__2022-06-27__0040771.png,,2022-06-27,40572,40771,2022-06-15T06:00:00+00:00,2022-06-27T23:00:00+00:00,40646.0,40771.0,2022-06-20T11:00:00+00:00,2022-06-27T23:00:00+00:00,,,1847.78,1815.6978571428572,1911.9442857142856,2.0,1847.78,4.288571428571426,Bull flag after impulsive advance,rule_candidate,pending
flag__2022-06-28__0040794,flag,0,no_pattern,neutral,0.0,,flag/images/no_pattern/2022/06/flag__2022-06-28__0040794.png,,2022-06-28,40595,40794,2022-06-16T06:00:00+00:00,2022-06-28T23:00:00+00:00,,,,,,,,,,,,,No rule-based candidate at this daily endpoint,rule_candidate,pending
flag__2022-06-29__0040817,flag,0,no_pattern,neutral,0.0,,flag/images/no_pattern/2022/06/flag__2022-06-29__0040817.png,,2022-06-29,40618,40817,2022-06-17T06:00:00+00:00,2022-06-29T23:00:00+00:00,,,,,,,,,,,,,No rule-based candidate at this daily endpoint,rule_candidate,pending
flag__2022-06-30__0040840,flag,0,no_pattern,neutral,0.0,,flag/images/no_pattern/2022/06/flag__2022-06-30__0040840.png,,2022-06-30,40641,40840,2022-06-20T06:00:00+00:00,2022-06-30T23:00:00+00:00,,,,,,,,,,,,,No rule-based candidate at this daily endpoint,rule_candidate,pending
flag__2022-07-01__0040863,flag,0,no_pattern,neutral,0.0,,flag/images/no_pattern/2022/07/flag__2022-07-01__0040863.png,,2022-07-01,40664,40863,2022-06-21T08:00:00+00:00,2022-07-01T23:00:00+00:00,,,,,,,,,,,,,No rule-based candidate at this daily endpoint,rule_candidate,pending
flag__2022-07-04__0040884,flag,0,no_pattern,neutral,0.0,,flag/images/no_pattern/2022/07/flag__2022-07-04__0040884.png,,2022-07-04,40685,40884,2022-06-22T06:00:00+00:00,2022-07-04T21:00:00+00:00,,,,,,,,,,,,,No rule-based candidate at this daily endpoint,rule_candidate,pending
flag__2022-07-05__0040907,flag,0,no_pattern,neutral,0.0,,flag/images/no_pattern/2022/07/flag__2022-07-05__0040907.png,,2022-07-05,40708,40907,2022-06-23T06:00:00+00:00,2022-07-05T23:00:00+00:00,,,,,,,,,,,,,No rule-based candidate at this daily endpoint,rule_candidate,pending
flag__2022-07-06__0040930,flag,0,no_pattern,neutral,0.0,,flag/images/no_pattern/2022/07/flag__2022-07-06__0040930.png,,2022-07-06,40731,40930,2022-06-24T06:00:00+00:00,2022-07-06T23:00:00+00:00,,,,,,,,,,,,,No rule-based candidate at this daily endpoint,rule_candidate,pending
flag__2022-07-07__0040953,flag,0,no_pattern,neutral,0.0,,flag/images/no_pattern/2022/07/flag__2022-07-07__0040953.png,,2022-07-07,40754,40953,2022-06-27T06:00:00+00:00,2022-07-07T23:00:00+00:00,,,,,,,,,,,,,No rule-based candidate at this daily endpoint,rule_candidate,pending
flag__2022-07-08__0040976,flag,0,no_pattern,neutral,0.0,,flag/images/no_pattern/2022/07/flag__2022-07-08__0040976.png,,2022-07-08,40777,40976,2022-06-28T06:00:00+00:00,2022-07-08T23:00:00+00:00,,,,,,,,,,,,,No rule-based candidate at this daily endpoint,rule_candidate,pending
flag__2022-07-11__0040999,flag,0,no_pattern,neutral,0.0,,flag/images/no_pattern/2022/07/flag__2022-07-11__0040999.png,,2022-07-11,40800,40999,2022-06-29T06:00:00+00:00,2022-07-11T23:00:00+00:00,,,,,,,,,,,,,No rule-based candidate at this daily endpoint,rule_candidate,pending
flag__2022-07-12__0041022,flag,0,no_pattern,neutral,0.0,,flag/images/no_pattern/2022/07/flag__2022-07-12__0041022.png,,2022-07-12,40823,41022,2022-06-30T06:00:00+00:00,2022-07-12T23:00:00+00:00,,,,,,,,,,,,,No rule-based candidate at this daily endpoint,rule_candidate,pending
flag__2022-07-13__0041045,flag,0,no_pattern,neutral,0.0,,flag/images/no_pattern/2022/07/flag__2022-07-13__0041045.png,,2022-07-13,40846,41045,2022-07-01T06:00:00+00:00,2022-07-13T23:00:00+00:00,,,,,,,,,,,,,No rule-based candidate at this daily endpoint,rule_candidate,pending
flag__2022-07-14__0041068,flag,0,no_pattern,neutral,0.0,,flag/images/no_pattern/2022/07/flag__2022-07-14__0041068.png,,2022-07-14,40869,41068,2022-07-04T06:00:00+00:00,2022-07-14T23:00:00+00:00,,,,,,,,,,,,,No rule-based candidate at this daily endpoint,rule_candidate,pending
flag__2022-07-15__0041091,flag,0,no_pattern,neutral,0.0,,flag/images/no_pattern/2022/07/flag__2022-07-15__0041091.png,,2022-07-15,40892,41091,2022-07-05T08:00:00+00:00,2022-07-15T23:00:00+00:00,,,,,,,,,,,,,No rule-based candidate at this daily endpoint,rule_candidate,pending
flag__2022-07-18__0041114,flag,0,no_pattern,neutral,0.0,,flag/images/no_pattern/2022/07/flag__2022-07-18__0041114.png,,2022-07-18,40915,41114,2022-07-06T08:00:00+00:00,2022-07-18T23:00:00+00:00,,,,,,,,,,,,,No rule-based candidate at this daily endpoint,rule_candidate,pending
flag__2022-07-19__0041137,flag,0,no_pattern,neutral,0.0,,flag/images/no_pattern/2022/07/flag__2022-07-19__0041137.png,,2022-07-19,40938,41137,2022-07-07T08:00:00+00:00,2022-07-19T23:00:00+00:00,,,,,,,,,,,,,No rule-based candidate at this daily endpoint,rule_candidate,pending
flag__2022-07-20__0041160,flag,0,no_pattern,neutral,0.0,,flag/images/no_pattern/2022/07/flag__2022-07-20__0041160.png,,2022-07-20,40961,41160,2022-07-08T08:00:00+00:00,2022-07-20T23:00:00+00:00,,,,,,,,,,,,,No rule-based candidate at this daily endpoint,rule_candidate,pending
flag__2022-07-21__0041183,flag,0,no_pattern,neutral,0.0,,flag/images/no_pattern/2022/07/flag__2022-07-21__0041183.png,,2022-07-21,40984,41183,2022-07-11T08:00:00+00:00,2022-07-21T23:00:00+00:00,,,,,,,,,,,,,No rule-based candidate at this daily endpoint,rule_candidate,pending
flag__2022-07-22__0041206,flag,0,no_pattern,neutral,0.0,,flag/images/no_pattern/2022/07/flag__2022-07-22__0041206.png,,2022-07-22,41007,41206,2022-07-12T08:00:00+00:00,2022-07-22T23:00:00+00:00,,,,,,,,,,,,,No rule-based candidate at this daily endpoint,rule_candidate,pending
flag__2022-07-25__0041229,flag,1,forming,bullish,0.5940704835729408,64.0,flag/images/forming/2022/07/flag__2022-07-25__0041229.png,,2022-07-25,41030,41229,2022-07-13T08:00:00+00:00,2022-07-25T23:00:00+00:00,41190.0,41229.0,2022-07-22T07:00:00+00:00,2022-07-25T23:00:00+00:00,,,1736.0,1713.4558928571428,1781.0882142857145,2.0,1736.0,4.4964285714285745,Bull flag after impulsive advance,rule_candidate,pending
flag__2022-07-26__0041252,flag,1,forming,bullish,0.5959397119877142,100.0,flag/images/forming/2022/07/flag__2022-07-26__0041252.png,,2022-07-26,41053,41252,2022-07-14T08:00:00+00:00,2022-07-26T23:00:00+00:00,41190.0,41252.0,2022-07-22T07:00:00+00:00,2022-07-26T23:00:00+00:00,,,1736.0,1712.4392857142857,1783.1214285714286,2.0,1736.0,4.082857142857149,Bull flag after impulsive advance,rule_candidate,pending
flag__2022-07-27__0041275,flag,1,forming,bullish,0.5453351790253329,160.0,flag/images/forming/2022/07/flag__2022-07-27__0041275.png,,2022-07-27,41076,41275,2022-07-15T08:00:00+00:00,2022-07-27T23:00:00+00:00,41175.0,41275.0,2022-07-21T15:00:00+00:00,2022-07-27T23:00:00+00:00,,,1740.18,1709.9466071428571,1800.646785714286,2.0,1740.18,5.3335714285714175,Bull flag after impulsive advance,rule_candidate,pending
flag__2022-07-28__0041298,flag,0,no_pattern,neutral,0.0,,flag/images/no_pattern/2022/07/flag__2022-07-28__0041298.png,,2022-07-28,41099,41298,2022-07-18T08:00:00+00:00,2022-07-28T23:00:00+00:00,,,,,,,,,,,,,No rule-based candidate at this daily endpoint,rule_candidate,pending
flag__2022-07-29__0041321,flag,0,no_pattern,neutral,0.0,,flag/images/no_pattern/2022/07/flag__2022-07-29__0041321.png,,2022-07-29,41122,41321,2022-07-19T08:00:00+00:00,2022-07-29T23:00:00+00:00,,,,,,,,,,,,,No rule-based candidate at this daily endpoint,rule_candidate,pending
flag__2022-08-01__0041344,flag,0,no_pattern,neutral,0.0,,flag/images/no_pattern/2022/08/flag__2022-08-01__0041344.png,,2022-08-01,41145,41344,2022-07-20T08:00:00+00:00,2022-08-01T23:00:00+00:00,,,,,,,,,,,,,No rule-based candidate at this daily endpoint,rule_candidate,pending
flag__2022-08-02__0041367,flag,0,no_pattern,neutral,0.0,,flag/images/no_pattern/2022/08/flag__2022-08-02__0041367.png,,2022-08-02,41168,41367,2022-07-21T08:00:00+00:00,2022-08-02T23:00:00+00:00,,,,,,,,,,,,,No rule-based candidate at this daily endpoint,rule_candidate,pending
flag__2022-08-03__0041390,flag,1,forming,bullish,0.6247060133825063,100.0,flag/images/forming/2022/08/flag__2022-08-03__0041390.png,,2022-08-03,41191,41390,2022-07-22T08:00:00+00:00,2022-08-03T23:00:00+00:00,41328.0,41390.0,2022-08-01T07:00:00+00:00,2022-08-03T23:00:00+00:00,,,1787.99,1752.9185714285716,1858.132857142857,2.0,1787.99,5.085714285714322,Bull flag after impulsive advance,rule_candidate,pending
flag__2022-08-04__0041413,flag,0,no_pattern,neutral,0.0,,flag/images/no_pattern/2022/08/flag__2022-08-04__0041413.png,,2022-08-04,41214,41413,2022-07-25T08:00:00+00:00,2022-08-04T23:00:00+00:00,,,,,,,,,,,,,No rule-based candidate at this daily endpoint,rule_candidate,pending
flag__2022-08-05__0041436,flag,0,no_pattern,neutral,0.0,,flag/images/no_pattern/2022/08/flag__2022-08-05__0041436.png,,2022-08-05,41237,41436,2022-07-26T08:00:00+00:00,2022-08-05T23:00:00+00:00,,,,,,,,,,,,,No rule-based candidate at this daily endpoint,rule_candidate,pending
flag__2022-08-08__0041459,flag,1,forming,bullish,0.5423879235363659,100.0,flag/images/forming/2022/08/flag__2022-08-08__0041459.png,,2022-08-08,41260,41459,2022-07-27T08:00:00+00:00,2022-08-08T23:00:00+00:00,41397.0,41459.0,2022-08-04T07:00:00+00:00,2022-08-08T23:00:00+00:00,,,1794.8,1763.8869642857142,1856.6260714285715,2.0,1794.8,3.7721428571428532,Bull flag after impulsive advance,rule_candidate,pending
flag__2022-08-09__0041482,flag,0,no_pattern,neutral,0.0,,flag/images/no_pattern/2022/08/flag__2022-08-09__0041482.png,,2022-08-09,41283,41482,2022-07-28T08:00:00+00:00,2022-08-09T23:00:00+00:00,,,,,,,,,,,,,No rule-based candidate at this daily endpoint,rule_candidate,pending
flag__2022-08-10__0041505,flag,0,no_pattern,neutral,0.0,,flag/images/no_pattern/2022/08/flag__2022-08-10__0041505.png,,2022-08-10,41306,41505,2022-07-29T08:00:00+00:00,2022-08-10T23:00:00+00:00,,,,,,,,,,,,,No rule-based candidate at this daily endpoint,rule_candidate,pending
flag__2022-08-11__0041528,flag,1,forming,bullish,0.565354081082328,80.0,flag/images/forming/2022/08/flag__2022-08-11__0041528.png,,2022-08-11,41329,41528,2022-08-01T08:00:00+00:00,2022-08-11T23:00:00+00:00,41479.0,41528.0,2022-08-09T20:00:00+00:00,2022-08-11T23:00:00+00:00,,,1807.78,1782.2833928571429,1858.7732142857142,2.0,1807.78,4.46642857142857,Bull flag after impulsive advance,rule_candidate,pending
flag__2022-08-12__0041551,flag,0,no_pattern,neutral,0.0,,flag/images/no_pattern/2022/08/flag__2022-08-12__0041551.png,,2022-08-12,41352,41551,2022-08-02T08:00:00+00:00,2022-08-12T23:00:00+00:00,,,,,,,,,,,,,No rule-based candidate at this daily endpoint,rule_candidate,pending
flag__2022-08-15__0041574,flag,1,forming,bullish,0.5515042012983914,200.0,flag/images/forming/2022/08/flag__2022-08-15__0041574.png,,2022-08-15,41375,41574,2022-08-03T08:00:00+00:00,2022-08-15T23:00:00+00:00,41449.0,41574.0,2022-08-08T13:00:00+00:00,2022-08-15T23:00:00+00:00,,,1807.78,1771.5410714285713,1880.2578571428573,2.0,1807.78,5.195714285714287,Bull flag after impulsive advance,rule_candidate,pending
flag__2022-08-16__0041597,flag,0,no_pattern,neutral,0.0,,flag/images/no_pattern/2022/08/flag__2022-08-16__0041597.png,,2022-08-16,41398,41597,2022-08-04T08:00:00+00:00,2022-08-16T23:00:00+00:00,,,,,,,,,,,,,No rule-based candidate at this daily endpoint,rule_candidate,pending
flag__2022-08-17__0041620,flag,0,no_pattern,neutral,0.0,,flag/images/no_pattern/2022/08/flag__2022-08-17__0041620.png,,2022-08-17,41421,41620,2022-08-05T08:00:00+00:00,2022-08-17T23:00:00+00:00,,,,,,,,,,,,,No rule-based candidate at this daily endpoint,rule_candidate,pending
flag__2022-08-18__0041643,flag,0,no_pattern,neutral,0.0,,flag/images/no_pattern/2022/08/flag__2022-08-18__0041643.png,,2022-08-18,41444,41643,2022-08-08T08:00:00+00:00,2022-08-18T23:00:00+00:00,,,,,,,,,,,,,No rule-based candidate at this daily endpoint,rule_candidate,pending
flag__2022-08-19__0041666,flag,0,no_pattern,neutral,0.0,,flag/images/no_pattern/2022/08/flag__2022-08-19__0041666.png,,2022-08-19,41467,41666,2022-08-09T08:00:00+00:00,2022-08-19T23:00:00+00:00,,,,,,,,,,,,,No rule-based candidate at this daily endpoint,rule_candidate,pending
flag__2022-08-22__0041689,flag,0,no_pattern,neutral,0.0,,flag/images/no_pattern/2022/08/flag__2022-08-22__0041689.png,,2022-08-22,41490,41689,2022-08-10T08:00:00+00:00,2022-08-22T23:00:00+00:00,,,,,,,,,,,,,No rule-based candidate at this daily endpoint,rule_candidate,pending
flag__2022-08-23__0041712,flag,0,no_pattern,neutral,0.0,,flag/images/no_pattern/2022/08/flag__2022-08-23__0041712.png,,2022-08-23,41513,41712,2022-08-11T08:00:00+00:00,2022-08-23T23:00:00+00:00,,,,,,,,,,,,,No rule-based candidate at this daily endpoint,rule_candidate,pending
flag__2022-08-24__0041735,flag,0,no_pattern,neutral,0.0,,flag/images/no_pattern/2022/08/flag__2022-08-24__0041735.png,,2022-08-24,41536,41735,2022-08-12T08:00:00+00:00,2022-08-24T23:00:00+00:00,,,,,,,,,,,,,No rule-based candidate at this daily endpoint,rule_candidate,pending
flag__2022-08-25__0041758,flag,0,no_pattern,neutral,0.0,,flag/images/no_pattern/2022/08/flag__2022-08-25__0041758.png,,2022-08-25,41559,41758,2022-08-15T08:00:00+00:00,2022-08-25T23:00:00+00:00,,,,,,,,,,,,,No rule-based candidate at this daily endpoint,rule_candidate,pending
flag__2022-08-26__0041781,flag,0,no_pattern,neutral,0.0,,flag/images/no_pattern/2022/08/flag__2022-08-26__0041781.png,,2022-08-26,41582,41781,2022-08-16T08:00:00+00:00,2022-08-26T23:00:00+00:00,,,,,,,,,,,,,No rule-based candidate at this daily endpoint,rule_candidate,pending
flag__2022-08-29__0041804,flag,1,forming,bullish,0.6602536554098072,120.0,flag/images/forming/2022/08/flag__2022-08-29__0041804.png,,2022-08-29,41605,41804,2022-08-17T08:00:00+00:00,2022-08-29T23:00:00+00:00,41729.0,41804.0,2022-08-24T17:00:00+00:00,2022-08-29T23:00:00+00:00,,,1761.59,1719.1148214285715,1846.5403571428567,2.0,1761.59,4.4207142857142605,Bull flag after impulsive advance,rule_candidate,pending
flag__2022-08-30__0041827,flag,0,no_pattern,neutral,0.0,,flag/images/no_pattern/2022/08/flag__2022-08-30__0041827.png,,2022-08-30,41628,41827,2022-08-18T08:00:00+00:00,2022-08-30T23:00:00+00:00,,,,,,,,,,,,,No rule-based candidate at this daily endpoint,rule_candidate,pending
flag__2022-08-31__0041850,flag,0,no_pattern,neutral,0.0,,flag/images/no_pattern/2022/08/flag__2022-08-31__0041850.png,,2022-08-31,41651,41850,2022-08-19T08:00:00+00:00,2022-08-31T23:00:00+00:00,,,,,,,,,,,,,No rule-based candidate at this daily endpoint,rule_candidate,pending
flag__2022-09-01__0041873,flag,0,no_pattern,neutral,0.0,,flag/images/no_pattern/2022/09/flag__2022-09-01__0041873.png,,2022-09-01,41674,41873,2022-08-22T08:00:00+00:00,2022-09-01T23:00:00+00:00,,,,,,,,,,,,,No rule-based candidate at this daily endpoint,rule_candidate,pending
flag__2022-09-02__0041896,flag,0,no_pattern,neutral,0.0,,flag/images/no_pattern/2022/09/flag__2022-09-02__0041896.png,,2022-09-02,41697,41896,2022-08-23T08:00:00+00:00,2022-09-02T23:00:00+00:00,,,,,,,,,,,,,No rule-based candidate at this daily endpoint,rule_candidate,pending
flag__2022-09-05__0041917,flag,0,no_pattern,neutral,0.0,,flag/images/no_pattern/2022/09/flag__2022-09-05__0041917.png,,2022-09-05,41718,41917,2022-08-24T06:00:00+00:00,2022-09-05T21:00:00+00:00,,,,,,,,,,,,,No rule-based candidate at this daily endpoint,rule_candidate,pending
flag__2022-09-06__0041940,flag,0,no_pattern,neutral,0.0,,flag/images/no_pattern/2022/09/flag__2022-09-06__0041940.png,,2022-09-06,41741,41940,2022-08-25T06:00:00+00:00,2022-09-06T23:00:00+00:00,,,,,,,,,,,,,No rule-based candidate at this daily endpoint,rule_candidate,pending
flag__2022-09-07__0041963,flag,1,forming,bullish,0.5515990965276905,100.0,flag/images/forming/2022/09/flag__2022-09-07__0041963.png,,2022-09-07,41764,41963,2022-08-26T06:00:00+00:00,2022-09-07T23:00:00+00:00,41901.0,41963.0,2022-09-05T05:00:00+00:00,2022-09-07T23:00:00+00:00,,,1726.66,1690.0116071428572,1799.9567857142858,2.0,1726.66,5.033571428571398,Bull flag after impulsive advance,rule_candidate,pending
flag__2022-09-08__0041986,flag,1,forming,bullish,0.5999033165443108,48.0,flag/images/forming/2022/09/flag__2022-09-08__0041986.png,,2022-09-08,41787,41986,2022-08-29T06:00:00+00:00,2022-09-08T23:00:00+00:00,41957.0,41986.0,2022-09-07T17:00:00+00:00,2022-09-08T23:00:00+00:00,,,1728.09,1702.6110714285714,1779.0478571428569,2.0,1728.09,5.075714285714298,Bull flag after impulsive advance,rule_candidate,pending
flag__2022-09-09__0042009,flag,0,no_pattern,neutral,0.0,,flag/images/no_pattern/2022/09/flag__2022-09-09__0042009.png,,2022-09-09,41810,42009,2022-08-30T06:00:00+00:00,2022-09-09T23:00:00+00:00,,,,,,,,,,,,,No rule-based candidate at this daily endpoint,rule_candidate,pending
flag__2022-09-12__0042032,flag,0,no_pattern,neutral,0.0,,flag/images/no_pattern/2022/09/flag__2022-09-12__0042032.png,,2022-09-12,41833,42032,2022-08-31T06:00:00+00:00,2022-09-12T23:00:00+00:00,,,,,,,,,,,,,No rule-based candidate at this daily endpoint,rule_candidate,pending
flag__2022-09-13__0042055,flag,1,forming,bullish,0.5402991198257725,120.0,flag/images/forming/2022/09/flag__2022-09-13__0042055.png,,2022-09-13,41856,42055,2022-09-01T06:00:00+00:00,2022-09-13T23:00:00+00:00,41980.0,42055.0,2022-09-08T17:00:00+00:00,2022-09-13T23:00:00+00:00,,,1734.99,1695.3739285714287,1814.2221428571427,2.0,1734.99,6.184285714285709,Bull flag after impulsive advance,rule_candidate,pending
flag__2022-09-14__0042078,flag,0,no_pattern,neutral,0.0,,flag/images/no_pattern/2022/09/flag__2022-09-14__0042078.png,,2022-09-14,41879,42078,2022-09-02T06:00:00+00:00,2022-09-14T23:00:00+00:00,,,,,,,,,,,,,No rule-based candidate at this daily endpoint,rule_candidate,pending
flag__2022-09-15__0042101,flag,0,no_pattern,neutral,0.0,,flag/images/no_pattern/2022/09/flag__2022-09-15__0042101.png,,2022-09-15,41902,42101,2022-09-05T06:00:00+00:00,2022-09-15T23:00:00+00:00,,,,,,,,,,,,,No rule-based candidate at this daily endpoint,rule_candidate,pending
flag__2022-09-16__0042124,flag,0,no_pattern,neutral,0.0,,flag/images/no_pattern/2022/09/flag__2022-09-16__0042124.png,,2022-09-16,41925,42124,2022-09-06T08:00:00+00:00,2022-09-16T23:00:00+00:00,,,,,,,,,,,,,No rule-based candidate at this daily endpoint,rule_candidate,pending
flag__2022-09-19__0042147,flag,1,forming,bullish,0.5300139153446716,48.0,flag/images/forming/2022/09/flag__2022-09-19__0042147.png,,2022-09-19,41948,42147,2022-09-07T08:00:00+00:00,2022-09-19T23:00:00+00:00,42118.0,42147.0,2022-09-16T17:00:00+00:00,2022-09-19T23:00:00+00:00,,,1679.76,1658.4144642857143,1722.4510714285714,2.0,1679.76,4.5421428571429,Bull flag after impulsive advance,rule_candidate,pending
flag__2022-09-20__0042170,flag,0,no_pattern,neutral,0.0,,flag/images/no_pattern/2022/09/flag__2022-09-20__0042170.png,,2022-09-20,41971,42170,2022-09-08T08:00:00+00:00,2022-09-20T23:00:00+00:00,,,,,,,,,,,,,No rule-based candidate at this daily endpoint,rule_candidate,pending
flag__2022-09-21__0042193,flag,0,no_pattern,neutral,0.0,,flag/images/no_pattern/2022/09/flag__2022-09-21__0042193.png,,2022-09-21,41994,42193,2022-09-09T08:00:00+00:00,2022-09-21T23:00:00+00:00,,,,,,,,,,,,,No rule-based candidate at this daily endpoint,rule_candidate,pending
flag__2022-09-22__0042216,flag,0,no_pattern,neutral,0.0,,flag/images/no_pattern/2022/09/flag__2022-09-22__0042216.png,,2022-09-22,42017,42216,2022-09-12T08:00:00+00:00,2022-09-22T23:00:00+00:00,,,,,,,,,,,,,No rule-based candidate at this daily endpoint,rule_candidate,pending
flag__2022-09-23__0042239,flag,0,no_pattern,neutral,0.0,,flag/images/no_pattern/2022/09/flag__2022-09-23__0042239.png,,2022-09-23,42040,42239,2022-09-13T08:00:00+00:00,2022-09-23T23:00:00+00:00,,,,,,,,,,,,,No rule-based candidate at this daily endpoint,rule_candidate,pending
flag__2022-09-26__0042262,flag,0,no_pattern,neutral,0.0,,flag/images/no_pattern/2022/09/flag__2022-09-26__0042262.png,,2022-09-26,42063,42262,2022-09-14T08:00:00+00:00,2022-09-26T23:00:00+00:00,,,,,,,,,,,,,No rule-based candidate at this daily endpoint,rule_candidate,pending
flag__2022-09-27__0042285,flag,0,no_pattern,neutral,0.0,,flag/images/no_pattern/2022/09/flag__2022-09-27__0042285.png,,2022-09-27,42086,42285,2022-09-15T08:00:00+00:00,2022-09-27T23:00:00+00:00,,,,,,,,,,,,,No rule-based candidate at this daily endpoint,rule_candidate,pending
flag__2022-09-28__0042308,flag,0,no_pattern,neutral,0.0,,flag/images/no_pattern/2022/09/flag__2022-09-28__0042308.png,,2022-09-28,42109,42308,2022-09-16T08:00:00+00:00,2022-09-28T23:00:00+00:00,,,,,,,,,,,,,No rule-based candidate at this daily endpoint,rule_candidate,pending
flag__2022-09-29__0042331,flag,1,forming,bullish,0.5336626411320781,64.0,flag/images/forming/2022/09/flag__2022-09-29__0042331.png,,2022-09-29,42132,42331,2022-09-19T08:00:00+00:00,2022-09-29T23:00:00+00:00,42292.0,42331.0,2022-09-28T07:00:00+00:00,2022-09-29T23:00:00+00:00,,,1664.76,1639.9292857142857,1714.4214285714286,2.0,1664.76,5.882857142857152,Bull flag after impulsive advance,rule_candidate,pending
flag__2022-09-30__0042354,flag,0,no_pattern,neutral,0.0,,flag/images/no_pattern/2022/09/flag__2022-09-30__0042354.png,,2022-09-30,42155,42354,2022-09-20T08:00:00+00:00,2022-09-30T23:00:00+00:00,,,,,,,,,,,,,No rule-based candidate at this daily endpoint,rule_candidate,pending
flag__2022-10-03__0042377,flag,0,no_pattern,neutral,0.0,,flag/images/no_pattern/2022/10/flag__2022-10-03__0042377.png,,2022-10-03,42178,42377,2022-09-21T08:00:00+00:00,2022-10-03T23:00:00+00:00,,,,,,,,,,,,,No rule-based candidate at this daily endpoint,rule_candidate,pending
flag__2022-10-04__0042400,flag,0,no_pattern,neutral,0.0,,flag/images/no_pattern/2022/10/flag__2022-10-04__0042400.png,,2022-10-04,42201,42400,2022-09-22T08:00:00+00:00,2022-10-04T23:00:00+00:00,,,,,,,,,,,,,No rule-based candidate at this daily endpoint,rule_candidate,pending
flag__2022-10-05__0042423,flag,1,forming,bullish,0.6522524338252655,64.0,flag/images/forming/2022/10/flag__2022-10-05__0042423.png,,2022-10-05,42224,42423,2022-09-23T08:00:00+00:00,2022-10-05T23:00:00+00:00,42384.0,42423.0,2022-10-04T07:00:00+00:00,2022-10-05T23:00:00+00:00,,,1729.42,1698.6305357142855,1790.9989285714291,2.0,1729.42,6.877857142857173,Bull flag after impulsive advance,rule_candidate,pending
flag__2022-10-06__0042446,flag,1,forming,bullish,0.5623202054694952,120.0,flag/images/forming/2022/10/flag__2022-10-06__0042446.png,,2022-10-06,42247,42446,2022-09-26T08:00:00+00:00,2022-10-06T23:00:00+00:00,42371.0,42446.0,2022-10-03T17:00:00+00:00,2022-10-06T23:00:00+00:00,,,1729.42,1699.0692857142856,1790.121428571429,2.0,1729.42,5.122857142857161,Bull flag after impulsive advance,rule_candidate,pending
flag__2022-10-07__0042469,flag,1,forming,bullish,0.6902940345414518,100.0,flag/images/forming/2022/10/flag__2022-10-07__0042469.png,,2022-10-07,42270,42469,2022-09-27T08:00:00+00:00,2022-10-07T23:00:00+00:00,42407.0,42469.0,2022-10-05T07:00:00+00:00,2022-10-07T23:00:00+00:00,,,1725.4,1688.8416071428571,1798.516785714286,2.0,1725.4,6.43357142857144,Bull flag after impulsive advance,rule_candidate,pending
flag__2022-10-10__0042492,flag,1,forming,bullish,0.6772392440501442,200.0,flag/images/forming/2022/10/flag__2022-10-10__0042492.png,,2022-10-10,42293,42492,2022-09-28T08:00:00+00:00,2022-10-10T23:00:00+00:00,42367.0,42492.0,2022-10-03T13:00:00+00:00,2022-10-10T23:00:00+00:00,,,1727.64,1664.3435714285713,1854.2328571428577,2.0,1727.64,4.94571428571427,Bull flag after impulsive advance,rule_candidate,pending
flag__2022-10-11__0042515,flag,0,no_pattern,neutral,0.0,,flag/images/no_pattern/2022/10/flag__2022-10-11__0042515.png,,2022-10-11,42316,42515,2022-09-29T08:00:00+00:00,2022-10-11T23:00:00+00:00,,,,,,,,,,,,,No rule-based candidate at this daily endpoint,rule_candidate,pending
flag__2022-10-12__0042538,flag,0,no_pattern,neutral,0.0,,flag/images/no_pattern/2022/10/flag__2022-10-12__0042538.png,,2022-10-12,42339,42538,2022-09-30T08:00:00+00:00,2022-10-12T23:00:00+00:00,,,,,,,,,,,,,No rule-based candidate at this daily endpoint,rule_candidate,pending
flag__2022-10-13__0042561,flag,0,no_pattern,neutral,0.0,,flag/images/no_pattern/2022/10/flag__2022-10-13__0042561.png,,2022-10-13,42362,42561,2022-10-03T08:00:00+00:00,2022-10-13T23:00:00+00:00,,,,,,,,,,,,,No rule-based candidate at this daily endpoint,rule_candidate,pending
flag__2022-10-14__0042584,flag,0,no_pattern,neutral,0.0,,flag/images/no_pattern/2022/10/flag__2022-10-14__0042584.png,,2022-10-14,42385,42584,2022-10-04T08:00:00+00:00,2022-10-14T23:00:00+00:00,,,,,,,,,,,,,No rule-based candidate at this daily endpoint,rule_candidate,pending
flag__2022-10-17__0042607,flag,0,no_pattern,neutral,0.0,,flag/images/no_pattern/2022/10/flag__2022-10-17__0042607.png,,2022-10-17,42408,42607,2022-10-05T08:00:00+00:00,2022-10-17T23:00:00+00:00,,,,,,,,,,,,,No rule-based candidate at this daily endpoint,rule_candidate,pending
flag__2022-10-18__0042630,flag,0,no_pattern,neutral,0.0,,flag/images/no_pattern/2022/10/flag__2022-10-18__0042630.png,,2022-10-18,42431,42630,2022-10-06T08:00:00+00:00,2022-10-18T23:00:00+00:00,,,,,,,,,,,,,No rule-based candidate at this daily endpoint,rule_candidate,pending
flag__2022-10-19__0042653,flag,0,no_pattern,neutral,0.0,,flag/images/no_pattern/2022/10/flag__2022-10-19__0042653.png,,2022-10-19,42454,42653,2022-10-07T08:00:00+00:00,2022-10-19T23:00:00+00:00,,,,,,,,,,,,,No rule-based candidate at this daily endpoint,rule_candidate,pending
flag__2022-10-20__0042676,flag,0,no_pattern,neutral,0.0,,flag/images/no_pattern/2022/10/flag__2022-10-20__0042676.png,,2022-10-20,42477,42676,2022-10-10T08:00:00+00:00,2022-10-20T23:00:00+00:00,,,,,,,,,,,,,No rule-based candidate at this daily endpoint,rule_candidate,pending
flag__2022-10-21__0042699,flag,0,no_pattern,neutral,0.0,,flag/images/no_pattern/2022/10/flag__2022-10-21__0042699.png,,2022-10-21,42500,42699,2022-10-11T08:00:00+00:00,2022-10-21T23:00:00+00:00,,,,,,,,,,,,,No rule-based candidate at this daily endpoint,rule_candidate,pending
flag__2022-10-24__0042722,flag,1,forming,bullish,0.6342531732182288,48.0,flag/images/forming/2022/10/flag__2022-10-24__0042722.png,,2022-10-24,42523,42722,2022-10-12T08:00:00+00:00,2022-10-24T23:00:00+00:00,42693.0,42722.0,2022-10-21T17:00:00+00:00,2022-10-24T23:00:00+00:00,,,1670.6,1642.639107142857,1726.5217857142857,2.0,1670.6,4.923571428571449,Bull flag after impulsive advance,rule_candidate,pending
flag__2022-10-25__0042745,flag,1,forming,bullish,0.5426534328457433,100.0,flag/images/forming/2022/10/flag__2022-10-25__0042745.png,,2022-10-25,42546,42745,2022-10-13T08:00:00+00:00,2022-10-25T23:00:00+00:00,42683.0,42745.0,2022-10-21T07:00:00+00:00,2022-10-25T23:00:00+00:00,,,1670.6,1636.7332142857144,1738.3335714285708,2.0,1670.6,5.627142857142839,Bull flag after impulsive advance,rule_candidate,pending
flag__2022-10-26__0042768,flag,0,no_pattern,neutral,0.0,,flag/images/no_pattern/2022/10/flag__2022-10-26__0042768.png,,2022-10-26,42569,42768,2022-10-14T08:00:00+00:00,2022-10-26T23:00:00+00:00,,,,,,,,,,,,,No rule-based candidate at this daily endpoint,rule_candidate,pending
flag__2022-10-27__0042791,flag,1,forming,bullish,0.6517849010285027,80.0,flag/images/forming/2022/10/flag__2022-10-27__0042791.png,,2022-10-27,42592,42791,2022-10-17T08:00:00+00:00,2022-10-27T23:00:00+00:00,42742.0,42791.0,2022-10-25T20:00:00+00:00,2022-10-27T23:00:00+00:00,,,1674.85,1653.576607142857,1717.3967857142857,2.0,1674.85,4.693571428571447,Bull flag after impulsive advance,rule_candidate,pending
flag__2022-10-28__0042814,flag,1,forming,bullish,0.574177196218488,160.0,flag/images/forming/2022/10/flag__2022-10-28__0042814.png,,2022-10-28,42615,42814,2022-10-18T08:00:00+00:00,2022-10-28T23:00:00+00:00,42714.0,42814.0,2022-10-24T15:00:00+00:00,2022-10-28T23:00:00+00:00,,,1674.85,1636.5114285714285,1751.5271428571427,2.0,1674.85,5.394285714285745,Bull flag after impulsive advance,rule_candidate,pending
flag__2022-10-31__0042837,flag,0,no_pattern,neutral,0.0,,flag/images/no_pattern/2022/10/flag__2022-10-31__0042837.png,,2022-10-31,42638,42837,2022-10-19T08:00:00+00:00,2022-10-31T22:00:00+00:00,,,,,,,,,,,,,No rule-based candidate at this daily endpoint,rule_candidate,pending
flag__2022-11-01__0042860,flag,1,forming,bullish,0.6368922237162786,200.0,flag/images/forming/2022/11/flag__2022-11-01__0042860.png,,2022-11-01,42661,42860,2022-10-20T08:00:00+00:00,2022-11-01T22:00:00+00:00,42735.0,42860.0,2022-10-25T13:00:00+00:00,2022-11-01T22:00:00+00:00,,,1670.71,1629.4183928571429,1753.2932142857144,2.0,1670.71,4.806428571428569,Bull flag after impulsive advance,rule_candidate,pending
flag__2022-11-02__0042883,flag,0,no_pattern,neutral,0.0,,flag/images/no_pattern/2022/11/flag__2022-11-02__0042883.png,,2022-11-02,42684,42883,2022-10-21T08:00:00+00:00,2022-11-02T22:00:00+00:00,,,,,,,,,,,,,No rule-based candidate at this daily endpoint,rule_candidate,pending
flag__2022-11-03__0042906,flag,0,no_pattern,neutral,0.0,,flag/images/no_pattern/2022/11/flag__2022-11-03__0042906.png,,2022-11-03,42707,42906,2022-10-24T08:00:00+00:00,2022-11-03T22:00:00+00:00,,,,,,,,,,,,,No rule-based candidate at this daily endpoint,rule_candidate,pending
flag__2022-11-04__0042929,flag,0,no_pattern,neutral,0.0,,flag/images/no_pattern/2022/11/flag__2022-11-04__0042929.png,,2022-11-04,42730,42929,2022-10-25T08:00:00+00:00,2022-11-04T22:00:00+00:00,,,,,,,,,,,,,No rule-based candidate at this daily endpoint,rule_candidate,pending
flag__2022-11-07__0042952,flag,0,no_pattern,neutral,0.0,,flag/images/no_pattern/2022/11/flag__2022-11-07__0042952.png,,2022-11-07,42753,42952,2022-10-26T08:00:00+00:00,2022-11-07T23:00:00+00:00,,,,,,,,,,,,,No rule-based candidate at this daily endpoint,rule_candidate,pending
flag__2022-11-08__0042975,flag,0,no_pattern,neutral,0.0,,flag/images/no_pattern/2022/11/flag__2022-11-08__0042975.png,,2022-11-08,42776,42975,2022-10-27T08:00:00+00:00,2022-11-08T23:00:00+00:00,,,,,,,,,,,,,No rule-based candidate at this daily endpoint,rule_candidate,pending
flag__2022-11-09__0042998,flag,1,forming,bullish,0.5946820932624088,64.0,flag/images/forming/2022/11/flag__2022-11-09__0042998.png,,2022-11-09,42799,42998,2022-10-28T08:00:00+00:00,2022-11-09T23:00:00+00:00,42959.0,42998.0,2022-11-08T07:00:00+00:00,2022-11-09T23:00:00+00:00,,,1722.24,1700.7607142857141,1765.1985714285718,2.0,1722.24,5.397142857142837,Bull flag after impulsive advance,rule_candidate,pending
flag__2022-11-10__0043021,flag,0,no_pattern,neutral,0.0,,flag/images/no_pattern/2022/11/flag__2022-11-10__0043021.png,,2022-11-10,42822,43021,2022-10-31T07:00:00+00:00,2022-11-10T23:00:00+00:00,,,,,,,,,,,,,No rule-based candidate at this daily endpoint,rule_candidate,pending
flag__2022-11-11__0043044,flag,0,no_pattern,neutral,0.0,,flag/images/no_pattern/2022/11/flag__2022-11-11__0043044.png,,2022-11-11,42845,43044,2022-11-01T07:00:00+00:00,2022-11-11T23:00:00+00:00,,,,,,,,,,,,,No rule-based candidate at this daily endpoint,rule_candidate,pending
flag__2022-11-14__0043067,flag,0,no_pattern,neutral,0.0,,flag/images/no_pattern/2022/11/flag__2022-11-14__0043067.png,,2022-11-14,42868,43067,2022-11-02T07:00:00+00:00,2022-11-14T23:00:00+00:00,,,,,,,,,,,,,No rule-based candidate at this daily endpoint,rule_candidate,pending
flag__2022-11-15__0043090,flag,0,no_pattern,neutral,0.0,,flag/images/no_pattern/2022/11/flag__2022-11-15__0043090.png,,2022-11-15,42891,43090,2022-11-03T07:00:00+00:00,2022-11-15T23:00:00+00:00,,,,,,,,,,,,,No rule-based candidate at this daily endpoint,rule_candidate,pending
flag__2022-11-16__0043113,flag,0,no_pattern,neutral,0.0,,flag/images/no_pattern/2022/11/flag__2022-11-16__0043113.png,,2022-11-16,42914,43113,2022-11-04T07:00:00+00:00,2022-11-16T23:00:00+00:00,,,,,,,,,,,,,No rule-based candidate at this daily endpoint,rule_candidate,pending
flag__2022-11-17__0043136,flag,1,forming,bullish,0.6514919310060923,120.0,flag/images/forming/2022/11/flag__2022-11-17__0043136.png,,2022-11-17,42937,43136,2022-11-07T08:00:00+00:00,2022-11-17T23:00:00+00:00,43061.0,43136.0,2022-11-14T17:00:00+00:00,2022-11-17T23:00:00+00:00,,,1785.61,1753.2467857142856,1850.3364285714285,2.0,1785.61,4.372857142857161,Bull flag after impulsive advance,rule_candidate,pending
flag__2022-11-18__0043159,flag,1,forming,bullish,0.6895597663764489,160.0,flag/images/forming/2022/11/flag__2022-11-18__0043159.png,,2022-11-18,42960,43159,2022-11-08T08:00:00+00:00,2022-11-18T23:00:00+00:00,43059.0,43159.0,2022-11-14T15:00:00+00:00,2022-11-18T23:00:00+00:00,,,1784.9,1746.1848214285715,1862.3303571428573,2.0,1784.9,4.860714285714282,Bull flag after impulsive advance,rule_candidate,pending
flag__2022-11-21__0043182,flag,1,forming,bullish,0.7095270811601694,200.0,flag/images/forming/2022/11/flag__2022-11-21__0043182.png,,2022-11-21,42983,43182,2022-11-09T08:00:00+00:00,2022-11-21T23:00:00+00:00,43057.0,43182.0,2022-11-14T13:00:00+00:00,2022-11-21T23:00:00+00:00,,,1784.9,1731.3566071428572,1891.9867857142858,2.0,1784.9,4.253571428571441,Bull flag after impulsive advance,rule_candidate,pending
flag__2022-11-22__0043205,flag,1,forming,bullish,0.6859398237707062,200.0,flag/images/forming/2022/11/flag__2022-11-22__0043205.png,,2022-11-22,43006,43205,2022-11-10T08:00:00+00:00,2022-11-22T23:00:00+00:00,43080.0,43205.0,2022-11-15T13:00:00+00:00,2022-11-22T23:00:00+00:00,,,1774.67,1731.6026785714287,1860.8046428571429,2.0,1774.67,3.269285714285713,Bull flag after impulsive advance,rule_candidate,pending
flag__2022-11-23__0043228,flag,0,no_pattern,neutral,0.0,,flag/images/no_pattern/2022/11/flag__2022-11-23__0043228.png,,2022-11-23,43029,43228,2022-11-11T08:00:00+00:00,2022-11-23T23:00:00+00:00,,,,,,,,,,,,,No rule-based candidate at this daily endpoint,rule_candidate,pending
flag__2022-11-24__0043249,flag,0,no_pattern,neutral,0.0,,flag/images/no_pattern/2022/11/flag__2022-11-24__0043249.png,,2022-11-24,43050,43249,2022-11-14T06:00:00+00:00,2022-11-24T21:00:00+00:00,,,,,,,,,,,,,No rule-based candidate at this daily endpoint,rule_candidate,pending
flag__2022-11-25__0043269,flag,1,forming,bullish,0.6184201189401086,64.0,flag/images/forming/2022/11/flag__2022-11-25__0043269.png,,2022-11-25,43070,43269,2022-11-15T03:00:00+00:00,2022-11-25T20:00:00+00:00,43230.0,43269.0,2022-11-24T02:00:00+00:00,2022-11-25T20:00:00+00:00,,,1760.97,1744.8787499999999,1793.1525000000004,2.0,1760.97,3.8049999999999824,Bull flag after impulsive advance,rule_candidate,pending
flag__2022-11-28__0043292,flag,0,no_pattern,neutral,0.0,,flag/images/no_pattern/2022/11/flag__2022-11-28__0043292.png,,2022-11-28,43093,43292,2022-11-16T03:00:00+00:00,2022-11-28T23:00:00+00:00,,,,,,,,,,,,,No rule-based candidate at this daily endpoint,rule_candidate,pending
flag__2022-11-29__0043315,flag,0,no_pattern,neutral,0.0,,flag/images/no_pattern/2022/11/flag__2022-11-29__0043315.png,,2022-11-29,43116,43315,2022-11-17T03:00:00+00:00,2022-11-29T23:00:00+00:00,,,,,,,,,,,,,No rule-based candidate at this daily endpoint,rule_candidate,pending
flag__2022-11-30__0043338,flag,0,no_pattern,neutral,0.0,,flag/images/no_pattern/2022/11/flag__2022-11-30__0043338.png,,2022-11-30,43139,43338,2022-11-18T03:00:00+00:00,2022-11-30T23:00:00+00:00,,,,,,,,,,,,,No rule-based candidate at this daily endpoint,rule_candidate,pending
flag__2022-12-01__0043361,flag,0,no_pattern,neutral,0.0,,flag/images/no_pattern/2022/12/flag__2022-12-01__0043361.png,,2022-12-01,43162,43361,2022-11-21T03:00:00+00:00,2022-12-01T23:00:00+00:00,,,,,,,,,,,,,No rule-based candidate at this daily endpoint,rule_candidate,pending
flag__2022-12-02__0043384,flag,1,forming,bullish,0.5937924553520991,64.0,flag/images/forming/2022/12/flag__2022-12-02__0043384.png,,2022-12-02,43185,43384,2022-11-22T03:00:00+00:00,2022-12-02T23:00:00+00:00,43345.0,43384.0,2022-12-01T07:00:00+00:00,2022-12-02T23:00:00+00:00,,,1804.28,1777.1128571428571,1858.6142857142856,2.0,1804.28,5.388571428571432,Bull flag after impulsive advance,rule_candidate,pending
flag__2022-12-05__0043407,flag,1,forming,bullish,0.5931243992977022,100.0,flag/images/forming/2022/12/flag__2022-12-05__0043407.png,,2022-12-05,43208,43407,2022-11-23T03:00:00+00:00,2022-12-05T23:00:00+00:00,43345.0,43407.0,2022-12-01T07:00:00+00:00,2022-12-05T23:00:00+00:00,,,1810.0,1764.4657142857143,1901.0685714285714,2.0,1810.0,4.9771428571427965,Bull flag after impulsive advance,rule_candidate,pending
flag__2022-12-06__0043430,flag,1,forming,bullish,0.650245807536984,120.0,flag/images/forming/2022/12/flag__2022-12-06__0043430.png,,2022-12-06,43231,43430,2022-11-24T03:00:00+00:00,2022-12-06T23:00:00+00:00,43355.0,43430.0,2022-12-01T17:00:00+00:00,2022-12-06T23:00:00+00:00,,,1810.0,1764.7819642857144,1900.4360714285713,2.0,1810.0,3.712142857142843,Bull flag after impulsive advance,rule_candidate,pending
flag__2022-12-07__0043453,flag,1,forming,bullish,0.6210679555395835,200.0,flag/images/forming/2022/12/flag__2022-12-07__0043453.png,,2022-12-07,43254,43453,2022-11-25T05:00:00+00:00,2022-12-07T23:00:00+00:00,43328.0,43453.0,2022-11-30T13:00:00+00:00,2022-12-07T23:00:00+00:00,,,1810.0,1764.3835714285715,1901.232857142857,2.0,1810.0,5.305714285714283,Bull flag after impulsive advance,rule_candidate,pending
flag__2022-12-08__0043476,flag,1,forming,bullish,0.5307769601845724,200.0,flag/images/forming/2022/12/flag__2022-12-08__0043476.png,,2022-12-08,43277,43476,2022-11-28T08:00:00+00:00,2022-12-08T23:00:00+00:00,43351.0,43476.0,2022-12-01T13:00:00+00:00,2022-12-08T23:00:00+00:00,,,1810.0,1764.7239285714286,1900.5521428571428,2.0,1810.0,3.944285714285781,Bull flag after impulsive advance,rule_candidate,pending
flag__2022-12-09__0043499,flag,0,no_pattern,neutral,0.0,,flag/images/no_pattern/2022/12/flag__2022-12-09__0043499.png,,2022-12-09,43300,43499,2022-11-29T08:00:00+00:00,2022-12-09T23:00:00+00:00,,,,,,,,,,,,,No rule-based candidate at this daily endpoint,rule_candidate,pending
flag__2022-12-12__0043522,flag,1,forming,bullish,0.6757039332891615,80.0,flag/images/forming/2022/12/flag__2022-12-12__0043522.png,,2022-12-12,43323,43522,2022-11-30T08:00:00+00:00,2022-12-12T23:00:00+00:00,43473.0,43522.0,2022-12-08T20:00:00+00:00,2022-12-12T23:00:00+00:00,,,1806.0,1776.3569642857142,1865.2860714285716,2.0,1806.0,3.9321428571428703,Bull flag after impulsive advance,rule_candidate,pending
flag__2022-12-13__0043545,flag,0,no_pattern,neutral,0.0,,flag/images/no_pattern/2022/12/flag__2022-12-13__0043545.png,,2022-12-13,43346,43545,2022-12-01T08:00:00+00:00,2022-12-13T23:00:00+00:00,,,,,,,,,,,,,No rule-based candidate at this daily endpoint,rule_candidate,pending
flag__2022-12-14__0043568,flag,1,forming,bullish,0.5828946319353108,48.0,flag/images/forming/2022/12/flag__2022-12-14__0043568.png,,2022-12-14,43369,43568,2022-12-02T08:00:00+00:00,2022-12-14T23:00:00+00:00,43539.0,43568.0,2022-12-13T17:00:00+00:00,2022-12-14T23:00:00+00:00,,,1813.96,1793.8541071428572,1854.1717857142858,2.0,1813.96,4.623571428571397,Bull flag after impulsive advance,rule_candidate,pending
flag__2022-12-15__0043591,flag,1,forming,bullish,0.535834374323524,160.0,flag/images/forming/2022/12/flag__2022-12-15__0043591.png,,2022-12-15,43392,43591,2022-12-05T08:00:00+00:00,2022-12-15T23:00:00+00:00,43491.0,43591.0,2022-12-09T15:00:00+00:00,2022-12-15T23:00:00+00:00,,,1824.41,1772.10125,1929.0275000000004,2.0,1824.41,5.875,Bull flag after impulsive advance,rule_candidate,pending
flag__2022-12-16__0043614,flag,0,no_pattern,neutral,0.0,,flag/images/no_pattern/2022/12/flag__2022-12-16__0043614.png,,2022-12-16,43415,43614,2022-12-06T08:00:00+00:00,2022-12-16T23:00:00+00:00,,,,,,,,,,,,,No rule-based candidate at this daily endpoint,rule_candidate,pending
flag__2022-12-19__0043637,flag,1,forming,bullish,0.630989069506251,48.0,flag/images/forming/2022/12/flag__2022-12-19__0043637.png,,2022-12-19,43438,43637,2022-12-07T08:00:00+00:00,2022-12-19T23:00:00+00:00,43608.0,43637.0,2022-12-16T17:00:00+00:00,2022-12-19T23:00:00+00:00,,,1798.65,1782.8269642857144,1830.2960714285714,2.0,1798.65,3.412142857142823,Bull flag after impulsive advance,rule_candidate,pending
flag__2022-12-20__0043660,flag,0,no_pattern,neutral,0.0,,flag/images/no_pattern/2022/12/flag__2022-12-20__0043660.png,,2022-12-20,43461,43660,2022-12-08T08:00:00+00:00,2022-12-20T23:00:00+00:00,,,,,,,,,,,,,No rule-based candidate at this daily endpoint,rule_candidate,pending
flag__2022-12-21__0043683,flag,1,forming,bullish,0.5556888766611698,64.0,flag/images/forming/2022/12/flag__2022-12-21__0043683.png,,2022-12-21,43484,43683,2022-12-09T08:00:00+00:00,2022-12-21T23:00:00+00:00,43644.0,43683.0,2022-12-20T07:00:00+00:00,2022-12-21T23:00:00+00:00,,,1823.75,1810.8882142857144,1849.4735714285712,2.0,1823.75,3.367142857142864,Bull flag after impulsive advance,rule_candidate,pending
flag__2022-12-22__0043706,flag,0,no_pattern,neutral,0.0,,flag/images/no_pattern/2022/12/flag__2022-12-22__0043706.png,,2022-12-22,43507,43706,2022-12-12T08:00:00+00:00,2022-12-22T23:00:00+00:00,,,,,,,,,,,,,No rule-based candidate at this daily endpoint,rule_candidate,pending
flag__2022-12-23__0043729,flag,0,no_pattern,neutral,0.0,,flag/images/no_pattern/2022/12/flag__2022-12-23__0043729.png,,2022-12-23,43530,43729,2022-12-13T08:00:00+00:00,2022-12-23T23:00:00+00:00,,,,,,,,,,,,,No rule-based candidate at this daily endpoint,rule_candidate,pending
flag__2022-12-27__0043752,flag,1,forming,bullish,0.531612401748156,160.0,flag/images/forming/2022/12/flag__2022-12-27__0043752.png,,2022-12-27,43553,43752,2022-12-14T08:00:00+00:00,2022-12-27T23:00:00+00:00,43652.0,43752.0,2022-12-20T15:00:00+00:00,2022-12-27T23:00:00+00:00,,,1833.2,1783.3098214285715,1932.9803571428572,2.0,1833.2,5.880714285714329,Bull flag after impulsive advance,rule_candidate,pending
flag__2022-12-28__0043775,flag,1,forming,bullish,0.6740206764238589,64.0,flag/images/forming/2022/12/flag__2022-12-28__0043775.png,,2022-12-28,43576,43775,2022-12-15T08:00:00+00:00,2022-12-28T23:00:00+00:00,43736.0,43775.0,2022-12-27T07:00:00+00:00,2022-12-28T23:00:00+00:00,,,1826.28,1795.7530357142857,1887.3339285714285,2.0,1826.28,4.6678571428571205,Bull flag after impulsive advance,rule_candidate,pending
flag__2022-12-29__0043798,flag,0,no_pattern,neutral,0.0,,flag/images/no_pattern/2022/12/flag__2022-12-29__0043798.png,,2022-12-29,43599,43798,2022-12-16T08:00:00+00:00,2022-12-29T23:00:00+00:00,,,,,,,,,,,,,No rule-based candidate at this daily endpoint,rule_candidate,pending
flag__2022-12-30__0043821,flag,0,no_pattern,neutral,0.0,,flag/images/no_pattern/2022/12/flag__2022-12-30__0043821.png,,2022-12-30,43622,43821,2022-12-19T08:00:00+00:00,2022-12-30T23:00:00+00:00,,,,,,,,,,,,,No rule-based candidate at this daily endpoint,rule_candidate,pending
flag__2023-01-03__0043844,flag,0,no_pattern,neutral,0.0,,flag/images/no_pattern/2023/01/flag__2023-01-03__0043844.png,,2023-01-03,43645,43844,2022-12-20T08:00:00+00:00,2023-01-03T23:00:00+00:00,,,,,,,,,,,,,No rule-based candidate at this daily endpoint,rule_candidate,pending
flag__2023-01-04__0043867,flag,0,no_pattern,neutral,0.0,,flag/images/no_pattern/2023/01/flag__2023-01-04__0043867.png,,2023-01-04,43668,43867,2022-12-21T08:00:00+00:00,2023-01-04T23:00:00+00:00,,,,,,,,,,,,,No rule-based candidate at this daily endpoint,rule_candidate,pending
flag__2023-01-05__0043890,flag,1,forming,bullish,0.5945559511919923,100.0,flag/images/forming/2023/01/flag__2023-01-05__0043890.png,,2023-01-05,43691,43890,2022-12-22T08:00:00+00:00,2023-01-05T23:00:00+00:00,43828.0,43890.0,2023-01-03T07:00:00+00:00,2023-01-05T23:00:00+00:00,,,1865.01,1823.485357142857,1948.0592857142858,2.0,1865.01,5.858571428571428,Bull flag after impulsive advance,rule_candidate,pending
flag__2023-01-06__0043913,flag,1,forming,bullish,0.5312475231137427,120.0,flag/images/forming/2023/01/flag__2023-01-06__0043913.png,,2023-01-06,43714,43913,2022-12-23T08:00:00+00:00,2023-01-06T23:00:00+00:00,43838.0,43913.0,2023-01-03T17:00:00+00:00,2023-01-06T23:00:00+00:00,,,1869.75,1823.3101785714287,1962.6296428571427,2.0,1869.75,6.559285714285726,Bull flag after impulsive advance,rule_candidate,pending
flag__2023-01-09__0043936,flag,1,forming,bullish,0.5467866704114511,48.0,flag/images/forming/2023/01/flag__2023-01-09__0043936.png,,2023-01-09,43737,43936,2022-12-27T08:00:00+00:00,2023-01-09T23:00:00+00:00,43907.0,43936.0,2023-01-06T17:00:00+00:00,2023-01-09T23:00:00+00:00,,,1881.36,1865.7798214285715,1917.87,2.343362101571389,1881.36,4.800714285714223,Bull flag after impulsive advance,rule_candidate,pending
flag__2023-01-10__0043959,flag,0,no_pattern,neutral,0.0,,flag/images/no_pattern/2023/01/flag__2023-01-10__0043959.png,,2023-01-10,43760,43959,2022-12-28T08:00:00+00:00,2023-01-10T23:00:00+00:00,,,,,,,,,,,,,No rule-based candidate at this daily endpoint,rule_candidate,pending
flag__2023-01-11__0043982,flag,0,no_pattern,neutral,0.0,,flag/images/no_pattern/2023/01/flag__2023-01-11__0043982.png,,2023-01-11,43783,43982,2022-12-29T08:00:00+00:00,2023-01-11T23:00:00+00:00,,,,,,,,,,,,,No rule-based candidate at this daily endpoint,rule_candidate,pending
flag__2023-01-12__0044005,flag,0,no_pattern,neutral,0.0,,flag/images/no_pattern/2023/01/flag__2023-01-12__0044005.png,,2023-01-12,43806,44005,2022-12-30T08:00:00+00:00,2023-01-12T23:00:00+00:00,,,,,,,,,,,,,No rule-based candidate at this daily endpoint,rule_candidate,pending
flag__2023-01-13__0044028,flag,0,no_pattern,neutral,0.0,,flag/images/no_pattern/2023/01/flag__2023-01-13__0044028.png,,2023-01-13,43829,44028,2023-01-03T08:00:00+00:00,2023-01-13T23:00:00+00:00,,,,,,,,,,,,,No rule-based candidate at this daily endpoint,rule_candidate,pending
flag__2023-01-16__0044049,flag,1,forming,bullish,0.6176122031597069,48.0,flag/images/forming/2023/01/flag__2023-01-16__0044049.png,,2023-01-16,43850,44049,2023-01-04T06:00:00+00:00,2023-01-16T21:00:00+00:00,44020.0,44049.0,2023-01-13T15:00:00+00:00,2023-01-16T21:00:00+00:00,,,1928.78,1909.8714285714286,1966.5971428571427,2.0,1928.78,3.514285714285685,Bull flag after impulsive advance,rule_candidate,pending
flag__2023-01-17__0044072,flag,1,forming,bullish,0.6616664896546058,100.0,flag/images/forming/2023/01/flag__2023-01-17__0044072.png,,2023-01-17,43873,44072,2023-01-05T06:00:00+00:00,2023-01-17T23:00:00+00:00,44010.0,44072.0,2023-01-13T05:00:00+00:00,2023-01-17T23:00:00+00:00,,,1928.78,1902.4439285714286,1981.4521428571427,2.0,1928.78,4.864285714285676,Bull flag after impulsive advance,rule_candidate,pending
flag__2023-01-18__0044095,flag,1,forming,bullish,0.6137475665511903,160.0,flag/images/forming/2023/01/flag__2023-01-18__0044095.png,,2023-01-18,43896,44095,2023-01-06T06:00:00+00:00,2023-01-18T23:00:00+00:00,43995.0,44095.0,2023-01-12T13:00:00+00:00,2023-01-18T23:00:00+00:00,,,1928.78,1895.1278571428572,1996.0842857142854,2.0,1928.78,5.20857142857145,Bull flag after impulsive advance,rule_candidate,pending
flag__2023-01-19__0044118,flag,1,forming,bullish,0.5327739949167626,200.0,flag/images/forming/2023/01/flag__2023-01-19__0044118.png,,2023-01-19,43919,44118,2023-01-09T06:00:00+00:00,2023-01-19T23:00:00+00:00,43993.0,44118.0,2023-01-12T11:00:00+00:00,2023-01-19T23:00:00+00:00,,,1935.08,1895.154642857143,2014.9307142857137,2.0,1935.08,5.101428571428577,Bull flag after impulsive advance,rule_candidate,pending
flag__2023-01-20__0044141,flag,1,forming,bullish,0.5578137640336397,48.0,flag/images/forming/2023/01/flag__2023-01-20__0044141.png,,2023-01-20,43942,44141,2023-01-10T06:00:00+00:00,2023-01-20T23:00:00+00:00,44112.0,44141.0,2023-01-19T17:00:00+00:00,2023-01-20T23:00:00+00:00,,,1937.37,1919.4026785714286,1973.3046428571424,2.0,1937.37,4.629285714285694,Bull flag after impulsive advance,rule_candidate,pending
flag__2023-01-23__0044164,flag,1,forming,bullish,0.5531545088982195,100.0,flag/images/forming/2023/01/flag__2023-01-23__0044164.png,,2023-01-23,43965,44164,2023-01-11T06:00:00+00:00,2023-01-23T23:00:00+00:00,44102.0,44164.0,2023-01-19T07:00:00+00:00,2023-01-23T23:00:00+00:00,,,1937.37,1909.85,1992.4099999999999,2.0,1937.37,5.919999999999992,Bull flag after impulsive advance,rule_candidate,pending
flag__2023-01-24__0044187,flag,0,no_pattern,neutral,0.0,,flag/images/no_pattern/2023/01/flag__2023-01-24__0044187.png,,2023-01-24,43988,44187,2023-01-12T06:00:00+00:00,2023-01-24T23:00:00+00:00,,,,,,,,,,,,,No rule-based candidate at this daily endpoint,rule_candidate,pending
flag__2023-01-25__0044210,flag,0,no_pattern,neutral,0.0,,flag/images/no_pattern/2023/01/flag__2023-01-25__0044210.png,,2023-01-25,44011,44210,2023-01-13T06:00:00+00:00,2023-01-25T23:00:00+00:00,,,,,,,,,,,,,No rule-based candidate at this daily endpoint,rule_candidate,pending
flag__2023-01-26__0044233,flag,0,no_pattern,neutral,0.0,,flag/images/no_pattern/2023/01/flag__2023-01-26__0044233.png,,2023-01-26,44034,44233,2023-01-16T06:00:00+00:00,2023-01-26T23:00:00+00:00,,,,,,,,,,,,,No rule-based candidate at this daily endpoint,rule_candidate,pending
flag__2023-01-27__0044256,flag,1,forming,bullish,0.6520109886583336,100.0,flag/images/forming/2023/01/flag__2023-01-27__0044256.png,,2023-01-27,44057,44256,2023-01-17T08:00:00+00:00,2023-01-27T23:00:00+00:00,44194.0,44256.0,2023-01-25T07:00:00+00:00,2023-01-27T23:00:00+00:00,,,1949.03,1915.2949999999998,2016.5000000000002,2.0,1949.03,5.179999999999983,Bull flag after impulsive advance,rule_candidate,pending
flag__2023-01-30__0044279,flag,1,forming,bullish,0.584059647028025,200.0,flag/images/forming/2023/01/flag__2023-01-30__0044279.png,,2023-01-30,44080,44279,2023-01-18T08:00:00+00:00,2023-01-30T23:00:00+00:00,44154.0,44279.0,2023-01-23T13:00:00+00:00,2023-01-30T23:00:00+00:00,,,1949.03,1915.52875,2016.0325,2.0,1949.03,4.245000000000037,Bull flag after impulsive advance,rule_candidate,pending
flag__2023-01-31__0044302,flag,1,forming,bullish,0.6239119454082747,200.0,flag/images/forming/2023/01/flag__2023-01-31__0044302.png,,2023-01-31,44103,44302,2023-01-19T08:00:00+00:00,2023-01-31T23:00:00+00:00,44177.0,44302.0,2023-01-24T13:00:00+00:00,2023-01-31T23:00:00+00:00,,,1948.87,1899.2930357142857,2048.0239285714283,2.0,1948.87,5.747857142857177,Bull flag after impulsive advance,rule_candidate,pending
flag__2023-02-01__0044325,flag,0,no_pattern,neutral,0.0,,flag/images/no_pattern/2023/02/flag__2023-02-01__0044325.png,,2023-02-01,44126,44325,2023-01-20T08:00:00+00:00,2023-02-01T23:00:00+00:00,,,,,,,,,,,,,No rule-based candidate at this daily endpoint,rule_candidate,pending
flag__2023-02-02__0044348,flag,0,no_pattern,neutral,0.0,,flag/images/no_pattern/2023/02/flag__2023-02-02__0044348.png,,2023-02-02,44149,44348,2023-01-23T08:00:00+00:00,2023-02-02T23:00:00+00:00,,,,,,,,,,,,,No rule-based candidate at this daily endpoint,rule_candidate,pending
flag__2023-02-03__0044371,flag,0,no_pattern,neutral,0.0,,flag/images/no_pattern/2023/02/flag__2023-02-03__0044371.png,,2023-02-03,44172,44371,2023-01-24T08:00:00+00:00,2023-02-03T23:00:00+00:00,,,,,,,,,,,,,No rule-based candidate at this daily endpoint,rule_candidate,pending
flag__2023-02-06__0044394,flag,0,no_pattern,neutral,0.0,,flag/images/no_pattern/2023/02/flag__2023-02-06__0044394.png,,2023-02-06,44195,44394,2023-01-25T08:00:00+00:00,2023-02-06T23:00:00+00:00,,,,,,,,,,,,,No rule-based candidate at this daily endpoint,rule_candidate,pending
flag__2023-02-07__0044417,flag,0,no_pattern,neutral,0.0,,flag/images/no_pattern/2023/02/flag__2023-02-07__0044417.png,,2023-02-07,44218,44417,2023-01-26T08:00:00+00:00,2023-02-07T23:00:00+00:00,,,,,,,,,,,,,No rule-based candidate at this daily endpoint,rule_candidate,pending
flag__2023-02-08__0044440,flag,0,no_pattern,neutral,0.0,,flag/images/no_pattern/2023/02/flag__2023-02-08__0044440.png,,2023-02-08,44241,44440,2023-01-27T08:00:00+00:00,2023-02-08T23:00:00+00:00,,,,,,,,,,,,,No rule-based candidate at this daily endpoint,rule_candidate,pending
flag__2023-02-09__0044463,flag,0,no_pattern,neutral,0.0,,flag/images/no_pattern/2023/02/flag__2023-02-09__0044463.png,,2023-02-09,44264,44463,2023-01-30T08:00:00+00:00,2023-02-09T23:00:00+00:00,,,,,,,,,,,,,No rule-based candidate at this daily endpoint,rule_candidate,pending
flag__2023-02-10__0044486,flag,1,forming,bullish,0.634458508598783,120.0,flag/images/forming/2023/02/flag__2023-02-10__0044486.png,,2023-02-10,44287,44486,2023-01-31T08:00:00+00:00,2023-02-10T23:00:00+00:00,44411.0,44486.0,2023-02-07T17:00:00+00:00,2023-02-10T23:00:00+00:00,,,1890.11,1851.321607142857,1967.6867857142859,2.0,1890.11,5.193571428571464,Bull flag after impulsive advance,rule_candidate,pending
flag__2023-02-13__0044509,flag,0,no_pattern,neutral,0.0,,flag/images/no_pattern/2023/02/flag__2023-02-13__0044509.png,,2023-02-13,44310,44509,2023-02-01T08:00:00+00:00,2023-02-13T23:00:00+00:00,,,,,,,,,,,,,No rule-based candidate at this daily endpoint,rule_candidate,pending
flag__2023-02-14__0044532,flag,0,no_pattern,neutral,0.0,,flag/images/no_pattern/2023/02/flag__2023-02-14__0044532.png,,2023-02-14,44333,44532,2023-02-02T08:00:00+00:00,2023-02-14T23:00:00+00:00,,,,,,,,,,,,,No rule-based candidate at this daily endpoint,rule_candidate,pending
flag__2023-02-15__0044555,flag,0,no_pattern,neutral,0.0,,flag/images/no_pattern/2023/02/flag__2023-02-15__0044555.png,,2023-02-15,44356,44555,2023-02-03T08:00:00+00:00,2023-02-15T23:00:00+00:00,,,,,,,,,,,,,No rule-based candidate at this daily endpoint,rule_candidate,pending
flag__2023-02-16__0044578,flag,0,no_pattern,neutral,0.0,,flag/images/no_pattern/2023/02/flag__2023-02-16__0044578.png,,2023-02-16,44379,44578,2023-02-06T08:00:00+00:00,2023-02-16T23:00:00+00:00,,,,,,,,,,,,,No rule-based candidate at this daily endpoint,rule_candidate,pending
flag__2023-02-17__0044601,flag,0,no_pattern,neutral,0.0,,flag/images/no_pattern/2023/02/flag__2023-02-17__0044601.png,,2023-02-17,44402,44601,2023-02-07T08:00:00+00:00,2023-02-17T23:00:00+00:00,,,,,,,,,,,,,No rule-based candidate at this daily endpoint,rule_candidate,pending
flag__2023-02-20__0044622,flag,0,no_pattern,neutral,0.0,,flag/images/no_pattern/2023/02/flag__2023-02-20__0044622.png,,2023-02-20,44423,44622,2023-02-08T06:00:00+00:00,2023-02-20T21:00:00+00:00,,,,,,,,,,,,,No rule-based candidate at this daily endpoint,rule_candidate,pending
flag__2023-02-21__0044645,flag,0,no_pattern,neutral,0.0,,flag/images/no_pattern/2023/02/flag__2023-02-21__0044645.png,,2023-02-21,44446,44645,2023-02-09T06:00:00+00:00,2023-02-21T23:00:00+00:00,,,,,,,,,,,,,No rule-based candidate at this daily endpoint,rule_candidate,pending
flag__2023-02-22__0044668,flag,0,no_pattern,neutral,0.0,,flag/images/no_pattern/2023/02/flag__2023-02-22__0044668.png,,2023-02-22,44469,44668,2023-02-10T06:00:00+00:00,2023-02-22T23:00:00+00:00,,,,,,,,,,,,,No rule-based candidate at this daily endpoint,rule_candidate,pending
flag__2023-02-23__0044691,flag,0,no_pattern,neutral,0.0,,flag/images/no_pattern/2023/02/flag__2023-02-23__0044691.png,,2023-02-23,44492,44691,2023-02-13T06:00:00+00:00,2023-02-23T23:00:00+00:00,,,,,,,,,,,,,No rule-based candidate at this daily endpoint,rule_candidate,pending
flag__2023-02-24__0044714,flag,0,no_pattern,neutral,0.0,,flag/images/no_pattern/2023/02/flag__2023-02-24__0044714.png,,2023-02-24,44515,44714,2023-02-14T06:00:00+00:00,2023-02-24T23:00:00+00:00,,,,,,,,,,,,,No rule-based candidate at this daily endpoint,rule_candidate,pending
flag__2023-02-27__0044737,flag,0,no_pattern,neutral,0.0,,flag/images/no_pattern/2023/02/flag__2023-02-27__0044737.png,,2023-02-27,44538,44737,2023-02-15T06:00:00+00:00,2023-02-27T23:00:00+00:00,,,,,,,,,,,,,No rule-based candidate at this daily endpoint,rule_candidate,pending
flag__2023-02-28__0044760,flag,0,no_pattern,neutral,0.0,,flag/images/no_pattern/2023/02/flag__2023-02-28__0044760.png,,2023-02-28,44561,44760,2023-02-16T06:00:00+00:00,2023-02-28T23:00:00+00:00,,,,,,,,,,,,,No rule-based candidate at this daily endpoint,rule_candidate,pending
flag__2023-03-01__0044783,flag,0,no_pattern,neutral,0.0,,flag/images/no_pattern/2023/03/flag__2023-03-01__0044783.png,,2023-03-01,44584,44783,2023-02-17T06:00:00+00:00,2023-03-01T23:00:00+00:00,,,,,,,,,,,,,No rule-based candidate at this daily endpoint,rule_candidate,pending
flag__2023-03-02__0044806,flag,1,forming,bullish,0.5601261668737693,80.0,flag/images/forming/2023/03/flag__2023-03-02__0044806.png,,2023-03-02,44607,44806,2023-02-20T06:00:00+00:00,2023-03-02T23:00:00+00:00,44757.0,44806.0,2023-02-28T20:00:00+00:00,2023-03-02T23:00:00+00:00,,,1844.41,1828.7971428571427,1875.6357142857148,2.0,1844.41,4.051428571428573,Bull flag after impulsive advance,rule_candidate,pending
flag__2023-03-03__0044829,flag,0,no_pattern,neutral,0.0,,flag/images/no_pattern/2023/03/flag__2023-03-03__0044829.png,,2023-03-03,44630,44829,2023-02-21T08:00:00+00:00,2023-03-03T23:00:00+00:00,,,,,,,,,,,,,No rule-based candidate at this daily endpoint,rule_candidate,pending
flag__2023-03-06__0044852,flag,1,forming,bullish,0.6548477858652089,48.0,flag/images/forming/2023/03/flag__2023-03-06__0044852.png,,2023-03-06,44653,44852,2023-02-22T08:00:00+00:00,2023-03-06T23:00:00+00:00,44823.0,44852.0,2023-03-03T17:00:00+00:00,2023-03-06T23:00:00+00:00,,,1858.15,1844.1619642857142,1886.1260714285718,2.0,1858.15,3.3921428571428414,Bull flag after impulsive advance,rule_candidate,pending
flag__2023-03-07__0044875,flag,0,no_pattern,neutral,0.0,,flag/images/no_pattern/2023/03/flag__2023-03-07__0044875.png,,2023-03-07,44676,44875,2023-02-23T08:00:00+00:00,2023-03-07T23:00:00+00:00,,,,,,,,,,,,,No rule-based candidate at this daily endpoint,rule_candidate,pending
flag__2023-03-08__0044898,flag,0,no_pattern,neutral,0.0,,flag/images/no_pattern/2023/03/flag__2023-03-08__0044898.png,,2023-03-08,44699,44898,2023-02-24T08:00:00+00:00,2023-03-08T23:00:00+00:00,,,,,,,,,,,,,No rule-based candidate at this daily endpoint,rule_candidate,pending
flag__2023-03-09__0044921,flag,1,forming,bullish,0.6447172170202172,200.0,flag/images/forming/2023/03/flag__2023-03-09__0044921.png,,2023-03-09,44722,44921,2023-02-27T08:00:00+00:00,2023-03-09T23:00:00+00:00,44796.0,44921.0,2023-03-02T13:00:00+00:00,2023-03-09T23:00:00+00:00,,,1858.15,1808.1057142857144,1958.2385714285715,2.0,1858.15,4.6171428571428805,Bull flag after impulsive advance,rule_candidate,pending
flag__2023-03-10__0044944,flag,0,no_pattern,neutral,0.0,,flag/images/no_pattern/2023/03/flag__2023-03-10__0044944.png,,2023-03-10,44745,44944,2023-02-28T08:00:00+00:00,2023-03-10T23:00:00+00:00,,,,,,,,,,,,,No rule-based candidate at this daily endpoint,rule_candidate,pending
flag__2023-03-13__0044967,flag,0,no_pattern,neutral,0.0,,flag/images/no_pattern/2023/03/flag__2023-03-13__0044967.png,,2023-03-13,44768,44967,2023-03-01T08:00:00+00:00,2023-03-13T22:00:00+00:00,,,,,,,,,,,,,No rule-based candidate at this daily endpoint,rule_candidate,pending
flag__2023-03-14__0044990,flag,1,forming,bullish,0.5758882317772454,64.0,flag/images/forming/2023/03/flag__2023-03-14__0044990.png,,2023-03-14,44791,44990,2023-03-02T08:00:00+00:00,2023-03-14T22:00:00+00:00,44951.0,44990.0,2023-03-13T06:00:00+00:00,2023-03-14T22:00:00+00:00,,,1914.46,1893.6483928571429,1995.36,3.8872538504440257,1914.46,6.52642857142858,Bull flag after impulsive advance,rule_candidate,pending
flag__2023-03-15__0045013,flag,0,no_pattern,neutral,0.0,,flag/images/no_pattern/2023/03/flag__2023-03-15__0045013.png,,2023-03-15,44814,45013,2023-03-03T08:00:00+00:00,2023-03-15T22:00:00+00:00,,,,,,,,,,,,,No rule-based candidate at this daily endpoint,rule_candidate,pending
flag__2023-03-16__0045036,flag,1,forming,bullish,0.5304041295742531,64.0,flag/images/forming/2023/03/flag__2023-03-16__0045036.png,,2023-03-16,44837,45036,2023-03-06T08:00:00+00:00,2023-03-16T22:00:00+00:00,44997.0,45036.0,2023-03-15T06:00:00+00:00,2023-03-16T22:00:00+00:00,,,1937.22,1905.7578571428573,2000.1442857142854,2.0,1937.22,6.528571428571452,Bull flag after impulsive advance,rule_candidate,pending
flag__2023-03-17__0045059,flag,0,no_pattern,neutral,0.0,,flag/images/no_pattern/2023/03/flag__2023-03-17__0045059.png,,2023-03-17,44860,45059,2023-03-07T08:00:00+00:00,2023-03-17T22:00:00+00:00,,,,,,,,,,,,,No rule-based candidate at this daily endpoint,rule_candidate,pending
flag__2023-03-20__0045082,flag,1,forming,bullish,0.5300000642592541,48.0,flag/images/forming/2023/03/flag__2023-03-20__0045082.png,,2023-03-20,44883,45082,2023-03-08T08:00:00+00:00,2023-03-20T22:00:00+00:00,45053.0,45082.0,2023-03-17T16:00:00+00:00,2023-03-20T22:00:00+00:00,,,2009.65,1963.0867857142857,2102.776428571429,2.0,2009.65,10.212857142857128,Bull flag after impulsive advance,rule_candidate,pending
flag__2023-03-21__0045105,flag,1,forming,bullish,0.5719811644637781,120.0,flag/images/forming/2023/03/flag__2023-03-21__0045105.png,,2023-03-21,44906,45105,2023-03-09T08:00:00+00:00,2023-03-21T22:00:00+00:00,45030.0,45105.0,2023-03-16T16:00:00+00:00,2023-03-21T22:00:00+00:00,,,2009.65,1933.4767857142856,2161.996428571429,2.0,2009.65,7.1328571428571355,Bull flag after impulsive advance,rule_candidate,pending
flag__2023-03-22__0045128,flag,1,forming,bullish,0.6478523853625332,160.0,flag/images/forming/2023/03/flag__2023-03-22__0045128.png,,2023-03-22,44929,45128,2023-03-10T08:00:00+00:00,2023-03-22T22:00:00+00:00,45028.0,45128.0,2023-03-16T14:00:00+00:00,2023-03-22T22:00:00+00:00,,,2009.65,1931.7908928571428,2165.3682142857147,2.0,2009.65,9.076428571428567,Bull flag after impulsive advance,rule_candidate,pending
flag__2023-03-23__0045151,flag,1,forming,bullish,0.5312879079654881,200.0,flag/images/forming/2023/03/flag__2023-03-23__0045151.png,,2023-03-23,44952,45151,2023-03-13T07:00:00+00:00,2023-03-23T22:00:00+00:00,45026.0,45151.0,2023-03-16T12:00:00+00:00,2023-03-23T22:00:00+00:00,,,2009.65,1931.97875,2164.9925000000003,2.0,2009.65,8.32499999999998,Bull flag after impulsive advance,rule_candidate,pending
flag__2023-03-24__0045174,flag,1,forming,bullish,0.5931785407682572,64.0,flag/images/forming/2023/03/flag__2023-03-24__0045174.png,,2023-03-24,44975,45174,2023-03-14T07:00:00+00:00,2023-03-24T22:00:00+00:00,45135.0,45174.0,2023-03-23T06:00:00+00:00,2023-03-24T22:00:00+00:00,,,2003.17,1973.0567857142855,2063.396428571429,2.0,2003.17,8.092857142857156,Bull flag after impulsive advance,rule_candidate,pending
flag__2023-03-27__0045197,flag,1,forming,bullish,0.7039264350544504,80.0,flag/images/forming/2023/03/flag__2023-03-27__0045197.png,,2023-03-27,44998,45197,2023-03-15T07:00:00+00:00,2023-03-27T23:00:00+00:00,45148.0,45197.0,2023-03-23T19:00:00+00:00,2023-03-27T23:00:00+00:00,,,2002.8,1942.1539285714284,2124.092142857143,1.9999999999999962,2002.8,6.824285714285712,Bull flag after impulsive advance,rule_candidate,pending
flag__2023-03-28__0045220,flag,1,forming,bullish,0.6146588908379209,200.0,flag/images/forming/2023/03/flag__2023-03-28__0045220.png,,2023-03-28,45021,45220,2023-03-16T07:00:00+00:00,2023-03-28T23:00:00+00:00,45095.0,45220.0,2023-03-21T12:00:00+00:00,2023-03-28T23:00:00+00:00,,,2003.17,1942.562857142857,2124.3842857142863,2.0,2003.17,5.188571428571436,Bull flag after impulsive advance,rule_candidate,pending
flag__2023-03-29__0045243,flag,1,forming,bullish,0.5975629543360856,200.0,flag/images/forming/2023/03/flag__2023-03-29__0045243.png,,2023-03-29,45044,45243,2023-03-17T07:00:00+00:00,2023-03-29T23:00:00+00:00,45118.0,45243.0,2023-03-22T12:00:00+00:00,2023-03-29T23:00:00+00:00,,,2002.8,1942.5558928571427,2123.2882142857143,1.9999999999999962,2002.8,5.216428571428553,Bull flag after impulsive advance,rule_candidate,pending
flag__2023-03-30__0045266,flag,0,no_pattern,neutral,0.0,,flag/images/no_pattern/2023/03/flag__2023-03-30__0045266.png,,2023-03-30,45067,45266,2023-03-20T07:00:00+00:00,2023-03-30T23:00:00+00:00,,,,,,,,,,,,,No rule-based candidate at this daily endpoint,rule_candidate,pending
flag__2023-03-31__0045289,flag,1,forming,bullish,0.6254191673494901,48.0,flag/images/forming/2023/03/flag__2023-03-31__0045289.png,,2023-03-31,45090,45289,2023-03-21T07:00:00+00:00,2023-03-31T23:00:00+00:00,45260.0,45289.0,2023-03-30T17:00:00+00:00,2023-03-31T23:00:00+00:00,,,1987.47,1965.2110714285714,2031.9878571428574,2.0,1987.47,6.075714285714298,Bull flag after impulsive advance,rule_candidate,pending
flag__2023-04-03__0045312,flag,1,forming,bullish,0.5325024262962816,100.0,flag/images/forming/2023/04/flag__2023-04-03__0045312.png,,2023-04-03,45113,45312,2023-03-22T07:00:00+00:00,2023-04-03T23:00:00+00:00,45250.0,45312.0,2023-03-30T07:00:00+00:00,2023-04-03T23:00:00+00:00,,,1990.4,1948.1242857142856,2074.951428571429,2.0,1990.4,5.942857142857146,Bull flag after impulsive advance,rule_candidate,pending
flag__2023-04-04__0045335,flag,0,no_pattern,neutral,0.0,,flag/images/no_pattern/2023/04/flag__2023-04-04__0045335.png,,2023-04-04,45136,45335,2023-03-23T07:00:00+00:00,2023-04-04T23:00:00+00:00,,,,,,,,,,,,,No rule-based candidate at this daily endpoint,rule_candidate,pending
flag__2023-04-05__0045358,flag,1,forming,bullish,0.5321793343184745,48.0,flag/images/forming/2023/04/flag__2023-04-05__0045358.png,,2023-04-05,45159,45358,2023-03-24T07:00:00+00:00,2023-04-05T23:00:00+00:00,45329.0,45358.0,2023-04-04T17:00:00+00:00,2023-04-05T23:00:00+00:00,,,2032.03,2008.3344642857141,2079.421071428572,2.0000000000000098,2032.03,6.022142857142853,Bull flag after impulsive advance,rule_candidate,pending
flag__2023-04-06__0045381,flag,1,forming,bullish,0.666954472626762,80.0,flag/images/forming/2023/04/flag__2023-04-06__0045381.png,,2023-04-06,45182,45381,2023-03-27T08:00:00+00:00,2023-04-06T23:00:00+00:00,45332.0,45381.0,2023-04-04T20:00:00+00:00,2023-04-06T23:00:00+00:00,,,2032.03,1999.3741071428572,2097.341785714286,2.000000000000007,2032.03,5.383571428571388,Bull flag after impulsive advance,rule_candidate,pending
flag__2023-04-10__0045404,flag,1,forming,bullish,0.7025368082227,120.0,flag/images/forming/2023/04/flag__2023-04-10__0045404.png,,2023-04-10,45205,45404,2023-03-28T08:00:00+00:00,2023-04-10T23:00:00+00:00,45329.0,45404.0,2023-04-04T17:00:00+00:00,2023-04-10T23:00:00+00:00,,,2032.03,1980.3569642857142,2135.376071428572,2.0000000000000044,2032.03,4.652142857142849,Bull flag after impulsive advance,rule_candidate,pending
flag__2023-04-11__0045427,flag,1,forming,bullish,0.6551372524033717,200.0,flag/images/forming/2023/04/flag__2023-04-11__0045427.png,,2023-04-11,45228,45427,2023-03-29T08:00:00+00:00,2023-04-11T23:00:00+00:00,45302.0,45427.0,2023-04-03T13:00:00+00:00,2023-04-11T23:00:00+00:00,,,2032.03,1980.453392857143,2135.183214285714,1.9999999999999956,2032.03,4.26642857142854,Bull flag after impulsive advance,rule_candidate,pending
flag__2023-04-12__0045450,flag,0,no_pattern,neutral,0.0,,flag/images/no_pattern/2023/04/flag__2023-04-12__0045450.png,,2023-04-12,45251,45450,2023-03-30T08:00:00+00:00,2023-04-12T23:00:00+00:00,,,,,,,,,,,,,No rule-based candidate at this daily endpoint,rule_candidate,pending
flag__2023-04-13__0045473,flag,0,no_pattern,neutral,0.0,,flag/images/no_pattern/2023/04/flag__2023-04-13__0045473.png,,2023-04-13,45274,45473,2023-03-31T08:00:00+00:00,2023-04-13T23:00:00+00:00,,,,,,,,,,,,,No rule-based candidate at this daily endpoint,rule_candidate,pending
flag__2023-04-14__0045496,flag,1,forming,bullish,0.5361767057321019,100.0,flag/images/forming/2023/04/flag__2023-04-14__0045496.png,,2023-04-14,45297,45496,2023-04-03T08:00:00+00:00,2023-04-14T23:00:00+00:00,45434.0,45496.0,2023-04-12T07:00:00+00:00,2023-04-14T23:00:00+00:00,,,2048.63,1990.2503571428572,2165.389285714286,2.0,2048.63,7.998571428571414,Bull flag after impulsive advance,rule_candidate,pending
flag__2023-04-17__0045519,flag,1,forming,bullish,0.5473302942028693,200.0,flag/images/forming/2023/04/flag__2023-04-17__0045519.png,,2023-04-17,45320,45519,2023-04-04T08:00:00+00:00,2023-04-17T23:00:00+00:00,45394.0,45519.0,2023-04-10T13:00:00+00:00,2023-04-17T23:00:00+00:00,,,2048.63,1979.5621428571428,2186.7657142857147,2.0,2048.63,5.8714285714285745,Bull flag after impulsive advance,rule_candidate,pending
flag__2023-04-18__0045542,flag,0,no_pattern,neutral,0.0,,flag/images/no_pattern/2023/04/flag__2023-04-18__0045542.png,,2023-04-18,45343,45542,2023-04-05T08:00:00+00:00,2023-04-18T23:00:00+00:00,,,,,,,,,,,,,No rule-based candidate at this daily endpoint,rule_candidate,pending
flag__2023-04-19__0045565,flag,0,no_pattern,neutral,0.0,,flag/images/no_pattern/2023/04/flag__2023-04-19__0045565.png,,2023-04-19,45366,45565,2023-04-06T08:00:00+00:00,2023-04-19T23:00:00+00:00,,,,,,,,,,,,,No rule-based candidate at this daily endpoint,rule_candidate,pending
flag__2023-04-20__0045588,flag,0,no_pattern,neutral,0.0,,flag/images/no_pattern/2023/04/flag__2023-04-20__0045588.png,,2023-04-20,45389,45588,2023-04-10T08:00:00+00:00,2023-04-20T23:00:00+00:00,,,,,,,,,,,,,No rule-based candidate at this daily endpoint,rule_candidate,pending
flag__2023-04-21__0045611,flag,0,no_pattern,neutral,0.0,,flag/images/no_pattern/2023/04/flag__2023-04-21__0045611.png,,2023-04-21,45412,45611,2023-04-11T08:00:00+00:00,2023-04-21T23:00:00+00:00,,,,,,,,,,,,,No rule-based candidate at this daily endpoint,rule_candidate,pending
flag__2023-04-24__0045634,flag,0,no_pattern,neutral,0.0,,flag/images/no_pattern/2023/04/flag__2023-04-24__0045634.png,,2023-04-24,45435,45634,2023-04-12T08:00:00+00:00,2023-04-24T23:00:00+00:00,,,,,,,,,,,,,No rule-based candidate at this daily endpoint,rule_candidate,pending
flag__2023-04-25__0045657,flag,0,no_pattern,neutral,0.0,,flag/images/no_pattern/2023/04/flag__2023-04-25__0045657.png,,2023-04-25,45458,45657,2023-04-13T08:00:00+00:00,2023-04-25T23:00:00+00:00,,,,,,,,,,,,,No rule-based candidate at this daily endpoint,rule_candidate,pending
flag__2023-04-26__0045680,flag,0,no_pattern,neutral,0.0,,flag/images/no_pattern/2023/04/flag__2023-04-26__0045680.png,,2023-04-26,45481,45680,2023-04-14T08:00:00+00:00,2023-04-26T23:00:00+00:00,,,,,,,,,,,,,No rule-based candidate at this daily endpoint,rule_candidate,pending
flag__2023-04-27__0045703,flag,1,forming,bullish,0.5804734027635783,100.0,flag/images/forming/2023/04/flag__2023-04-27__0045703.png,,2023-04-27,45504,45703,2023-04-17T08:00:00+00:00,2023-04-27T23:00:00+00:00,45641.0,45703.0,2023-04-25T07:00:00+00:00,2023-04-27T23:00:00+00:00,,,2009.19,1972.5096428571428,2082.5507142857145,2.0,2009.19,6.161428571428554,Bull flag after impulsive advance,rule_candidate,pending
flag__2023-04-28__0045726,flag,1,forming,bullish,0.5862782667680345,100.0,flag/images/forming/2023/04/flag__2023-04-28__0045726.png,,2023-04-28,45527,45726,2023-04-18T08:00:00+00:00,2023-04-28T23:00:00+00:00,45664.0,45726.0,2023-04-26T07:00:00+00:00,2023-04-28T23:00:00+00:00,,,2003.21,1972.8264285714286,2063.977142857143,2.0,2003.21,4.894285714285729,Bull flag after impulsive advance,rule_candidate,pending
flag__2023-05-01__0045749,flag,0,no_pattern,neutral,0.0,,flag/images/no_pattern/2023/05/flag__2023-05-01__0045749.png,,2023-05-01,45550,45749,2023-04-19T08:00:00+00:00,2023-05-01T23:00:00+00:00,,,,,,,,,,,,,No rule-based candidate at this daily endpoint,rule_candidate,pending
flag__2023-05-02__0045772,flag,0,no_pattern,neutral,0.0,,flag/images/no_pattern/2023/05/flag__2023-05-02__0045772.png,,2023-05-02,45573,45772,2023-04-20T08:00:00+00:00,2023-05-02T23:00:00+00:00,,,,,,,,,,,,,No rule-based candidate at this daily endpoint,rule_candidate,pending
flag__2023-05-03__0045795,flag,0,no_pattern,neutral,0.0,,flag/images/no_pattern/2023/05/flag__2023-05-03__0045795.png,,2023-05-03,45596,45795,2023-04-21T08:00:00+00:00,2023-05-03T23:00:00+00:00,,,,,,,,,,,,,No rule-based candidate at this daily endpoint,rule_candidate,pending
flag__2023-05-04__0045818,flag,0,no_pattern,neutral,0.0,,flag/images/no_pattern/2023/05/flag__2023-05-04__0045818.png,,2023-05-04,45619,45818,2023-04-24T08:00:00+00:00,2023-05-04T23:00:00+00:00,,,,,,,,,,,,,No rule-based candidate at this daily endpoint,rule_candidate,pending
flag__2023-05-05__0045841,flag,1,forming,bullish,0.6250998091745954,80.0,flag/images/forming/2023/05/flag__2023-05-05__0045841.png,,2023-05-05,45642,45841,2023-04-25T08:00:00+00:00,2023-05-05T23:00:00+00:00,45792.0,45841.0,2023-05-03T20:00:00+00:00,2023-05-05T23:00:00+00:00,,,2059.44,1997.5417857142857,2183.236428571429,2.0,2059.44,7.312857142857118,Bull flag after impulsive advance,rule_candidate,pending
flag__2023-05-08__0045864,flag,1,forming,bullish,0.637507971230447,120.0,flag/images/forming/2023/05/flag__2023-05-08__0045864.png,,2023-05-08,45665,45864,2023-04-26T08:00:00+00:00,2023-05-08T23:00:00+00:00,45789.0,45864.0,2023-05-03T17:00:00+00:00,2023-05-08T23:00:00+00:00,,,2059.44,1998.4246428571428,2181.4707142857146,2.0,2059.44,3.781428571428559,Bull flag after impulsive advance,rule_candidate,pending
flag__2023-05-09__0045887,flag,1,forming,bullish,0.5937728415849008,200.0,flag/images/forming/2023/05/flag__2023-05-09__0045887.png,,2023-05-09,45688,45887,2023-04-27T08:00:00+00:00,2023-05-09T23:00:00+00:00,45762.0,45887.0,2023-05-02T13:00:00+00:00,2023-05-09T23:00:00+00:00,,,2059.44,1998.36375,2181.5925,2.0,2059.44,4.025000000000026,Bull flag after impulsive advance,rule_candidate,pending
flag__2023-05-10__0045910,flag,1,forming,bullish,0.5389315760856263,48.0,flag/images/forming/2023/05/flag__2023-05-10__0045910.png,,2023-05-10,45711,45910,2023-04-28T08:00:00+00:00,2023-05-10T23:00:00+00:00,45881.0,45910.0,2023-05-09T17:00:00+00:00,2023-05-10T23:00:00+00:00,,,2048.1,2019.71875,2104.8624999999997,2.0,2048.1,6.72499999999999,Bull flag after impulsive advance,rule_candidate,pending
flag__2023-05-11__0045933,flag,0,no_pattern,neutral,0.0,,flag/images/no_pattern/2023/05/flag__2023-05-11__0045933.png,,2023-05-11,45734,45933,2023-05-01T08:00:00+00:00,2023-05-11T23:00:00+00:00,,,,,,,,,,,,,No rule-based candidate at this daily endpoint,rule_candidate,pending
flag__2023-05-12__0045956,flag,1,forming,bullish,0.6231958793876199,200.0,flag/images/forming/2023/05/flag__2023-05-12__0045956.png,,2023-05-12,45757,45956,2023-05-02T08:00:00+00:00,2023-05-12T23:00:00+00:00,45831.0,45956.0,2023-05-05T13:00:00+00:00,2023-05-12T23:00:00+00:00,,,2048.1,1999.4080357142857,2145.4839285714284,2.0,2048.1,5.407857142857113,Bull flag after impulsive advance,rule_candidate,pending
flag__2023-05-15__0045979,flag,0,no_pattern,neutral,0.0,,flag/images/no_pattern/2023/05/flag__2023-05-15__0045979.png,,2023-05-15,45780,45979,2023-05-03T08:00:00+00:00,2023-05-15T23:00:00+00:00,,,,,,,,,,,,,No rule-based candidate at this daily endpoint,rule_candidate,pending
flag__2023-05-16__0046002,flag,0,no_pattern,neutral,0.0,,flag/images/no_pattern/2023/05/flag__2023-05-16__0046002.png,,2023-05-16,45803,46002,2023-05-04T08:00:00+00:00,2023-05-16T23:00:00+00:00,,,,,,,,,,,,,No rule-based candidate at this daily endpoint,rule_candidate,pending
flag__2023-05-17__0046025,flag,0,no_pattern,neutral,0.0,,flag/images/no_pattern/2023/05/flag__2023-05-17__0046025.png,,2023-05-17,45826,46025,2023-05-05T08:00:00+00:00,2023-05-17T23:00:00+00:00,,,,,,,,,,,,,No rule-based candidate at this daily endpoint,rule_candidate,pending
flag__2023-05-18__0046048,flag,0,no_pattern,neutral,0.0,,flag/images/no_pattern/2023/05/flag__2023-05-18__0046048.png,,2023-05-18,45849,46048,2023-05-08T08:00:00+00:00,2023-05-18T23:00:00+00:00,,,,,,,,,,,,,No rule-based candidate at this daily endpoint,rule_candidate,pending
flag__2023-05-19__0046071,flag,0,no_pattern,neutral,0.0,,flag/images/no_pattern/2023/05/flag__2023-05-19__0046071.png,,2023-05-19,45872,46071,2023-05-09T08:00:00+00:00,2023-05-19T23:00:00+00:00,,,,,,,,,,,,,No rule-based candidate at this daily endpoint,rule_candidate,pending
flag__2023-05-22__0046094,flag,1,forming,bullish,0.6486854880073912,48.0,flag/images/forming/2023/05/flag__2023-05-22__0046094.png,,2023-05-22,45895,46094,2023-05-10T08:00:00+00:00,2023-05-22T23:00:00+00:00,46065.0,46094.0,2023-05-19T17:00:00+00:00,2023-05-22T23:00:00+00:00,,,1982.52,1967.6007142857143,2012.3585714285714,2.0,1982.52,4.6371428571428295,Bull flag after impulsive advance,rule_candidate,pending
flag__2023-05-23__0046117,flag,1,forming,bullish,0.5305901287512123,64.0,flag/images/forming/2023/05/flag__2023-05-23__0046117.png,,2023-05-23,45918,46117,2023-05-11T08:00:00+00:00,2023-05-23T23:00:00+00:00,46078.0,46117.0,2023-05-22T07:00:00+00:00,2023-05-23T23:00:00+00:00,,,1978.83,1952.7637499999998,2030.9625,2.0,1978.83,5.384999999999991,Bull flag after impulsive advance,rule_candidate,pending
flag__2023-05-24__0046140,flag,0,no_pattern,neutral,0.0,,flag/images/no_pattern/2023/05/flag__2023-05-24__0046140.png,,2023-05-24,45941,46140,2023-05-12T08:00:00+00:00,2023-05-24T23:00:00+00:00,,,,,,,,,,,,,No rule-based candidate at this daily endpoint,rule_candidate,pending
flag__2023-05-25__0046163,flag,0,no_pattern,neutral,0.0,,flag/images/no_pattern/2023/05/flag__2023-05-25__0046163.png,,2023-05-25,45964,46163,2023-05-15T08:00:00+00:00,2023-05-25T23:00:00+00:00,,,,,,,,,,,,,No rule-based candidate at this daily endpoint,rule_candidate,pending
flag__2023-05-26__0046186,flag,0,no_pattern,neutral,0.0,,flag/images/no_pattern/2023/05/flag__2023-05-26__0046186.png,,2023-05-26,45987,46186,2023-05-16T08:00:00+00:00,2023-05-26T23:00:00+00:00,,,,,,,,,,,,,No rule-based candidate at this daily endpoint,rule_candidate,pending
flag__2023-05-29__0046207,flag,0,no_pattern,neutral,0.0,,flag/images/no_pattern/2023/05/flag__2023-05-29__0046207.png,,2023-05-29,46008,46207,2023-05-17T06:00:00+00:00,2023-05-29T21:00:00+00:00,,,,,,,,,,,,,No rule-based candidate at this daily endpoint,rule_candidate,pending
flag__2023-05-30__0046230,flag,0,no_pattern,neutral,0.0,,flag/images/no_pattern/2023/05/flag__2023-05-30__0046230.png,,2023-05-30,46031,46230,2023-05-18T06:00:00+00:00,2023-05-30T23:00:00+00:00,,,,,,,,,,,,,No rule-based candidate at this daily endpoint,rule_candidate,pending
flag__2023-05-31__0046253,flag,0,no_pattern,neutral,0.0,,flag/images/no_pattern/2023/05/flag__2023-05-31__0046253.png,,2023-05-31,46054,46253,2023-05-19T06:00:00+00:00,2023-05-31T23:00:00+00:00,,,,,,,,,,,,,No rule-based candidate at this daily endpoint,rule_candidate,pending
flag__2023-06-01__0046276,flag,0,no_pattern,neutral,0.0,,flag/images/no_pattern/2023/06/flag__2023-06-01__0046276.png,,2023-06-01,46077,46276,2023-05-22T06:00:00+00:00,2023-06-01T23:00:00+00:00,,,,,,,,,,,,,No rule-based candidate at this daily endpoint,rule_candidate,pending
flag__2023-06-02__0046299,flag,0,no_pattern,neutral,0.0,,flag/images/no_pattern/2023/06/flag__2023-06-02__0046299.png,,2023-06-02,46100,46299,2023-05-23T06:00:00+00:00,2023-06-02T23:00:00+00:00,,,,,,,,,,,,,No rule-based candidate at this daily endpoint,rule_candidate,pending
flag__2023-06-05__0046322,flag,1,forming,bullish,0.6503497239793476,120.0,flag/images/forming/2023/06/flag__2023-06-05__0046322.png,,2023-06-05,46123,46322,2023-05-24T06:00:00+00:00,2023-06-05T23:00:00+00:00,46247.0,46322.0,2023-05-31T17:00:00+00:00,2023-06-05T23:00:00+00:00,,,1983.31,1936.7298214285715,2076.4703571428568,2.0,1983.31,5.080714285714261,Bull flag after impulsive advance,rule_candidate,pending
flag__2023-06-06__0046345,flag,1,forming,bullish,0.5619172931397904,200.0,flag/images/forming/2023/06/flag__2023-06-06__0046345.png,,2023-06-06,46146,46345,2023-05-25T06:00:00+00:00,2023-06-06T23:00:00+00:00,46220.0,46345.0,2023-05-30T13:00:00+00:00,2023-06-06T23:00:00+00:00,,,1983.31,1936.963392857143,2076.003214285714,2.0,1983.31,4.146428571428503,Bull flag after impulsive advance,rule_candidate,pending
flag__2023-06-07__0046368,flag,0,no_pattern,neutral,0.0,,flag/images/no_pattern/2023/06/flag__2023-06-07__0046368.png,,2023-06-07,46169,46368,2023-05-26T06:00:00+00:00,2023-06-07T23:00:00+00:00,,,,,,,,,,,,,No rule-based candidate at this daily endpoint,rule_candidate,pending
flag__2023-06-08__0046391,flag,0,no_pattern,neutral,0.0,,flag/images/no_pattern/2023/06/flag__2023-06-08__0046391.png,,2023-06-08,46192,46391,2023-05-29T06:00:00+00:00,2023-06-08T23:00:00+00:00,,,,,,,,,,,,,No rule-based candidate at this daily endpoint,rule_candidate,pending
flag__2023-06-09__0046414,flag,1,forming,bullish,0.6298500297988472,48.0,flag/images/forming/2023/06/flag__2023-06-09__0046414.png,,2023-06-09,46215,46414,2023-05-30T08:00:00+00:00,2023-06-09T23:00:00+00:00,46385.0,46414.0,2023-06-08T17:00:00+00:00,2023-06-09T23:00:00+00:00,,,1972.93,1955.4666071428571,2007.856785714286,2.0,1972.93,4.053571428571429,Bull flag after impulsive advance,rule_candidate,pending
flag__2023-06-12__0046437,flag,1,forming,bullish,0.556058598240462,64.0,flag/images/forming/2023/06/flag__2023-06-12__0046437.png,,2023-06-12,46238,46437,2023-05-31T08:00:00+00:00,2023-06-12T23:00:00+00:00,46398.0,46437.0,2023-06-09T07:00:00+00:00,2023-06-12T23:00:00+00:00,,,1966.88,1947.9985714285713,2004.6428571428578,2.0,1966.88,4.2857142857143185,Bull flag after impulsive advance,rule_candidate,pending
flag__2023-06-13__0046460,flag,0,no_pattern,neutral,0.0,,flag/images/no_pattern/2023/06/flag__2023-06-13__0046460.png,,2023-06-13,46261,46460,2023-06-01T08:00:00+00:00,2023-06-13T23:00:00+00:00,,,,,,,,,,,,,No rule-based candidate at this daily endpoint,rule_candidate,pending
flag__2023-06-14__0046483,flag,1,forming,bullish,0.575964279579456,120.0,flag/images/forming/2023/06/flag__2023-06-14__0046483.png,,2023-06-14,46284,46483,2023-06-02T08:00:00+00:00,2023-06-14T23:00:00+00:00,46408.0,46483.0,2023-06-09T17:00:00+00:00,2023-06-14T23:00:00+00:00,,,1970.7,1938.1564285714285,2035.7871428571432,2.0,1970.7,5.494285714285671,Bull flag after impulsive advance,rule_candidate,pending
flag__2023-06-15__0046506,flag,1,forming,bullish,0.5978461740587904,200.0,flag/images/forming/2023/06/flag__2023-06-15__0046506.png,,2023-06-15,46307,46506,2023-06-05T08:00:00+00:00,2023-06-15T23:00:00+00:00,46381.0,46506.0,2023-06-08T13:00:00+00:00,2023-06-15T23:00:00+00:00,,,1970.7,1923.1046428571428,2065.8907142857142,1.9999999999999951,1970.7,5.7014285714285835,Bull flag after impulsive advance,rule_candidate,pending
flag__2023-06-16__0046529,flag,0,no_pattern,neutral,0.0,,flag/images/no_pattern/2023/06/flag__2023-06-16__0046529.png,,2023-06-16,46330,46529,2023-06-06T08:00:00+00:00,2023-06-16T23:00:00+00:00,,,,,,,,,,,,,No rule-based candidate at this daily endpoint,rule_candidate,pending
flag__2023-06-19__0046550,flag,1,forming,bullish,0.6823989082299144,64.0,flag/images/forming/2023/06/flag__2023-06-19__0046550.png,,2023-06-19,46351,46550,2023-06-07T06:00:00+00:00,2023-06-19T21:00:00+00:00,46511.0,46550.0,2023-06-16T05:00:00+00:00,2023-06-19T21:00:00+00:00,,,1965.96,1946.9223214285714,2004.0353571428573,2.0,1965.96,2.7907142857142975,Bull flag after impulsive advance,rule_candidate,pending
flag__2023-06-20__0046573,flag,0,no_pattern,neutral,0.0,,flag/images/no_pattern/2023/06/flag__2023-06-20__0046573.png,,2023-06-20,46374,46573,2023-06-08T06:00:00+00:00,2023-06-20T23:00:00+00:00,,,,,,,,,,,,,No rule-based candidate at this daily endpoint,rule_candidate,pending
flag__2023-06-21__0046596,flag,0,no_pattern,neutral,0.0,,flag/images/no_pattern/2023/06/flag__2023-06-21__0046596.png,,2023-06-21,46397,46596,2023-06-09T06:00:00+00:00,2023-06-21T23:00:00+00:00,,,,,,,,,,,,,No rule-based candidate at this daily endpoint,rule_candidate,pending
flag__2023-06-22__0046619,flag,0,no_pattern,neutral,0.0,,flag/images/no_pattern/2023/06/flag__2023-06-22__0046619.png,,2023-06-22,46420,46619,2023-06-12T06:00:00+00:00,2023-06-22T23:00:00+00:00,,,,,,,,,,,,,No rule-based candidate at this daily endpoint,rule_candidate,pending
flag__2023-06-23__0046642,flag,0,no_pattern,neutral,0.0,,flag/images/no_pattern/2023/06/flag__2023-06-23__0046642.png,,2023-06-23,46443,46642,2023-06-13T06:00:00+00:00,2023-06-23T23:00:00+00:00,,,,,,,,,,,,,No rule-based candidate at this daily endpoint,rule_candidate,pending
flag__2023-06-26__0046665,flag,1,forming,bullish,0.5374378635733684,48.0,flag/images/forming/2023/06/flag__2023-06-26__0046665.png,,2023-06-26,46466,46665,2023-06-14T06:00:00+00:00,2023-06-26T23:00:00+00:00,46636.0,46665.0,2023-06-23T17:00:00+00:00,2023-06-26T23:00:00+00:00,,,1933.23,1920.4894642857143,1958.7110714285714,2.0,1933.23,3.642142857142858,Bull flag after impulsive advance,rule_candidate,pending
flag__2023-06-27__0046688,flag,0,no_pattern,neutral,0.0,,flag/images/no_pattern/2023/06/flag__2023-06-27__0046688.png,,2023-06-27,46489,46688,2023-06-15T06:00:00+00:00,2023-06-27T23:00:00+00:00,,,,,,,,,,,,,No rule-based candidate at this daily endpoint,rule_candidate,pending
flag__2023-06-28__0046711,flag,0,no_pattern,neutral,0.0,,flag/images/no_pattern/2023/06/flag__2023-06-28__0046711.png,,2023-06-28,46512,46711,2023-06-16T06:00:00+00:00,2023-06-28T23:00:00+00:00,,,,,,,,,,,,,No rule-based candidate at this daily endpoint,rule_candidate,pending
flag__2023-06-29__0046734,flag,0,no_pattern,neutral,0.0,,flag/images/no_pattern/2023/06/flag__2023-06-29__0046734.png,,2023-06-29,46535,46734,2023-06-19T06:00:00+00:00,2023-06-29T23:00:00+00:00,,,,,,,,,,,,,No rule-based candidate at this daily endpoint,rule_candidate,pending
flag__2023-06-30__0046757,flag,0,no_pattern,neutral,0.0,,flag/images/no_pattern/2023/06/flag__2023-06-30__0046757.png,,2023-06-30,46558,46757,2023-06-20T08:00:00+00:00,2023-06-30T23:00:00+00:00,,,,,,,,,,,,,No rule-based candidate at this daily endpoint,rule_candidate,pending
flag__2023-07-03__0046780,flag,0,no_pattern,neutral,0.0,,flag/images/no_pattern/2023/07/flag__2023-07-03__0046780.png,,2023-07-03,46581,46780,2023-06-21T08:00:00+00:00,2023-07-03T23:00:00+00:00,,,,,,,,,,,,,No rule-based candidate at this daily endpoint,rule_candidate,pending
flag__2023-07-04__0046801,flag,0,no_pattern,neutral,0.0,,flag/images/no_pattern/2023/07/flag__2023-07-04__0046801.png,,2023-07-04,46602,46801,2023-06-22T06:00:00+00:00,2023-07-04T21:00:00+00:00,,,,,,,,,,,,,No rule-based candidate at this daily endpoint,rule_candidate,pending
flag__2023-07-05__0046824,flag,1,forming,bullish,0.6237355188295391,80.0,flag/images/forming/2023/07/flag__2023-07-05__0046824.png,,2023-07-05,46625,46824,2023-06-23T06:00:00+00:00,2023-07-05T23:00:00+00:00,46775.0,46824.0,2023-07-03T18:00:00+00:00,2023-07-05T23:00:00+00:00,,,1934.96,1913.577142857143,1977.7257142857143,2.0,1934.96,4.2914285714285985,Bull flag after impulsive advance,rule_candidate,pending
flag__2023-07-06__0046847,flag,0,no_pattern,neutral,0.0,,flag/images/no_pattern/2023/07/flag__2023-07-06__0046847.png,,2023-07-06,46648,46847,2023-06-26T06:00:00+00:00,2023-07-06T23:00:00+00:00,,,,,,,,,,,,,No rule-based candidate at this daily endpoint,rule_candidate,pending
flag__2023-07-07__0046870,flag,1,forming,bullish,0.5569141178846788,160.0,flag/images/forming/2023/07/flag__2023-07-07__0046870.png,,2023-07-07,46671,46870,2023-06-27T06:00:00+00:00,2023-07-07T23:00:00+00:00,46770.0,46870.0,2023-07-03T13:00:00+00:00,2023-07-07T23:00:00+00:00,,,1934.96,1901.2117857142857,2002.4564285714287,2.0,1934.96,5.152857142857134,Bull flag after impulsive advance,rule_candidate,pending
flag__2023-07-10__0046893,flag,1,forming,bullish,0.5470563291934827,64.0,flag/images/forming/2023/07/flag__2023-07-10__0046893.png,,2023-07-10,46694,46893,2023-06-28T06:00:00+00:00,2023-07-10T23:00:00+00:00,46854.0,46893.0,2023-07-07T07:00:00+00:00,2023-07-10T23:00:00+00:00,,,1934.73,1911.607857142857,1980.974285714286,2.0,1934.73,3.76857142857146,Bull flag after impulsive advance,rule_candidate,pending
flag__2023-07-11__0046916,flag,0,no_pattern,neutral,0.0,,flag/images/no_pattern/2023/07/flag__2023-07-11__0046916.png,,2023-07-11,46717,46916,2023-06-29T06:00:00+00:00,2023-07-11T23:00:00+00:00,,,,,,,,,,,,,No rule-based candidate at this daily endpoint,rule_candidate,pending
flag__2023-07-12__0046939,flag,0,no_pattern,neutral,0.0,,flag/images/no_pattern/2023/07/flag__2023-07-12__0046939.png,,2023-07-12,46740,46939,2023-06-30T06:00:00+00:00,2023-07-12T23:00:00+00:00,,,,,,,,,,,,,No rule-based candidate at this daily endpoint,rule_candidate,pending
flag__2023-07-13__0046962,flag,0,no_pattern,neutral,0.0,,flag/images/no_pattern/2023/07/flag__2023-07-13__0046962.png,,2023-07-13,46763,46962,2023-07-03T06:00:00+00:00,2023-07-13T23:00:00+00:00,,,,,,,,,,,,,No rule-based candidate at this daily endpoint,rule_candidate,pending
flag__2023-07-14__0046985,flag,1,forming,bullish,0.5555595592509119,80.0,flag/images/forming/2023/07/flag__2023-07-14__0046985.png,,2023-07-14,46786,46985,2023-07-04T06:00:00+00:00,2023-07-14T23:00:00+00:00,46936.0,46985.0,2023-07-12T20:00:00+00:00,2023-07-14T23:00:00+00:00,,,1963.7,1949.8282142857142,1991.4435714285717,2.0,1963.7,3.7671428571428742,Bull flag after impulsive advance,rule_candidate,pending
flag__2023-07-17__0047008,flag,1,forming,bullish,0.620652807079246,120.0,flag/images/forming/2023/07/flag__2023-07-17__0047008.png,,2023-07-17,46809,47008,2023-07-05T08:00:00+00:00,2023-07-17T23:00:00+00:00,46933.0,47008.0,2023-07-12T17:00:00+00:00,2023-07-17T23:00:00+00:00,,,1963.7,1944.6716071428573,2001.7567857142856,2.0,1963.7,3.8735714285714136,Bull flag after impulsive advance,rule_candidate,pending
flag__2023-07-18__0047031,flag,0,no_pattern,neutral,0.0,,flag/images/no_pattern/2023/07/flag__2023-07-18__0047031.png,,2023-07-18,46832,47031,2023-07-06T08:00:00+00:00,2023-07-18T23:00:00+00:00,,,,,,,,,,,,,No rule-based candidate at this daily endpoint,rule_candidate,pending
flag__2023-07-19__0047054,flag,1,forming,bullish,0.5428488456578011,64.0,flag/images/forming/2023/07/flag__2023-07-19__0047054.png,,2023-07-19,46855,47054,2023-07-07T08:00:00+00:00,2023-07-19T23:00:00+00:00,47015.0,47054.0,2023-07-18T07:00:00+00:00,2023-07-19T23:00:00+00:00,,,1984.25,1968.6794642857142,2015.3910714285716,2.0,1984.25,3.7621428571428623,Bull flag after impulsive advance,rule_candidate,pending
flag__2023-07-20__0047077,flag,1,forming,bullish,0.5863590782694164,64.0,flag/images/forming/2023/07/flag__2023-07-20__0047077.png,,2023-07-20,46878,47077,2023-07-10T08:00:00+00:00,2023-07-20T23:00:00+00:00,47038.0,47077.0,2023-07-19T07:00:00+00:00,2023-07-20T23:00:00+00:00,,,1987.32,1964.0980357142857,2033.7639285714283,2.0,1987.32,4.527857142857134,Bull flag after impulsive advance,rule_candidate,pending
flag__2023-07-21__0047100,flag,1,forming,bullish,0.6990961452353464,100.0,flag/images/forming/2023/07/flag__2023-07-21__0047100.png,,2023-07-21,46901,47100,2023-07-11T08:00:00+00:00,2023-07-21T23:00:00+00:00,47038.0,47100.0,2023-07-19T07:00:00+00:00,2023-07-21T23:00:00+00:00,,,1987.32,1955.675892857143,2050.608214285714,2.000000000000007,1987.32,4.016428571428605,Bull flag after impulsive advance,rule_candidate,pending
flag__2023-07-24__0047123,flag,1,forming,bullish,0.6790132161169956,200.0,flag/images/forming/2023/07/flag__2023-07-24__0047123.png,,2023-07-24,46924,47123,2023-07-12T08:00:00+00:00,2023-07-24T23:00:00+00:00,46998.0,47123.0,2023-07-17T13:00:00+00:00,2023-07-24T23:00:00+00:00,,,1987.32,1952.3625,2057.2349999999997,1.9999999999999936,1987.32,3.9899999999999767,Bull flag after impulsive advance,rule_candidate,pending
flag__2023-07-25__0047146,flag,1,forming,bullish,0.654884627604066,200.0,flag/images/forming/2023/07/flag__2023-07-25__0047146.png,,2023-07-25,46947,47146,2023-07-13T08:00:00+00:00,2023-07-25T23:00:00+00:00,47021.0,47146.0,2023-07-18T13:00:00+00:00,2023-07-25T23:00:00+00:00,,,1987.32,1950.1107142857143,2061.738571428571,1.9999999999999938,1987.32,4.197142857142857,Bull flag after impulsive advance,rule_candidate,pending
flag__2023-07-26__0047169,flag,0,no_pattern,neutral,0.0,,flag/images/no_pattern/2023/07/flag__2023-07-26__0047169.png,,2023-07-26,46970,47169,2023-07-14T08:00:00+00:00,2023-07-26T23:00:00+00:00,,,,,,,,,,,,,No rule-based candidate at this daily endpoint,rule_candidate,pending
flag__2023-07-27__0047192,flag,0,no_pattern,neutral,0.0,,flag/images/no_pattern/2023/07/flag__2023-07-27__0047192.png,,2023-07-27,46993,47192,2023-07-17T08:00:00+00:00,2023-07-27T23:00:00+00:00,,,,,,,,,,,,,No rule-based candidate at this daily endpoint,rule_candidate,pending
flag__2023-07-28__0047215,flag,0,no_pattern,neutral,0.0,,flag/images/no_pattern/2023/07/flag__2023-07-28__0047215.png,,2023-07-28,47016,47215,2023-07-18T08:00:00+00:00,2023-07-28T23:00:00+00:00,,,,,,,,,,,,,No rule-based candidate at this daily endpoint,rule_candidate,pending
flag__2023-07-31__0047238,flag,0,no_pattern,neutral,0.0,,flag/images/no_pattern/2023/07/flag__2023-07-31__0047238.png,,2023-07-31,47039,47238,2023-07-19T08:00:00+00:00,2023-07-31T23:00:00+00:00,,,,,,,,,,,,,No rule-based candidate at this daily endpoint,rule_candidate,pending
flag__2023-08-01__0047261,flag,0,no_pattern,neutral,0.0,,flag/images/no_pattern/2023/08/flag__2023-08-01__0047261.png,,2023-08-01,47062,47261,2023-07-20T08:00:00+00:00,2023-08-01T23:00:00+00:00,,,,,,,,,,,,,No rule-based candidate at this daily endpoint,rule_candidate,pending
flag__2023-08-02__0047284,flag,0,no_pattern,neutral,0.0,,flag/images/no_pattern/2023/08/flag__2023-08-02__0047284.png,,2023-08-02,47085,47284,2023-07-21T08:00:00+00:00,2023-08-02T23:00:00+00:00,,,,,,,,,,,,,No rule-based candidate at this daily endpoint,rule_candidate,pending
flag__2023-08-03__0047307,flag,0,no_pattern,neutral,0.0,,flag/images/no_pattern/2023/08/flag__2023-08-03__0047307.png,,2023-08-03,47108,47307,2023-07-24T08:00:00+00:00,2023-08-03T23:00:00+00:00,,,,,,,,,,,,,No rule-based candidate at this daily endpoint,rule_candidate,pending
flag__2023-08-04__0047330,flag,0,no_pattern,neutral,0.0,,flag/images/no_pattern/2023/08/flag__2023-08-04__0047330.png,,2023-08-04,47131,47330,2023-07-25T08:00:00+00:00,2023-08-04T23:00:00+00:00,,,,,,,,,,,,,No rule-based candidate at this daily endpoint,rule_candidate,pending
flag__2023-08-07__0047353,flag,0,no_pattern,neutral,0.0,,flag/images/no_pattern/2023/08/flag__2023-08-07__0047353.png,,2023-08-07,47154,47353,2023-07-26T08:00:00+00:00,2023-08-07T23:00:00+00:00,,,,,,,,,,,,,No rule-based candidate at this daily endpoint,rule_candidate,pending
flag__2023-08-08__0047376,flag,0,no_pattern,neutral,0.0,,flag/images/no_pattern/2023/08/flag__2023-08-08__0047376.png,,2023-08-08,47177,47376,2023-07-27T08:00:00+00:00,2023-08-08T23:00:00+00:00,,,,,,,,,,,,,No rule-based candidate at this daily endpoint,rule_candidate,pending
flag__2023-08-09__0047399,flag,0,no_pattern,neutral,0.0,,flag/images/no_pattern/2023/08/flag__2023-08-09__0047399.png,,2023-08-09,47200,47399,2023-07-28T08:00:00+00:00,2023-08-09T23:00:00+00:00,,,,,,,,,,,,,No rule-based candidate at this daily endpoint,rule_candidate,pending
flag__2023-08-10__0047422,flag,0,no_pattern,neutral,0.0,,flag/images/no_pattern/2023/08/flag__2023-08-10__0047422.png,,2023-08-10,47223,47422,2023-07-31T08:00:00+00:00,2023-08-10T23:00:00+00:00,,,,,,,,,,,,,No rule-based candidate at this daily endpoint,rule_candidate,pending
flag__2023-08-11__0047445,flag,0,no_pattern,neutral,0.0,,flag/images/no_pattern/2023/08/flag__2023-08-11__0047445.png,,2023-08-11,47246,47445,2023-08-01T08:00:00+00:00,2023-08-11T23:00:00+00:00,,,,,,,,,,,,,No rule-based candidate at this daily endpoint,rule_candidate,pending
flag__2023-08-14__0047468,flag,0,no_pattern,neutral,0.0,,flag/images/no_pattern/2023/08/flag__2023-08-14__0047468.png,,2023-08-14,47269,47468,2023-08-02T08:00:00+00:00,2023-08-14T23:00:00+00:00,,,,,,,,,,,,,No rule-based candidate at this daily endpoint,rule_candidate,pending
flag__2023-08-15__0047491,flag,0,no_pattern,neutral,0.0,,flag/images/no_pattern/2023/08/flag__2023-08-15__0047491.png,,2023-08-15,47292,47491,2023-08-03T08:00:00+00:00,2023-08-15T23:00:00+00:00,,,,,,,,,,,,,No rule-based candidate at this daily endpoint,rule_candidate,pending
flag__2023-08-16__0047514,flag,0,no_pattern,neutral,0.0,,flag/images/no_pattern/2023/08/flag__2023-08-16__0047514.png,,2023-08-16,47315,47514,2023-08-04T08:00:00+00:00,2023-08-16T23:00:00+00:00,,,,,,,,,,,,,No rule-based candidate at this daily endpoint,rule_candidate,pending
flag__2023-08-17__0047537,flag,0,no_pattern,neutral,0.0,,flag/images/no_pattern/2023/08/flag__2023-08-17__0047537.png,,2023-08-17,47338,47537,2023-08-07T08:00:00+00:00,2023-08-17T23:00:00+00:00,,,,,,,,,,,,,No rule-based candidate at this daily endpoint,rule_candidate,pending
flag__2023-08-18__0047560,flag,0,no_pattern,neutral,0.0,,flag/images/no_pattern/2023/08/flag__2023-08-18__0047560.png,,2023-08-18,47361,47560,2023-08-08T08:00:00+00:00,2023-08-18T23:00:00+00:00,,,,,,,,,,,,,No rule-based candidate at this daily endpoint,rule_candidate,pending
flag__2023-08-21__0047583,flag,0,no_pattern,neutral,0.0,,flag/images/no_pattern/2023/08/flag__2023-08-21__0047583.png,,2023-08-21,47384,47583,2023-08-09T08:00:00+00:00,2023-08-21T23:00:00+00:00,,,,,,,,,,,,,No rule-based candidate at this daily endpoint,rule_candidate,pending
flag__2023-08-22__0047606,flag,0,no_pattern,neutral,0.0,,flag/images/no_pattern/2023/08/flag__2023-08-22__0047606.png,,2023-08-22,47407,47606,2023-08-10T08:00:00+00:00,2023-08-22T23:00:00+00:00,,,,,,,,,,,,,No rule-based candidate at this daily endpoint,rule_candidate,pending
flag__2023-08-23__0047629,flag,0,no_pattern,neutral,0.0,,flag/images/no_pattern/2023/08/flag__2023-08-23__0047629.png,,2023-08-23,47430,47629,2023-08-11T08:00:00+00:00,2023-08-23T23:00:00+00:00,,,,,,,,,,,,,No rule-based candidate at this daily endpoint,rule_candidate,pending
flag__2023-08-24__0047652,flag,1,forming,bullish,0.5685290062668003,48.0,flag/images/forming/2023/08/flag__2023-08-24__0047652.png,,2023-08-24,47453,47652,2023-08-14T08:00:00+00:00,2023-08-24T23:00:00+00:00,47623.0,47652.0,2023-08-23T17:00:00+00:00,2023-08-24T23:00:00+00:00,,,1923.25,1910.882142857143,1947.985714285714,2.0,1923.25,3.031428571428559,Bull flag after impulsive advance,rule_candidate,pending
flag__2023-08-25__0047675,flag,1,forming,bullish,0.6365130570001295,100.0,flag/images/forming/2023/08/flag__2023-08-25__0047675.png,,2023-08-25,47476,47675,2023-08-15T08:00:00+00:00,2023-08-25T23:00:00+00:00,47613.0,47675.0,2023-08-23T07:00:00+00:00,2023-08-25T23:00:00+00:00,,,1923.25,1902.6025000000002,1964.5449999999996,2.0,1923.25,4.190000000000006,Bull flag after impulsive advance,rule_candidate,pending
flag__2023-08-28__0047698,flag,1,forming,bullish,0.5367241470274208,160.0,flag/images/forming/2023/08/flag__2023-08-28__0047698.png,,2023-08-28,47499,47698,2023-08-16T08:00:00+00:00,2023-08-28T23:00:00+00:00,47598.0,47698.0,2023-08-22T15:00:00+00:00,2023-08-28T23:00:00+00:00,,,1925.94,1902.9201785714286,1971.979642857143,2.0,1925.94,2.919285714285723,Bull flag after impulsive advance,rule_candidate,pending
flag__2023-08-29__0047721,flag,0,no_pattern,neutral,0.0,,flag/images/no_pattern/2023/08/flag__2023-08-29__0047721.png,,2023-08-29,47522,47721,2023-08-17T08:00:00+00:00,2023-08-29T23:00:00+00:00,,,,,,,,,,,,,No rule-based candidate at this daily endpoint,rule_candidate,pending
flag__2023-08-30__0047744,flag,0,no_pattern,neutral,0.0,,flag/images/no_pattern/2023/08/flag__2023-08-30__0047744.png,,2023-08-30,47545,47744,2023-08-18T08:00:00+00:00,2023-08-30T23:00:00+00:00,,,,,,,,,,,,,No rule-based candidate at this daily endpoint,rule_candidate,pending
flag__2023-08-31__0047767,flag,1,forming,bullish,0.6672409867781646,48.0,flag/images/forming/2023/08/flag__2023-08-31__0047767.png,,2023-08-31,47568,47767,2023-08-21T08:00:00+00:00,2023-08-31T23:00:00+00:00,47738.0,47767.0,2023-08-30T17:00:00+00:00,2023-08-31T23:00:00+00:00,,,1947.75,1938.2655357142858,1966.7189285714285,2.0,1947.75,2.697857142857125,Bull flag after impulsive advance,rule_candidate,pending
flag__2023-09-01__0047790,flag,1,forming,bullish,0.593647514199624,120.0,flag/images/forming/2023/09/flag__2023-09-01__0047790.png,,2023-09-01,47591,47790,2023-08-22T08:00:00+00:00,2023-09-01T23:00:00+00:00,47715.0,47790.0,2023-08-29T17:00:00+00:00,2023-09-01T23:00:00+00:00,,,1952.79,1933.357857142857,1991.6542857142858,2.0,1952.79,3.7285714285714318,Bull flag after impulsive advance,rule_candidate,pending
flag__2023-09-04__0047811,flag,1,forming,bullish,0.574567683470293,160.0,flag/images/forming/2023/09/flag__2023-09-04__0047811.png,,2023-09-04,47612,47811,2023-08-23T06:00:00+00:00,2023-09-04T21:00:00+00:00,47711.0,47811.0,2023-08-29T13:00:00+00:00,2023-09-04T21:00:00+00:00,,,1952.79,1933.8432142857143,1990.6835714285712,2.0,1952.79,1.7871428571429047,Bull flag after impulsive advance,rule_candidate,pending
flag__2023-09-05__0047834,flag,1,forming,bullish,0.6353953304797739,160.0,flag/images/forming/2023/09/flag__2023-09-05__0047834.png,,2023-09-05,47635,47834,2023-08-24T06:00:00+00:00,2023-09-05T23:00:00+00:00,47734.0,47834.0,2023-08-30T13:00:00+00:00,2023-09-05T23:00:00+00:00,,,1952.79,1924.4825,2009.4049999999997,2.0,1952.79,2.950000000000029,Bull flag after impulsive advance,rule_candidate,pending
flag__2023-09-06__0047857,flag,0,no_pattern,neutral,0.0,,flag/images/no_pattern/2023/09/flag__2023-09-06__0047857.png,,2023-09-06,47658,47857,2023-08-25T06:00:00+00:00,2023-09-06T23:00:00+00:00,,,,,,,,,,,,,No rule-based candidate at this daily endpoint,rule_candidate,pending
flag__2023-09-07__0047880,flag,0,no_pattern,neutral,0.0,,flag/images/no_pattern/2023/09/flag__2023-09-07__0047880.png,,2023-09-07,47681,47880,2023-08-28T06:00:00+00:00,2023-09-07T23:00:00+00:00,,,,,,,,,,,,,No rule-based candidate at this daily endpoint,rule_candidate,pending
flag__2023-09-08__0047903,flag,0,no_pattern,neutral,0.0,,flag/images/no_pattern/2023/09/flag__2023-09-08__0047903.png,,2023-09-08,47704,47903,2023-08-29T06:00:00+00:00,2023-09-08T23:00:00+00:00,,,,,,,,,,,,,No rule-based candidate at this daily endpoint,rule_candidate,pending
flag__2023-09-11__0047926,flag,0,no_pattern,neutral,0.0,,flag/images/no_pattern/2023/09/flag__2023-09-11__0047926.png,,2023-09-11,47727,47926,2023-08-30T06:00:00+00:00,2023-09-11T23:00:00+00:00,,,,,,,,,,,,,No rule-based candidate at this daily endpoint,rule_candidate,pending
flag__2023-09-12__0047949,flag,0,no_pattern,neutral,0.0,,flag/images/no_pattern/2023/09/flag__2023-09-12__0047949.png,,2023-09-12,47750,47949,2023-08-31T06:00:00+00:00,2023-09-12T23:00:00+00:00,,,,,,,,,,,,,No rule-based candidate at this daily endpoint,rule_candidate,pending
flag__2023-09-13__0047972,flag,0,no_pattern,neutral,0.0,,flag/images/no_pattern/2023/09/flag__2023-09-13__0047972.png,,2023-09-13,47773,47972,2023-09-01T06:00:00+00:00,2023-09-13T23:00:00+00:00,,,,,,,,,,,,,No rule-based candidate at this daily endpoint,rule_candidate,pending
flag__2023-09-14__0047995,flag,0,no_pattern,neutral,0.0,,flag/images/no_pattern/2023/09/flag__2023-09-14__0047995.png,,2023-09-14,47796,47995,2023-09-04T06:00:00+00:00,2023-09-14T23:00:00+00:00,,,,,,,,,,,,,No rule-based candidate at this daily endpoint,rule_candidate,pending
flag__2023-09-15__0048018,flag,0,no_pattern,neutral,0.0,,flag/images/no_pattern/2023/09/flag__2023-09-15__0048018.png,,2023-09-15,47819,48018,2023-09-05T08:00:00+00:00,2023-09-15T23:00:00+00:00,,,,,,,,,,,,,No rule-based candidate at this daily endpoint,rule_candidate,pending
flag__2023-09-18__0048041,flag,0,no_pattern,neutral,0.0,,flag/images/no_pattern/2023/09/flag__2023-09-18__0048041.png,,2023-09-18,47842,48041,2023-09-06T08:00:00+00:00,2023-09-18T23:00:00+00:00,,,,,,,,,,,,,No rule-based candidate at this daily endpoint,rule_candidate,pending
flag__2023-09-19__0048064,flag,1,forming,bullish,0.5331707442371123,48.0,flag/images/forming/2023/09/flag__2023-09-19__0048064.png,,2023-09-19,47865,48064,2023-09-07T08:00:00+00:00,2023-09-19T23:00:00+00:00,48035.0,48064.0,2023-09-18T17:00:00+00:00,2023-09-19T23:00:00+00:00,,,1937.23,1929.0394642857143,1953.6110714285714,2.0,1937.23,2.482142857142857,Bull flag after impulsive advance,rule_candidate,pending
flag__2023-09-20__0048087,flag,0,no_pattern,neutral,0.0,,flag/images/no_pattern/2023/09/flag__2023-09-20__0048087.png,,2023-09-20,47888,48087,2023-09-08T08:00:00+00:00,2023-09-20T23:00:00+00:00,,,,,,,,,,,,,No rule-based candidate at this daily endpoint,rule_candidate,pending
flag__2023-09-21__0048110,flag,1,forming,bullish,0.6024184224579923,120.0,flag/images/forming/2023/09/flag__2023-09-21__0048110.png,,2023-09-21,47911,48110,2023-09-11T08:00:00+00:00,2023-09-21T23:00:00+00:00,48035.0,48110.0,2023-09-18T17:00:00+00:00,2023-09-21T23:00:00+00:00,,,1947.31,1912.8551785714285,2016.2196428571428,2.0,1947.31,3.6592857142857644,Bull flag after impulsive advance,rule_candidate,pending
flag__2023-09-22__0048133,flag,1,forming,bullish,0.6037609372156026,200.0,flag/images/forming/2023/09/flag__2023-09-22__0048133.png,,2023-09-22,47934,48133,2023-09-12T08:00:00+00:00,2023-09-22T23:00:00+00:00,48008.0,48133.0,2023-09-15T13:00:00+00:00,2023-09-22T23:00:00+00:00,,,1947.31,1913.1771428571428,2015.5757142857142,2.0,1947.31,2.3714285714285745,Bull flag after impulsive advance,rule_candidate,pending
flag__2023-09-25__0048156,flag,0,no_pattern,neutral,0.0,,flag/images/no_pattern/2023/09/flag__2023-09-25__0048156.png,,2023-09-25,47957,48156,2023-09-13T08:00:00+00:00,2023-09-25T23:00:00+00:00,,,,,,,,,,,,,No rule-based candidate at this daily endpoint,rule_candidate,pending
flag__2023-09-26__0048179,flag,0,no_pattern,neutral,0.0,,flag/images/no_pattern/2023/09/flag__2023-09-26__0048179.png,,2023-09-26,47980,48179,2023-09-14T08:00:00+00:00,2023-09-26T23:00:00+00:00,,,,,,,,,,,,,No rule-based candidate at this daily endpoint,rule_candidate,pending
flag__2023-09-27__0048202,flag,0,no_pattern,neutral,0.0,,flag/images/no_pattern/2023/09/flag__2023-09-27__0048202.png,,2023-09-27,48003,48202,2023-09-15T08:00:00+00:00,2023-09-27T23:00:00+00:00,,,,,,,,,,,,,No rule-based candidate at this daily endpoint,rule_candidate,pending
flag__2023-09-28__0048225,flag,0,no_pattern,neutral,0.0,,flag/images/no_pattern/2023/09/flag__2023-09-28__0048225.png,,2023-09-28,48026,48225,2023-09-18T08:00:00+00:00,2023-09-28T23:00:00+00:00,,,,,,,,,,,,,No rule-based candidate at this daily endpoint,rule_candidate,pending
flag__2023-09-29__0048248,flag,0,no_pattern,neutral,0.0,,flag/images/no_pattern/2023/09/flag__2023-09-29__0048248.png,,2023-09-29,48049,48248,2023-09-19T08:00:00+00:00,2023-09-29T23:00:00+00:00,,,,,,,,,,,,,No rule-based candidate at this daily endpoint,rule_candidate,pending
flag__2023-10-02__0048271,flag,0,no_pattern,neutral,0.0,,flag/images/no_pattern/2023/10/flag__2023-10-02__0048271.png,,2023-10-02,48072,48271,2023-09-20T08:00:00+00:00,2023-10-02T23:00:00+00:00,,,,,,,,,,,,,No rule-based candidate at this daily endpoint,rule_candidate,pending
flag__2023-10-03__0048294,flag,0,no_pattern,neutral,0.0,,flag/images/no_pattern/2023/10/flag__2023-10-03__0048294.png,,2023-10-03,48095,48294,2023-09-21T08:00:00+00:00,2023-10-03T23:00:00+00:00,,,,,,,,,,,,,No rule-based candidate at this daily endpoint,rule_candidate,pending
flag__2023-10-04__0048317,flag,0,no_pattern,neutral,0.0,,flag/images/no_pattern/2023/10/flag__2023-10-04__0048317.png,,2023-10-04,48118,48317,2023-09-22T08:00:00+00:00,2023-10-04T23:00:00+00:00,,,,,,,,,,,,,No rule-based candidate at this daily endpoint,rule_candidate,pending
flag__2023-10-05__0048340,flag,0,no_pattern,neutral,0.0,,flag/images/no_pattern/2023/10/flag__2023-10-05__0048340.png,,2023-10-05,48141,48340,2023-09-25T08:00:00+00:00,2023-10-05T23:00:00+00:00,,,,,,,,,,,,,No rule-based candidate at this daily endpoint,rule_candidate,pending
flag__2023-10-06__0048363,flag,0,no_pattern,neutral,0.0,,flag/images/no_pattern/2023/10/flag__2023-10-06__0048363.png,,2023-10-06,48164,48363,2023-09-26T08:00:00+00:00,2023-10-06T23:00:00+00:00,,,,,,,,,,,,,No rule-based candidate at this daily endpoint,rule_candidate,pending
flag__2023-10-09__0048386,flag,0,no_pattern,neutral,0.0,,flag/images/no_pattern/2023/10/flag__2023-10-09__0048386.png,,2023-10-09,48187,48386,2023-09-27T08:00:00+00:00,2023-10-09T23:00:00+00:00,,,,,,,,,,,,,No rule-based candidate at this daily endpoint,rule_candidate,pending
flag__2023-10-10__0048409,flag,1,forming,bullish,0.5674527479251544,48.0,flag/images/forming/2023/10/flag__2023-10-10__0048409.png,,2023-10-10,48210,48409,2023-09-28T08:00:00+00:00,2023-10-10T23:00:00+00:00,48380.0,48409.0,2023-10-09T17:00:00+00:00,2023-10-10T23:00:00+00:00,,,1865.29,1852.0042857142855,1897.27,2.4070967741935205,1865.29,3.462857142857128,Bull flag after impulsive advance,rule_candidate,pending
flag__2023-10-11__0048432,flag,0,no_pattern,neutral,0.0,,flag/images/no_pattern/2023/10/flag__2023-10-11__0048432.png,,2023-10-11,48233,48432,2023-09-29T08:00:00+00:00,2023-10-11T23:00:00+00:00,,,,,,,,,,,,,No rule-based candidate at this daily endpoint,rule_candidate,pending
flag__2023-10-12__0048455,flag,1,forming,bullish,0.6064339135720436,48.0,flag/images/forming/2023/10/flag__2023-10-12__0048455.png,,2023-10-12,48256,48455,2023-10-02T08:00:00+00:00,2023-10-12T23:00:00+00:00,48426.0,48455.0,2023-10-11T17:00:00+00:00,2023-10-12T23:00:00+00:00,,,1884.85,1866.8528571428571,1920.8442857142854,2.0,1884.85,3.708571428571434,Bull flag after impulsive advance,rule_candidate,pending
flag__2023-10-13__0048478,flag,0,no_pattern,neutral,0.0,,flag/images/no_pattern/2023/10/flag__2023-10-13__0048478.png,,2023-10-13,48279,48478,2023-10-03T08:00:00+00:00,2023-10-13T23:00:00+00:00,,,,,,,,,,,,,No rule-based candidate at this daily endpoint,rule_candidate,pending
flag__2023-10-16__0048501,flag,1,forming,bullish,0.5925156040798762,64.0,flag/images/forming/2023/10/flag__2023-10-16__0048501.png,,2023-10-16,48302,48501,2023-10-04T08:00:00+00:00,2023-10-16T23:00:00+00:00,48462.0,48501.0,2023-10-13T07:00:00+00:00,2023-10-16T23:00:00+00:00,,,1932.53,1907.0149999999999,1983.5600000000002,2.0,1932.53,4.060000000000043,Bull flag after impulsive advance,rule_candidate,pending
flag__2023-10-17__0048524,flag,0,no_pattern,neutral,0.0,,flag/images/no_pattern/2023/10/flag__2023-10-17__0048524.png,,2023-10-17,48325,48524,2023-10-05T08:00:00+00:00,2023-10-17T23:00:00+00:00,,,,,,,,,,,,,No rule-based candidate at this daily endpoint,rule_candidate,pending
flag__2023-10-18__0048547,flag,0,no_pattern,neutral,0.0,,flag/images/no_pattern/2023/10/flag__2023-10-18__0048547.png,,2023-10-18,48348,48547,2023-10-06T08:00:00+00:00,2023-10-18T23:00:00+00:00,,,,,,,,,,,,,No rule-based candidate at this daily endpoint,rule_candidate,pending
flag__2023-10-19__0048570,flag,0,no_pattern,neutral,0.0,,flag/images/no_pattern/2023/10/flag__2023-10-19__0048570.png,,2023-10-19,48371,48570,2023-10-09T08:00:00+00:00,2023-10-19T23:00:00+00:00,,,,,,,,,,,,,No rule-based candidate at this daily endpoint,rule_candidate,pending
flag__2023-10-20__0048593,flag,0,no_pattern,neutral,0.0,,flag/images/no_pattern/2023/10/flag__2023-10-20__0048593.png,,2023-10-20,48394,48593,2023-10-10T08:00:00+00:00,2023-10-20T23:00:00+00:00,,,,,,,,,,,,,No rule-based candidate at this daily endpoint,rule_candidate,pending
flag__2023-10-23__0048616,flag,1,forming,bullish,0.5821897820245416,80.0,flag/images/forming/2023/10/flag__2023-10-23__0048616.png,,2023-10-23,48417,48616,2023-10-11T08:00:00+00:00,2023-10-23T23:00:00+00:00,48567.0,48616.0,2023-10-19T20:00:00+00:00,2023-10-23T23:00:00+00:00,,,1997.01,1960.9608928571429,2069.108214285714,1.9999999999999938,1997.01,5.036428571428571,Bull flag after impulsive advance,rule_candidate,pending
flag__2023-10-24__0048639,flag,1,forming,bullish,0.6016635473966974,80.0,flag/images/forming/2023/10/flag__2023-10-24__0048639.png,,2023-10-24,48440,48639,2023-10-12T08:00:00+00:00,2023-10-24T23:00:00+00:00,48590.0,48639.0,2023-10-20T20:00:00+00:00,2023-10-24T23:00:00+00:00,,,1982.68,1952.0001785714287,2044.0396428571428,2.0,1982.68,5.839285714285698,Bull flag after impulsive advance,rule_candidate,pending
flag__2023-10-25__0048662,flag,1,forming,bullish,0.5516081947442004,200.0,flag/images/forming/2023/10/flag__2023-10-25__0048662.png,,2023-10-25,48463,48662,2023-10-13T08:00:00+00:00,2023-10-25T23:00:00+00:00,48537.0,48662.0,2023-10-18T13:00:00+00:00,2023-10-25T23:00:00+00:00,,,1997.01,1951.7603571428572,2097.1499999999996,2.2130561409324403,1997.01,6.7985714285714005,Bull flag after impulsive advance,rule_candidate,pending
flag__2023-10-26__0048685,flag,0,no_pattern,neutral,0.0,,flag/images/no_pattern/2023/10/flag__2023-10-26__0048685.png,,2023-10-26,48486,48685,2023-10-16T08:00:00+00:00,2023-10-26T23:00:00+00:00,,,,,,,,,,,,,No rule-based candidate at this daily endpoint,rule_candidate,pending
flag__2023-10-27__0048708,flag,0,no_pattern,neutral,0.0,,flag/images/no_pattern/2023/10/flag__2023-10-27__0048708.png,,2023-10-27,48509,48708,2023-10-17T08:00:00+00:00,2023-10-27T23:00:00+00:00,,,,,,,,,,,,,No rule-based candidate at this daily endpoint,rule_candidate,pending
flag__2023-10-30__0048731,flag,1,forming,bullish,0.599597556322505,48.0,flag/images/forming/2023/10/flag__2023-10-30__0048731.png,,2023-10-30,48532,48731,2023-10-18T08:00:00+00:00,2023-10-30T22:00:00+00:00,48702.0,48731.0,2023-10-27T17:00:00+00:00,2023-10-30T22:00:00+00:00,,,2006.57,1989.6666071428572,2040.3767857142855,2.0,2006.57,4.573571428571411,Bull flag after impulsive advance,rule_candidate,pending
flag__2023-10-31__0048754,flag,0,no_pattern,neutral,0.0,,flag/images/no_pattern/2023/10/flag__2023-10-31__0048754.png,,2023-10-31,48555,48754,2023-10-19T08:00:00+00:00,2023-10-31T22:00:00+00:00,,,,,,,,,,,,,No rule-based candidate at this daily endpoint,rule_candidate,pending
flag__2023-11-01__0048777,flag,0,no_pattern,neutral,0.0,,flag/images/no_pattern/2023/11/flag__2023-11-01__0048777.png,,2023-11-01,48578,48777,2023-10-20T08:00:00+00:00,2023-11-01T22:00:00+00:00,,,,,,,,,,,,,No rule-based candidate at this daily endpoint,rule_candidate,pending
flag__2023-11-02__0048800,flag,1,forming,bullish,0.5968447668425773,160.0,flag/images/forming/2023/11/flag__2023-11-02__0048800.png,,2023-11-02,48601,48800,2023-10-23T08:00:00+00:00,2023-11-02T22:00:00+00:00,48700.0,48800.0,2023-10-27T15:00:00+00:00,2023-11-02T22:00:00+00:00,,,2007.84,1968.7137500000001,2086.0924999999997,2.0000000000000058,2007.84,3.984999999999997,Bull flag after impulsive advance,rule_candidate,pending
flag__2023-11-03__0048823,flag,1,forming,bullish,0.5319636923251878,200.0,flag/images/forming/2023/11/flag__2023-11-03__0048823.png,,2023-11-03,48624,48823,2023-10-24T08:00:00+00:00,2023-11-03T22:00:00+00:00,48698.0,48823.0,2023-10-27T13:00:00+00:00,2023-11-03T22:00:00+00:00,,,2007.84,1968.3194642857143,2086.881071428571,1.9999999999999942,2007.84,5.562142857142866,Bull flag after impulsive advance,rule_candidate,pending
flag__2023-11-06__0048846,flag,0,no_pattern,neutral,0.0,,flag/images/no_pattern/2023/11/flag__2023-11-06__0048846.png,,2023-11-06,48647,48846,2023-10-25T08:00:00+00:00,2023-11-06T23:00:00+00:00,,,,,,,,,,,,,No rule-based candidate at this daily endpoint,rule_candidate,pending
flag__2023-11-07__0048869,flag,0,no_pattern,neutral,0.0,,flag/images/no_pattern/2023/11/flag__2023-11-07__0048869.png,,2023-11-07,48670,48869,2023-10-26T08:00:00+00:00,2023-11-07T23:00:00+00:00,,,,,,,,,,,,,No rule-based candidate at this daily endpoint,rule_candidate,pending
flag__2023-11-08__0048892,flag,0,no_pattern,neutral,0.0,,flag/images/no_pattern/2023/11/flag__2023-11-08__0048892.png,,2023-11-08,48693,48892,2023-10-27T08:00:00+00:00,2023-11-08T23:00:00+00:00,,,,,,,,,,,,,No rule-based candidate at this daily endpoint,rule_candidate,pending
flag__2023-11-09__0048915,flag,0,no_pattern,neutral,0.0,,flag/images/no_pattern/2023/11/flag__2023-11-09__0048915.png,,2023-11-09,48716,48915,2023-10-30T07:00:00+00:00,2023-11-09T23:00:00+00:00,,,,,,,,,,,,,No rule-based candidate at this daily endpoint,rule_candidate,pending
flag__2023-11-10__0048938,flag,0,no_pattern,neutral,0.0,,flag/images/no_pattern/2023/11/flag__2023-11-10__0048938.png,,2023-11-10,48739,48938,2023-10-31T07:00:00+00:00,2023-11-10T23:00:00+00:00,,,,,,,,,,,,,No rule-based candidate at this daily endpoint,rule_candidate,pending
flag__2023-11-13__0048961,flag,0,no_pattern,neutral,0.0,,flag/images/no_pattern/2023/11/flag__2023-11-13__0048961.png,,2023-11-13,48762,48961,2023-11-01T07:00:00+00:00,2023-11-13T23:00:00+00:00,,,,,,,,,,,,,No rule-based candidate at this daily endpoint,rule_candidate,pending
flag__2023-11-14__0048984,flag,0,no_pattern,neutral,0.0,,flag/images/no_pattern/2023/11/flag__2023-11-14__0048984.png,,2023-11-14,48785,48984,2023-11-02T07:00:00+00:00,2023-11-14T23:00:00+00:00,,,,,,,,,,,,,No rule-based candidate at this daily endpoint,rule_candidate,pending
flag__2023-11-15__0049007,flag,1,forming,bullish,0.5711649840053018,48.0,flag/images/forming/2023/11/flag__2023-11-15__0049007.png,,2023-11-15,48808,49007,2023-11-03T07:00:00+00:00,2023-11-15T23:00:00+00:00,48978.0,49007.0,2023-11-14T17:00:00+00:00,2023-11-15T23:00:00+00:00,,,1975.09,1954.2182142857143,2016.833571428571,2.0,1975.09,4.247142857142811,Bull flag after impulsive advance,rule_candidate,pending
flag__2023-11-16__0049030,flag,0,no_pattern,neutral,0.0,,flag/images/no_pattern/2023/11/flag__2023-11-16__0049030.png,,2023-11-16,48831,49030,2023-11-06T08:00:00+00:00,2023-11-16T23:00:00+00:00,,,,,,,,,,,,,No rule-based candidate at this daily endpoint,rule_candidate,pending
flag__2023-11-17__0049053,flag,1,forming,bullish,0.5788227020175662,48.0,flag/images/forming/2023/11/flag__2023-11-17__0049053.png,,2023-11-17,48854,49053,2023-11-07T08:00:00+00:00,2023-11-17T23:00:00+00:00,49024.0,49053.0,2023-11-16T17:00:00+00:00,2023-11-17T23:00:00+00:00,,,1993.24,1977.5175,2024.6850000000002,2.0,1993.24,3.890000000000051,Bull flag after impulsive advance,rule_candidate,pending
flag__2023-11-20__0049076,flag,1,forming,bullish,0.6567840766915191,100.0,flag/images/forming/2023/11/flag__2023-11-20__0049076.png,,2023-11-20,48877,49076,2023-11-08T08:00:00+00:00,2023-11-20T23:00:00+00:00,49014.0,49076.0,2023-11-16T07:00:00+00:00,2023-11-20T23:00:00+00:00,,,1993.24,1964.2325,2051.255,2.000000000000008,1993.24,4.18999999999999,Bull flag after impulsive advance,rule_candidate,pending
flag__2023-11-21__0049099,flag,0,no_pattern,neutral,0.0,,flag/images/no_pattern/2023/11/flag__2023-11-21__0049099.png,,2023-11-21,48900,49099,2023-11-09T08:00:00+00:00,2023-11-21T23:00:00+00:00,,,,,,,,,,,,,No rule-based candidate at this daily endpoint,rule_candidate,pending
flag__2023-11-22__0049122,flag,1,forming,bullish,0.5999316899278362,64.0,flag/images/forming/2023/11/flag__2023-11-22__0049122.png,,2023-11-22,48923,49122,2023-11-10T08:00:00+00:00,2023-11-22T23:00:00+00:00,49083.0,49122.0,2023-11-21T07:00:00+00:00,2023-11-22T23:00:00+00:00,,,2006.3,1985.6551785714285,2047.589642857143,2.0,2006.3,4.539285714285695,Bull flag after impulsive advance,rule_candidate,pending
flag__2023-11-23__0049143,flag,1,forming,bullish,0.6012983932909568,100.0,flag/images/forming/2023/11/flag__2023-11-23__0049143.png,,2023-11-23,48944,49143,2023-11-13T06:00:00+00:00,2023-11-23T21:00:00+00:00,49081.0,49143.0,2023-11-21T05:00:00+00:00,2023-11-23T21:00:00+00:00,,,2006.3,1986.2198214285713,2046.4603571428572,2.0,2006.3,2.280714285714274,Bull flag after impulsive advance,rule_candidate,pending
flag__2023-11-24__0049163,flag,1,forming,bullish,0.5585606715950807,160.0,flag/images/forming/2023/11/flag__2023-11-24__0049163.png,,2023-11-24,48964,49163,2023-11-14T03:00:00+00:00,2023-11-24T20:00:00+00:00,49063.0,49163.0,2023-11-20T10:00:00+00:00,2023-11-24T20:00:00+00:00,,,2007.41,1986.0573214285714,2050.1153571428576,2.0000000000000107,2007.41,2.9307142857143162,Bull flag after impulsive advance,rule_candidate,pending
flag__2023-11-27__0049186,flag,0,no_pattern,neutral,0.0,,flag/images/no_pattern/2023/11/flag__2023-11-27__0049186.png,,2023-11-27,48987,49186,2023-11-15T03:00:00+00:00,2023-11-27T23:00:00+00:00,,,,,,,,,,,,,No rule-based candidate at this daily endpoint,rule_candidate,pending
flag__2023-11-28__0049209,flag,0,no_pattern,neutral,0.0,,flag/images/no_pattern/2023/11/flag__2023-11-28__0049209.png,,2023-11-28,49010,49209,2023-11-16T03:00:00+00:00,2023-11-28T23:00:00+00:00,,,,,,,,,,,,,No rule-based candidate at this daily endpoint,rule_candidate,pending
flag__2023-11-29__0049232,flag,1,forming,bullish,0.5409681109590713,48.0,flag/images/forming/2023/11/flag__2023-11-29__0049232.png,,2023-11-29,49033,49232,2023-11-17T03:00:00+00:00,2023-11-29T23:00:00+00:00,49203.0,49232.0,2023-11-28T17:00:00+00:00,2023-11-29T23:00:00+00:00,,,2051.83,2034.1130357142858,2087.263928571428,2.0,2051.83,4.467857142857091,Bull flag after impulsive advance,rule_candidate,pending
flag__2023-11-30__0049255,flag,1,forming,bullish,0.6819710746233119,64.0,flag/images/forming/2023/11/flag__2023-11-30__0049255.png,,2023-11-30,49056,49255,2023-11-20T03:00:00+00:00,2023-11-30T23:00:00+00:00,49216.0,49255.0,2023-11-29T07:00:00+00:00,2023-11-30T23:00:00+00:00,,,2049.46,2030.1332142857143,2088.1135714285715,2.0,2049.46,4.427142857142826,Bull flag after impulsive advance,rule_candidate,pending
flag__2023-12-01__0049278,flag,0,no_pattern,neutral,0.0,,flag/images/no_pattern/2023/12/flag__2023-12-01__0049278.png,,2023-12-01,49079,49278,2023-11-21T03:00:00+00:00,2023-12-01T23:00:00+00:00,,,,,,,,,,,,,No rule-based candidate at this daily endpoint,rule_candidate,pending
flag__2023-12-04__0049301,flag,0,no_pattern,neutral,0.0,,flag/images/no_pattern/2023/12/flag__2023-12-04__0049301.png,,2023-12-04,49102,49301,2023-11-22T03:00:00+00:00,2023-12-04T23:00:00+00:00,,,,,,,,,,,,,No rule-based candidate at this daily endpoint,rule_candidate,pending
flag__2023-12-05__0049324,flag,1,forming,bullish,0.5637733784923756,160.0,flag/images/forming/2023/12/flag__2023-12-05__0049324.png,,2023-12-05,49125,49324,2023-11-23T03:00:00+00:00,2023-12-05T23:00:00+00:00,49224.0,49324.0,2023-11-29T15:00:00+00:00,2023-12-05T23:00:00+00:00,,,2144.63,2008.0848214285716,2417.720357142857,2.0,2144.63,6.460714285714289,Bull flag after impulsive advance,rule_candidate,pending
flag__2023-12-06__0049347,flag,1,forming,bullish,0.6001450656312252,200.0,flag/images/forming/2023/12/flag__2023-12-06__0049347.png,,2023-12-06,49148,49347,2023-11-24T05:00:00+00:00,2023-12-06T23:00:00+00:00,49222.0,49347.0,2023-11-29T13:00:00+00:00,2023-12-06T23:00:00+00:00,,,2144.63,2008.2919642857144,2417.3060714285716,2.0,2144.63,5.632142857142883,Bull flag after impulsive advance,rule_candidate,pending
flag__2023-12-07__0049370,flag,0,no_pattern,neutral,0.0,,flag/images/no_pattern/2023/12/flag__2023-12-07__0049370.png,,2023-12-07,49171,49370,2023-11-27T08:00:00+00:00,2023-12-07T23:00:00+00:00,,,,,,,,,,,,,No rule-based candidate at this daily endpoint,rule_candidate,pending
flag__2023-12-08__0049393,flag,0,no_pattern,neutral,0.0,,flag/images/no_pattern/2023/12/flag__2023-12-08__0049393.png,,2023-12-08,49194,49393,2023-11-28T08:00:00+00:00,2023-12-08T23:00:00+00:00,,,,,,,,,,,,,No rule-based candidate at this daily endpoint,rule_candidate,pending
flag__2023-12-11__0049416,flag,0,no_pattern,neutral,0.0,,flag/images/no_pattern/2023/12/flag__2023-12-11__0049416.png,,2023-12-11,49217,49416,2023-11-29T08:00:00+00:00,2023-12-11T23:00:00+00:00,,,,,,,,,,,,,No rule-based candidate at this daily endpoint,rule_candidate,pending
flag__2023-12-12__0049439,flag,0,no_pattern,neutral,0.0,,flag/images/no_pattern/2023/12/flag__2023-12-12__0049439.png,,2023-12-12,49240,49439,2023-11-30T08:00:00+00:00,2023-12-12T23:00:00+00:00,,,,,,,,,,,,,No rule-based candidate at this daily endpoint,rule_candidate,pending
flag__2023-12-13__0049462,flag,0,no_pattern,neutral,0.0,,flag/images/no_pattern/2023/12/flag__2023-12-13__0049462.png,,2023-12-13,49263,49462,2023-12-01T08:00:00+00:00,2023-12-13T23:00:00+00:00,,,,,,,,,,,,,No rule-based candidate at this daily endpoint,rule_candidate,pending
flag__2023-12-14__0049485,flag,0,no_pattern,neutral,0.0,,flag/images/no_pattern/2023/12/flag__2023-12-14__0049485.png,,2023-12-14,49286,49485,2023-12-04T08:00:00+00:00,2023-12-14T23:00:00+00:00,,,,,,,,,,,,,No rule-based candidate at this daily endpoint,rule_candidate,pending
flag__2023-12-15__0049508,flag,1,forming,bullish,0.5784022558835087,80.0,flag/images/forming/2023/12/flag__2023-12-15__0049508.png,,2023-12-15,49309,49508,2023-12-05T08:00:00+00:00,2023-12-15T23:00:00+00:00,49459.0,49508.0,2023-12-13T20:00:00+00:00,2023-12-15T23:00:00+00:00,,,2047.77,2014.1016071428571,2115.1067857142857,2.0,2047.77,5.553571428571412,Bull flag after impulsive advance,rule_candidate,pending
flag__2023-12-18__0049531,flag,1,forming,bullish,0.6277340699531526,120.0,flag/images/forming/2023/12/flag__2023-12-18__0049531.png,,2023-12-18,49332,49531,2023-12-06T08:00:00+00:00,2023-12-18T23:00:00+00:00,49456.0,49531.0,2023-12-13T17:00:00+00:00,2023-12-18T23:00:00+00:00,,,2047.77,2014.3205357142858,2114.6689285714283,2.0,2047.77,4.677857142857127,Bull flag after impulsive advance,rule_candidate,pending
flag__2023-12-19__0049554,flag,1,forming,bullish,0.532069296590888,160.0,flag/images/forming/2023/12/flag__2023-12-19__0049554.png,,2023-12-19,49355,49554,2023-12-07T08:00:00+00:00,2023-12-19T23:00:00+00:00,49454.0,49554.0,2023-12-13T15:00:00+00:00,2023-12-19T23:00:00+00:00,,,2046.85,2014.4557142857143,2111.638571428571,2.0,2046.85,4.137142857142846,Bull flag after impulsive advance,rule_candidate,pending
flag__2023-12-20__0049577,flag,1,forming,bullish,0.6606357501097773,48.0,flag/images/forming/2023/12/flag__2023-12-20__0049577.png,,2023-12-20,49378,49577,2023-12-08T08:00:00+00:00,2023-12-20T23:00:00+00:00,49548.0,49577.0,2023-12-19T17:00:00+00:00,2023-12-20T23:00:00+00:00,,,2043.36,2026.1967857142856,2077.686428571428,1.9999999999999867,2043.36,4.492857142857166,Bull flag after impulsive advance,rule_candidate,pending
flag__2023-12-21__0049600,flag,0,no_pattern,neutral,0.0,,flag/images/no_pattern/2023/12/flag__2023-12-21__0049600.png,,2023-12-21,49401,49600,2023-12-11T08:00:00+00:00,2023-12-21T23:00:00+00:00,,,,,,,,,,,,,No rule-based candidate at this daily endpoint,rule_candidate,pending
flag__2023-12-22__0049623,flag,0,no_pattern,neutral,0.0,,flag/images/no_pattern/2023/12/flag__2023-12-22__0049623.png,,2023-12-22,49424,49623,2023-12-12T08:00:00+00:00,2023-12-22T23:00:00+00:00,,,,,,,,,,,,,No rule-based candidate at this daily endpoint,rule_candidate,pending
flag__2023-12-26__0049646,flag,0,no_pattern,neutral,0.0,,flag/images/no_pattern/2023/12/flag__2023-12-26__0049646.png,,2023-12-26,49447,49646,2023-12-13T08:00:00+00:00,2023-12-26T23:00:00+00:00,,,,,,,,,,,,,No rule-based candidate at this daily endpoint,rule_candidate,pending
flag__2023-12-27__0049669,flag,0,no_pattern,neutral,0.0,,flag/images/no_pattern/2023/12/flag__2023-12-27__0049669.png,,2023-12-27,49470,49669,2023-12-14T08:00:00+00:00,2023-12-27T23:00:00+00:00,,,,,,,,,,,,,No rule-based candidate at this daily endpoint,rule_candidate,pending
flag__2023-12-28__0049692,flag,0,no_pattern,neutral,0.0,,flag/images/no_pattern/2023/12/flag__2023-12-28__0049692.png,,2023-12-28,49493,49692,2023-12-15T08:00:00+00:00,2023-12-28T23:00:00+00:00,,,,,,,,,,,,,No rule-based candidate at this daily endpoint,rule_candidate,pending
flag__2023-12-29__0049715,flag,1,forming,bullish,0.6629425043637516,120.0,flag/images/forming/2023/12/flag__2023-12-29__0049715.png,,2023-12-29,49516,49715,2023-12-18T08:00:00+00:00,2023-12-29T23:00:00+00:00,49640.0,49715.0,2023-12-26T17:00:00+00:00,2023-12-29T23:00:00+00:00,,,2088.31,2056.94,2151.0499999999997,2.0,2088.31,4.560000000000043,Bull flag after impulsive advance,rule_candidate,pending
flag__2024-01-02__0049738,flag,1,forming,bullish,0.6334010172749072,160.0,flag/images/forming/2024/01/flag__2024-01-02__0049738.png,,2024-01-02,49539,49738,2023-12-19T08:00:00+00:00,2024-01-02T23:00:00+00:00,49638.0,49738.0,2023-12-26T15:00:00+00:00,2024-01-02T23:00:00+00:00,,,2088.31,2054.308928571428,2156.3121428571435,2.0,2088.31,5.64428571428581,Bull flag after impulsive advance,rule_candidate,pending
flag__2024-01-03__0049761,flag,0,no_pattern,neutral,0.0,,flag/images/no_pattern/2024/01/flag__2024-01-03__0049761.png,,2024-01-03,49562,49761,2023-12-20T08:00:00+00:00,2024-01-03T23:00:00+00:00,,,,,,,,,,,,,No rule-based candidate at this daily endpoint,rule_candidate,pending
flag__2024-01-04__0049784,flag,0,no_pattern,neutral,0.0,,flag/images/no_pattern/2024/01/flag__2024-01-04__0049784.png,,2024-01-04,49585,49784,2023-12-21T08:00:00+00:00,2024-01-04T23:00:00+00:00,,,,,,,,,,,,,No rule-based candidate at this daily endpoint,rule_candidate,pending
flag__2024-01-05__0049807,flag,0,no_pattern,neutral,0.0,,flag/images/no_pattern/2024/01/flag__2024-01-05__0049807.png,,2024-01-05,49608,49807,2023-12-22T08:00:00+00:00,2024-01-05T23:00:00+00:00,,,,,,,,,,,,,No rule-based candidate at this daily endpoint,rule_candidate,pending
flag__2024-01-08__0049830,flag,0,no_pattern,neutral,0.0,,flag/images/no_pattern/2024/01/flag__2024-01-08__0049830.png,,2024-01-08,49631,49830,2023-12-26T08:00:00+00:00,2024-01-08T23:00:00+00:00,,,,,,,,,,,,,No rule-based candidate at this daily endpoint,rule_candidate,pending
flag__2024-01-09__0049853,flag,0,no_pattern,neutral,0.0,,flag/images/no_pattern/2024/01/flag__2024-01-09__0049853.png,,2024-01-09,49654,49853,2023-12-27T08:00:00+00:00,2024-01-09T23:00:00+00:00,,,,,,,,,,,,,No rule-based candidate at this daily endpoint,rule_candidate,pending
flag__2024-01-10__0049876,flag,0,no_pattern,neutral,0.0,,flag/images/no_pattern/2024/01/flag__2024-01-10__0049876.png,,2024-01-10,49677,49876,2023-12-28T08:00:00+00:00,2024-01-10T23:00:00+00:00,,,,,,,,,,,,,No rule-based candidate at this daily endpoint,rule_candidate,pending
flag__2024-01-11__0049899,flag,1,forming,bullish,0.5458470701633888,80.0,flag/images/forming/2024/01/flag__2024-01-11__0049899.png,,2024-01-11,49700,49899,2023-12-29T08:00:00+00:00,2024-01-11T23:00:00+00:00,49850.0,49899.0,2024-01-09T20:00:00+00:00,2024-01-11T23:00:00+00:00,,,2046.62,2011.4603571428572,2116.9392857142852,2.0,2046.62,6.878571428571393,Bull flag after impulsive advance,rule_candidate,pending
flag__2024-01-12__0049922,flag,0,no_pattern,neutral,0.0,,flag/images/no_pattern/2024/01/flag__2024-01-12__0049922.png,,2024-01-12,49723,49922,2024-01-02T08:00:00+00:00,2024-01-12T23:00:00+00:00,,,,,,,,,,,,,No rule-based candidate at this daily endpoint,rule_candidate,pending
flag__2024-01-15__0049943,flag,0,no_pattern,neutral,0.0,,flag/images/no_pattern/2024/01/flag__2024-01-15__0049943.png,,2024-01-15,49744,49943,2024-01-03T06:00:00+00:00,2024-01-15T21:00:00+00:00,,,,,,,,,,,,,No rule-based candidate at this daily endpoint,rule_candidate,pending
flag__2024-01-16__0049966,flag,0,no_pattern,neutral,0.0,,flag/images/no_pattern/2024/01/flag__2024-01-16__0049966.png,,2024-01-16,49767,49966,2024-01-04T06:00:00+00:00,2024-01-16T23:00:00+00:00,,,,,,,,,,,,,No rule-based candidate at this daily endpoint,rule_candidate,pending
flag__2024-01-17__0049989,flag,0,no_pattern,neutral,0.0,,flag/images/no_pattern/2024/01/flag__2024-01-17__0049989.png,,2024-01-17,49790,49989,2024-01-05T06:00:00+00:00,2024-01-17T23:00:00+00:00,,,,,,,,,,,,,No rule-based candidate at this daily endpoint,rule_candidate,pending
flag__2024-01-18__0050012,flag,0,no_pattern,neutral,0.0,,flag/images/no_pattern/2024/01/flag__2024-01-18__0050012.png,,2024-01-18,49813,50012,2024-01-08T06:00:00+00:00,2024-01-18T23:00:00+00:00,,,,,,,,,,,,,No rule-based candidate at this daily endpoint,rule_candidate,pending
flag__2024-01-19__0050035,flag,0,no_pattern,neutral,0.0,,flag/images/no_pattern/2024/01/flag__2024-01-19__0050035.png,,2024-01-19,49836,50035,2024-01-09T06:00:00+00:00,2024-01-19T23:00:00+00:00,,,,,,,,,,,,,No rule-based candidate at this daily endpoint,rule_candidate,pending
flag__2024-01-22__0050058,flag,1,forming,bullish,0.6340294894072405,64.0,flag/images/forming/2024/01/flag__2024-01-22__0050058.png,,2024-01-22,49859,50058,2024-01-10T06:00:00+00:00,2024-01-22T23:00:00+00:00,50019.0,50058.0,2024-01-19T07:00:00+00:00,2024-01-22T23:00:00+00:00,,,2032.01,2015.2935714285713,2065.442857142857,1.9999999999999865,2032.01,4.145714285714332,Bull flag after impulsive advance,rule_candidate,pending
flag__2024-01-23__0050081,flag,1,forming,bullish,0.5303616727130476,120.0,flag/images/forming/2024/01/flag__2024-01-23__0050081.png,,2024-01-23,49882,50081,2024-01-11T06:00:00+00:00,2024-01-23T23:00:00+00:00,50006.0,50081.0,2024-01-18T17:00:00+00:00,2024-01-23T23:00:00+00:00,,,2037.73,2015.3517857142856,2082.486428571429,2.0,2037.73,3.912857142857157,Bull flag after impulsive advance,rule_candidate,pending
flag__2024-01-24__0050104,flag,1,forming,bullish,0.5327682719816637,120.0,flag/images/forming/2024/01/flag__2024-01-24__0050104.png,,2024-01-24,49905,50104,2024-01-12T06:00:00+00:00,2024-01-24T23:00:00+00:00,50029.0,50104.0,2024-01-19T17:00:00+00:00,2024-01-24T23:00:00+00:00,,,2037.73,2009.7864285714286,2093.617142857143,2.0,2037.73,5.054285714285697,Bull flag after impulsive advance,rule_candidate,pending
flag__2024-01-25__0050127,flag,1,forming,bullish,0.6142233873503092,120.0,flag/images/forming/2024/01/flag__2024-01-25__0050127.png,,2024-01-25,49928,50127,2024-01-15T06:00:00+00:00,2024-01-25T23:00:00+00:00,50052.0,50127.0,2024-01-22T17:00:00+00:00,2024-01-25T23:00:00+00:00,,,2036.5,2007.70875,2094.0825,2.0,2036.5,5.284999999999984,Bull flag after impulsive advance,rule_candidate,pending
flag__2024-01-26__0050150,flag,1,forming,bullish,0.6138480719693774,48.0,flag/images/forming/2024/01/flag__2024-01-26__0050150.png,,2024-01-26,49951,50150,2024-01-16T08:00:00+00:00,2024-01-26T23:00:00+00:00,50121.0,50150.0,2024-01-25T17:00:00+00:00,2024-01-26T23:00:00+00:00,,,2026.63,2014.9680357142856,2049.953928571429,2.0,2026.63,3.4878571428571865,Bull flag after impulsive advance,rule_candidate,pending
flag__2024-01-29__0050173,flag,0,no_pattern,neutral,0.0,,flag/images/no_pattern/2024/01/flag__2024-01-29__0050173.png,,2024-01-29,49974,50173,2024-01-17T08:00:00+00:00,2024-01-29T23:00:00+00:00,,,,,,,,,,,,,No rule-based candidate at this daily endpoint,rule_candidate,pending
flag__2024-01-30__0050196,flag,0,no_pattern,neutral,0.0,,flag/images/no_pattern/2024/01/flag__2024-01-30__0050196.png,,2024-01-30,49997,50196,2024-01-18T08:00:00+00:00,2024-01-30T23:00:00+00:00,,,,,,,,,,,,,No rule-based candidate at this daily endpoint,rule_candidate,pending
flag__2024-01-31__0050219,flag,0,no_pattern,neutral,0.0,,flag/images/no_pattern/2024/01/flag__2024-01-31__0050219.png,,2024-01-31,50020,50219,2024-01-19T08:00:00+00:00,2024-01-31T23:00:00+00:00,,,,,,,,,,,,,No rule-based candidate at this daily endpoint,rule_candidate,pending
flag__2024-02-01__0050242,flag,0,no_pattern,neutral,0.0,,flag/images/no_pattern/2024/02/flag__2024-02-01__0050242.png,,2024-02-01,50043,50242,2024-01-22T08:00:00+00:00,2024-02-01T23:00:00+00:00,,,,,,,,,,,,,No rule-based candidate at this daily endpoint,rule_candidate,pending
flag__2024-02-02__0050265,flag,1,forming,bullish,0.5301140463786866,100.0,flag/images/forming/2024/02/flag__2024-02-02__0050265.png,,2024-02-02,50066,50265,2024-01-23T08:00:00+00:00,2024-02-02T23:00:00+00:00,50203.0,50265.0,2024-01-31T07:00:00+00:00,2024-02-02T23:00:00+00:00,,,2065.28,2026.3826785714286,2143.0746428571433,2.0,2065.28,5.469285714285661,Bull flag after impulsive advance,rule_candidate,pending
flag__2024-02-05__0050288,flag,0,no_pattern,neutral,0.0,,flag/images/no_pattern/2024/02/flag__2024-02-05__0050288.png,,2024-02-05,50089,50288,2024-01-24T08:00:00+00:00,2024-02-05T23:00:00+00:00,,,,,,,,,,,,,No rule-based candidate at this daily endpoint,rule_candidate,pending
flag__2024-02-06__0050311,flag,1,forming,bullish,0.6345168414783747,160.0,flag/images/forming/2024/02/flag__2024-02-06__0050311.png,,2024-02-06,50112,50311,2024-01-25T08:00:00+00:00,2024-02-06T23:00:00+00:00,50211.0,50311.0,2024-01-31T15:00:00+00:00,2024-02-06T23:00:00+00:00,,,2058.02,2013.7842857142857,2146.4914285714285,2.0,2058.02,3.9428571428570973,Bull flag after impulsive advance,rule_candidate,pending
flag__2024-02-07__0050334,flag,1,forming,bullish,0.558143144495444,200.0,flag/images/forming/2024/02/flag__2024-02-07__0050334.png,,2024-02-07,50135,50334,2024-01-26T08:00:00+00:00,2024-02-07T23:00:00+00:00,50209.0,50334.0,2024-01-31T13:00:00+00:00,2024-02-07T23:00:00+00:00,,,2057.54,2013.8,2145.02,2.0,2057.54,3.880000000000012,Bull flag after impulsive advance,rule_candidate,pending
flag__2024-02-08__0050357,flag,1,forming,bullish,0.5864253843285342,64.0,flag/images/forming/2024/02/flag__2024-02-08__0050357.png,,2024-02-08,50158,50357,2024-01-29T08:00:00+00:00,2024-02-08T23:00:00+00:00,50318.0,50357.0,2024-02-07T07:00:00+00:00,2024-02-08T23:00:00+00:00,,,2040.8,2018.7867857142858,2084.8264285714286,2.00000000000001,2040.8,4.972857142857184,Bull flag after impulsive advance,rule_candidate,pending
flag__2024-02-09__0050380,flag,0,no_pattern,neutral,0.0,,flag/images/no_pattern/2024/02/flag__2024-02-09__0050380.png,,2024-02-09,50181,50380,2024-01-30T08:00:00+00:00,2024-02-09T23:00:00+00:00,,,,,,,,,,,,,No rule-based candidate at this daily endpoint,rule_candidate,pending
flag__2024-02-12__0050403,flag,0,no_pattern,neutral,0.0,,flag/images/no_pattern/2024/02/flag__2024-02-12__0050403.png,,2024-02-12,50204,50403,2024-01-31T08:00:00+00:00,2024-02-12T23:00:00+00:00,,,,,,,,,,,,,No rule-based candidate at this daily endpoint,rule_candidate,pending
flag__2024-02-13__0050426,flag,0,no_pattern,neutral,0.0,,flag/images/no_pattern/2024/02/flag__2024-02-13__0050426.png,,2024-02-13,50227,50426,2024-02-01T08:00:00+00:00,2024-02-13T23:00:00+00:00,,,,,,,,,,,,,No rule-based candidate at this daily endpoint,rule_candidate,pending
flag__2024-02-14__0050449,flag,0,no_pattern,neutral,0.0,,flag/images/no_pattern/2024/02/flag__2024-02-14__0050449.png,,2024-02-14,50250,50449,2024-02-02T08:00:00+00:00,2024-02-14T23:00:00+00:00,,,,,,,,,,,,,No rule-based candidate at this daily endpoint,rule_candidate,pending
flag__2024-02-15__0050472,flag,0,no_pattern,neutral,0.0,,flag/images/no_pattern/2024/02/flag__2024-02-15__0050472.png,,2024-02-15,50273,50472,2024-02-05T08:00:00+00:00,2024-02-15T23:00:00+00:00,,,,,,,,,,,,,No rule-based candidate at this daily endpoint,rule_candidate,pending
flag__2024-02-16__0050495,flag,0,no_pattern,neutral,0.0,,flag/images/no_pattern/2024/02/flag__2024-02-16__0050495.png,,2024-02-16,50296,50495,2024-02-06T08:00:00+00:00,2024-02-16T23:00:00+00:00,,,,,,,,,,,,,No rule-based candidate at this daily endpoint,rule_candidate,pending
flag__2024-02-19__0050516,flag,1,forming,bullish,0.5345072501429827,48.0,flag/images/forming/2024/02/flag__2024-02-19__0050516.png,,2024-02-19,50317,50516,2024-02-07T06:00:00+00:00,2024-02-19T21:00:00+00:00,50487.0,50516.0,2024-02-16T15:00:00+00:00,2024-02-19T21:00:00+00:00,,,2022.84,2010.3212500000002,2047.8774999999994,2.0,2022.84,2.234999999999949,Bull flag after impulsive advance,rule_candidate,pending
flag__2024-02-20__0050539,flag,0,no_pattern,neutral,0.0,,flag/images/no_pattern/2024/02/flag__2024-02-20__0050539.png,,2024-02-20,50340,50539,2024-02-08T06:00:00+00:00,2024-02-20T23:00:00+00:00,,,,,,,,,,,,,No rule-based candidate at this daily endpoint,rule_candidate,pending
flag__2024-02-21__0050562,flag,1,forming,bullish,0.5731965922101759,48.0,flag/images/forming/2024/02/flag__2024-02-21__0050562.png,,2024-02-21,50363,50562,2024-02-09T06:00:00+00:00,2024-02-21T23:00:00+00:00,50533.0,50562.0,2024-02-20T17:00:00+00:00,2024-02-21T23:00:00+00:00,,,2032.09,2019.0866071428572,2058.096785714285,1.9999999999999825,2032.09,3.33357142857145,Bull flag after impulsive advance,rule_candidate,pending
flag__2024-02-22__0050585,flag,1,forming,bullish,0.5508667604167431,100.0,flag/images/forming/2024/02/flag__2024-02-22__0050585.png,,2024-02-22,50386,50585,2024-02-12T06:00:00+00:00,2024-02-22T23:00:00+00:00,50523.0,50585.0,2024-02-20T07:00:00+00:00,2024-02-22T23:00:00+00:00,,,2034.79,2018.607142857143,2067.155714285714,2.0,2034.79,3.4514285714285506,Bull flag after impulsive advance,rule_candidate,pending
flag__2024-02-23__0050608,flag,0,no_pattern,neutral,0.0,,flag/images/no_pattern/2024/02/flag__2024-02-23__0050608.png,,2024-02-23,50409,50608,2024-02-13T06:00:00+00:00,2024-02-23T23:00:00+00:00,,,,,,,,,,,,,No rule-based candidate at this daily endpoint,rule_candidate,pending
flag__2024-02-26__0050631,flag,1,forming,bullish,0.5653929594709434,48.0,flag/images/forming/2024/02/flag__2024-02-26__0050631.png,,2024-02-26,50432,50631,2024-02-14T06:00:00+00:00,2024-02-26T23:00:00+00:00,50602.0,50631.0,2024-02-23T17:00:00+00:00,2024-02-26T23:00:00+00:00,,,2036.85,2024.1660714285715,2062.2178571428567,2.0,2036.85,3.175714285714272,Bull flag after impulsive advance,rule_candidate,pending
flag__2024-02-27__0050654,flag,0,no_pattern,neutral,0.0,,flag/images/no_pattern/2024/02/flag__2024-02-27__0050654.png,,2024-02-27,50455,50654,2024-02-15T06:00:00+00:00,2024-02-27T23:00:00+00:00,,,,,,,,,,,,,No rule-based candidate at this daily endpoint,rule_candidate,pending
flag__2024-02-28__0050677,flag,1,forming,bullish,0.564902712031858,100.0,flag/images/forming/2024/02/flag__2024-02-28__0050677.png,,2024-02-28,50478,50677,2024-02-16T06:00:00+00:00,2024-02-28T23:00:00+00:00,50615.0,50677.0,2024-02-26T07:00:00+00:00,2024-02-28T23:00:00+00:00,,,2039.33,2023.527857142857,2070.9342857142856,2.0,2039.33,3.248571428571446,Bull flag after impulsive advance,rule_candidate,pending
flag__2024-02-29__0050700,flag,0,no_pattern,neutral,0.0,,flag/images/no_pattern/2024/02/flag__2024-02-29__0050700.png,,2024-02-29,50501,50700,2024-02-19T06:00:00+00:00,2024-02-29T23:00:00+00:00,,,,,,,,,,,,,No rule-based candidate at this daily endpoint,rule_candidate,pending
flag__2024-03-01__0050723,flag,0,no_pattern,neutral,0.0,,flag/images/no_pattern/2024/03/flag__2024-03-01__0050723.png,,2024-03-01,50524,50723,2024-02-20T08:00:00+00:00,2024-03-01T23:00:00+00:00,,,,,,,,,,,,,No rule-based candidate at this daily endpoint,rule_candidate,pending
flag__2024-03-04__0050746,flag,0,no_pattern,neutral,0.0,,flag/images/no_pattern/2024/03/flag__2024-03-04__0050746.png,,2024-03-04,50547,50746,2024-02-21T08:00:00+00:00,2024-03-04T23:00:00+00:00,,,,,,,,,,,,,No rule-based candidate at this daily endpoint,rule_candidate,pending
flag__2024-03-05__0050769,flag,0,no_pattern,neutral,0.0,,flag/images/no_pattern/2024/03/flag__2024-03-05__0050769.png,,2024-03-05,50570,50769,2024-02-22T08:00:00+00:00,2024-03-05T23:00:00+00:00,,,,,,,,,,,,,No rule-based candidate at this daily endpoint,rule_candidate,pending
flag__2024-03-06__0050792,flag,0,no_pattern,neutral,0.0,,flag/images/no_pattern/2024/03/flag__2024-03-06__0050792.png,,2024-03-06,50593,50792,2024-02-23T08:00:00+00:00,2024-03-06T23:00:00+00:00,,,,,,,,,,,,,No rule-based candidate at this daily endpoint,rule_candidate,pending
flag__2024-03-07__0050815,flag,0,no_pattern,neutral,0.0,,flag/images/no_pattern/2024/03/flag__2024-03-07__0050815.png,,2024-03-07,50616,50815,2024-02-26T08:00:00+00:00,2024-03-07T23:00:00+00:00,,,,,,,,,,,,,No rule-based candidate at this daily endpoint,rule_candidate,pending
flag__2024-03-08__0050838,flag,0,no_pattern,neutral,0.0,,flag/images/no_pattern/2024/03/flag__2024-03-08__0050838.png,,2024-03-08,50639,50838,2024-02-27T08:00:00+00:00,2024-03-08T23:00:00+00:00,,,,,,,,,,,,,No rule-based candidate at this daily endpoint,rule_candidate,pending
flag__2024-03-11__0050861,flag,0,no_pattern,neutral,0.0,,flag/images/no_pattern/2024/03/flag__2024-03-11__0050861.png,,2024-03-11,50662,50861,2024-02-28T08:00:00+00:00,2024-03-11T22:00:00+00:00,,,,,,,,,,,,,No rule-based candidate at this daily endpoint,rule_candidate,pending
flag__2024-03-12__0050884,flag,1,forming,bullish,0.6036432676462136,120.0,flag/images/forming/2024/03/flag__2024-03-12__0050884.png,,2024-03-12,50685,50884,2024-02-29T08:00:00+00:00,2024-03-12T22:00:00+00:00,50809.0,50884.0,2024-03-07T17:00:00+00:00,2024-03-12T22:00:00+00:00,,,2195.01,2148.654642857143,2287.720714285715,2.0,2195.01,7.3014285714285245,Bull flag after impulsive advance,rule_candidate,pending
flag__2024-03-13__0050907,flag,1,forming,bullish,0.6247223611928554,160.0,flag/images/forming/2024/03/flag__2024-03-13__0050907.png,,2024-03-13,50708,50907,2024-03-01T08:00:00+00:00,2024-03-13T22:00:00+00:00,50807.0,50907.0,2024-03-07T15:00:00+00:00,2024-03-13T22:00:00+00:00,,,2188.86,2149.3323214285715,2267.9153571428574,2.0,2188.86,4.590714285714317,Bull flag after impulsive advance,rule_candidate,pending
flag__2024-03-14__0050930,flag,1,forming,bullish,0.6032121732273809,200.0,flag/images/forming/2024/03/flag__2024-03-14__0050930.png,,2024-03-14,50731,50930,2024-03-04T08:00:00+00:00,2024-03-14T22:00:00+00:00,50805.0,50930.0,2024-03-07T13:00:00+00:00,2024-03-14T22:00:00+00:00,,,2188.86,2149.2942857142857,2286.98,2.4799248989023575,2188.86,4.742857142857052,Bull flag after impulsive advance,rule_candidate,pending
flag__2024-03-15__0050953,flag,1,forming,bullish,0.5524726870694948,200.0,flag/images/forming/2024/03/flag__2024-03-15__0050953.png,,2024-03-15,50754,50953,2024-03-05T08:00:00+00:00,2024-03-15T22:00:00+00:00,50828.0,50953.0,2024-03-08T13:00:00+00:00,2024-03-15T22:00:00+00:00,,,2184.42,2149.214285714286,2254.8314285714287,2.0,2184.42,5.062857142857085,Bull flag after impulsive advance,rule_candidate,pending
flag__2024-03-18__0050976,flag,1,forming,bullish,0.5822895919876855,200.0,flag/images/forming/2024/03/flag__2024-03-18__0050976.png,,2024-03-18,50777,50976,2024-03-06T08:00:00+00:00,2024-03-18T22:00:00+00:00,50851.0,50976.0,2024-03-11T12:00:00+00:00,2024-03-18T22:00:00+00:00,,,2179.73,2145.0689285714284,2249.0521428571433,2.0,2179.73,3.6842857142857417,Bull flag after impulsive advance,rule_candidate,pending
flag__2024-03-19__0050999,flag,0,no_pattern,neutral,0.0,,flag/images/no_pattern/2024/03/flag__2024-03-19__0050999.png,,2024-03-19,50800,50999,2024-03-07T08:00:00+00:00,2024-03-19T22:00:00+00:00,,,,,,,,,,,,,No rule-based candidate at this daily endpoint,rule_candidate,pending
flag__2024-03-20__0051022,flag,0,no_pattern,neutral,0.0,,flag/images/no_pattern/2024/03/flag__2024-03-20__0051022.png,,2024-03-20,50823,51022,2024-03-08T08:00:00+00:00,2024-03-20T22:00:00+00:00,,,,,,,,,,,,,No rule-based candidate at this daily endpoint,rule_candidate,pending
flag__2024-03-21__0051045,flag,1,forming,bullish,0.641688893235892,48.0,flag/images/forming/2024/03/flag__2024-03-21__0051045.png,,2024-03-21,50846,51045,2024-03-11T07:00:00+00:00,2024-03-21T22:00:00+00:00,51016.0,51045.0,2024-03-20T16:00:00+00:00,2024-03-21T22:00:00+00:00,,,2212.31,2164.4423214285716,2308.0453571428566,2.0,2212.31,7.1507142857143275,Bull flag after impulsive advance,rule_candidate,pending
flag__2024-03-22__0051068,flag,1,forming,bullish,0.6613648044090925,64.0,flag/images/forming/2024/03/flag__2024-03-22__0051068.png,,2024-03-22,50869,51068,2024-03-12T07:00:00+00:00,2024-03-22T22:00:00+00:00,51029.0,51068.0,2024-03-21T06:00:00+00:00,2024-03-22T22:00:00+00:00,,,2185.96,2155.4976785714284,2246.8846428571433,2.0,2185.96,6.009285714285754,Bull flag after impulsive advance,rule_candidate,pending
flag__2024-03-25__0051091,flag,1,forming,bullish,0.565356697507933,120.0,flag/images/forming/2024/03/flag__2024-03-25__0051091.png,,2024-03-25,50892,51091,2024-03-13T07:00:00+00:00,2024-03-25T22:00:00+00:00,51016.0,51091.0,2024-03-20T16:00:00+00:00,2024-03-25T22:00:00+00:00,,,2208.01,2155.9807142857144,2312.068571428572,2.0,2208.01,4.077142857142884,Bull flag after impulsive advance,rule_candidate,pending
flag__2024-03-26__0051114,flag,1,forming,bullish,0.571435739403185,200.0,flag/images/forming/2024/03/flag__2024-03-26__0051114.png,,2024-03-26,50915,51114,2024-03-14T07:00:00+00:00,2024-03-26T22:00:00+00:00,50989.0,51114.0,2024-03-19T12:00:00+00:00,2024-03-26T22:00:00+00:00,,,2212.31,2155.2017857142855,2326.526428571429,2.0,2212.31,7.19285714285713,Bull flag after impulsive advance,rule_candidate,pending
flag__2024-03-27__0051137,flag,0,no_pattern,neutral,0.0,,flag/images/no_pattern/2024/03/flag__2024-03-27__0051137.png,,2024-03-27,50938,51137,2024-03-15T07:00:00+00:00,2024-03-27T22:00:00+00:00,,,,,,,,,,,,,No rule-based candidate at this daily endpoint,rule_candidate,pending
flag__2024-03-28__0051160,flag,0,no_pattern,neutral,0.0,,flag/images/no_pattern/2024/03/flag__2024-03-28__0051160.png,,2024-03-28,50961,51160,2024-03-18T07:00:00+00:00,2024-03-28T22:00:00+00:00,,,,,,,,,,,,,No rule-based candidate at this daily endpoint,rule_candidate,pending
flag__2024-04-01__0051183,flag,1,forming,bullish,0.6140236115946143,48.0,flag/images/forming/2024/04/flag__2024-04-01__0051183.png,,2024-04-01,50984,51183,2024-03-19T07:00:00+00:00,2024-04-01T23:00:00+00:00,51154.0,51183.0,2024-03-28T16:00:00+00:00,2024-04-01T23:00:00+00:00,,,2265.53,2226.3753571428574,2343.839285714286,2.0,2265.53,8.018571428571445,Bull flag after impulsive advance,rule_candidate,pending
flag__2024-04-02__0051206,flag,0,no_pattern,neutral,0.0,,flag/images/no_pattern/2024/04/flag__2024-04-02__0051206.png,,2024-04-02,51007,51206,2024-03-20T07:00:00+00:00,2024-04-02T23:00:00+00:00,,,,,,,,,,,,,No rule-based candidate at this daily endpoint,rule_candidate,pending
flag__2024-04-03__0051229,flag,0,no_pattern,neutral,0.0,,flag/images/no_pattern/2024/04/flag__2024-04-03__0051229.png,,2024-04-03,51030,51229,2024-03-21T07:00:00+00:00,2024-04-03T23:00:00+00:00,,,,,,,,,,,,,No rule-based candidate at this daily endpoint,rule_candidate,pending
flag__2024-04-04__0051252,flag,1,forming,bullish,0.5977549122000587,48.0,flag/images/forming/2024/04/flag__2024-04-04__0051252.png,,2024-04-04,51053,51252,2024-03-22T07:00:00+00:00,2024-04-04T23:00:00+00:00,51223.0,51252.0,2024-04-03T17:00:00+00:00,2024-04-04T23:00:00+00:00,,,2305.44,2277.5612499999997,2361.1975000000007,2.0,2305.44,7.9950000000000205,Bull flag after impulsive advance,rule_candidate,pending
flag__2024-04-05__0051275,flag,0,no_pattern,neutral,0.0,,flag/images/no_pattern/2024/04/flag__2024-04-05__0051275.png,,2024-04-05,51076,51275,2024-03-25T07:00:00+00:00,2024-04-05T23:00:00+00:00,,,,,,,,,,,,,No rule-based candidate at this daily endpoint,rule_candidate,pending
flag__2024-04-08__0051298,flag,0,no_pattern,neutral,0.0,,flag/images/no_pattern/2024/04/flag__2024-04-08__0051298.png,,2024-04-08,51099,51298,2024-03-26T07:00:00+00:00,2024-04-08T23:00:00+00:00,,,,,,,,,,,,,No rule-based candidate at this daily endpoint,rule_candidate,pending
flag__2024-04-09__0051321,flag,0,no_pattern,neutral,0.0,,flag/images/no_pattern/2024/04/flag__2024-04-09__0051321.png,,2024-04-09,51122,51321,2024-03-27T07:00:00+00:00,2024-04-09T23:00:00+00:00,,,,,,,,,,,,,No rule-based candidate at this daily endpoint,rule_candidate,pending
flag__2024-04-10__0051344,flag,1,forming,bullish,0.6307991034387763,80.0,flag/images/forming/2024/04/flag__2024-04-10__0051344.png,,2024-04-10,51145,51344,2024-03-28T07:00:00+00:00,2024-04-10T23:00:00+00:00,51295.0,51344.0,2024-04-08T20:00:00+00:00,2024-04-10T23:00:00+00:00,,,2365.18,2316.4605357142855,2462.6189285714286,2.0,2365.18,11.15785714285721,Bull flag after impulsive advance,rule_candidate,pending
flag__2024-04-11__0051367,flag,1,forming,bullish,0.5348909860885664,120.0,flag/images/forming/2024/04/flag__2024-04-11__0051367.png,,2024-04-11,51168,51367,2024-04-01T08:00:00+00:00,2024-04-11T23:00:00+00:00,51292.0,51367.0,2024-04-08T17:00:00+00:00,2024-04-11T23:00:00+00:00,,,2377.61,2316.9376785714285,2498.9546428571434,2.0,2377.61,9.249285714285763,Bull flag after impulsive advance,rule_candidate,pending
flag__2024-04-12__0051390,flag,0,no_pattern,neutral,0.0,,flag/images/no_pattern/2024/04/flag__2024-04-12__0051390.png,,2024-04-12,51191,51390,2024-04-02T08:00:00+00:00,2024-04-12T23:00:00+00:00,,,,,,,,,,,,,No rule-based candidate at this daily endpoint,rule_candidate,pending
flag__2024-04-15__0051413,flag,1,forming,bullish,0.5738916158930141,80.0,flag/images/forming/2024/04/flag__2024-04-15__0051413.png,,2024-04-15,51214,51413,2024-04-03T08:00:00+00:00,2024-04-15T23:00:00+00:00,51364.0,51413.0,2024-04-11T20:00:00+00:00,2024-04-15T23:00:00+00:00,,,2431.39,2321.1276785714285,2651.9146428571426,2.0,2431.39,12.009285714285657,Bull flag after impulsive advance,rule_candidate,pending
flag__2024-04-16__0051436,flag,1,forming,bullish,0.5303311114469568,160.0,flag/images/forming/2024/04/flag__2024-04-16__0051436.png,,2024-04-16,51237,51436,2024-04-04T08:00:00+00:00,2024-04-16T23:00:00+00:00,51336.0,51436.0,2024-04-10T15:00:00+00:00,2024-04-16T23:00:00+00:00,,,2431.39,2321.317857142857,2651.5342857142855,2.0,2431.39,11.248571428571495,Bull flag after impulsive advance,rule_candidate,pending
flag__2024-04-17__0051459,flag,1,forming,bullish,0.5300160702339508,100.0,flag/images/forming/2024/04/flag__2024-04-17__0051459.png,,2024-04-17,51260,51459,2024-04-05T08:00:00+00:00,2024-04-17T23:00:00+00:00,51397.0,51459.0,2024-04-15T07:00:00+00:00,2024-04-17T23:00:00+00:00,,,2398.23,2351.807142857143,2491.075714285714,2.0,2398.23,10.131428571428582,Bull flag after impulsive advance,rule_candidate,pending
flag__2024-04-18__0051482,flag,1,forming,bullish,0.5441991749273126,120.0,flag/images/forming/2024/04/flag__2024-04-18__0051482.png,,2024-04-18,51283,51482,2024-04-08T08:00:00+00:00,2024-04-18T23:00:00+00:00,51407.0,51482.0,2024-04-15T17:00:00+00:00,2024-04-18T23:00:00+00:00,,,2398.23,2352.5125000000003,2489.6649999999995,2.0,2398.23,7.31000000000001,Bull flag after impulsive advance,rule_candidate,pending
flag__2024-04-19__0051505,flag,0,no_pattern,neutral,0.0,,flag/images/no_pattern/2024/04/flag__2024-04-19__0051505.png,,2024-04-19,51306,51505,2024-04-09T08:00:00+00:00,2024-04-19T23:00:00+00:00,,,,,,,,,,,,,No rule-based candidate at this daily endpoint,rule_candidate,pending
flag__2024-04-22__0051528,flag,0,no_pattern,neutral,0.0,,flag/images/no_pattern/2024/04/flag__2024-04-22__0051528.png,,2024-04-22,51329,51528,2024-04-10T08:00:00+00:00,2024-04-22T23:00:00+00:00,,,,,,,,,,,,,No rule-based candidate at this daily endpoint,rule_candidate,pending
flag__2024-04-23__0051551,flag,0,no_pattern,neutral,0.0,,flag/images/no_pattern/2024/04/flag__2024-04-23__0051551.png,,2024-04-23,51352,51551,2024-04-11T08:00:00+00:00,2024-04-23T23:00:00+00:00,,,,,,,,,,,,,No rule-based candidate at this daily endpoint,rule_candidate,pending
flag__2024-04-24__0051574,flag,0,no_pattern,neutral,0.0,,flag/images/no_pattern/2024/04/flag__2024-04-24__0051574.png,,2024-04-24,51375,51574,2024-04-12T08:00:00+00:00,2024-04-24T23:00:00+00:00,,,,,,,,,,,,,No rule-based candidate at this daily endpoint,rule_candidate,pending
flag__2024-04-25__0051597,flag,0,no_pattern,neutral,0.0,,flag/images/no_pattern/2024/04/flag__2024-04-25__0051597.png,,2024-04-25,51398,51597,2024-04-15T08:00:00+00:00,2024-04-25T23:00:00+00:00,,,,,,,,,,,,,No rule-based candidate at this daily endpoint,rule_candidate,pending
flag__2024-04-26__0051620,flag,0,no_pattern,neutral,0.0,,flag/images/no_pattern/2024/04/flag__2024-04-26__0051620.png,,2024-04-26,51421,51620,2024-04-16T08:00:00+00:00,2024-04-26T23:00:00+00:00,,,,,,,,,,,,,No rule-based candidate at this daily endpoint,rule_candidate,pending
flag__2024-04-29__0051643,flag,1,forming,bullish,0.5479775243845764,80.0,flag/images/forming/2024/04/flag__2024-04-29__0051643.png,,2024-04-29,51444,51643,2024-04-17T08:00:00+00:00,2024-04-29T23:00:00+00:00,51594.0,51643.0,2024-04-25T20:00:00+00:00,2024-04-29T23:00:00+00:00,,,2352.4,2317.849107142857,2421.501785714286,2.0,2352.4,7.003571428571474,Bull flag after impulsive advance,rule_candidate,pending
flag__2024-04-30__0051666,flag,0,no_pattern,neutral,0.0,,flag/images/no_pattern/2024/04/flag__2024-04-30__0051666.png,,2024-04-30,51467,51666,2024-04-18T08:00:00+00:00,2024-04-30T23:00:00+00:00,,,,,,,,,,,,,No rule-based candidate at this daily endpoint,rule_candidate,pending
flag__2024-05-01__0051689,flag,0,no_pattern,neutral,0.0,,flag/images/no_pattern/2024/05/flag__2024-05-01__0051689.png,,2024-05-01,51490,51689,2024-04-19T08:00:00+00:00,2024-05-01T23:00:00+00:00,,,,,,,,,,,,,No rule-based candidate at this daily endpoint,rule_candidate,pending
flag__2024-05-02__0051712,flag,0,no_pattern,neutral,0.0,,flag/images/no_pattern/2024/05/flag__2024-05-02__0051712.png,,2024-05-02,51513,51712,2024-04-22T08:00:00+00:00,2024-05-02T23:00:00+00:00,,,,,,,,,,,,,No rule-based candidate at this daily endpoint,rule_candidate,pending
flag__2024-05-03__0051735,flag,1,forming,bullish,0.5762155694346369,64.0,flag/images/forming/2024/05/flag__2024-05-03__0051735.png,,2024-05-03,51536,51735,2024-04-23T08:00:00+00:00,2024-05-03T23:00:00+00:00,51696.0,51735.0,2024-05-02T07:00:00+00:00,2024-05-03T23:00:00+00:00,,,2320.52,2274.784107142857,2411.991785714286,2.0,2320.52,9.543571428571438,Bull flag after impulsive advance,rule_candidate,pending
flag__2024-05-06__0051758,flag,0,no_pattern,neutral,0.0,,flag/images/no_pattern/2024/05/flag__2024-05-06__0051758.png,,2024-05-06,51559,51758,2024-04-24T08:00:00+00:00,2024-05-06T23:00:00+00:00,,,,,,,,,,,,,No rule-based candidate at this daily endpoint,rule_candidate,pending
flag__2024-05-07__0051781,flag,1,forming,bullish,0.6890346493386417,64.0,flag/images/forming/2024/05/flag__2024-05-07__0051781.png,,2024-05-07,51582,51781,2024-04-25T08:00:00+00:00,2024-05-07T23:00:00+00:00,51742.0,51781.0,2024-05-06T07:00:00+00:00,2024-05-07T23:00:00+00:00,,,2329.84,2308.482321428571,2372.555357142858,2.0,2329.84,5.470714285714329,Bull flag after impulsive advance,rule_candidate,pending
flag__2024-05-08__0051804,flag,1,forming,bullish,0.6114485835991263,100.0,flag/images/forming/2024/05/flag__2024-05-08__0051804.png,,2024-05-08,51605,51804,2024-04-26T08:00:00+00:00,2024-05-08T23:00:00+00:00,51742.0,51804.0,2024-05-06T07:00:00+00:00,2024-05-08T23:00:00+00:00,,,2329.84,2302.0792857142856,2385.3614285714293,2.0,2329.84,5.762857142857066,Bull flag after impulsive advance,rule_candidate,pending
flag__2024-05-09__0051827,flag,0,no_pattern,neutral,0.0,,flag/images/no_pattern/2024/05/flag__2024-05-09__0051827.png,,2024-05-09,51628,51827,2024-04-29T08:00:00+00:00,2024-05-09T23:00:00+00:00,,,,,,,,,,,,,No rule-based candidate at this daily endpoint,rule_candidate,pending
flag__2024-05-10__0051850,flag,0,no_pattern,neutral,0.0,,flag/images/no_pattern/2024/05/flag__2024-05-10__0051850.png,,2024-05-10,51651,51850,2024-04-30T08:00:00+00:00,2024-05-10T23:00:00+00:00,,,,,,,,,,,,,No rule-based candidate at this daily endpoint,rule_candidate,pending
flag__2024-05-13__0051873,flag,1,forming,bullish,0.7169127368499784,64.0,flag/images/forming/2024/05/flag__2024-05-13__0051873.png,,2024-05-13,51674,51873,2024-05-01T08:00:00+00:00,2024-05-13T23:00:00+00:00,51834.0,51873.0,2024-05-10T07:00:00+00:00,2024-05-13T23:00:00+00:00,,,2370.87,2330.566428571429,2451.477142857142,2.0,2370.87,5.574285714285744,Bull flag after impulsive advance,rule_candidate,pending
flag__2024-05-14__0051896,flag,1,forming,bullish,0.5757774114411286,120.0,flag/images/forming/2024/05/flag__2024-05-14__0051896.png,,2024-05-14,51697,51896,2024-05-02T08:00:00+00:00,2024-05-14T23:00:00+00:00,51821.0,51896.0,2024-05-09T17:00:00+00:00,2024-05-14T23:00:00+00:00,,,2372.95,2330.431607142857,2457.9867857142854,2.0,2372.95,6.113571428571439,Bull flag after impulsive advance,rule_candidate,pending
flag__2024-05-15__0051919,flag,0,no_pattern,neutral,0.0,,flag/images/no_pattern/2024/05/flag__2024-05-15__0051919.png,,2024-05-15,51720,51919,2024-05-03T08:00:00+00:00,2024-05-15T23:00:00+00:00,,,,,,,,,,,,,No rule-based candidate at this daily endpoint,rule_candidate,pending
flag__2024-05-16__0051942,flag,1,forming,bullish,0.6824940601947399,48.0,flag/images/forming/2024/05/flag__2024-05-16__0051942.png,,2024-05-16,51743,51942,2024-05-06T08:00:00+00:00,2024-05-16T23:00:00+00:00,51913.0,51942.0,2024-05-15T17:00:00+00:00,2024-05-16T23:00:00+00:00,,,2397.19,2369.4026785714286,2452.764642857143,2.0,2397.19,5.709285714285637,Bull flag after impulsive advance,rule_candidate,pending
flag__2024-05-17__0051965,flag,0,no_pattern,neutral,0.0,,flag/images/no_pattern/2024/05/flag__2024-05-17__0051965.png,,2024-05-17,51766,51965,2024-05-07T08:00:00+00:00,2024-05-17T23:00:00+00:00,,,,,,,,,,,,,No rule-based candidate at this daily endpoint,rule_candidate,pending
flag__2024-05-20__0051988,flag,1,forming,bullish,0.5446772072854961,48.0,flag/images/forming/2024/05/flag__2024-05-20__0051988.png,,2024-05-20,51789,51988,2024-05-08T08:00:00+00:00,2024-05-20T23:00:00+00:00,51959.0,51988.0,2024-05-17T17:00:00+00:00,2024-05-20T23:00:00+00:00,,,2449.93,2404.9196428571427,2539.950714285714,2.0,2449.93,9.281428571428544,Bull flag after impulsive advance,rule_candidate,pending
flag__2024-05-21__0052011,flag,1,forming,bullish,0.5943560231317808,100.0,flag/images/forming/2024/05/flag__2024-05-21__0052011.png,,2024-05-21,51812,52011,2024-05-09T08:00:00+00:00,2024-05-21T23:00:00+00:00,51949.0,52011.0,2024-05-17T07:00:00+00:00,2024-05-21T23:00:00+00:00,,,2449.93,2404.167142857143,2541.4557142857134,2.0,2449.93,7.171428571428545,Bull flag after impulsive advance,rule_candidate,pending
flag__2024-05-22__0052034,flag,1,forming,bullish,0.6233423781918719,160.0,flag/images/forming/2024/05/flag__2024-05-22__0052034.png,,2024-05-22,51835,52034,2024-05-10T08:00:00+00:00,2024-05-22T23:00:00+00:00,51934.0,52034.0,2024-05-16T15:00:00+00:00,2024-05-22T23:00:00+00:00,,,2449.93,2372.6575000000003,2604.474999999999,2.0,2449.93,8.569999999999968,Bull flag after impulsive advance,rule_candidate,pending
flag__2024-05-23__0052057,flag,0,no_pattern,neutral,0.0,,flag/images/no_pattern/2024/05/flag__2024-05-23__0052057.png,,2024-05-23,51858,52057,2024-05-13T08:00:00+00:00,2024-05-23T23:00:00+00:00,,,,,,,,,,,,,No rule-based candidate at this daily endpoint,rule_candidate,pending
flag__2024-05-24__0052080,flag,0,no_pattern,neutral,0.0,,flag/images/no_pattern/2024/05/flag__2024-05-24__0052080.png,,2024-05-24,51881,52080,2024-05-14T08:00:00+00:00,2024-05-24T23:00:00+00:00,,,,,,,,,,,,,No rule-based candidate at this daily endpoint,rule_candidate,pending
flag__2024-05-27__0052101,flag,0,no_pattern,neutral,0.0,,flag/images/no_pattern/2024/05/flag__2024-05-27__0052101.png,,2024-05-27,51902,52101,2024-05-15T06:00:00+00:00,2024-05-27T21:00:00+00:00,,,,,,,,,,,,,No rule-based candidate at this daily endpoint,rule_candidate,pending
flag__2024-05-28__0052124,flag,0,no_pattern,neutral,0.0,,flag/images/no_pattern/2024/05/flag__2024-05-28__0052124.png,,2024-05-28,51925,52124,2024-05-16T06:00:00+00:00,2024-05-28T23:00:00+00:00,,,,,,,,,,,,,No rule-based candidate at this daily endpoint,rule_candidate,pending
flag__2024-05-29__0052147,flag,0,no_pattern,neutral,0.0,,flag/images/no_pattern/2024/05/flag__2024-05-29__0052147.png,,2024-05-29,51948,52147,2024-05-17T06:00:00+00:00,2024-05-29T23:00:00+00:00,,,,,,,,,,,,,No rule-based candidate at this daily endpoint,rule_candidate,pending
flag__2024-05-30__0052170,flag,0,no_pattern,neutral,0.0,,flag/images/no_pattern/2024/05/flag__2024-05-30__0052170.png,,2024-05-30,51971,52170,2024-05-20T06:00:00+00:00,2024-05-30T23:00:00+00:00,,,,,,,,,,,,,No rule-based candidate at this daily endpoint,rule_candidate,pending
flag__2024-05-31__0052193,flag,0,no_pattern,neutral,0.0,,flag/images/no_pattern/2024/05/flag__2024-05-31__0052193.png,,2024-05-31,51994,52193,2024-05-21T06:00:00+00:00,2024-05-31T23:00:00+00:00,,,,,,,,,,,,,No rule-based candidate at this daily endpoint,rule_candidate,pending
flag__2024-06-03__0052216,flag,0,no_pattern,neutral,0.0,,flag/images/no_pattern/2024/06/flag__2024-06-03__0052216.png,,2024-06-03,52017,52216,2024-05-22T06:00:00+00:00,2024-06-03T23:00:00+00:00,,,,,,,,,,,,,No rule-based candidate at this daily endpoint,rule_candidate,pending
flag__2024-06-04__0052239,flag,0,no_pattern,neutral,0.0,,flag/images/no_pattern/2024/06/flag__2024-06-04__0052239.png,,2024-06-04,52040,52239,2024-05-23T06:00:00+00:00,2024-06-04T23:00:00+00:00,,,,,,,,,,,,,No rule-based candidate at this daily endpoint,rule_candidate,pending
flag__2024-06-05__0052262,flag,0,no_pattern,neutral,0.0,,flag/images/no_pattern/2024/06/flag__2024-06-05__0052262.png,,2024-06-05,52063,52262,2024-05-24T06:00:00+00:00,2024-06-05T23:00:00+00:00,,,,,,,,,,,,,No rule-based candidate at this daily endpoint,rule_candidate,pending
flag__2024-06-06__0052285,flag,0,no_pattern,neutral,0.0,,flag/images/no_pattern/2024/06/flag__2024-06-06__0052285.png,,2024-06-06,52086,52285,2024-05-27T06:00:00+00:00,2024-06-06T23:00:00+00:00,,,,,,,,,,,,,No rule-based candidate at this daily endpoint,rule_candidate,pending
flag__2024-06-07__0052308,flag,0,no_pattern,neutral,0.0,,flag/images/no_pattern/2024/06/flag__2024-06-07__0052308.png,,2024-06-07,52109,52308,2024-05-28T08:00:00+00:00,2024-06-07T23:00:00+00:00,,,,,,,,,,,,,No rule-based candidate at this daily endpoint,rule_candidate,pending
flag__2024-06-10__0052331,flag,0,no_pattern,neutral,0.0,,flag/images/no_pattern/2024/06/flag__2024-06-10__0052331.png,,2024-06-10,52132,52331,2024-05-29T08:00:00+00:00,2024-06-10T23:00:00+00:00,,,,,,,,,,,,,No rule-based candidate at this daily endpoint,rule_candidate,pending
flag__2024-06-11__0052354,flag,0,no_pattern,neutral,0.0,,flag/images/no_pattern/2024/06/flag__2024-06-11__0052354.png,,2024-06-11,52155,52354,2024-05-30T08:00:00+00:00,2024-06-11T23:00:00+00:00,,,,,,,,,,,,,No rule-based candidate at this daily endpoint,rule_candidate,pending
flag__2024-06-12__0052377,flag,0,no_pattern,neutral,0.0,,flag/images/no_pattern/2024/06/flag__2024-06-12__0052377.png,,2024-06-12,52178,52377,2024-05-31T08:00:00+00:00,2024-06-12T23:00:00+00:00,,,,,,,,,,,,,No rule-based candidate at this daily endpoint,rule_candidate,pending
flag__2024-06-13__0052400,flag,1,forming,bullish,0.6197299234117383,80.0,flag/images/forming/2024/06/flag__2024-06-13__0052400.png,,2024-06-13,52201,52400,2024-06-03T08:00:00+00:00,2024-06-13T23:00:00+00:00,52351.0,52400.0,2024-06-11T20:00:00+00:00,2024-06-13T23:00:00+00:00,,,2341.57,2293.3473214285714,2438.0153571428577,2.0,2341.57,8.210714285714337,Bull flag after impulsive advance,rule_candidate,pending
flag__2024-06-14__0052423,flag,0,no_pattern,neutral,0.0,,flag/images/no_pattern/2024/06/flag__2024-06-14__0052423.png,,2024-06-14,52224,52423,2024-06-04T08:00:00+00:00,2024-06-14T23:00:00+00:00,,,,,,,,,,,,,No rule-based candidate at this daily endpoint,rule_candidate,pending
flag__2024-06-17__0052446,flag,1,forming,bullish,0.6630728537621184,64.0,flag/images/forming/2024/06/flag__2024-06-17__0052446.png,,2024-06-17,52247,52446,2024-06-05T08:00:00+00:00,2024-06-17T23:00:00+00:00,52407.0,52446.0,2024-06-14T07:00:00+00:00,2024-06-17T23:00:00+00:00,,,2335.44,2308.517142857143,2389.285714285714,2.0,2335.44,5.3714285714285905,Bull flag after impulsive advance,rule_candidate,pending
flag__2024-06-18__0052469,flag,1,forming,bullish,0.5491035945307559,120.0,flag/images/forming/2024/06/flag__2024-06-18__0052469.png,,2024-06-18,52270,52469,2024-06-06T08:00:00+00:00,2024-06-18T23:00:00+00:00,52394.0,52469.0,2024-06-13T17:00:00+00:00,2024-06-18T23:00:00+00:00,,,2335.44,2304.8901785714284,2396.5396428571435,2.0,2335.44,6.239285714285708,Bull flag after impulsive advance,rule_candidate,pending
flag__2024-06-19__0052490,flag,1,forming,bullish,0.5313075868277152,48.0,flag/images/forming/2024/06/flag__2024-06-19__0052490.png,,2024-06-19,52291,52490,2024-06-07T06:00:00+00:00,2024-06-19T21:00:00+00:00,52461.0,52490.0,2024-06-18T15:00:00+00:00,2024-06-19T21:00:00+00:00,,,2334.87,2322.640178571429,2359.329642857142,2.0,2334.87,3.7192857142856934,Bull flag after impulsive advance,rule_candidate,pending
flag__2024-06-20__0052513,flag,0,no_pattern,neutral,0.0,,flag/images/no_pattern/2024/06/flag__2024-06-20__0052513.png,,2024-06-20,52314,52513,2024-06-10T06:00:00+00:00,2024-06-20T23:00:00+00:00,,,,,,,,,,,,,No rule-based candidate at this daily endpoint,rule_candidate,pending
flag__2024-06-21__0052536,flag,1,forming,bullish,0.5475633946932915,80.0,flag/images/forming/2024/06/flag__2024-06-21__0052536.png,,2024-06-21,52337,52536,2024-06-11T06:00:00+00:00,2024-06-21T23:00:00+00:00,52487.0,52536.0,2024-06-19T18:00:00+00:00,2024-06-21T23:00:00+00:00,,,2368.63,2314.5753571428572,2476.739285714286,2.0,2368.63,8.018571428571477,Bull flag after impulsive advance,rule_candidate,pending
flag__2024-06-24__0052559,flag,1,forming,bullish,0.6325447724858008,100.0,flag/images/forming/2024/06/flag__2024-06-24__0052559.png,,2024-06-24,52360,52559,2024-06-12T06:00:00+00:00,2024-06-24T23:00:00+00:00,52497.0,52559.0,2024-06-20T07:00:00+00:00,2024-06-24T23:00:00+00:00,,,2368.63,2315.3026785714287,2475.284642857143,2.0,2368.63,5.109285714285696,Bull flag after impulsive advance,rule_candidate,pending
flag__2024-06-25__0052582,flag,1,forming,bullish,0.5303683165279198,120.0,flag/images/forming/2024/06/flag__2024-06-25__0052582.png,,2024-06-25,52383,52582,2024-06-13T06:00:00+00:00,2024-06-25T23:00:00+00:00,52507.0,52582.0,2024-06-20T17:00:00+00:00,2024-06-25T23:00:00+00:00,,,2363.65,2313.8594642857142,2463.231071428572,2.0,2363.65,5.922142857142911,Bull flag after impulsive advance,rule_candidate,pending
flag__2024-06-26__0052605,flag,0,no_pattern,neutral,0.0,,flag/images/no_pattern/2024/06/flag__2024-06-26__0052605.png,,2024-06-26,52406,52605,2024-06-14T06:00:00+00:00,2024-06-26T23:00:00+00:00,,,,,,,,,,,,,No rule-based candidate at this daily endpoint,rule_candidate,pending
flag__2024-06-27__0052628,flag,0,no_pattern,neutral,0.0,,flag/images/no_pattern/2024/06/flag__2024-06-27__0052628.png,,2024-06-27,52429,52628,2024-06-17T06:00:00+00:00,2024-06-27T23:00:00+00:00,,,,,,,,,,,,,No rule-based candidate at this daily endpoint,rule_candidate,pending
flag__2024-06-28__0052651,flag,0,no_pattern,neutral,0.0,,flag/images/no_pattern/2024/06/flag__2024-06-28__0052651.png,,2024-06-28,52452,52651,2024-06-18T06:00:00+00:00,2024-06-28T23:00:00+00:00,,,,,,,,,,,,,No rule-based candidate at this daily endpoint,rule_candidate,pending
flag__2024-07-01__0052674,flag,1,forming,bullish,0.5324586381256317,80.0,flag/images/forming/2024/07/flag__2024-07-01__0052674.png,,2024-07-01,52475,52674,2024-06-19T06:00:00+00:00,2024-07-01T23:00:00+00:00,52625.0,52674.0,2024-06-27T20:00:00+00:00,2024-07-01T23:00:00+00:00,,,2339.56,2316.908392857143,2384.8632142857136,2.0,2339.56,5.726428571428512,Bull flag after impulsive advance,rule_candidate,pending
flag__2024-07-02__0052697,flag,0,no_pattern,neutral,0.0,,flag/images/no_pattern/2024/07/flag__2024-07-02__0052697.png,,2024-07-02,52498,52697,2024-06-20T08:00:00+00:00,2024-07-02T23:00:00+00:00,,,,,,,,,,,,,No rule-based candidate at this daily endpoint,rule_candidate,pending
flag__2024-07-03__0052720,flag,0,no_pattern,neutral,0.0,,flag/images/no_pattern/2024/07/flag__2024-07-03__0052720.png,,2024-07-03,52521,52720,2024-06-21T08:00:00+00:00,2024-07-03T23:00:00+00:00,,,,,,,,,,,,,No rule-based candidate at this daily endpoint,rule_candidate,pending
flag__2024-07-04__0052741,flag,1,forming,bullish,0.5447628757571605,48.0,flag/images/forming/2024/07/flag__2024-07-04__0052741.png,,2024-07-04,52542,52741,2024-06-24T06:00:00+00:00,2024-07-04T21:00:00+00:00,52712.0,52741.0,2024-07-03T15:00:00+00:00,2024-07-04T21:00:00+00:00,,,2362.42,2349.5660714285714,2391.97,2.298908060348377,2362.42,3.3357142857143054,Bull flag after impulsive advance,rule_candidate,pending
flag__2024-07-05__0052764,flag,0,no_pattern,neutral,0.0,,flag/images/no_pattern/2024/07/flag__2024-07-05__0052764.png,,2024-07-05,52565,52764,2024-06-25T06:00:00+00:00,2024-07-05T23:00:00+00:00,,,,,,,,,,,,,No rule-based candidate at this daily endpoint,rule_candidate,pending
flag__2024-07-08__0052787,flag,1,forming,bullish,0.5691897301965446,80.0,flag/images/forming/2024/07/flag__2024-07-08__0052787.png,,2024-07-08,52588,52787,2024-06-26T06:00:00+00:00,2024-07-08T23:00:00+00:00,52738.0,52787.0,2024-07-04T18:00:00+00:00,2024-07-08T23:00:00+00:00,,,2392.83,2349.3264285714286,2479.8371428571427,2.0,2392.83,6.414285714285727,Bull flag after impulsive advance,rule_candidate,pending
flag__2024-07-09__0052810,flag,1,forming,bullish,0.6707668873047913,120.0,flag/images/forming/2024/07/flag__2024-07-09__0052810.png,,2024-07-09,52611,52810,2024-06-27T06:00:00+00:00,2024-07-09T23:00:00+00:00,52735.0,52810.0,2024-07-04T15:00:00+00:00,2024-07-09T23:00:00+00:00,,,2392.83,2347.7105357142855,2483.068928571429,2.0,2392.83,6.2378571428572025,Bull flag after impulsive advance,rule_candidate,pending
flag__2024-07-10__0052833,flag,1,forming,bullish,0.5470253939840962,160.0,flag/images/forming/2024/07/flag__2024-07-10__0052833.png,,2024-07-10,52634,52833,2024-06-28T06:00:00+00:00,2024-07-10T23:00:00+00:00,52733.0,52833.0,2024-07-04T13:00:00+00:00,2024-07-10T23:00:00+00:00,,,2392.83,2347.9928571428572,2482.5042857142853,2.0,2392.83,5.108571428571297,Bull flag after impulsive advance,rule_candidate,pending
flag__2024-07-11__0052856,flag,0,no_pattern,neutral,0.0,,flag/images/no_pattern/2024/07/flag__2024-07-11__0052856.png,,2024-07-11,52657,52856,2024-07-01T06:00:00+00:00,2024-07-11T23:00:00+00:00,,,,,,,,,,,,,No rule-based candidate at this daily endpoint,rule_candidate,pending
flag__2024-07-12__0052879,flag,1,forming,bullish,0.5457488370768576,64.0,flag/images/forming/2024/07/flag__2024-07-12__0052879.png,,2024-07-12,52680,52879,2024-07-02T06:00:00+00:00,2024-07-12T23:00:00+00:00,52840.0,52879.0,2024-07-11T07:00:00+00:00,2024-07-12T23:00:00+00:00,,,2424.39,2389.9005357142855,2493.3689285714286,2.0,2424.39,5.477857142857212,Bull flag after impulsive advance,rule_candidate,pending
flag__2024-07-15__0052902,flag,0,no_pattern,neutral,0.0,,flag/images/no_pattern/2024/07/flag__2024-07-15__0052902.png,,2024-07-15,52703,52902,2024-07-03T06:00:00+00:00,2024-07-15T23:00:00+00:00,,,,,,,,,,,,,No rule-based candidate at this daily endpoint,rule_candidate,pending
flag__2024-07-16__0052925,flag,0,no_pattern,neutral,0.0,,flag/images/no_pattern/2024/07/flag__2024-07-16__0052925.png,,2024-07-16,52726,52925,2024-07-04T06:00:00+00:00,2024-07-16T23:00:00+00:00,,,,,,,,,,,,,No rule-based candidate at this daily endpoint,rule_candidate,pending
flag__2024-07-17__0052948,flag,1,forming,bullish,0.6010509006501555,48.0,flag/images/forming/2024/07/flag__2024-07-17__0052948.png,,2024-07-17,52749,52948,2024-07-05T08:00:00+00:00,2024-07-17T23:00:00+00:00,52919.0,52948.0,2024-07-16T17:00:00+00:00,2024-07-17T23:00:00+00:00,,,2483.53,2449.2360714285714,2552.1178571428577,2.0,2483.53,8.575714285714346,Bull flag after impulsive advance,rule_candidate,pending
flag__2024-07-18__0052971,flag,1,forming,bullish,0.597669369137327,100.0,flag/images/forming/2024/07/flag__2024-07-18__0052971.png,,2024-07-18,52772,52971,2024-07-08T08:00:00+00:00,2024-07-18T23:00:00+00:00,52909.0,52971.0,2024-07-16T07:00:00+00:00,2024-07-18T23:00:00+00:00,,,2483.53,2438.6001785714284,2573.389642857144,2.0,2483.53,6.439285714285721,Bull flag after impulsive advance,rule_candidate,pending
flag__2024-07-19__0052994,flag,1,forming,bullish,0.5736608281922442,200.0,flag/images/forming/2024/07/flag__2024-07-19__0052994.png,,2024-07-19,52795,52994,2024-07-09T08:00:00+00:00,2024-07-19T23:00:00+00:00,52869.0,52994.0,2024-07-12T13:00:00+00:00,2024-07-19T23:00:00+00:00,,,2483.53,2392.020714285714,2666.548571428573,2.0,2483.53,6.717142857142919,Bull flag after impulsive advance,rule_candidate,pending
flag__2024-07-22__0053017,flag,0,no_pattern,neutral,0.0,,flag/images/no_pattern/2024/07/flag__2024-07-22__0053017.png,,2024-07-22,52818,53017,2024-07-10T08:00:00+00:00,2024-07-22T23:00:00+00:00,,,,,,,,,,,,,No rule-based candidate at this daily endpoint,rule_candidate,pending
flag__2024-07-23__0053040,flag,1,forming,bullish,0.6689877463683717,200.0,flag/images/forming/2024/07/flag__2024-07-23__0053040.png,,2024-07-23,52841,53040,2024-07-11T08:00:00+00:00,2024-07-23T23:00:00+00:00,52915.0,53040.0,2024-07-16T13:00:00+00:00,2024-07-23T23:00:00+00:00,,,2474.8,2382.352857142857,2659.6942857142867,2.0,2474.8,5.74857142857143,Bull flag after impulsive advance,rule_candidate,pending
flag__2024-07-24__0053063,flag,0,no_pattern,neutral,0.0,,flag/images/no_pattern/2024/07/flag__2024-07-24__0053063.png,,2024-07-24,52864,53063,2024-07-12T08:00:00+00:00,2024-07-24T23:00:00+00:00,,,,,,,,,,,,,No rule-based candidate at this daily endpoint,rule_candidate,pending
flag__2024-07-25__0053086,flag,0,no_pattern,neutral,0.0,,flag/images/no_pattern/2024/07/flag__2024-07-25__0053086.png,,2024-07-25,52887,53086,2024-07-15T08:00:00+00:00,2024-07-25T23:00:00+00:00,,,,,,,,,,,,,No rule-based candidate at this daily endpoint,rule_candidate,pending
flag__2024-07-26__0053109,flag,0,no_pattern,neutral,0.0,,flag/images/no_pattern/2024/07/flag__2024-07-26__0053109.png,,2024-07-26,52910,53109,2024-07-16T08:00:00+00:00,2024-07-26T23:00:00+00:00,,,,,,,,,,,,,No rule-based candidate at this daily endpoint,rule_candidate,pending
flag__2024-07-29__0053132,flag,1,forming,bullish,0.6726458400270507,48.0,flag/images/forming/2024/07/flag__2024-07-29__0053132.png,,2024-07-29,52933,53132,2024-07-17T08:00:00+00:00,2024-07-29T23:00:00+00:00,53103.0,53132.0,2024-07-26T17:00:00+00:00,2024-07-29T23:00:00+00:00,,,2402.39,2367.774821428571,2471.6203571428573,2.0,2402.39,6.540714285714297,Bull flag after impulsive advance,rule_candidate,pending
flag__2024-07-30__0053155,flag,0,no_pattern,neutral,0.0,,flag/images/no_pattern/2024/07/flag__2024-07-30__0053155.png,,2024-07-30,52956,53155,2024-07-18T08:00:00+00:00,2024-07-30T23:00:00+00:00,,,,,,,,,,,,,No rule-based candidate at this daily endpoint,rule_candidate,pending
flag__2024-07-31__0053178,flag,0,no_pattern,neutral,0.0,,flag/images/no_pattern/2024/07/flag__2024-07-31__0053178.png,,2024-07-31,52979,53178,2024-07-19T08:00:00+00:00,2024-07-31T23:00:00+00:00,,,,,,,,,,,,,No rule-based candidate at this daily endpoint,rule_candidate,pending
flag__2024-08-01__0053201,flag,1,forming,bullish,0.5312893429045101,48.0,flag/images/forming/2024/08/flag__2024-08-01__0053201.png,,2024-08-01,53002,53201,2024-07-22T08:00:00+00:00,2024-08-01T23:00:00+00:00,53172.0,53201.0,2024-07-31T17:00:00+00:00,2024-08-01T23:00:00+00:00,,,2462.16,2427.9869642857143,2530.506071428571,2.0,2462.16,8.332142857142767,Bull flag after impulsive advance,rule_candidate,pending
flag__2024-08-02__0053224,flag,1,forming,bullish,0.532020251935173,64.0,flag/images/forming/2024/08/flag__2024-08-02__0053224.png,,2024-08-02,53025,53224,2024-07-23T08:00:00+00:00,2024-08-02T23:00:00+00:00,53185.0,53224.0,2024-08-01T07:00:00+00:00,2024-08-02T23:00:00+00:00,,,2477.52,2407.3216071428574,2617.916785714285,2.0,2477.52,13.233571428571492,Bull flag after impulsive advance,rule_candidate,pending
flag__2024-08-05__0053247,flag,1,forming,bullish,0.6341369787659729,120.0,flag/images/forming/2024/08/flag__2024-08-05__0053247.png,,2024-08-05,53048,53247,2024-07-24T08:00:00+00:00,2024-08-05T23:00:00+00:00,53172.0,53247.0,2024-07-31T17:00:00+00:00,2024-08-05T23:00:00+00:00,,,2477.52,2360.63125,2711.2975,2.0,2477.52,14.07499999999998,Bull flag after impulsive advance,rule_candidate,pending
flag__2024-08-06__0053270,flag,0,no_pattern,neutral,0.0,,flag/images/no_pattern/2024/08/flag__2024-08-06__0053270.png,,2024-08-06,53071,53270,2024-07-25T08:00:00+00:00,2024-08-06T23:00:00+00:00,,,,,,,,,,,,,No rule-based candidate at this daily endpoint,rule_candidate,pending
flag__2024-08-07__0053293,flag,0,no_pattern,neutral,0.0,,flag/images/no_pattern/2024/08/flag__2024-08-07__0053293.png,,2024-08-07,53094,53293,2024-07-26T08:00:00+00:00,2024-08-07T23:00:00+00:00,,,,,,,,,,,,,No rule-based candidate at this daily endpoint,rule_candidate,pending
flag__2024-08-08__0053316,flag,1,forming,bullish,0.550817536290587,200.0,flag/images/forming/2024/08/flag__2024-08-08__0053316.png,,2024-08-08,53117,53316,2024-07-29T08:00:00+00:00,2024-08-08T23:00:00+00:00,53191.0,53316.0,2024-08-01T13:00:00+00:00,2024-08-08T23:00:00+00:00,,,2458.62,2362.2200000000003,2651.419999999999,2.0,2458.62,7.720000000000027,Bull flag after impulsive advance,rule_candidate,pending
flag__2024-08-09__0053339,flag,0,no_pattern,neutral,0.0,,flag/images/no_pattern/2024/08/flag__2024-08-09__0053339.png,,2024-08-09,53140,53339,2024-07-30T08:00:00+00:00,2024-08-09T23:00:00+00:00,,,,,,,,,,,,,No rule-based candidate at this daily endpoint,rule_candidate,pending
flag__2024-08-12__0053362,flag,0,no_pattern,neutral,0.0,,flag/images/no_pattern/2024/08/flag__2024-08-12__0053362.png,,2024-08-12,53163,53362,2024-07-31T08:00:00+00:00,2024-08-12T23:00:00+00:00,,,,,,,,,,,,,No rule-based candidate at this daily endpoint,rule_candidate,pending
flag__2024-08-13__0053385,flag,1,forming,bullish,0.5300273110817247,64.0,flag/images/forming/2024/08/flag__2024-08-13__0053385.png,,2024-08-13,53186,53385,2024-08-01T08:00:00+00:00,2024-08-13T23:00:00+00:00,53346.0,53385.0,2024-08-12T07:00:00+00:00,2024-08-13T23:00:00+00:00,,,2476.87,2451.227142857143,2528.1557142857137,2.0,2476.87,6.131428571428485,Bull flag after impulsive advance,rule_candidate,pending
flag__2024-08-14__0053408,flag,1,forming,bullish,0.6078480411095185,64.0,flag/images/forming/2024/08/flag__2024-08-14__0053408.png,,2024-08-14,53209,53408,2024-08-02T08:00:00+00:00,2024-08-14T23:00:00+00:00,53369.0,53408.0,2024-08-13T07:00:00+00:00,2024-08-14T23:00:00+00:00,,,2479.65,2435.928214285714,2567.093571428572,2.0,2479.65,8.087142857142876,Bull flag after impulsive advance,rule_candidate,pending
flag__2024-08-15__0053431,flag,1,forming,bullish,0.6140427520115755,160.0,flag/images/forming/2024/08/flag__2024-08-15__0053431.png,,2024-08-15,53232,53431,2024-08-05T08:00:00+00:00,2024-08-15T23:00:00+00:00,53331.0,53431.0,2024-08-09T15:00:00+00:00,2024-08-15T23:00:00+00:00,,,2479.65,2430.05125,2578.8475000000003,2.0,2479.65,7.9149999999999965,Bull flag after impulsive advance,rule_candidate,pending
flag__2024-08-16__0053454,flag,0,no_pattern,neutral,0.0,,flag/images/no_pattern/2024/08/flag__2024-08-16__0053454.png,,2024-08-16,53255,53454,2024-08-06T08:00:00+00:00,2024-08-16T23:00:00+00:00,,,,,,,,,,,,,No rule-based candidate at this daily endpoint,rule_candidate,pending
flag__2024-08-19__0053477,flag,0,no_pattern,neutral,0.0,,flag/images/no_pattern/2024/08/flag__2024-08-19__0053477.png,,2024-08-19,53278,53477,2024-08-07T08:00:00+00:00,2024-08-19T23:00:00+00:00,,,,,,,,,,,,,No rule-based candidate at this daily endpoint,rule_candidate,pending
flag__2024-08-20__0053500,flag,0,no_pattern,neutral,0.0,,flag/images/no_pattern/2024/08/flag__2024-08-20__0053500.png,,2024-08-20,53301,53500,2024-08-08T08:00:00+00:00,2024-08-20T23:00:00+00:00,,,,,,,,,,,,,No rule-based candidate at this daily endpoint,rule_candidate,pending
flag__2024-08-21__0053523,flag,1,forming,bullish,0.6185902455717248,80.0,flag/images/forming/2024/08/flag__2024-08-21__0053523.png,,2024-08-21,53324,53523,2024-08-09T08:00:00+00:00,2024-08-21T23:00:00+00:00,53474.0,53523.0,2024-08-19T20:00:00+00:00,2024-08-21T23:00:00+00:00,,,2531.61,2491.475357142857,2611.8792857142867,2.0,2531.61,7.418571428571503,Bull flag after impulsive advance,rule_candidate,pending
flag__2024-08-22__0053546,flag,1,forming,bullish,0.6565871877131035,120.0,flag/images/forming/2024/08/flag__2024-08-22__0053546.png,,2024-08-22,53347,53546,2024-08-12T08:00:00+00:00,2024-08-22T23:00:00+00:00,53471.0,53546.0,2024-08-19T17:00:00+00:00,2024-08-22T23:00:00+00:00,,,2531.61,2468.864642857143,2657.1007142857147,2.0,2531.61,7.421428571428643,Bull flag after impulsive advance,rule_candidate,pending
flag__2024-08-23__0053569,flag,1,forming,bullish,0.5854805631231507,160.0,flag/images/forming/2024/08/flag__2024-08-23__0053569.png,,2024-08-23,53370,53569,2024-08-13T08:00:00+00:00,2024-08-23T23:00:00+00:00,53469.0,53569.0,2024-08-19T15:00:00+00:00,2024-08-23T23:00:00+00:00,,,2519.79,2469.1123214285712,2621.1453571428574,2.0,2519.79,6.430714285714235,Bull flag after impulsive advance,rule_candidate,pending
flag__2024-08-26__0053592,flag,0,no_pattern,neutral,0.0,,flag/images/no_pattern/2024/08/flag__2024-08-26__0053592.png,,2024-08-26,53393,53592,2024-08-14T08:00:00+00:00,2024-08-26T23:00:00+00:00,,,,,,,,,,,,,No rule-based candidate at this daily endpoint,rule_candidate,pending
flag__2024-08-27__0053615,flag,1,forming,bullish,0.5502410179632298,80.0,flag/images/forming/2024/08/flag__2024-08-27__0053615.png,,2024-08-27,53416,53615,2024-08-15T08:00:00+00:00,2024-08-27T23:00:00+00:00,53566.0,53615.0,2024-08-23T20:00:00+00:00,2024-08-27T23:00:00+00:00,,,2526.77,2501.6632142857143,2576.9835714285714,2.0,2526.77,6.82714285714295,Bull flag after impulsive advance,rule_candidate,pending
flag__2024-08-28__0053638,flag,1,forming,bullish,0.5493102123051053,100.0,flag/images/forming/2024/08/flag__2024-08-28__0053638.png,,2024-08-28,53439,53638,2024-08-16T08:00:00+00:00,2024-08-28T23:00:00+00:00,53576.0,53638.0,2024-08-26T07:00:00+00:00,2024-08-28T23:00:00+00:00,,,2528.92,2492.0226785714285,2602.714642857143,2.0,2528.92,5.9092857142857484,Bull flag after impulsive advance,rule_candidate,pending
flag__2024-08-29__0053661,flag,1,forming,bullish,0.5300001041432344,200.0,flag/images/forming/2024/08/flag__2024-08-29__0053661.png,,2024-08-29,53462,53661,2024-08-19T08:00:00+00:00,2024-08-29T23:00:00+00:00,53536.0,53661.0,2024-08-22T13:00:00+00:00,2024-08-29T23:00:00+00:00,,,2528.92,2491.832142857143,2603.095714285714,2.0,2528.92,6.671428571428545,Bull flag after impulsive advance,rule_candidate,pending
flag__2024-08-30__0053684,flag,0,no_pattern,neutral,0.0,,flag/images/no_pattern/2024/08/flag__2024-08-30__0053684.png,,2024-08-30,53485,53684,2024-08-20T08:00:00+00:00,2024-08-30T23:00:00+00:00,,,,,,,,,,,,,No rule-based candidate at this daily endpoint,rule_candidate,pending
flag__2024-09-02__0053705,flag,1,forming,bullish,0.6004045540948011,160.0,flag/images/forming/2024/09/flag__2024-09-02__0053705.png,,2024-09-02,53506,53705,2024-08-21T06:00:00+00:00,2024-09-02T21:00:00+00:00,53605.0,53705.0,2024-08-27T13:00:00+00:00,2024-09-02T21:00:00+00:00,,,2528.54,2488.79375,2608.0325000000003,2.0,2528.54,4.305000000000031,Bull flag after impulsive advance,rule_candidate,pending
flag__2024-09-03__0053728,flag,0,no_pattern,neutral,0.0,,flag/images/no_pattern/2024/09/flag__2024-09-03__0053728.png,,2024-09-03,53529,53728,2024-08-22T06:00:00+00:00,2024-09-03T23:00:00+00:00,,,,,,,,,,,,,No rule-based candidate at this daily endpoint,rule_candidate,pending
flag__2024-09-04__0053751,flag,0,no_pattern,neutral,0.0,,flag/images/no_pattern/2024/09/flag__2024-09-04__0053751.png,,2024-09-04,53552,53751,2024-08-23T06:00:00+00:00,2024-09-04T23:00:00+00:00,,,,,,,,,,,,,No rule-based candidate at this daily endpoint,rule_candidate,pending
flag__2024-09-05__0053774,flag,0,no_pattern,neutral,0.0,,flag/images/no_pattern/2024/09/flag__2024-09-05__0053774.png,,2024-09-05,53575,53774,2024-08-26T06:00:00+00:00,2024-09-05T23:00:00+00:00,,,,,,,,,,,,,No rule-based candidate at this daily endpoint,rule_candidate,pending
flag__2024-09-06__0053797,flag,0,no_pattern,neutral,0.0,,flag/images/no_pattern/2024/09/flag__2024-09-06__0053797.png,,2024-09-06,53598,53797,2024-08-27T06:00:00+00:00,2024-09-06T23:00:00+00:00,,,,,,,,,,,,,No rule-based candidate at this daily endpoint,rule_candidate,pending
flag__2024-09-09__0053820,flag,1,forming,bullish,0.6242941478491002,120.0,flag/images/forming/2024/09/flag__2024-09-09__0053820.png,,2024-09-09,53621,53820,2024-08-28T06:00:00+00:00,2024-09-09T23:00:00+00:00,53745.0,53820.0,2024-09-04T17:00:00+00:00,2024-09-09T23:00:00+00:00,,,2529.04,2483.4714285714285,2620.177142857143,2.0,2529.04,5.91428571428576,Bull flag after impulsive advance,rule_candidate,pending
flag__2024-09-10__0053843,flag,1,forming,bullish,0.5400186223403327,160.0,flag/images/forming/2024/09/flag__2024-09-10__0053843.png,,2024-09-10,53644,53843,2024-08-29T06:00:00+00:00,2024-09-10T23:00:00+00:00,53743.0,53843.0,2024-09-04T15:00:00+00:00,2024-09-10T23:00:00+00:00,,,2529.04,2483.585714285714,2619.948571428572,2.0,2529.04,5.457142857142766,Bull flag after impulsive advance,rule_candidate,pending
flag__2024-09-11__0053866,flag,0,no_pattern,neutral,0.0,,flag/images/no_pattern/2024/09/flag__2024-09-11__0053866.png,,2024-09-11,53667,53866,2024-08-30T06:00:00+00:00,2024-09-11T23:00:00+00:00,,,,,,,,,,,,,No rule-based candidate at this daily endpoint,rule_candidate,pending
flag__2024-09-12__0053889,flag,0,no_pattern,neutral,0.0,,flag/images/no_pattern/2024/09/flag__2024-09-12__0053889.png,,2024-09-12,53690,53889,2024-09-02T06:00:00+00:00,2024-09-12T23:00:00+00:00,,,,,,,,,,,,,No rule-based candidate at this daily endpoint,rule_candidate,pending
flag__2024-09-13__0053912,flag,0,no_pattern,neutral,0.0,,flag/images/no_pattern/2024/09/flag__2024-09-13__0053912.png,,2024-09-13,53713,53912,2024-09-03T08:00:00+00:00,2024-09-13T23:00:00+00:00,,,,,,,,,,,,,No rule-based candidate at this daily endpoint,rule_candidate,pending
flag__2024-09-16__0053935,flag,1,forming,bullish,0.5359880648176314,48.0,flag/images/forming/2024/09/flag__2024-09-16__0053935.png,,2024-09-16,53736,53935,2024-09-04T08:00:00+00:00,2024-09-16T23:00:00+00:00,53906.0,53935.0,2024-09-13T17:00:00+00:00,2024-09-16T23:00:00+00:00,,,2589.51,2573.6176785714288,2621.294642857143,2.0,2589.51,5.689285714285655,Bull flag after impulsive advance,rule_candidate,pending
flag__2024-09-17__0053958,flag,1,forming,bullish,0.6589848740472802,80.0,flag/images/forming/2024/09/flag__2024-09-17__0053958.png,,2024-09-17,53759,53958,2024-09-05T08:00:00+00:00,2024-09-17T23:00:00+00:00,53909.0,53958.0,2024-09-13T20:00:00+00:00,2024-09-17T23:00:00+00:00,,,2589.21,2558.7839285714285,2658.1,2.2641766342305023,2589.21,7.3842857142856575,Bull flag after impulsive advance,rule_candidate,pending
flag__2024-09-18__0053981,flag,1,forming,bullish,0.6464183412563063,160.0,flag/images/forming/2024/09/flag__2024-09-18__0053981.png,,2024-09-18,53782,53981,2024-09-06T08:00:00+00:00,2024-09-18T23:00:00+00:00,53881.0,53981.0,2024-09-12T15:00:00+00:00,2024-09-18T23:00:00+00:00,,,2600.01,2544.1148214285713,2711.800357142858,2.0,2600.01,10.180714285714398,Bull flag after impulsive advance,rule_candidate,pending
flag__2024-09-19__0054004,flag,1,forming,bullish,0.5431436176591302,200.0,flag/images/forming/2024/09/flag__2024-09-19__0054004.png,,2024-09-19,53805,54004,2024-09-09T08:00:00+00:00,2024-09-19T23:00:00+00:00,53879.0,54004.0,2024-09-12T13:00:00+00:00,2024-09-19T23:00:00+00:00,,,2600.01,2544.690714285714,2710.6485714285727,2.0,2600.01,7.877142857142839,Bull flag after impulsive advance,rule_candidate,pending
flag__2024-09-20__0054027,flag,0,no_pattern,neutral,0.0,,flag/images/no_pattern/2024/09/flag__2024-09-20__0054027.png,,2024-09-20,53828,54027,2024-09-10T08:00:00+00:00,2024-09-20T23:00:00+00:00,,,,,,,,,,,,,No rule-based candidate at this daily endpoint,rule_candidate,pending
flag__2024-09-23__0054050,flag,0,no_pattern,neutral,0.0,,flag/images/no_pattern/2024/09/flag__2024-09-23__0054050.png,,2024-09-23,53851,54050,2024-09-11T08:00:00+00:00,2024-09-23T23:00:00+00:00,,,,,,,,,,,,,No rule-based candidate at this daily endpoint,rule_candidate,pending
flag__2024-09-24__0054073,flag,0,no_pattern,neutral,0.0,,flag/images/no_pattern/2024/09/flag__2024-09-24__0054073.png,,2024-09-24,53874,54073,2024-09-12T08:00:00+00:00,2024-09-24T23:00:00+00:00,,,,,,,,,,,,,No rule-based candidate at this daily endpoint,rule_candidate,pending
flag__2024-09-25__0054096,flag,1,forming,bullish,0.5387691834194497,48.0,flag/images/forming/2024/09/flag__2024-09-25__0054096.png,,2024-09-25,53897,54096,2024-09-13T08:00:00+00:00,2024-09-25T23:00:00+00:00,54067.0,54096.0,2024-09-24T17:00:00+00:00,2024-09-25T23:00:00+00:00,,,2670.42,2648.1932142857145,2714.8735714285713,2.0,2670.42,5.827142857142819,Bull flag after impulsive advance,rule_candidate,pending
flag__2024-09-26__0054119,flag,0,no_pattern,neutral,0.0,,flag/images/no_pattern/2024/09/flag__2024-09-26__0054119.png,,2024-09-26,53920,54119,2024-09-16T08:00:00+00:00,2024-09-26T23:00:00+00:00,,,,,,,,,,,,,No rule-based candidate at this daily endpoint,rule_candidate,pending
flag__2024-09-27__0054142,flag,1,forming,bullish,0.6395562807233252,80.0,flag/images/forming/2024/09/flag__2024-09-27__0054142.png,,2024-09-27,53943,54142,2024-09-17T08:00:00+00:00,2024-09-27T23:00:00+00:00,54093.0,54142.0,2024-09-25T20:00:00+00:00,2024-09-27T23:00:00+00:00,,,2685.43,2640.956607142857,2774.3767857142852,2.0,2685.43,8.093571428571456,Bull flag after impulsive advance,rule_candidate,pending
flag__2024-09-30__0054165,flag,1,forming,bullish,0.6850558022849447,120.0,flag/images/forming/2024/09/flag__2024-09-30__0054165.png,,2024-09-30,53966,54165,2024-09-18T08:00:00+00:00,2024-09-30T23:00:00+00:00,54090.0,54165.0,2024-09-25T17:00:00+00:00,2024-09-30T23:00:00+00:00,,,2679.54,2622.544642857143,2793.5307142857137,2.0,2679.54,8.101428571428544,Bull flag after impulsive advance,rule_candidate,pending
flag__2024-10-01__0054188,flag,1,forming,bullish,0.6013928161769803,200.0,flag/images/forming/2024/10/flag__2024-10-01__0054188.png,,2024-10-01,53989,54188,2024-09-19T08:00:00+00:00,2024-10-01T23:00:00+00:00,54063.0,54188.0,2024-09-24T13:00:00+00:00,2024-10-01T23:00:00+00:00,,,2685.43,2622.4669642857143,2811.356071428571,2.0,2685.43,8.412142857142985,Bull flag after impulsive advance,rule_candidate,pending
flag__2024-10-02__0054211,flag,1,forming,bullish,0.5458560353249983,48.0,flag/images/forming/2024/10/flag__2024-10-02__0054211.png,,2024-10-02,54012,54211,2024-09-20T08:00:00+00:00,2024-10-02T23:00:00+00:00,54182.0,54211.0,2024-10-01T17:00:00+00:00,2024-10-02T23:00:00+00:00,,,2663.28,2639.2955357142855,2711.2489285714296,2.0,2663.28,6.817857142857098,Bull flag after impulsive advance,rule_candidate,pending
flag__2024-10-03__0054234,flag,1,forming,bullish,0.5300856076090326,80.0,flag/images/forming/2024/10/flag__2024-10-03__0054234.png,,2024-10-03,54035,54234,2024-09-23T08:00:00+00:00,2024-10-03T23:00:00+00:00,54185.0,54234.0,2024-10-01T20:00:00+00:00,2024-10-03T23:00:00+00:00,,,2663.28,2635.270535714286,2719.298928571429,2.0,2663.28,7.757857142857152,Bull flag after impulsive advance,rule_candidate,pending
flag__2024-10-04__0054257,flag,0,no_pattern,neutral,0.0,,flag/images/no_pattern/2024/10/flag__2024-10-04__0054257.png,,2024-10-04,54058,54257,2024-09-24T08:00:00+00:00,2024-10-04T23:00:00+00:00,,,,,,,,,,,,,No rule-based candidate at this daily endpoint,rule_candidate,pending
flag__2024-10-07__0054280,flag,0,no_pattern,neutral,0.0,,flag/images/no_pattern/2024/10/flag__2024-10-07__0054280.png,,2024-10-07,54081,54280,2024-09-25T08:00:00+00:00,2024-10-07T23:00:00+00:00,,,,,,,,,,,,,No rule-based candidate at this daily endpoint,rule_candidate,pending
flag__2024-10-08__0054303,flag,0,no_pattern,neutral,0.0,,flag/images/no_pattern/2024/10/flag__2024-10-08__0054303.png,,2024-10-08,54104,54303,2024-09-26T08:00:00+00:00,2024-10-08T23:00:00+00:00,,,,,,,,,,,,,No rule-based candidate at this daily endpoint,rule_candidate,pending
flag__2024-10-09__0054326,flag,0,no_pattern,neutral,0.0,,flag/images/no_pattern/2024/10/flag__2024-10-09__0054326.png,,2024-10-09,54127,54326,2024-09-27T08:00:00+00:00,2024-10-09T23:00:00+00:00,,,,,,,,,,,,,No rule-based candidate at this daily endpoint,rule_candidate,pending
flag__2024-10-10__0054349,flag,0,no_pattern,neutral,0.0,,flag/images/no_pattern/2024/10/flag__2024-10-10__0054349.png,,2024-10-10,54150,54349,2024-09-30T08:00:00+00:00,2024-10-10T23:00:00+00:00,,,,,,,,,,,,,No rule-based candidate at this daily endpoint,rule_candidate,pending
flag__2024-10-11__0054372,flag,0,no_pattern,neutral,0.0,,flag/images/no_pattern/2024/10/flag__2024-10-11__0054372.png,,2024-10-11,54173,54372,2024-10-01T08:00:00+00:00,2024-10-11T23:00:00+00:00,,,,,,,,,,,,,No rule-based candidate at this daily endpoint,rule_candidate,pending
flag__2024-10-14__0054395,flag,1,forming,bullish,0.5687353769377986,64.0,flag/images/forming/2024/10/flag__2024-10-14__0054395.png,,2024-10-14,54196,54395,2024-10-02T08:00:00+00:00,2024-10-14T23:00:00+00:00,54356.0,54395.0,2024-10-11T07:00:00+00:00,2024-10-14T23:00:00+00:00,,,2666.69,2641.5032142857144,2717.0635714285713,2.0,2666.69,6.067142857142828,Bull flag after impulsive advance,rule_candidate,pending
flag__2024-10-15__0054418,flag,0,no_pattern,neutral,0.0,,flag/images/no_pattern/2024/10/flag__2024-10-15__0054418.png,,2024-10-15,54219,54418,2024-10-03T08:00:00+00:00,2024-10-15T23:00:00+00:00,,,,,,,,,,,,,No rule-based candidate at this daily endpoint,rule_candidate,pending
flag__2024-10-16__0054441,flag,0,no_pattern,neutral,0.0,,flag/images/no_pattern/2024/10/flag__2024-10-16__0054441.png,,2024-10-16,54242,54441,2024-10-04T08:00:00+00:00,2024-10-16T23:00:00+00:00,,,,,,,,,,,,,No rule-based candidate at this daily endpoint,rule_candidate,pending
flag__2024-10-17__0054464,flag,0,no_pattern,neutral,0.0,,flag/images/no_pattern/2024/10/flag__2024-10-17__0054464.png,,2024-10-17,54265,54464,2024-10-07T08:00:00+00:00,2024-10-17T23:00:00+00:00,,,,,,,,,,,,,No rule-based candidate at this daily endpoint,rule_candidate,pending
flag__2024-10-18__0054487,flag,0,no_pattern,neutral,0.0,,flag/images/no_pattern/2024/10/flag__2024-10-18__0054487.png,,2024-10-18,54288,54487,2024-10-08T08:00:00+00:00,2024-10-18T23:00:00+00:00,,,,,,,,,,,,,No rule-based candidate at this daily endpoint,rule_candidate,pending
flag__2024-10-21__0054510,flag,1,forming,bullish,0.5468311450727353,48.0,flag/images/forming/2024/10/flag__2024-10-21__0054510.png,,2024-10-21,54311,54510,2024-10-09T08:00:00+00:00,2024-10-21T23:00:00+00:00,54481.0,54510.0,2024-10-18T17:00:00+00:00,2024-10-21T23:00:00+00:00,,,2740.44,2712.3239285714285,2796.672142857143,2.0,2740.44,6.944285714285733,Bull flag after impulsive advance,rule_candidate,pending
flag__2024-10-22__0054533,flag,0,no_pattern,neutral,0.0,,flag/images/no_pattern/2024/10/flag__2024-10-22__0054533.png,,2024-10-22,54334,54533,2024-10-10T08:00:00+00:00,2024-10-22T23:00:00+00:00,,,,,,,,,,,,,No rule-based candidate at this daily endpoint,rule_candidate,pending
flag__2024-10-23__0054556,flag,1,forming,bullish,0.5300557511492772,100.0,flag/images/forming/2024/10/flag__2024-10-23__0054556.png,,2024-10-23,54357,54556,2024-10-11T08:00:00+00:00,2024-10-23T23:00:00+00:00,54494.0,54556.0,2024-10-21T07:00:00+00:00,2024-10-23T23:00:00+00:00,,,2758.35,2706.7169642857143,2861.616071428571,2.0,2758.35,7.612142857142836,Bull flag after impulsive advance,rule_candidate,pending
flag__2024-10-24__0054579,flag,1,forming,bullish,0.5702785354784443,120.0,flag/images/forming/2024/10/flag__2024-10-24__0054579.png,,2024-10-24,54380,54579,2024-10-14T08:00:00+00:00,2024-10-24T23:00:00+00:00,54504.0,54579.0,2024-10-21T17:00:00+00:00,2024-10-24T23:00:00+00:00,,,2758.35,2707.0885714285714,2860.872857142857,2.0,2758.35,6.125714285714301,Bull flag after impulsive advance,rule_candidate,pending
flag__2024-10-25__0054602,flag,1,forming,bullish,0.5490428100371814,160.0,flag/images/forming/2024/10/flag__2024-10-25__0054602.png,,2024-10-25,54403,54602,2024-10-15T08:00:00+00:00,2024-10-25T23:00:00+00:00,54502.0,54602.0,2024-10-21T15:00:00+00:00,2024-10-25T23:00:00+00:00,,,2758.35,2706.985714285714,2861.0785714285716,2.0,2758.35,6.53714285714292,Bull flag after impulsive advance,rule_candidate,pending
flag__2024-10-28__0054625,flag,0,no_pattern,neutral,0.0,,flag/images/no_pattern/2024/10/flag__2024-10-28__0054625.png,,2024-10-28,54426,54625,2024-10-16T08:00:00+00:00,2024-10-28T22:00:00+00:00,,,,,,,,,,,,,No rule-based candidate at this daily endpoint,rule_candidate,pending
flag__2024-10-29__0054648,flag,0,no_pattern,neutral,0.0,,flag/images/no_pattern/2024/10/flag__2024-10-29__0054648.png,,2024-10-29,54449,54648,2024-10-17T08:00:00+00:00,2024-10-29T22:00:00+00:00,,,,,,,,,,,,,No rule-based candidate at this daily endpoint,rule_candidate,pending
flag__2024-10-30__0054671,flag,0,no_pattern,neutral,0.0,,flag/images/no_pattern/2024/10/flag__2024-10-30__0054671.png,,2024-10-30,54472,54671,2024-10-18T08:00:00+00:00,2024-10-30T22:00:00+00:00,,,,,,,,,,,,,No rule-based candidate at this daily endpoint,rule_candidate,pending
flag__2024-10-31__0054694,flag,0,no_pattern,neutral,0.0,,flag/images/no_pattern/2024/10/flag__2024-10-31__0054694.png,,2024-10-31,54495,54694,2024-10-21T08:00:00+00:00,2024-10-31T22:00:00+00:00,,,,,,,,,,,,,No rule-based candidate at this daily endpoint,rule_candidate,pending
flag__2024-11-01__0054717,flag,0,no_pattern,neutral,0.0,,flag/images/no_pattern/2024/11/flag__2024-11-01__0054717.png,,2024-11-01,54518,54717,2024-10-22T08:00:00+00:00,2024-11-01T22:00:00+00:00,,,,,,,,,,,,,No rule-based candidate at this daily endpoint,rule_candidate,pending
flag__2024-11-04__0054740,flag,1,forming,bullish,0.5827322296820079,120.0,flag/images/forming/2024/11/flag__2024-11-04__0054740.png,,2024-11-04,54541,54740,2024-10-23T08:00:00+00:00,2024-11-04T23:00:00+00:00,54665.0,54740.0,2024-10-30T16:00:00+00:00,2024-11-04T23:00:00+00:00,,,2773.81,2728.3282142857142,2864.7735714285714,2.0,2773.81,6.0471428571428465,Bull flag after impulsive advance,rule_candidate,pending
flag__2024-11-05__0054763,flag,0,no_pattern,neutral,0.0,,flag/images/no_pattern/2024/11/flag__2024-11-05__0054763.png,,2024-11-05,54564,54763,2024-10-24T08:00:00+00:00,2024-11-05T23:00:00+00:00,,,,,,,,,,,,,No rule-based candidate at this daily endpoint,rule_candidate,pending
flag__2024-11-06__0054786,flag,0,no_pattern,neutral,0.0,,flag/images/no_pattern/2024/11/flag__2024-11-06__0054786.png,,2024-11-06,54587,54786,2024-10-25T08:00:00+00:00,2024-11-06T23:00:00+00:00,,,,,,,,,,,,,No rule-based candidate at this daily endpoint,rule_candidate,pending
flag__2024-11-07__0054809,flag,0,no_pattern,neutral,0.0,,flag/images/no_pattern/2024/11/flag__2024-11-07__0054809.png,,2024-11-07,54610,54809,2024-10-28T07:00:00+00:00,2024-11-07T23:00:00+00:00,,,,,,,,,,,,,No rule-based candidate at this daily endpoint,rule_candidate,pending
flag__2024-11-08__0054832,flag,1,forming,bullish,0.6424189239429066,48.0,flag/images/forming/2024/11/flag__2024-11-08__0054832.png,,2024-11-08,54633,54832,2024-10-29T07:00:00+00:00,2024-11-08T23:00:00+00:00,54803.0,54832.0,2024-11-07T17:00:00+00:00,2024-11-08T23:00:00+00:00,,,2710.22,2678.3933928571428,2773.873214285714,2.0,2710.22,7.346428571428565,Bull flag after impulsive advance,rule_candidate,pending
flag__2024-11-11__0054855,flag,0,no_pattern,neutral,0.0,,flag/images/no_pattern/2024/11/flag__2024-11-11__0054855.png,,2024-11-11,54656,54855,2024-10-30T07:00:00+00:00,2024-11-11T23:00:00+00:00,,,,,,,,,,,,,No rule-based candidate at this daily endpoint,rule_candidate,pending
flag__2024-11-12__0054878,flag,0,no_pattern,neutral,0.0,,flag/images/no_pattern/2024/11/flag__2024-11-12__0054878.png,,2024-11-12,54679,54878,2024-10-31T07:00:00+00:00,2024-11-12T23:00:00+00:00,,,,,,,,,,,,,No rule-based candidate at this daily endpoint,rule_candidate,pending
flag__2024-11-13__0054901,flag,0,no_pattern,neutral,0.0,,flag/images/no_pattern/2024/11/flag__2024-11-13__0054901.png,,2024-11-13,54702,54901,2024-11-01T07:00:00+00:00,2024-11-13T23:00:00+00:00,,,,,,,,,,,,,No rule-based candidate at this daily endpoint,rule_candidate,pending
flag__2024-11-14__0054924,flag,0,no_pattern,neutral,0.0,,flag/images/no_pattern/2024/11/flag__2024-11-14__0054924.png,,2024-11-14,54725,54924,2024-11-04T08:00:00+00:00,2024-11-14T23:00:00+00:00,,,,,,,,,,,,,No rule-based candidate at this daily endpoint,rule_candidate,pending
flag__2024-11-15__0054947,flag,0,no_pattern,neutral,0.0,,flag/images/no_pattern/2024/11/flag__2024-11-15__0054947.png,,2024-11-15,54748,54947,2024-11-05T08:00:00+00:00,2024-11-15T23:00:00+00:00,,,,,,,,,,,,,No rule-based candidate at this daily endpoint,rule_candidate,pending
flag__2024-11-18__0054970,flag,0,no_pattern,neutral,0.0,,flag/images/no_pattern/2024/11/flag__2024-11-18__0054970.png,,2024-11-18,54771,54970,2024-11-06T08:00:00+00:00,2024-11-18T23:00:00+00:00,,,,,,,,,,,,,No rule-based candidate at this daily endpoint,rule_candidate,pending
flag__2024-11-19__0054993,flag,0,no_pattern,neutral,0.0,,flag/images/no_pattern/2024/11/flag__2024-11-19__0054993.png,,2024-11-19,54794,54993,2024-11-07T08:00:00+00:00,2024-11-19T23:00:00+00:00,,,,,,,,,,,,,No rule-based candidate at this daily endpoint,rule_candidate,pending
flag__2024-11-20__0055016,flag,0,no_pattern,neutral,0.0,,flag/images/no_pattern/2024/11/flag__2024-11-20__0055016.png,,2024-11-20,54817,55016,2024-11-08T08:00:00+00:00,2024-11-20T23:00:00+00:00,,,,,,,,,,,,,No rule-based candidate at this daily endpoint,rule_candidate,pending
flag__2024-11-21__0055039,flag,0,no_pattern,neutral,0.0,,flag/images/no_pattern/2024/11/flag__2024-11-21__0055039.png,,2024-11-21,54840,55039,2024-11-11T08:00:00+00:00,2024-11-21T23:00:00+00:00,,,,,,,,,,,,,No rule-based candidate at this daily endpoint,rule_candidate,pending
flag__2024-11-22__0055062,flag,0,no_pattern,neutral,0.0,,flag/images/no_pattern/2024/11/flag__2024-11-22__0055062.png,,2024-11-22,54863,55062,2024-11-12T08:00:00+00:00,2024-11-22T23:00:00+00:00,,,,,,,,,,,,,No rule-based candidate at this daily endpoint,rule_candidate,pending
flag__2024-11-25__0055085,flag,0,no_pattern,neutral,0.0,,flag/images/no_pattern/2024/11/flag__2024-11-25__0055085.png,,2024-11-25,54886,55085,2024-11-13T08:00:00+00:00,2024-11-25T23:00:00+00:00,,,,,,,,,,,,,No rule-based candidate at this daily endpoint,rule_candidate,pending
flag__2024-11-26__0055108,flag,1,forming,bullish,0.656714194255566,160.0,flag/images/forming/2024/11/flag__2024-11-26__0055108.png,,2024-11-26,54909,55108,2024-11-14T08:00:00+00:00,2024-11-26T23:00:00+00:00,55008.0,55108.0,2024-11-20T15:00:00+00:00,2024-11-26T23:00:00+00:00,,,2721.23,2603.06,2957.57,2.0,2721.23,8.240000000000009,Bull flag after impulsive advance,rule_candidate,pending
flag__2024-11-27__0055131,flag,1,forming,bullish,0.6352603840268612,200.0,flag/images/forming/2024/11/flag__2024-11-27__0055131.png,,2024-11-27,54932,55131,2024-11-15T08:00:00+00:00,2024-11-27T23:00:00+00:00,55006.0,55131.0,2024-11-20T13:00:00+00:00,2024-11-27T23:00:00+00:00,,,2721.23,2603.3619642857143,2956.9660714285715,2.0,2721.23,7.032142857142909,Bull flag after impulsive advance,rule_candidate,pending
flag__2024-11-28__0055152,flag,0,no_pattern,neutral,0.0,,flag/images/no_pattern/2024/11/flag__2024-11-28__0055152.png,,2024-11-28,54953,55152,2024-11-18T06:00:00+00:00,2024-11-28T21:00:00+00:00,,,,,,,,,,,,,No rule-based candidate at this daily endpoint,rule_candidate,pending
flag__2024-11-29__0055173,flag,0,no_pattern,neutral,0.0,,flag/images/no_pattern/2024/11/flag__2024-11-29__0055173.png,,2024-11-29,54974,55173,2024-11-19T04:00:00+00:00,2024-11-29T21:00:00+00:00,,,,,,,,,,,,,No rule-based candidate at this daily endpoint,rule_candidate,pending
flag__2024-12-02__0055196,flag,0,no_pattern,neutral,0.0,,flag/images/no_pattern/2024/12/flag__2024-12-02__0055196.png,,2024-12-02,54997,55196,2024-11-20T04:00:00+00:00,2024-12-02T23:00:00+00:00,,,,,,,,,,,,,No rule-based candidate at this daily endpoint,rule_candidate,pending
flag__2024-12-03__0055219,flag,1,forming,bullish,0.5317419139634053,120.0,flag/images/forming/2024/12/flag__2024-12-03__0055219.png,,2024-12-03,55020,55219,2024-11-21T04:00:00+00:00,2024-12-03T23:00:00+00:00,55144.0,55219.0,2024-11-28T13:00:00+00:00,2024-12-03T23:00:00+00:00,,,2664.86,2620.110357142857,2754.359285714286,2.0,2664.86,6.6385714285714,Bull flag after impulsive advance,rule_candidate,pending
flag__2024-12-04__0055242,flag,0,no_pattern,neutral,0.0,,flag/images/no_pattern/2024/12/flag__2024-12-04__0055242.png,,2024-12-04,55043,55242,2024-11-22T04:00:00+00:00,2024-12-04T23:00:00+00:00,,,,,,,,,,,,,No rule-based candidate at this daily endpoint,rule_candidate,pending
flag__2024-12-05__0055265,flag,0,no_pattern,neutral,0.0,,flag/images/no_pattern/2024/12/flag__2024-12-05__0055265.png,,2024-12-05,55066,55265,2024-11-25T04:00:00+00:00,2024-12-05T23:00:00+00:00,,,,,,,,,,,,,No rule-based candidate at this daily endpoint,rule_candidate,pending
flag__2024-12-06__0055288,flag,1,forming,bullish,0.566044366669002,200.0,flag/images/forming/2024/12/flag__2024-12-06__0055288.png,,2024-12-06,55089,55288,2024-11-26T04:00:00+00:00,2024-12-06T23:00:00+00:00,55163.0,55288.0,2024-11-29T11:00:00+00:00,2024-12-06T23:00:00+00:00,,,2657.1,2611.5667857142857,2748.1664285714282,2.0,2657.1,6.972857142857167,Bull flag after impulsive advance,rule_candidate,pending
flag__2024-12-09__0055311,flag,0,no_pattern,neutral,0.0,,flag/images/no_pattern/2024/12/flag__2024-12-09__0055311.png,,2024-12-09,55112,55311,2024-11-27T04:00:00+00:00,2024-12-09T23:00:00+00:00,,,,,,,,,,,,,No rule-based candidate at this daily endpoint,rule_candidate,pending
flag__2024-12-10__0055334,flag,0,no_pattern,neutral,0.0,,flag/images/no_pattern/2024/12/flag__2024-12-10__0055334.png,,2024-12-10,55135,55334,2024-11-28T04:00:00+00:00,2024-12-10T23:00:00+00:00,,,,,,,,,,,,,No rule-based candidate at this daily endpoint,rule_candidate,pending
flag__2024-12-11__0055357,flag,0,no_pattern,neutral,0.0,,flag/images/no_pattern/2024/12/flag__2024-12-11__0055357.png,,2024-12-11,55158,55357,2024-11-29T06:00:00+00:00,2024-12-11T23:00:00+00:00,,,,,,,,,,,,,No rule-based candidate at this daily endpoint,rule_candidate,pending
flag__2024-12-12__0055380,flag,1,forming,bullish,0.5751597672322029,80.0,flag/images/forming/2024/12/flag__2024-12-12__0055380.png,,2024-12-12,55181,55380,2024-12-02T08:00:00+00:00,2024-12-12T23:00:00+00:00,55331.0,55380.0,2024-12-10T20:00:00+00:00,2024-12-12T23:00:00+00:00,,,2725.97,2673.224642857143,2831.4607142857135,2.0,2725.97,7.261428571428626,Bull flag after impulsive advance,rule_candidate,pending
flag__2024-12-13__0055403,flag,0,no_pattern,neutral,0.0,,flag/images/no_pattern/2024/12/flag__2024-12-13__0055403.png,,2024-12-13,55204,55403,2024-12-03T08:00:00+00:00,2024-12-13T23:00:00+00:00,,,,,,,,,,,,,No rule-based candidate at this daily endpoint,rule_candidate,pending
flag__2024-12-16__0055426,flag,0,no_pattern,neutral,0.0,,flag/images/no_pattern/2024/12/flag__2024-12-16__0055426.png,,2024-12-16,55227,55426,2024-12-04T08:00:00+00:00,2024-12-16T23:00:00+00:00,,,,,,,,,,,,,No rule-based candidate at this daily endpoint,rule_candidate,pending
flag__2024-12-17__0055449,flag,0,no_pattern,neutral,0.0,,flag/images/no_pattern/2024/12/flag__2024-12-17__0055449.png,,2024-12-17,55250,55449,2024-12-05T08:00:00+00:00,2024-12-17T23:00:00+00:00,,,,,,,,,,,,,No rule-based candidate at this daily endpoint,rule_candidate,pending
flag__2024-12-18__0055472,flag,0,no_pattern,neutral,0.0,,flag/images/no_pattern/2024/12/flag__2024-12-18__0055472.png,,2024-12-18,55273,55472,2024-12-06T08:00:00+00:00,2024-12-18T23:00:00+00:00,,,,,,,,,,,,,No rule-based candidate at this daily endpoint,rule_candidate,pending
flag__2024-12-19__0055495,flag,0,no_pattern,neutral,0.0,,flag/images/no_pattern/2024/12/flag__2024-12-19__0055495.png,,2024-12-19,55296,55495,2024-12-09T08:00:00+00:00,2024-12-19T23:00:00+00:00,,,,,,,,,,,,,No rule-based candidate at this daily endpoint,rule_candidate,pending
flag__2024-12-20__0055518,flag,0,no_pattern,neutral,0.0,,flag/images/no_pattern/2024/12/flag__2024-12-20__0055518.png,,2024-12-20,55319,55518,2024-12-10T08:00:00+00:00,2024-12-20T23:00:00+00:00,,,,,,,,,,,,,No rule-based candidate at this daily endpoint,rule_candidate,pending
flag__2024-12-23__0055541,flag,1,forming,bullish,0.6536485294018262,48.0,flag/images/forming/2024/12/flag__2024-12-23__0055541.png,,2024-12-23,55342,55541,2024-12-11T08:00:00+00:00,2024-12-23T23:00:00+00:00,55512.0,55541.0,2024-12-20T17:00:00+00:00,2024-12-23T23:00:00+00:00,,,2633.13,2606.6928571428575,2686.0042857142853,2.0,2633.13,5.428571428571396,Bull flag after impulsive advance,rule_candidate,pending
flag__2024-12-24__0055561,flag,0,no_pattern,neutral,0.0,,flag/images/no_pattern/2024/12/flag__2024-12-24__0055561.png,,2024-12-24,55362,55561,2024-12-12T05:00:00+00:00,2024-12-24T20:00:00+00:00,,,,,,,,,,,,,No rule-based candidate at this daily endpoint,rule_candidate,pending
flag__2024-12-26__0055577,flag,0,no_pattern,neutral,0.0,,flag/images/no_pattern/2024/12/flag__2024-12-26__0055577.png,,2024-12-26,55378,55577,2024-12-12T21:00:00+00:00,2024-12-26T23:00:00+00:00,,,,,,,,,,,,,No rule-based candidate at this daily endpoint,rule_candidate,pending
flag__2024-12-27__0055600,flag,1,forming,bullish,0.6817039557022604,48.0,flag/images/forming/2024/12/flag__2024-12-27__0055600.png,,2024-12-27,55401,55600,2024-12-13T21:00:00+00:00,2024-12-27T23:00:00+00:00,55571.0,55600.0,2024-12-26T17:00:00+00:00,2024-12-27T23:00:00+00:00,,,2638.13,2610.0180357142854,2694.3539285714296,2.0,2638.13,5.807857142857204,Bull flag after impulsive advance,rule_candidate,pending
flag__2024-12-30__0055623,flag,0,no_pattern,neutral,0.0,,flag/images/no_pattern/2024/12/flag__2024-12-30__0055623.png,,2024-12-30,55424,55623,2024-12-16T21:00:00+00:00,2024-12-30T23:00:00+00:00,,,,,,,,,,,,,No rule-based candidate at this daily endpoint,rule_candidate,pending
flag__2024-12-31__0055643,flag,1,forming,bullish,0.6335232447733489,160.0,flag/images/forming/2024/12/flag__2024-12-31__0055643.png,,2024-12-31,55444,55643,2024-12-17T18:00:00+00:00,2024-12-31T20:00:00+00:00,55543.0,55643.0,2024-12-24T02:00:00+00:00,2024-12-31T20:00:00+00:00,,,2638.13,2594.528571428571,2725.3328571428583,2.0,2638.13,5.765714285714239,Bull flag after impulsive advance,rule_candidate,pending
flag__2025-01-02__0055659,flag,0,no_pattern,neutral,0.0,,flag/images/no_pattern/2025/01/flag__2025-01-02__0055659.png,,2025-01-02,55460,55659,2024-12-18T11:00:00+00:00,2025-01-02T23:00:00+00:00,,,,,,,,,,,,,No rule-based candidate at this daily endpoint,rule_candidate,pending
flag__2025-01-03__0055682,flag,1,forming,bullish,0.7048472883712988,48.0,flag/images/forming/2025/01/flag__2025-01-03__0055682.png,,2025-01-03,55483,55682,2024-12-19T11:00:00+00:00,2025-01-03T23:00:00+00:00,55653.0,55682.0,2025-01-02T17:00:00+00:00,2025-01-03T23:00:00+00:00,,,2665.09,2635.2698214285715,2724.7303571428574,2.0,2665.09,5.240714285714246,Bull flag after impulsive advance,rule_candidate,pending
flag__2025-01-06__0055705,flag,1,forming,bullish,0.6316726703104427,80.0,flag/images/forming/2025/01/flag__2025-01-06__0055705.png,,2025-01-06,55506,55705,2024-12-20T11:00:00+00:00,2025-01-06T23:00:00+00:00,55656.0,55705.0,2025-01-02T20:00:00+00:00,2025-01-06T23:00:00+00:00,,,2659.19,2612.3975,2752.775,2.0,2659.19,8.809999999999945,Bull flag after impulsive advance,rule_candidate,pending
flag__2025-01-07__0055728,flag,1,forming,bullish,0.5567091377758333,160.0,flag/images/forming/2025/01/flag__2025-01-07__0055728.png,,2025-01-07,55529,55728,2024-12-23T11:00:00+00:00,2025-01-07T23:00:00+00:00,55628.0,55728.0,2024-12-31T05:00:00+00:00,2025-01-07T23:00:00+00:00,,,2665.09,2612.9557142857143,2769.358571428572,2.0,2665.09,6.577142857142884,Bull flag after impulsive advance,rule_candidate,pending
flag__2025-01-08__0055751,flag,0,no_pattern,neutral,0.0,,flag/images/no_pattern/2025/01/flag__2025-01-08__0055751.png,,2025-01-08,55552,55751,2024-12-24T11:00:00+00:00,2025-01-08T23:00:00+00:00,,,,,,,,,,,,,No rule-based candidate at this daily endpoint,rule_candidate,pending
flag__2025-01-09__0055774,flag,0,no_pattern,neutral,0.0,,flag/images/no_pattern/2025/01/flag__2025-01-09__0055774.png,,2025-01-09,55575,55774,2024-12-26T21:00:00+00:00,2025-01-09T23:00:00+00:00,,,,,,,,,,,,,No rule-based candidate at this daily endpoint,rule_candidate,pending
flag__2025-01-10__0055797,flag,0,no_pattern,neutral,0.0,,flag/images/no_pattern/2025/01/flag__2025-01-10__0055797.png,,2025-01-10,55598,55797,2024-12-27T21:00:00+00:00,2025-01-10T23:00:00+00:00,,,,,,,,,,,,,No rule-based candidate at this daily endpoint,rule_candidate,pending
flag__2025-01-13__0055820,flag,1,forming,bullish,0.6348221432024403,80.0,flag/images/forming/2025/01/flag__2025-01-13__0055820.png,,2025-01-13,55621,55820,2024-12-30T21:00:00+00:00,2025-01-13T23:00:00+00:00,55771.0,55820.0,2025-01-09T20:00:00+00:00,2025-01-13T23:00:00+00:00,,,2697.9,2654.9530357142858,2783.7939285714288,2.0,2697.9,6.787857142857092,Bull flag after impulsive advance,rule_candidate,pending
flag__2025-01-14__0055843,flag,1,forming,bullish,0.633220924194762,120.0,flag/images/forming/2025/01/flag__2025-01-14__0055843.png,,2025-01-14,55644,55843,2025-01-02T08:00:00+00:00,2025-01-14T23:00:00+00:00,55768.0,55843.0,2025-01-09T17:00:00+00:00,2025-01-14T23:00:00+00:00,,,2697.9,2655.200714285714,2783.298571428572,2.0,2697.9,5.797142857142879,Bull flag after impulsive advance,rule_candidate,pending
flag__2025-01-15__0055866,flag,0,no_pattern,neutral,0.0,,flag/images/no_pattern/2025/01/flag__2025-01-15__0055866.png,,2025-01-15,55667,55866,2025-01-03T08:00:00+00:00,2025-01-15T23:00:00+00:00,,,,,,,,,,,,,No rule-based candidate at this daily endpoint,rule_candidate,pending
flag__2025-01-16__0055889,flag,0,no_pattern,neutral,0.0,,flag/images/no_pattern/2025/01/flag__2025-01-16__0055889.png,,2025-01-16,55690,55889,2025-01-06T08:00:00+00:00,2025-01-16T23:00:00+00:00,,,,,,,,,,,,,No rule-based candidate at this daily endpoint,rule_candidate,pending
flag__2025-01-17__0055912,flag,1,forming,bullish,0.6469164469252064,64.0,flag/images/forming/2025/01/flag__2025-01-17__0055912.png,,2025-01-17,55713,55912,2025-01-07T08:00:00+00:00,2025-01-17T23:00:00+00:00,55873.0,55912.0,2025-01-16T07:00:00+00:00,2025-01-17T23:00:00+00:00,,,2724.54,2697.5376785714284,2778.544642857143,2.0,2724.54,5.489285714285676,Bull flag after impulsive advance,rule_candidate,pending
flag__2025-01-20__0055933,flag,1,forming,bullish,0.5928903333322567,120.0,flag/images/forming/2025/01/flag__2025-01-20__0055933.png,,2025-01-20,55734,55933,2025-01-08T06:00:00+00:00,2025-01-20T21:00:00+00:00,55858.0,55933.0,2025-01-15T15:00:00+00:00,2025-01-20T21:00:00+00:00,,,2724.54,2687.7248214285714,2798.170357142857,2.0,2724.54,6.1007142857142425,Bull flag after impulsive advance,rule_candidate,pending
flag__2025-01-21__0055956,flag,0,no_pattern,neutral,0.0,,flag/images/no_pattern/2025/01/flag__2025-01-21__0055956.png,,2025-01-21,55757,55956,2025-01-09T06:00:00+00:00,2025-01-21T23:00:00+00:00,,,,,,,,,,,,,No rule-based candidate at this daily endpoint,rule_candidate,pending
flag__2025-01-22__0055979,flag,0,no_pattern,neutral,0.0,,flag/images/no_pattern/2025/01/flag__2025-01-22__0055979.png,,2025-01-22,55780,55979,2025-01-10T06:00:00+00:00,2025-01-22T23:00:00+00:00,,,,,,,,,,,,,No rule-based candidate at this daily endpoint,rule_candidate,pending
flag__2025-01-23__0056002,flag,1,forming,bullish,0.593558526387874,80.0,flag/images/forming/2025/01/flag__2025-01-23__0056002.png,,2025-01-23,55803,56002,2025-01-13T06:00:00+00:00,2025-01-23T23:00:00+00:00,55953.0,56002.0,2025-01-21T20:00:00+00:00,2025-01-23T23:00:00+00:00,,,2763.24,2733.9641071428573,2821.7917857142847,2.0,2763.24,6.823571428571411,Bull flag after impulsive advance,rule_candidate,pending
flag__2025-01-24__0056025,flag,0,no_pattern,neutral,0.0,,flag/images/no_pattern/2025/01/flag__2025-01-24__0056025.png,,2025-01-24,55826,56025,2025-01-14T06:00:00+00:00,2025-01-24T23:00:00+00:00,,,,,,,,,,,,,No rule-based candidate at this daily endpoint,rule_candidate,pending
flag__2025-01-27__0056048,flag,1,forming,bullish,0.556589430925898,120.0,flag/images/forming/2025/01/flag__2025-01-27__0056048.png,,2025-01-27,55849,56048,2025-01-15T06:00:00+00:00,2025-01-27T23:00:00+00:00,55973.0,56048.0,2025-01-22T17:00:00+00:00,2025-01-27T23:00:00+00:00,,,2785.81,2728.2576785714286,2900.9146428571426,2.0,2785.81,8.129285714285677,Bull flag after impulsive advance,rule_candidate,pending
flag__2025-01-28__0056071,flag,1,forming,bullish,0.5990266399041466,160.0,flag/images/forming/2025/01/flag__2025-01-28__0056071.png,,2025-01-28,55872,56071,2025-01-16T06:00:00+00:00,2025-01-28T23:00:00+00:00,55971.0,56071.0,2025-01-22T15:00:00+00:00,2025-01-28T23:00:00+00:00,,,2785.81,2729.2233928571427,2898.9832142857144,2.0,2785.81,4.26642857142854,Bull flag after impulsive advance,rule_candidate,pending
flag__2025-01-29__0056094,flag,1,forming,bullish,0.6556186370709474,48.0,flag/images/forming/2025/01/flag__2025-01-29__0056094.png,,2025-01-29,55895,56094,2025-01-17T06:00:00+00:00,2025-01-29T23:00:00+00:00,56065.0,56094.0,2025-01-28T17:00:00+00:00,2025-01-29T23:00:00+00:00,,,2766.19,2742.979464285714,2812.611071428572,2.0,2766.19,6.322142857142873,Bull flag after impulsive advance,rule_candidate,pending
flag__2025-01-30__0056117,flag,0,no_pattern,neutral,0.0,,flag/images/no_pattern/2025/01/flag__2025-01-30__0056117.png,,2025-01-30,55918,56117,2025-01-20T06:00:00+00:00,2025-01-30T23:00:00+00:00,,,,,,,,,,,,,No rule-based candidate at this daily endpoint,rule_candidate,pending
flag__2025-01-31__0056140,flag,0,no_pattern,neutral,0.0,,flag/images/no_pattern/2025/01/flag__2025-01-31__0056140.png,,2025-01-31,55941,56140,2025-01-21T08:00:00+00:00,2025-01-31T23:00:00+00:00,,,,,,,,,,,,,No rule-based candidate at this daily endpoint,rule_candidate,pending
flag__2025-02-03__0056163,flag,0,no_pattern,neutral,0.0,,flag/images/no_pattern/2025/02/flag__2025-02-03__0056163.png,,2025-02-03,55964,56163,2025-01-22T08:00:00+00:00,2025-02-03T23:00:00+00:00,,,,,,,,,,,,,No rule-based candidate at this daily endpoint,rule_candidate,pending
flag__2025-02-04__0056186,flag,0,no_pattern,neutral,0.0,,flag/images/no_pattern/2025/02/flag__2025-02-04__0056186.png,,2025-02-04,55987,56186,2025-01-23T08:00:00+00:00,2025-02-04T23:00:00+00:00,,,,,,,,,,,,,No rule-based candidate at this daily endpoint,rule_candidate,pending
flag__2025-02-05__0056209,flag,0,no_pattern,neutral,0.0,,flag/images/no_pattern/2025/02/flag__2025-02-05__0056209.png,,2025-02-05,56010,56209,2025-01-24T08:00:00+00:00,2025-02-05T23:00:00+00:00,,,,,,,,,,,,,No rule-based candidate at this daily endpoint,rule_candidate,pending
flag__2025-02-06__0056232,flag,1,forming,bullish,0.652251097887658,64.0,flag/images/forming/2025/02/flag__2025-02-06__0056232.png,,2025-02-06,56033,56232,2025-01-27T08:00:00+00:00,2025-02-06T23:00:00+00:00,56193.0,56232.0,2025-02-05T07:00:00+00:00,2025-02-06T23:00:00+00:00,,,2881.11,2832.1175,2979.0950000000007,2.0,2881.11,7.609999999999965,Bull flag after impulsive advance,rule_candidate,pending
flag__2025-02-07__0056255,flag,1,forming,bullish,0.5361218261820068,120.0,flag/images/forming/2025/02/flag__2025-02-07__0056255.png,,2025-02-07,56056,56255,2025-01-28T08:00:00+00:00,2025-02-07T23:00:00+00:00,56180.0,56255.0,2025-02-04T17:00:00+00:00,2025-02-07T23:00:00+00:00,,,2886.66,2831.815892857143,2996.3482142857138,2.0,2886.66,8.81642857142856,Bull flag after impulsive advance,rule_candidate,pending
flag__2025-02-10__0056278,flag,0,no_pattern,neutral,0.0,,flag/images/no_pattern/2025/02/flag__2025-02-10__0056278.png,,2025-02-10,56079,56278,2025-01-29T08:00:00+00:00,2025-02-10T23:00:00+00:00,,,,,,,,,,,,,No rule-based candidate at this daily endpoint,rule_candidate,pending
flag__2025-02-11__0056301,flag,1,forming,bullish,0.6608108070067935,48.0,flag/images/forming/2025/02/flag__2025-02-11__0056301.png,,2025-02-11,56102,56301,2025-01-30T08:00:00+00:00,2025-02-11T23:00:00+00:00,56272.0,56301.0,2025-02-10T17:00:00+00:00,2025-02-11T23:00:00+00:00,,,2942.46,2879.3998214285716,3068.580357142857,2.0,2942.46,8.600714285714243,Bull flag after impulsive advance,rule_candidate,pending
flag__2025-02-12__0056324,flag,1,forming,bullish,0.620392343448239,100.0,flag/images/forming/2025/02/flag__2025-02-12__0056324.png,,2025-02-12,56125,56324,2025-01-31T08:00:00+00:00,2025-02-12T23:00:00+00:00,56262.0,56324.0,2025-02-10T07:00:00+00:00,2025-02-12T23:00:00+00:00,,,2942.46,2861.4775,3104.425,2.0,2942.46,8.969999999999995,Bull flag after impulsive advance,rule_candidate,pending
flag__2025-02-13__0056347,flag,0,no_pattern,neutral,0.0,,flag/images/no_pattern/2025/02/flag__2025-02-13__0056347.png,,2025-02-13,56148,56347,2025-02-03T08:00:00+00:00,2025-02-13T23:00:00+00:00,,,,,,,,,,,,,No rule-based candidate at this daily endpoint,rule_candidate,pending
flag__2025-02-14__0056370,flag,0,no_pattern,neutral,0.0,,flag/images/no_pattern/2025/02/flag__2025-02-14__0056370.png,,2025-02-14,56171,56370,2025-02-04T08:00:00+00:00,2025-02-14T23:00:00+00:00,,,,,,,,,,,,,No rule-based candidate at this daily endpoint,rule_candidate,pending
flag__2025-02-17__0056391,flag,1,forming,bullish,0.5598494021248958,160.0,flag/images/forming/2025/02/flag__2025-02-17__0056391.png,,2025-02-17,56192,56391,2025-02-05T06:00:00+00:00,2025-02-17T21:00:00+00:00,56291.0,56391.0,2025-02-11T13:00:00+00:00,2025-02-17T21:00:00+00:00,,,2939.86,2875.4994642857146,3068.5810714285712,2.0,2939.86,5.522142857142886,Bull flag after impulsive advance,rule_candidate,pending
flag__2025-02-18__0056414,flag,1,forming,bullish,0.5321863682025325,160.0,flag/images/forming/2025/02/flag__2025-02-18__0056414.png,,2025-02-18,56215,56414,2025-02-06T06:00:00+00:00,2025-02-18T23:00:00+00:00,56314.0,56414.0,2025-02-12T13:00:00+00:00,2025-02-18T23:00:00+00:00,,,2939.86,2875.3991071428572,3068.781785714286,2.0,2939.86,5.923571428571449,Bull flag after impulsive advance,rule_candidate,pending
flag__2025-02-19__0056437,flag,1,forming,bullish,0.5328812076537305,48.0,flag/images/forming/2025/02/flag__2025-02-19__0056437.png,,2025-02-19,56238,56437,2025-02-07T06:00:00+00:00,2025-02-19T23:00:00+00:00,56408.0,56437.0,2025-02-18T17:00:00+00:00,2025-02-19T23:00:00+00:00,,,2946.84,2916.450357142857,3007.619285714287,2.0,2946.84,8.078571428571422,Bull flag after impulsive advance,rule_candidate,pending
flag__2025-02-20__0056460,flag,0,no_pattern,neutral,0.0,,flag/images/no_pattern/2025/02/flag__2025-02-20__0056460.png,,2025-02-20,56261,56460,2025-02-10T06:00:00+00:00,2025-02-20T23:00:00+00:00,,,,,,,,,,,,,No rule-based candidate at this daily endpoint,rule_candidate,pending
flag__2025-02-21__0056483,flag,1,forming,bullish,0.6089093965192633,100.0,flag/images/forming/2025/02/flag__2025-02-21__0056483.png,,2025-02-21,56284,56483,2025-02-11T06:00:00+00:00,2025-02-21T23:00:00+00:00,56421.0,56483.0,2025-02-19T07:00:00+00:00,2025-02-21T23:00:00+00:00,,,2954.8,2914.6875,3035.0250000000005,2.0,2954.8,8.090000000000016,Bull flag after impulsive advance,rule_candidate,pending
flag__2025-02-24__0056506,flag,0,no_pattern,neutral,0.0,,flag/images/no_pattern/2025/02/flag__2025-02-24__0056506.png,,2025-02-24,56307,56506,2025-02-12T06:00:00+00:00,2025-02-24T23:00:00+00:00,,,,,,,,,,,,,No rule-based candidate at this daily endpoint,rule_candidate,pending
flag__2025-02-25__0056529,flag,1,forming,bullish,0.5365237139232982,160.0,flag/images/forming/2025/02/flag__2025-02-25__0056529.png,,2025-02-25,56330,56529,2025-02-13T06:00:00+00:00,2025-02-25T23:00:00+00:00,56429.0,56529.0,2025-02-19T15:00:00+00:00,2025-02-25T23:00:00+00:00,,,2956.07,2885.29125,3097.6275,2.0,2956.07,11.274999999999993,Bull flag after impulsive advance,rule_candidate,pending
flag__2025-02-26__0056552,flag,1,forming,bullish,0.6450210195581355,160.0,flag/images/forming/2025/02/flag__2025-02-26__0056552.png,,2025-02-26,56353,56552,2025-02-14T06:00:00+00:00,2025-02-26T23:00:00+00:00,56452.0,56552.0,2025-02-20T15:00:00+00:00,2025-02-26T23:00:00+00:00,,,2956.07,2886.3626785714287,3095.484642857143,2.0,2956.07,6.989285714285708,Bull flag after impulsive advance,rule_candidate,pending
flag__2025-02-27__0056575,flag,0,no_pattern,neutral,0.0,,flag/images/no_pattern/2025/02/flag__2025-02-27__0056575.png,,2025-02-27,56376,56575,2025-02-17T06:00:00+00:00,2025-02-27T23:00:00+00:00,,,,,,,,,,,,,No rule-based candidate at this daily endpoint,rule_candidate,pending
flag__2025-02-28__0056598,flag,0,no_pattern,neutral,0.0,,flag/images/no_pattern/2025/02/flag__2025-02-28__0056598.png,,2025-02-28,56399,56598,2025-02-18T08:00:00+00:00,2025-02-28T23:00:00+00:00,,,,,,,,,,,,,No rule-based candidate at this daily endpoint,rule_candidate,pending
flag__2025-03-03__0056621,flag,0,no_pattern,neutral,0.0,,flag/images/no_pattern/2025/03/flag__2025-03-03__0056621.png,,2025-03-03,56422,56621,2025-02-19T08:00:00+00:00,2025-03-03T23:00:00+00:00,,,,,,,,,,,,,No rule-based candidate at this daily endpoint,rule_candidate,pending
flag__2025-03-04__0056644,flag,0,no_pattern,neutral,0.0,,flag/images/no_pattern/2025/03/flag__2025-03-04__0056644.png,,2025-03-04,56445,56644,2025-02-20T08:00:00+00:00,2025-03-04T23:00:00+00:00,,,,,,,,,,,,,No rule-based candidate at this daily endpoint,rule_candidate,pending
flag__2025-03-05__0056667,flag,0,no_pattern,neutral,0.0,,flag/images/no_pattern/2025/03/flag__2025-03-05__0056667.png,,2025-03-05,56468,56667,2025-02-21T08:00:00+00:00,2025-03-05T23:00:00+00:00,,,,,,,,,,,,,No rule-based candidate at this daily endpoint,rule_candidate,pending
flag__2025-03-06__0056690,flag,1,forming,bullish,0.5769879344012016,64.0,flag/images/forming/2025/03/flag__2025-03-06__0056690.png,,2025-03-06,56491,56690,2025-02-24T08:00:00+00:00,2025-03-06T23:00:00+00:00,56651.0,56690.0,2025-03-05T07:00:00+00:00,2025-03-06T23:00:00+00:00,,,2929.79,2888.95875,3011.4525000000003,2.0,2929.79,9.044999999999943,Bull flag after impulsive advance,rule_candidate,pending
flag__2025-03-07__0056713,flag,1,forming,bullish,0.5405559004659226,120.0,flag/images/forming/2025/03/flag__2025-03-07__0056713.png,,2025-03-07,56514,56713,2025-02-25T08:00:00+00:00,2025-03-07T23:00:00+00:00,56638.0,56713.0,2025-03-04T17:00:00+00:00,2025-03-07T23:00:00+00:00,,,2930.24,2888.9010714285714,3012.9178571428565,2.0,2930.24,9.275714285714262,Bull flag after impulsive advance,rule_candidate,pending
flag__2025-03-10__0056736,flag,0,no_pattern,neutral,0.0,,flag/images/no_pattern/2025/03/flag__2025-03-10__0056736.png,,2025-03-10,56537,56736,2025-02-26T08:00:00+00:00,2025-03-10T22:00:00+00:00,,,,,,,,,,,,,No rule-based candidate at this daily endpoint,rule_candidate,pending
flag__2025-03-11__0056759,flag,1,forming,bullish,0.5480598656493885,200.0,flag/images/forming/2025/03/flag__2025-03-11__0056759.png,,2025-03-11,56560,56759,2025-02-27T08:00:00+00:00,2025-03-11T22:00:00+00:00,56634.0,56759.0,2025-03-04T13:00:00+00:00,2025-03-11T22:00:00+00:00,,,2930.24,2878.210714285714,3034.2985714285714,2.0,2930.24,6.117142857142816,Bull flag after impulsive advance,rule_candidate,pending
flag__2025-03-12__0056782,flag,0,no_pattern,neutral,0.0,,flag/images/no_pattern/2025/03/flag__2025-03-12__0056782.png,,2025-03-12,56583,56782,2025-02-28T08:00:00+00:00,2025-03-12T22:00:00+00:00,,,,,,,,,,,,,No rule-based candidate at this daily endpoint,rule_candidate,pending
flag__2025-03-13__0056805,flag,0,no_pattern,neutral,0.0,,flag/images/no_pattern/2025/03/flag__2025-03-13__0056805.png,,2025-03-13,56606,56805,2025-03-03T08:00:00+00:00,2025-03-13T22:00:00+00:00,,,,,,,,,,,,,No rule-based candidate at this daily endpoint,rule_candidate,pending
flag__2025-03-14__0056828,flag,1,forming,bullish,0.5325913919449593,48.0,flag/images/forming/2025/03/flag__2025-03-14__0056828.png,,2025-03-14,56629,56828,2025-03-04T08:00:00+00:00,2025-03-14T22:00:00+00:00,56799.0,56828.0,2025-03-13T16:00:00+00:00,2025-03-14T22:00:00+00:00,,,3004.8,2976.382142857143,3061.635714285714,2.0,3004.8,7.831428571428595,Bull flag after impulsive advance,rule_candidate,pending
flag__2025-03-17__0056851,flag,0,no_pattern,neutral,0.0,,flag/images/no_pattern/2025/03/flag__2025-03-17__0056851.png,,2025-03-17,56652,56851,2025-03-05T08:00:00+00:00,2025-03-17T22:00:00+00:00,,,,,,,,,,,,,No rule-based candidate at this daily endpoint,rule_candidate,pending
flag__2025-03-18__0056874,flag,0,no_pattern,neutral,0.0,,flag/images/no_pattern/2025/03/flag__2025-03-18__0056874.png,,2025-03-18,56675,56874,2025-03-06T08:00:00+00:00,2025-03-18T22:00:00+00:00,,,,,,,,,,,,,No rule-based candidate at this daily endpoint,rule_candidate,pending
flag__2025-03-19__0056897,flag,0,no_pattern,neutral,0.0,,flag/images/no_pattern/2025/03/flag__2025-03-19__0056897.png,,2025-03-19,56698,56897,2025-03-07T08:00:00+00:00,2025-03-19T22:00:00+00:00,,,,,,,,,,,,,No rule-based candidate at this daily endpoint,rule_candidate,pending
flag__2025-03-20__0056920,flag,1,forming,bullish,0.6019757876161123,48.0,flag/images/forming/2025/03/flag__2025-03-20__0056920.png,,2025-03-20,56721,56920,2025-03-10T07:00:00+00:00,2025-03-20T22:00:00+00:00,56891.0,56920.0,2025-03-19T16:00:00+00:00,2025-03-20T22:00:00+00:00,,,3057.33,3023.752142857143,3124.4857142857136,2.0,3057.33,7.1114285714286,Bull flag after impulsive advance,rule_candidate,pending
flag__2025-03-21__0056943,flag,1,forming,bullish,0.6743313494123652,100.0,flag/images/forming/2025/03/flag__2025-03-21__0056943.png,,2025-03-21,56744,56943,2025-03-11T07:00:00+00:00,2025-03-21T22:00:00+00:00,56881.0,56943.0,2025-03-19T06:00:00+00:00,2025-03-21T22:00:00+00:00,,,3057.33,2997.0525000000002,3177.8849999999993,2.0,3057.33,8.830000000000057,Bull flag after impulsive advance,rule_candidate,pending
flag__2025-03-24__0056966,flag,1,forming,bullish,0.6568913274253934,120.0,flag/images/forming/2025/03/flag__2025-03-24__0056966.png,,2025-03-24,56767,56966,2025-03-12T07:00:00+00:00,2025-03-24T22:00:00+00:00,56891.0,56966.0,2025-03-19T16:00:00+00:00,2025-03-24T22:00:00+00:00,,,3047.35,2997.3212500000004,3147.407499999999,2.0,3047.35,7.755000000000044,Bull flag after impulsive advance,rule_candidate,pending
flag__2025-03-25__0056989,flag,1,forming,bullish,0.6502581047341615,200.0,flag/images/forming/2025/03/flag__2025-03-25__0056989.png,,2025-03-25,56790,56989,2025-03-13T07:00:00+00:00,2025-03-25T22:00:00+00:00,56864.0,56989.0,2025-03-18T12:00:00+00:00,2025-03-25T22:00:00+00:00,,,3057.33,2997.6335714285715,3176.722857142857,2.0,3057.33,6.505714285714313,Bull flag after impulsive advance,rule_candidate,pending
flag__2025-03-26__0057012,flag,1,forming,bullish,0.5504324027030049,48.0,flag/images/forming/2025/03/flag__2025-03-26__0057012.png,,2025-03-26,56813,57012,2025-03-14T07:00:00+00:00,2025-03-26T22:00:00+00:00,56983.0,57012.0,2025-03-25T16:00:00+00:00,2025-03-26T22:00:00+00:00,,,3031.97,3010.647857142857,3074.6142857142854,2.0,3031.97,6.0485714285713845,Bull flag after impulsive advance,rule_candidate,pending
flag__2025-03-27__0057035,flag,0,no_pattern,neutral,0.0,,flag/images/no_pattern/2025/03/flag__2025-03-27__0057035.png,,2025-03-27,56836,57035,2025-03-17T07:00:00+00:00,2025-03-27T22:00:00+00:00,,,,,,,,,,,,,No rule-based candidate at this daily endpoint,rule_candidate,pending
flag__2025-03-28__0057058,flag,0,no_pattern,neutral,0.0,,flag/images/no_pattern/2025/03/flag__2025-03-28__0057058.png,,2025-03-28,56859,57058,2025-03-18T07:00:00+00:00,2025-03-28T22:00:00+00:00,,,,,,,,,,,,,No rule-based candidate at this daily endpoint,rule_candidate,pending
flag__2025-03-31__0057081,flag,0,no_pattern,neutral,0.0,,flag/images/no_pattern/2025/03/flag__2025-03-31__0057081.png,,2025-03-31,56882,57081,2025-03-19T07:00:00+00:00,2025-03-31T23:00:00+00:00,,,,,,,,,,,,,No rule-based candidate at this daily endpoint,rule_candidate,pending
flag__2025-04-01__0057104,flag,1,forming,bullish,0.6184286137869998,48.0,flag/images/forming/2025/04/flag__2025-04-01__0057104.png,,2025-04-01,56905,57104,2025-03-20T07:00:00+00:00,2025-04-01T23:00:00+00:00,57075.0,57104.0,2025-03-31T17:00:00+00:00,2025-04-01T23:00:00+00:00,,,3148.82,3098.3742857142856,3249.711428571429,2.0,3148.82,9.462857142857112,Bull flag after impulsive advance,rule_candidate,pending
flag__2025-04-02__0057127,flag,1,forming,bullish,0.554482948683466,100.0,flag/images/forming/2025/04/flag__2025-04-02__0057127.png,,2025-04-02,56928,57127,2025-03-21T07:00:00+00:00,2025-04-02T23:00:00+00:00,57065.0,57127.0,2025-03-31T07:00:00+00:00,2025-04-02T23:00:00+00:00,,,3148.82,3097.6489285714283,3251.162142857144,2.0,3148.82,12.364285714285709,Bull flag after impulsive advance,rule_candidate,pending
flag__2025-04-03__0057150,flag,1,forming,bullish,0.5456042157407744,100.0,flag/images/forming/2025/04/flag__2025-04-03__0057150.png,,2025-04-03,56951,57150,2025-03-24T07:00:00+00:00,2025-04-03T23:00:00+00:00,57088.0,57150.0,2025-04-01T07:00:00+00:00,2025-04-03T23:00:00+00:00,,,3167.7,3049.012142857143,3405.0757142857137,2.0,3167.7,19.83142857142866,Bull flag after impulsive advance,rule_candidate,pending
flag__2025-04-04__0057173,flag,0,no_pattern,neutral,0.0,,flag/images/no_pattern/2025/04/flag__2025-04-04__0057173.png,,2025-04-04,56974,57173,2025-03-25T07:00:00+00:00,2025-04-04T23:00:00+00:00,,,,,,,,,,,,,No rule-based candidate at this daily endpoint,rule_candidate,pending
flag__2025-04-07__0057196,flag,0,no_pattern,neutral,0.0,,flag/images/no_pattern/2025/04/flag__2025-04-07__0057196.png,,2025-04-07,56997,57196,2025-03-26T07:00:00+00:00,2025-04-07T23:00:00+00:00,,,,,,,,,,,,,No rule-based candidate at this daily endpoint,rule_candidate,pending
flag__2025-04-08__0057219,flag,0,no_pattern,neutral,0.0,,flag/images/no_pattern/2025/04/flag__2025-04-08__0057219.png,,2025-04-08,57020,57219,2025-03-27T07:00:00+00:00,2025-04-08T23:00:00+00:00,,,,,,,,,,,,,No rule-based candidate at this daily endpoint,rule_candidate,pending
flag__2025-04-09__0057242,flag,0,no_pattern,neutral,0.0,,flag/images/no_pattern/2025/04/flag__2025-04-09__0057242.png,,2025-04-09,57043,57242,2025-03-28T07:00:00+00:00,2025-04-09T23:00:00+00:00,,,,,,,,,,,,,No rule-based candidate at this daily endpoint,rule_candidate,pending
flag__2025-04-10__0057265,flag,0,no_pattern,neutral,0.0,,flag/images/no_pattern/2025/04/flag__2025-04-10__0057265.png,,2025-04-10,57066,57265,2025-03-31T08:00:00+00:00,2025-04-10T23:00:00+00:00,,,,,,,,,,,,,No rule-based candidate at this daily endpoint,rule_candidate,pending
flag__2025-04-11__0057288,flag,0,no_pattern,neutral,0.0,,flag/images/no_pattern/2025/04/flag__2025-04-11__0057288.png,,2025-04-11,57089,57288,2025-04-01T08:00:00+00:00,2025-04-11T23:00:00+00:00,,,,,,,,,,,,,No rule-based candidate at this daily endpoint,rule_candidate,pending
flag__2025-04-14__0057311,flag,1,forming,bullish,0.6531029170599977,64.0,flag/images/forming/2025/04/flag__2025-04-14__0057311.png,,2025-04-14,57112,57311,2025-04-02T08:00:00+00:00,2025-04-14T23:00:00+00:00,57272.0,57311.0,2025-04-11T07:00:00+00:00,2025-04-14T23:00:00+00:00,,,3245.53,3190.2098214285716,3356.1703571428575,2.0,3245.53,13.400714285714262,Bull flag after impulsive advance,rule_candidate,pending
flag__2025-04-15__0057334,flag,1,forming,bullish,0.5423127028976658,120.0,flag/images/forming/2025/04/flag__2025-04-15__0057334.png,,2025-04-15,57135,57334,2025-04-03T08:00:00+00:00,2025-04-15T23:00:00+00:00,57259.0,57334.0,2025-04-10T17:00:00+00:00,2025-04-15T23:00:00+00:00,,,3245.53,3191.432142857143,3493.09,4.576151682797036,3245.53,8.511428571428496,Bull flag after impulsive advance,rule_candidate,pending
flag__2025-04-16__0057357,flag,0,no_pattern,neutral,0.0,,flag/images/no_pattern/2025/04/flag__2025-04-16__0057357.png,,2025-04-16,57158,57357,2025-04-04T08:00:00+00:00,2025-04-16T23:00:00+00:00,,,,,,,,,,,,,No rule-based candidate at this daily endpoint,rule_candidate,pending
flag__2025-04-17__0057380,flag,1,forming,bullish,0.6252951586920236,48.0,flag/images/forming/2025/04/flag__2025-04-17__0057380.png,,2025-04-17,57181,57380,2025-04-07T08:00:00+00:00,2025-04-17T23:00:00+00:00,57351.0,57380.0,2025-04-16T17:00:00+00:00,2025-04-17T23:00:00+00:00,,,3356.11,3280.192321428571,3507.945357142858,2.0,3356.11,14.470714285714232,Bull flag after impulsive advance,rule_candidate,pending
flag__2025-04-21__0057403,flag,0,no_pattern,neutral,0.0,,flag/images/no_pattern/2025/04/flag__2025-04-21__0057403.png,,2025-04-21,57204,57403,2025-04-08T08:00:00+00:00,2025-04-21T23:00:00+00:00,,,,,,,,,,,,,No rule-based candidate at this daily endpoint,rule_candidate,pending
flag__2025-04-22__0057426,flag,1,forming,bullish,0.6446456019139555,48.0,flag/images/forming/2025/04/flag__2025-04-22__0057426.png,,2025-04-22,57227,57426,2025-04-09T08:00:00+00:00,2025-04-22T23:00:00+00:00,57397.0,57426.0,2025-04-21T17:00:00+00:00,2025-04-22T23:00:00+00:00,,,3499.9,3360.4157142857143,3778.8685714285716,2.0,3499.9,25.057142857142804,Bull flag after impulsive advance,rule_candidate,pending
flag__2025-04-23__0057449,flag,1,forming,bullish,0.5714218172062646,160.0,flag/images/forming/2025/04/flag__2025-04-23__0057449.png,,2025-04-23,57250,57449,2025-04-10T08:00:00+00:00,2025-04-23T23:00:00+00:00,57349.0,57449.0,2025-04-16T15:00:00+00:00,2025-04-23T23:00:00+00:00,,,3499.9,3254.536071428571,3990.627857142858,2.0,3499.9,22.01571428571427,Bull flag after impulsive advance,rule_candidate,pending
flag__2025-04-24__0057472,flag,1,forming,bullish,0.6485473463390362,160.0,flag/images/forming/2025/04/flag__2025-04-24__0057472.png,,2025-04-24,57273,57472,2025-04-11T08:00:00+00:00,2025-04-24T23:00:00+00:00,57372.0,57472.0,2025-04-17T15:00:00+00:00,2025-04-24T23:00:00+00:00,,,3499.9,3256.5569642857145,3986.5860714285714,2.0,3499.9,13.932142857142903,Bull flag after impulsive advance,rule_candidate,pending
flag__2025-04-25__0057495,flag,1,forming,bullish,0.639378107681967,200.0,flag/images/forming/2025/04/flag__2025-04-25__0057495.png,,2025-04-25,57296,57495,2025-04-14T08:00:00+00:00,2025-04-25T23:00:00+00:00,57370.0,57495.0,2025-04-17T13:00:00+00:00,2025-04-25T23:00:00+00:00,,,3499.9,3256.341607142857,3987.0167857142865,2.0,3499.9,14.793571428571406,Bull flag after impulsive advance,rule_candidate,pending
flag__2025-04-28__0057518,flag,1,forming,bullish,0.5448491063633173,200.0,flag/images/forming/2025/04/flag__2025-04-28__0057518.png,,2025-04-28,57319,57518,2025-04-15T08:00:00+00:00,2025-04-28T23:00:00+00:00,57393.0,57518.0,2025-04-21T13:00:00+00:00,2025-04-28T23:00:00+00:00,,,3386.4,3256.398392857143,3646.4032142857145,2.0,3386.4,14.566428571428592,Bull flag after impulsive advance,rule_candidate,pending
flag__2025-04-29__0057541,flag,1,forming,bullish,0.5515978129300331,48.0,flag/images/forming/2025/04/flag__2025-04-29__0057541.png,,2025-04-29,57342,57541,2025-04-16T08:00:00+00:00,2025-04-29T23:00:00+00:00,57512.0,57541.0,2025-04-28T17:00:00+00:00,2025-04-29T23:00:00+00:00,,,3342.7,3296.5657142857144,3434.9685714285706,2.0,3342.7,11.937142857142849,Bull flag after impulsive advance,rule_candidate,pending
flag__2025-04-30__0057564,flag,0,no_pattern,neutral,0.0,,flag/images/no_pattern/2025/04/flag__2025-04-30__0057564.png,,2025-04-30,57365,57564,2025-04-17T08:00:00+00:00,2025-04-30T23:00:00+00:00,,,,,,,,,,,,,No rule-based candidate at this daily endpoint,rule_candidate,pending
flag__2025-05-01__0057587,flag,0,no_pattern,neutral,0.0,,flag/images/no_pattern/2025/05/flag__2025-05-01__0057587.png,,2025-05-01,57388,57587,2025-04-21T08:00:00+00:00,2025-05-01T23:00:00+00:00,,,,,,,,,,,,,No rule-based candidate at this daily endpoint,rule_candidate,pending
flag__2025-05-02__0057610,flag,0,no_pattern,neutral,0.0,,flag/images/no_pattern/2025/05/flag__2025-05-02__0057610.png,,2025-05-02,57411,57610,2025-04-22T08:00:00+00:00,2025-05-02T23:00:00+00:00,,,,,,,,,,,,,No rule-based candidate at this daily endpoint,rule_candidate,pending
flag__2025-05-05__0057633,flag,0,no_pattern,neutral,0.0,,flag/images/no_pattern/2025/05/flag__2025-05-05__0057633.png,,2025-05-05,57434,57633,2025-04-23T08:00:00+00:00,2025-05-05T23:00:00+00:00,,,,,,,,,,,,,No rule-based candidate at this daily endpoint,rule_candidate,pending
flag__2025-05-06__0057656,flag,0,no_pattern,neutral,0.0,,flag/images/no_pattern/2025/05/flag__2025-05-06__0057656.png,,2025-05-06,57457,57656,2025-04-24T08:00:00+00:00,2025-05-06T23:00:00+00:00,,,,,,,,,,,,,No rule-based candidate at this daily endpoint,rule_candidate,pending
flag__2025-05-07__0057679,flag,1,forming,bullish,0.6050576957318549,64.0,flag/images/forming/2025/05/flag__2025-05-07__0057679.png,,2025-05-07,57480,57679,2025-04-25T08:00:00+00:00,2025-05-07T23:00:00+00:00,57640.0,57679.0,2025-05-06T07:00:00+00:00,2025-05-07T23:00:00+00:00,,,3437.76,3356.579642857143,3600.1207142857147,2.0,3437.76,14.081428571428594,Bull flag after impulsive advance,rule_candidate,pending
flag__2025-05-08__0057702,flag,1,forming,bullish,0.6592294695699877,120.0,flag/images/forming/2025/05/flag__2025-05-08__0057702.png,,2025-05-08,57503,57702,2025-04-28T08:00:00+00:00,2025-05-08T23:00:00+00:00,57627.0,57702.0,2025-05-05T17:00:00+00:00,2025-05-08T23:00:00+00:00,,,3437.76,3284.8658928571426,3743.5482142857154,2.0,3437.76,15.256428571428582,Bull flag after impulsive advance,rule_candidate,pending
flag__2025-05-09__0057725,flag,1,forming,bullish,0.6646918335358551,160.0,flag/images/forming/2025/05/flag__2025-05-09__0057725.png,,2025-05-09,57526,57725,2025-04-29T08:00:00+00:00,2025-05-09T23:00:00+00:00,57625.0,57725.0,2025-05-05T15:00:00+00:00,2025-05-09T23:00:00+00:00,,,3437.76,3272.098571428571,3769.0828571428583,2.0,3437.76,10.005714285714314,Bull flag after impulsive advance,rule_candidate,pending
flag__2025-05-12__0057748,flag,0,no_pattern,neutral,0.0,,flag/images/no_pattern/2025/05/flag__2025-05-12__0057748.png,,2025-05-12,57549,57748,2025-04-30T08:00:00+00:00,2025-05-12T23:00:00+00:00,,,,,,,,,,,,,No rule-based candidate at this daily endpoint,rule_candidate,pending
flag__2025-05-13__0057771,flag,0,no_pattern,neutral,0.0,,flag/images/no_pattern/2025/05/flag__2025-05-13__0057771.png,,2025-05-13,57572,57771,2025-05-01T08:00:00+00:00,2025-05-13T23:00:00+00:00,,,,,,,,,,,,,No rule-based candidate at this daily endpoint,rule_candidate,pending
flag__2025-05-14__0057794,flag,0,no_pattern,neutral,0.0,,flag/images/no_pattern/2025/05/flag__2025-05-14__0057794.png,,2025-05-14,57595,57794,2025-05-02T08:00:00+00:00,2025-05-14T23:00:00+00:00,,,,,,,,,,,,,No rule-based candidate at this daily endpoint,rule_candidate,pending
flag__2025-05-15__0057817,flag,0,no_pattern,neutral,0.0,,flag/images/no_pattern/2025/05/flag__2025-05-15__0057817.png,,2025-05-15,57618,57817,2025-05-05T08:00:00+00:00,2025-05-15T23:00:00+00:00,,,,,,,,,,,,,No rule-based candidate at this daily endpoint,rule_candidate,pending
flag__2025-05-16__0057840,flag,1,forming,bullish,0.641665676769281,48.0,flag/images/forming/2025/05/flag__2025-05-16__0057840.png,,2025-05-16,57641,57840,2025-05-06T08:00:00+00:00,2025-05-16T23:00:00+00:00,57811.0,57840.0,2025-05-15T17:00:00+00:00,2025-05-16T23:00:00+00:00,,,3251.11,3150.061964285714,3453.206071428572,2.0,3251.11,16.072142857142904,Bull flag after impulsive advance,rule_candidate,pending
flag__2025-05-19__0057863,flag,0,no_pattern,neutral,0.0,,flag/images/no_pattern/2025/05/flag__2025-05-19__0057863.png,,2025-05-19,57664,57863,2025-05-07T08:00:00+00:00,2025-05-19T23:00:00+00:00,,,,,,,,,,,,,No rule-based candidate at this daily endpoint,rule_candidate,pending
flag__2025-05-20__0057886,flag,0,no_pattern,neutral,0.0,,flag/images/no_pattern/2025/05/flag__2025-05-20__0057886.png,,2025-05-20,57687,57886,2025-05-08T08:00:00+00:00,2025-05-20T23:00:00+00:00,,,,,,,,,,,,,No rule-based candidate at this daily endpoint,rule_candidate,pending
flag__2025-05-21__0057909,flag,0,no_pattern,neutral,0.0,,flag/images/no_pattern/2025/05/flag__2025-05-21__0057909.png,,2025-05-21,57710,57909,2025-05-09T08:00:00+00:00,2025-05-21T23:00:00+00:00,,,,,,,,,,,,,No rule-based candidate at this daily endpoint,rule_candidate,pending
flag__2025-05-22__0057932,flag,1,forming,bullish,0.596851047488888,64.0,flag/images/forming/2025/05/flag__2025-05-22__0057932.png,,2025-05-22,57733,57932,2025-05-12T08:00:00+00:00,2025-05-22T23:00:00+00:00,57893.0,57932.0,2025-05-21T07:00:00+00:00,2025-05-22T23:00:00+00:00,,,3345.34,3275.107857142857,3485.8042857142864,2.0,3345.34,15.728571428571383,Bull flag after impulsive advance,rule_candidate,pending
flag__2025-05-23__0057955,flag,0,no_pattern,neutral,0.0,,flag/images/no_pattern/2025/05/flag__2025-05-23__0057955.png,,2025-05-23,57756,57955,2025-05-13T08:00:00+00:00,2025-05-23T23:00:00+00:00,,,,,,,,,,,,,No rule-based candidate at this daily endpoint,rule_candidate,pending
flag__2025-05-26__0057976,flag,1,forming,bullish,0.5897793117317367,48.0,flag/images/forming/2025/05/flag__2025-05-26__0057976.png,,2025-05-26,57777,57976,2025-05-14T06:00:00+00:00,2025-05-26T21:00:00+00:00,57947.0,57976.0,2025-05-23T15:00:00+00:00,2025-05-26T21:00:00+00:00,,,3361.64,3321.9339285714286,3441.0521428571424,2.0,3361.64,6.584285714285735,Bull flag after impulsive advance,rule_candidate,pending
flag__2025-05-27__0057999,flag,1,forming,bullish,0.5330357408406321,160.0,flag/images/forming/2025/05/flag__2025-05-27__0057999.png,,2025-05-27,57800,57999,2025-05-15T06:00:00+00:00,2025-05-27T23:00:00+00:00,57899.0,57999.0,2025-05-21T13:00:00+00:00,2025-05-27T23:00:00+00:00,,,3365.84,3282.2375,3533.045,2.0,3365.84,10.809999999999945,Bull flag after impulsive advance,rule_candidate,pending
flag__2025-05-28__0058022,flag,1,forming,bullish,0.667101558925471,160.0,flag/images/forming/2025/05/flag__2025-05-28__0058022.png,,2025-05-28,57823,58022,2025-05-16T06:00:00+00:00,2025-05-28T23:00:00+00:00,57922.0,58022.0,2025-05-22T13:00:00+00:00,2025-05-28T23:00:00+00:00,,,3365.84,3273.4392857142857,3550.641428571429,2.0,3365.84,10.842857142857058,Bull flag after impulsive advance,rule_candidate,pending
flag__2025-05-29__0058045,flag,1,forming,bullish,0.6206105965281921,200.0,flag/images/forming/2025/05/flag__2025-05-29__0058045.png,,2025-05-29,57846,58045,2025-05-19T06:00:00+00:00,2025-05-29T23:00:00+00:00,57920.0,58045.0,2025-05-22T11:00:00+00:00,2025-05-29T23:00:00+00:00,,,3356.72,3242.5544642857144,3585.0510714285706,2.0,3356.72,11.062142857142849,Bull flag after impulsive advance,rule_candidate,pending
flag__2025-05-30__0058068,flag,1,forming,bullish,0.5482987284210034,200.0,flag/images/forming/2025/05/flag__2025-05-30__0058068.png,,2025-05-30,57869,58068,2025-05-20T06:00:00+00:00,2025-05-30T23:00:00+00:00,57943.0,58068.0,2025-05-23T11:00:00+00:00,2025-05-30T23:00:00+00:00,,,3349.88,3242.343035714286,3564.953928571428,2.0,3349.88,11.907857142857113,Bull flag after impulsive advance,rule_candidate,pending
flag__2025-06-02__0058091,flag,0,no_pattern,neutral,0.0,,flag/images/no_pattern/2025/06/flag__2025-06-02__0058091.png,,2025-06-02,57892,58091,2025-05-21T06:00:00+00:00,2025-06-02T23:00:00+00:00,,,,,,,,,,,,,No rule-based candidate at this daily endpoint,rule_candidate,pending
flag__2025-06-03__0058114,flag,1,forming,bullish,0.6793016696849165,64.0,flag/images/forming/2025/06/flag__2025-06-03__0058114.png,,2025-06-03,57915,58114,2025-05-22T06:00:00+00:00,2025-06-03T23:00:00+00:00,58075.0,58114.0,2025-06-02T07:00:00+00:00,2025-06-03T23:00:00+00:00,,,3392.02,3330.860892857143,3514.338214285714,2.0,3392.02,8.556428571428635,Bull flag after impulsive advance,rule_candidate,pending
flag__2025-06-04__0058137,flag,1,forming,bullish,0.5470238560388001,120.0,flag/images/forming/2025/06/flag__2025-06-04__0058137.png,,2025-06-04,57938,58137,2025-05-23T06:00:00+00:00,2025-06-04T23:00:00+00:00,58062.0,58137.0,2025-05-30T17:00:00+00:00,2025-06-04T23:00:00+00:00,,,3392.02,3330.2401785714287,3515.5796428571425,2.0,3392.02,11.039285714285727,Bull flag after impulsive advance,rule_candidate,pending
flag__2025-06-05__0058160,flag,0,no_pattern,neutral,0.0,,flag/images/no_pattern/2025/06/flag__2025-06-05__0058160.png,,2025-06-05,57961,58160,2025-05-26T06:00:00+00:00,2025-06-05T23:00:00+00:00,,,,,,,,,,,,,No rule-based candidate at this daily endpoint,rule_candidate,pending
flag__2025-06-06__0058183,flag,1,forming,bullish,0.6311276595535301,120.0,flag/images/forming/2025/06/flag__2025-06-06__0058183.png,,2025-06-06,57984,58183,2025-05-27T08:00:00+00:00,2025-06-06T23:00:00+00:00,58108.0,58183.0,2025-06-03T17:00:00+00:00,2025-06-06T23:00:00+00:00,,,3403.23,3303.98875,3601.7125,2.0,3403.23,11.76499999999997,Bull flag after impulsive advance,rule_candidate,pending
flag__2025-06-09__0058206,flag,1,forming,bullish,0.635534162752625,200.0,flag/images/forming/2025/06/flag__2025-06-09__0058206.png,,2025-06-09,58007,58206,2025-05-28T08:00:00+00:00,2025-06-09T23:00:00+00:00,58081.0,58206.0,2025-06-02T13:00:00+00:00,2025-06-09T23:00:00+00:00,,,3403.23,3291.3878571428572,3626.9142857142856,2.0,3403.23,7.968571428571457,Bull flag after impulsive advance,rule_candidate,pending
flag__2025-06-10__0058229,flag,1,forming,bullish,0.6441909918113055,200.0,flag/images/forming/2025/06/flag__2025-06-10__0058229.png,,2025-06-10,58030,58229,2025-05-29T08:00:00+00:00,2025-06-10T23:00:00+00:00,58104.0,58229.0,2025-06-03T13:00:00+00:00,2025-06-10T23:00:00+00:00,,,3403.23,3291.0844642857146,3627.521071428571,2.0,3403.23,9.182142857142805,Bull flag after impulsive advance,rule_candidate,pending
flag__2025-06-11__0058252,flag,1,forming,bullish,0.5354778771246708,200.0,flag/images/forming/2025/06/flag__2025-06-11__0058252.png,,2025-06-11,58053,58252,2025-05-30T08:00:00+00:00,2025-06-11T23:00:00+00:00,58127.0,58252.0,2025-06-04T13:00:00+00:00,2025-06-11T23:00:00+00:00,,,3375.5,3290.1307142857145,3546.238571428571,2.0,3375.5,12.997142857142794,Bull flag after impulsive advance,rule_candidate,pending
flag__2025-06-12__0058275,flag,0,no_pattern,neutral,0.0,,flag/images/no_pattern/2025/06/flag__2025-06-12__0058275.png,,2025-06-12,58076,58275,2025-06-02T08:00:00+00:00,2025-06-12T23:00:00+00:00,,,,,,,,,,,,,No rule-based candidate at this daily endpoint,rule_candidate,pending
flag__2025-06-13__0058298,flag,0,no_pattern,neutral,0.0,,flag/images/no_pattern/2025/06/flag__2025-06-13__0058298.png,,2025-06-13,58099,58298,2025-06-03T08:00:00+00:00,2025-06-13T23:00:00+00:00,,,,,,,,,,,,,No rule-based candidate at this daily endpoint,rule_candidate,pending
flag__2025-06-16__0058321,flag,1,forming,bullish,0.639551302395744,80.0,flag/images/forming/2025/06/flag__2025-06-16__0058321.png,,2025-06-16,58122,58321,2025-06-04T08:00:00+00:00,2025-06-16T23:00:00+00:00,58272.0,58321.0,2025-06-12T20:00:00+00:00,2025-06-16T23:00:00+00:00,,,3451.4,3379.865,3594.4700000000007,2.0,3451.4,10.500000000000032,Bull flag after impulsive advance,rule_candidate,pending
flag__2025-06-17__0058344,flag,1,forming,bullish,0.6899104225376563,120.0,flag/images/forming/2025/06/flag__2025-06-17__0058344.png,,2025-06-17,58145,58344,2025-06-05T08:00:00+00:00,2025-06-17T23:00:00+00:00,58269.0,58344.0,2025-06-12T17:00:00+00:00,2025-06-17T23:00:00+00:00,,,3451.4,3363.3216071428574,3627.5567857142855,2.0,3451.4,11.153571428571436,Bull flag after impulsive advance,rule_candidate,pending
flag__2025-06-18__0058367,flag,1,forming,bullish,0.6643622321695466,160.0,flag/images/forming/2025/06/flag__2025-06-18__0058367.png,,2025-06-18,58168,58367,2025-06-06T08:00:00+00:00,2025-06-18T23:00:00+00:00,58267.0,58367.0,2025-06-12T15:00:00+00:00,2025-06-18T23:00:00+00:00,,,3451.4,3359.879464285714,3634.441071428572,2.0,3451.4,10.082142857142799,Bull flag after impulsive advance,rule_candidate,pending
flag__2025-06-19__0058388,flag,1,forming,bullish,0.6741393895373983,200.0,flag/images/forming/2025/06/flag__2025-06-19__0058388.png,,2025-06-19,58189,58388,2025-06-09T06:00:00+00:00,2025-06-19T21:00:00+00:00,58263.0,58388.0,2025-06-12T11:00:00+00:00,2025-06-19T21:00:00+00:00,,,3451.4,3344.807857142857,3664.5842857142866,2.0,3451.4,10.32857142857139,Bull flag after impulsive advance,rule_candidate,pending
flag__2025-06-20__0058411,flag,1,forming,bullish,0.6712492604526034,200.0,flag/images/forming/2025/06/flag__2025-06-20__0058411.png,,2025-06-20,58212,58411,2025-06-10T06:00:00+00:00,2025-06-20T23:00:00+00:00,58286.0,58411.0,2025-06-13T11:00:00+00:00,2025-06-20T23:00:00+00:00,,,3403.11,3338.1142857142854,3533.1014285714296,2.0,3403.11,8.502857142857172,Bull flag after impulsive advance,rule_candidate,pending
flag__2025-06-23__0058434,flag,1,forming,bullish,0.5693828498000626,200.0,flag/images/forming/2025/06/flag__2025-06-23__0058434.png,,2025-06-23,58235,58434,2025-06-11T06:00:00+00:00,2025-06-23T23:00:00+00:00,58309.0,58434.0,2025-06-16T11:00:00+00:00,2025-06-23T23:00:00+00:00,,,3399.89,3337.2212499999996,3525.2275000000004,2.0,3399.89,12.074999999999916,Bull flag after impulsive advance,rule_candidate,pending
flag__2025-06-24__0058457,flag,0,no_pattern,neutral,0.0,,flag/images/no_pattern/2025/06/flag__2025-06-24__0058457.png,,2025-06-24,58258,58457,2025-06-12T06:00:00+00:00,2025-06-24T23:00:00+00:00,,,,,,,,,,,,,No rule-based candidate at this daily endpoint,rule_candidate,pending
flag__2025-06-25__0058480,flag,0,no_pattern,neutral,0.0,,flag/images/no_pattern/2025/06/flag__2025-06-25__0058480.png,,2025-06-25,58281,58480,2025-06-13T06:00:00+00:00,2025-06-25T23:00:00+00:00,,,,,,,,,,,,,No rule-based candidate at this daily endpoint,rule_candidate,pending
flag__2025-06-26__0058503,flag,0,no_pattern,neutral,0.0,,flag/images/no_pattern/2025/06/flag__2025-06-26__0058503.png,,2025-06-26,58304,58503,2025-06-16T06:00:00+00:00,2025-06-26T23:00:00+00:00,,,,,,,,,,,,,No rule-based candidate at this daily endpoint,rule_candidate,pending
flag__2025-06-27__0058526,flag,0,no_pattern,neutral,0.0,,flag/images/no_pattern/2025/06/flag__2025-06-27__0058526.png,,2025-06-27,58327,58526,2025-06-17T06:00:00+00:00,2025-06-27T23:00:00+00:00,,,,,,,,,,,,,No rule-based candidate at this daily endpoint,rule_candidate,pending
flag__2025-06-30__0058549,flag,0,no_pattern,neutral,0.0,,flag/images/no_pattern/2025/06/flag__2025-06-30__0058549.png,,2025-06-30,58350,58549,2025-06-18T06:00:00+00:00,2025-06-30T23:00:00+00:00,,,,,,,,,,,,,No rule-based candidate at this daily endpoint,rule_candidate,pending
flag__2025-07-01__0058572,flag,0,no_pattern,neutral,0.0,,flag/images/no_pattern/2025/07/flag__2025-07-01__0058572.png,,2025-07-01,58373,58572,2025-06-19T06:00:00+00:00,2025-07-01T23:00:00+00:00,,,,,,,,,,,,,No rule-based candidate at this daily endpoint,rule_candidate,pending
flag__2025-07-02__0058595,flag,0,no_pattern,neutral,0.0,,flag/images/no_pattern/2025/07/flag__2025-07-02__0058595.png,,2025-07-02,58396,58595,2025-06-20T08:00:00+00:00,2025-07-02T23:00:00+00:00,,,,,,,,,,,,,No rule-based candidate at this daily endpoint,rule_candidate,pending
flag__2025-07-03__0058618,flag,1,forming,bullish,0.5638997114371224,80.0,flag/images/forming/2025/07/flag__2025-07-03__0058618.png,,2025-07-03,58419,58618,2025-06-23T08:00:00+00:00,2025-07-03T23:00:00+00:00,58569.0,58618.0,2025-07-01T20:00:00+00:00,2025-07-03T23:00:00+00:00,,,3365.77,3308.772857142857,3479.764285714286,2.0,3365.77,10.78857142857149,Bull flag after impulsive advance,rule_candidate,pending
flag__2025-07-04__0058637,flag,1,forming,bullish,0.6107263842666875,100.0,flag/images/forming/2025/07/flag__2025-07-04__0058637.png,,2025-07-04,58438,58637,2025-06-24T04:00:00+00:00,2025-07-04T19:00:00+00:00,58575.0,58637.0,2025-07-02T03:00:00+00:00,2025-07-04T19:00:00+00:00,,,3365.77,3310.0330357142857,3477.2439285714286,2.0,3365.77,5.747857142857161,Bull flag after impulsive advance,rule_candidate,pending
flag__2025-07-07__0058660,flag,1,forming,bullish,0.5823920772692774,120.0,flag/images/forming/2025/07/flag__2025-07-07__0058660.png,,2025-07-07,58461,58660,2025-06-25T04:00:00+00:00,2025-07-07T23:00:00+00:00,58585.0,58660.0,2025-07-02T13:00:00+00:00,2025-07-07T23:00:00+00:00,,,3356.18,3294.1014285714286,3480.337142857142,2.0,3356.18,8.674285714285654,Bull flag after impulsive advance,rule_candidate,pending
flag__2025-07-08__0058683,flag,1,forming,bullish,0.5663622839458226,160.0,flag/images/forming/2025/07/flag__2025-07-08__0058683.png,,2025-07-08,58484,58683,2025-06-26T04:00:00+00:00,2025-07-08T23:00:00+00:00,58583.0,58683.0,2025-07-02T11:00:00+00:00,2025-07-08T23:00:00+00:00,,,3345.65,3284.7391071428574,3467.4717857142855,2.0,3345.65,8.963571428571413,Bull flag after impulsive advance,rule_candidate,pending
flag__2025-07-09__0058706,flag,1,forming,bullish,0.587117004801512,160.0,flag/images/forming/2025/07/flag__2025-07-09__0058706.png,,2025-07-09,58507,58706,2025-06-27T04:00:00+00:00,2025-07-09T23:00:00+00:00,58606.0,58706.0,2025-07-03T11:00:00+00:00,2025-07-09T23:00:00+00:00,,,3345.65,3280.4605357142855,3476.0289285714293,2.0,3345.65,8.397857142857188,Bull flag after impulsive advance,rule_candidate,pending
flag__2025-07-10__0058729,flag,1,forming,bullish,0.5313586205672538,200.0,flag/images/forming/2025/07/flag__2025-07-10__0058729.png,,2025-07-10,58530,58729,2025-06-30T04:00:00+00:00,2025-07-10T23:00:00+00:00,58604.0,58729.0,2025-07-03T09:00:00+00:00,2025-07-10T23:00:00+00:00,,,3345.65,3280.5358928571427,3475.878214285715,2.0,3345.65,8.096428571428532,Bull flag after impulsive advance,rule_candidate,pending
flag__2025-07-11__0058752,flag,0,no_pattern,neutral,0.0,,flag/images/no_pattern/2025/07/flag__2025-07-11__0058752.png,,2025-07-11,58553,58752,2025-07-01T04:00:00+00:00,2025-07-11T23:00:00+00:00,,,,,,,,,,,,,No rule-based candidate at this daily endpoint,rule_candidate,pending
flag__2025-07-14__0058775,flag,1,forming,bullish,0.6230879902123623,48.0,flag/images/forming/2025/07/flag__2025-07-14__0058775.png,,2025-07-14,58576,58775,2025-07-02T04:00:00+00:00,2025-07-14T23:00:00+00:00,58746.0,58775.0,2025-07-11T17:00:00+00:00,2025-07-14T23:00:00+00:00,,,3374.9,3338.871607142857,3446.956785714286,2.0,3374.9,8.073571428571475,Bull flag after impulsive advance,rule_candidate,pending
flag__2025-07-15__0058798,flag,1,forming,bullish,0.6120511219789446,100.0,flag/images/forming/2025/07/flag__2025-07-15__0058798.png,,2025-07-15,58599,58798,2025-07-03T04:00:00+00:00,2025-07-15T23:00:00+00:00,58736.0,58798.0,2025-07-11T07:00:00+00:00,2025-07-15T23:00:00+00:00,,,3374.9,3317.7132142857145,3489.2735714285714,2.0,3374.9,9.587142857142842,Bull flag after impulsive advance,rule_candidate,pending
flag__2025-07-16__0058821,flag,1,forming,bullish,0.6152268640234804,160.0,flag/images/forming/2025/07/flag__2025-07-16__0058821.png,,2025-07-16,58622,58821,2025-07-04T04:00:00+00:00,2025-07-16T23:00:00+00:00,58721.0,58821.0,2025-07-10T15:00:00+00:00,2025-07-16T23:00:00+00:00,,,3377.15,3316.7373214285712,3497.975357142858,2.0,3377.15,11.29071428571433,Bull flag after impulsive advance,rule_candidate,pending
flag__2025-07-17__0058844,flag,1,forming,bullish,0.6183444194551913,200.0,flag/images/forming/2025/07/flag__2025-07-17__0058844.png,,2025-07-17,58645,58844,2025-07-07T08:00:00+00:00,2025-07-17T23:00:00+00:00,58719.0,58844.0,2025-07-10T13:00:00+00:00,2025-07-17T23:00:00+00:00,,,3377.15,3307.788035714286,3515.8739285714287,2.0,3377.15,7.76785714285711,Bull flag after impulsive advance,rule_candidate,pending
flag__2025-07-18__0058867,flag,0,no_pattern,neutral,0.0,,flag/images/no_pattern/2025/07/flag__2025-07-18__0058867.png,,2025-07-18,58668,58867,2025-07-08T08:00:00+00:00,2025-07-18T23:00:00+00:00,,,,,,,,,,,,,No rule-based candidate at this daily endpoint,rule_candidate,pending
flag__2025-07-21__0058890,flag,0,no_pattern,neutral,0.0,,flag/images/no_pattern/2025/07/flag__2025-07-21__0058890.png,,2025-07-21,58691,58890,2025-07-09T08:00:00+00:00,2025-07-21T23:00:00+00:00,,,,,,,,,,,,,No rule-based candidate at this daily endpoint,rule_candidate,pending
flag__2025-07-22__0058913,flag,0,no_pattern,neutral,0.0,,flag/images/no_pattern/2025/07/flag__2025-07-22__0058913.png,,2025-07-22,58714,58913,2025-07-10T08:00:00+00:00,2025-07-22T23:00:00+00:00,,,,,,,,,,,,,No rule-based candidate at this daily endpoint,rule_candidate,pending
flag__2025-07-23__0058936,flag,1,forming,bullish,0.6632542828403493,64.0,flag/images/forming/2025/07/flag__2025-07-23__0058936.png,,2025-07-23,58737,58936,2025-07-11T08:00:00+00:00,2025-07-23T23:00:00+00:00,58897.0,58936.0,2025-07-22T07:00:00+00:00,2025-07-23T23:00:00+00:00,,,3438.9,3378.930714285714,3558.838571428572,2.0,3438.9,9.717142857142822,Bull flag after impulsive advance,rule_candidate,pending
flag__2025-07-24__0058959,flag,1,forming,bullish,0.7036278146500897,120.0,flag/images/forming/2025/07/flag__2025-07-24__0058959.png,,2025-07-24,58760,58959,2025-07-14T08:00:00+00:00,2025-07-24T23:00:00+00:00,58884.0,58959.0,2025-07-21T17:00:00+00:00,2025-07-24T23:00:00+00:00,,,3438.9,3349.201071428571,3618.297857142858,2.0,3438.9,8.155714285714273,Bull flag after impulsive advance,rule_candidate,pending
flag__2025-07-25__0058982,flag,0,no_pattern,neutral,0.0,,flag/images/no_pattern/2025/07/flag__2025-07-25__0058982.png,,2025-07-25,58783,58982,2025-07-15T08:00:00+00:00,2025-07-25T23:00:00+00:00,,,,,,,,,,,,,No rule-based candidate at this daily endpoint,rule_candidate,pending
flag__2025-07-28__0059005,flag,0,no_pattern,neutral,0.0,,flag/images/no_pattern/2025/07/flag__2025-07-28__0059005.png,,2025-07-28,58806,59005,2025-07-16T08:00:00+00:00,2025-07-28T23:00:00+00:00,,,,,,,,,,,,,No rule-based candidate at this daily endpoint,rule_candidate,pending
flag__2025-07-29__0059028,flag,0,no_pattern,neutral,0.0,,flag/images/no_pattern/2025/07/flag__2025-07-29__0059028.png,,2025-07-29,58829,59028,2025-07-17T08:00:00+00:00,2025-07-29T23:00:00+00:00,,,,,,,,,,,,,No rule-based candidate at this daily endpoint,rule_candidate,pending
flag__2025-07-30__0059051,flag,0,no_pattern,neutral,0.0,,flag/images/no_pattern/2025/07/flag__2025-07-30__0059051.png,,2025-07-30,58852,59051,2025-07-18T08:00:00+00:00,2025-07-30T23:00:00+00:00,,,,,,,,,,,,,No rule-based candidate at this daily endpoint,rule_candidate,pending
flag__2025-07-31__0059074,flag,0,no_pattern,neutral,0.0,,flag/images/no_pattern/2025/07/flag__2025-07-31__0059074.png,,2025-07-31,58875,59074,2025-07-21T08:00:00+00:00,2025-07-31T23:00:00+00:00,,,,,,,,,,,,,No rule-based candidate at this daily endpoint,rule_candidate,pending
flag__2025-08-01__0059097,flag,0,no_pattern,neutral,0.0,,flag/images/no_pattern/2025/08/flag__2025-08-01__0059097.png,,2025-08-01,58898,59097,2025-07-22T08:00:00+00:00,2025-08-01T23:00:00+00:00,,,,,,,,,,,,,No rule-based candidate at this daily endpoint,rule_candidate,pending
flag__2025-08-04__0059120,flag,0,no_pattern,neutral,0.0,,flag/images/no_pattern/2025/08/flag__2025-08-04__0059120.png,,2025-08-04,58921,59120,2025-07-23T08:00:00+00:00,2025-08-04T23:00:00+00:00,,,,,,,,,,,,,No rule-based candidate at this daily endpoint,rule_candidate,pending
flag__2025-08-05__0059143,flag,0,no_pattern,neutral,0.0,,flag/images/no_pattern/2025/08/flag__2025-08-05__0059143.png,,2025-08-05,58944,59143,2025-07-24T08:00:00+00:00,2025-08-05T23:00:00+00:00,,,,,,,,,,,,,No rule-based candidate at this daily endpoint,rule_candidate,pending
flag__2025-08-06__0059166,flag,1,forming,bullish,0.5317018627665996,120.0,flag/images/forming/2025/08/flag__2025-08-06__0059166.png,,2025-08-06,58967,59166,2025-07-25T08:00:00+00:00,2025-08-06T23:00:00+00:00,59091.0,59166.0,2025-08-01T17:00:00+00:00,2025-08-06T23:00:00+00:00,,,3390.29,3347.7946428571427,3475.2807142857146,2.0,3390.29,7.4614285714285415,Bull flag after impulsive advance,rule_candidate,pending
flag__2025-08-07__0059189,flag,0,no_pattern,neutral,0.0,,flag/images/no_pattern/2025/08/flag__2025-08-07__0059189.png,,2025-08-07,58990,59189,2025-07-28T08:00:00+00:00,2025-08-07T23:00:00+00:00,,,,,,,,,,,,,No rule-based candidate at this daily endpoint,rule_candidate,pending
flag__2025-08-08__0059212,flag,0,no_pattern,neutral,0.0,,flag/images/no_pattern/2025/08/flag__2025-08-08__0059212.png,,2025-08-08,59013,59212,2025-07-29T08:00:00+00:00,2025-08-08T23:00:00+00:00,,,,,,,,,,,,,No rule-based candidate at this daily endpoint,rule_candidate,pending
flag__2025-08-11__0059235,flag,1,forming,bullish,0.5665413853151668,160.0,flag/images/forming/2025/08/flag__2025-08-11__0059235.png,,2025-08-11,59036,59235,2025-07-30T08:00:00+00:00,2025-08-11T23:00:00+00:00,59135.0,59235.0,2025-08-05T15:00:00+00:00,2025-08-11T23:00:00+00:00,,,3408.48,3338.5064285714284,3548.4271428571433,2.0,3408.48,10.534285714285716,Bull flag after impulsive advance,rule_candidate,pending
flag__2025-08-12__0059258,flag,1,forming,bullish,0.6538396213919538,200.0,flag/images/forming/2025/08/flag__2025-08-12__0059258.png,,2025-08-12,59059,59258,2025-07-31T08:00:00+00:00,2025-08-12T23:00:00+00:00,59133.0,59258.0,2025-08-05T13:00:00+00:00,2025-08-12T23:00:00+00:00,,,3408.48,3328.3775,3568.685,2.0,3408.48,10.409999999999952,Bull flag after impulsive advance,rule_candidate,pending
flag__2025-08-13__0059281,flag,1,forming,bullish,0.6421673845879003,200.0,flag/images/forming/2025/08/flag__2025-08-13__0059281.png,,2025-08-13,59082,59281,2025-08-01T08:00:00+00:00,2025-08-13T23:00:00+00:00,59156.0,59281.0,2025-08-06T13:00:00+00:00,2025-08-13T23:00:00+00:00,,,3404.72,3329.1776785714287,3555.804642857142,2.0,3404.72,7.20928571428567,Bull flag after impulsive advance,rule_candidate,pending
flag__2025-08-14__0059304,flag,0,no_pattern,neutral,0.0,,flag/images/no_pattern/2025/08/flag__2025-08-14__0059304.png,,2025-08-14,59105,59304,2025-08-04T08:00:00+00:00,2025-08-14T23:00:00+00:00,,,,,,,,,,,,,No rule-based candidate at this daily endpoint,rule_candidate,pending
flag__2025-08-15__0059327,flag,0,no_pattern,neutral,0.0,,flag/images/no_pattern/2025/08/flag__2025-08-15__0059327.png,,2025-08-15,59128,59327,2025-08-05T08:00:00+00:00,2025-08-15T23:00:00+00:00,,,,,,,,,,,,,No rule-based candidate at this daily endpoint,rule_candidate,pending
flag__2025-08-18__0059350,flag,0,no_pattern,neutral,0.0,,flag/images/no_pattern/2025/08/flag__2025-08-18__0059350.png,,2025-08-18,59151,59350,2025-08-06T08:00:00+00:00,2025-08-18T23:00:00+00:00,,,,,,,,,,,,,No rule-based candidate at this daily endpoint,rule_candidate,pending
flag__2025-08-19__0059373,flag,0,no_pattern,neutral,0.0,,flag/images/no_pattern/2025/08/flag__2025-08-19__0059373.png,,2025-08-19,59174,59373,2025-08-07T08:00:00+00:00,2025-08-19T23:00:00+00:00,,,,,,,,,,,,,No rule-based candidate at this daily endpoint,rule_candidate,pending
flag__2025-08-20__0059396,flag,0,no_pattern,neutral,0.0,,flag/images/no_pattern/2025/08/flag__2025-08-20__0059396.png,,2025-08-20,59197,59396,2025-08-08T08:00:00+00:00,2025-08-20T23:00:00+00:00,,,,,,,,,,,,,No rule-based candidate at this daily endpoint,rule_candidate,pending
flag__2025-08-21__0059419,flag,1,forming,bullish,0.5471514007800685,48.0,flag/images/forming/2025/08/flag__2025-08-21__0059419.png,,2025-08-21,59220,59419,2025-08-11T08:00:00+00:00,2025-08-21T23:00:00+00:00,59390.0,59419.0,2025-08-20T17:00:00+00:00,2025-08-21T23:00:00+00:00,,,3349.43,3323.2801785714287,3401.729642857142,2.0,3349.43,6.999285714285699,Bull flag after impulsive advance,rule_candidate,pending
flag__2025-08-22__0059442,flag,0,no_pattern,neutral,0.0,,flag/images/no_pattern/2025/08/flag__2025-08-22__0059442.png,,2025-08-22,59243,59442,2025-08-12T08:00:00+00:00,2025-08-22T23:00:00+00:00,,,,,,,,,,,,,No rule-based candidate at this daily endpoint,rule_candidate,pending
flag__2025-08-25__0059465,flag,1,forming,bullish,0.5302695046538827,64.0,flag/images/forming/2025/08/flag__2025-08-25__0059465.png,,2025-08-25,59266,59465,2025-08-13T08:00:00+00:00,2025-08-25T23:00:00+00:00,59426.0,59465.0,2025-08-22T07:00:00+00:00,2025-08-25T23:00:00+00:00,,,3378.65,3358.47,3419.0100000000007,2.0,3378.65,4.759999999999926,Bull flag after impulsive advance,rule_candidate,pending
flag__2025-08-26__0059488,flag,0,no_pattern,neutral,0.0,,flag/images/no_pattern/2025/08/flag__2025-08-26__0059488.png,,2025-08-26,59289,59488,2025-08-14T08:00:00+00:00,2025-08-26T23:00:00+00:00,,,,,,,,,,,,,No rule-based candidate at this daily endpoint,rule_candidate,pending
flag__2025-08-27__0059511,flag,0,no_pattern,neutral,0.0,,flag/images/no_pattern/2025/08/flag__2025-08-27__0059511.png,,2025-08-27,59312,59511,2025-08-15T08:00:00+00:00,2025-08-27T23:00:00+00:00,,,,,,,,,,,,,No rule-based candidate at this daily endpoint,rule_candidate,pending
flag__2025-08-28__0059534,flag,0,no_pattern,neutral,0.0,,flag/images/no_pattern/2025/08/flag__2025-08-28__0059534.png,,2025-08-28,59335,59534,2025-08-18T08:00:00+00:00,2025-08-28T23:00:00+00:00,,,,,,,,,,,,,No rule-based candidate at this daily endpoint,rule_candidate,pending
flag__2025-08-29__0059557,flag,0,no_pattern,neutral,0.0,,flag/images/no_pattern/2025/08/flag__2025-08-29__0059557.png,,2025-08-29,59358,59557,2025-08-19T08:00:00+00:00,2025-08-29T23:00:00+00:00,,,,,,,,,,,,,No rule-based candidate at this daily endpoint,rule_candidate,pending
flag__2025-09-01__0059578,flag,0,no_pattern,neutral,0.0,,flag/images/no_pattern/2025/09/flag__2025-09-01__0059578.png,,2025-09-01,59379,59578,2025-08-20T06:00:00+00:00,2025-09-01T21:00:00+00:00,,,,,,,,,,,,,No rule-based candidate at this daily endpoint,rule_candidate,pending
flag__2025-09-02__0059601,flag,0,no_pattern,neutral,0.0,,flag/images/no_pattern/2025/09/flag__2025-09-02__0059601.png,,2025-09-02,59402,59601,2025-08-21T06:00:00+00:00,2025-09-02T23:00:00+00:00,,,,,,,,,,,,,No rule-based candidate at this daily endpoint,rule_candidate,pending
flag__2025-09-03__0059624,flag,0,no_pattern,neutral,0.0,,flag/images/no_pattern/2025/09/flag__2025-09-03__0059624.png,,2025-09-03,59425,59624,2025-08-22T06:00:00+00:00,2025-09-03T23:00:00+00:00,,,,,,,,,,,,,No rule-based candidate at this daily endpoint,rule_candidate,pending
flag__2025-09-04__0059647,flag,1,forming,bullish,0.5811184269298169,64.0,flag/images/forming/2025/09/flag__2025-09-04__0059647.png,,2025-09-04,59448,59647,2025-08-25T06:00:00+00:00,2025-09-04T23:00:00+00:00,59608.0,59647.0,2025-09-03T07:00:00+00:00,2025-09-04T23:00:00+00:00,,,3578.29,3508.0751785714288,3718.7196428571424,2.0,3578.29,9.779285714285768,Bull flag after impulsive advance,rule_candidate,pending
flag__2025-09-05__0059670,flag,0,no_pattern,neutral,0.0,,flag/images/no_pattern/2025/09/flag__2025-09-05__0059670.png,,2025-09-05,59471,59670,2025-08-26T06:00:00+00:00,2025-09-05T23:00:00+00:00,,,,,,,,,,,,,No rule-based candidate at this daily endpoint,rule_candidate,pending
flag__2025-09-08__0059693,flag,0,no_pattern,neutral,0.0,,flag/images/no_pattern/2025/09/flag__2025-09-08__0059693.png,,2025-09-08,59494,59693,2025-08-27T06:00:00+00:00,2025-09-08T23:00:00+00:00,,,,,,,,,,,,,No rule-based candidate at this daily endpoint,rule_candidate,pending
flag__2025-09-09__0059716,flag,1,forming,bullish,0.5427360674597562,48.0,flag/images/forming/2025/09/flag__2025-09-09__0059716.png,,2025-09-09,59517,59716,2025-08-28T06:00:00+00:00,2025-09-09T23:00:00+00:00,59687.0,59716.0,2025-09-08T17:00:00+00:00,2025-09-09T23:00:00+00:00,,,3674.51,3622.985357142857,3777.5592857142865,2.0,3674.51,12.058571428571375,Bull flag after impulsive advance,rule_candidate,pending
flag__2025-09-10__0059739,flag,1,forming,bullish,0.5316488217852287,100.0,flag/images/forming/2025/09/flag__2025-09-10__0059739.png,,2025-09-10,59540,59739,2025-08-29T06:00:00+00:00,2025-09-10T23:00:00+00:00,59677.0,59739.0,2025-09-08T07:00:00+00:00,2025-09-10T23:00:00+00:00,,,3674.51,3617.9301785714288,3787.669642857143,2.0,3674.51,8.71928571428579,Bull flag after impulsive advance,rule_candidate,pending
flag__2025-09-11__0059762,flag,1,forming,bullish,0.6478877447387286,80.0,flag/images/forming/2025/09/flag__2025-09-11__0059762.png,,2025-09-11,59563,59762,2025-09-01T06:00:00+00:00,2025-09-11T23:00:00+00:00,59713.0,59762.0,2025-09-09T20:00:00+00:00,2025-09-11T23:00:00+00:00,,,3657.41,3610.13,3751.9699999999993,2.0,3657.41,10.039999999999964,Bull flag after impulsive advance,rule_candidate,pending
flag__2025-09-12__0059785,flag,1,forming,bullish,0.5319335144009422,200.0,flag/images/forming/2025/09/flag__2025-09-12__0059785.png,,2025-09-12,59586,59785,2025-09-02T08:00:00+00:00,2025-09-12T23:00:00+00:00,59660.0,59785.0,2025-09-05T13:00:00+00:00,2025-09-12T23:00:00+00:00,,,3674.51,3610.976964285714,3816.36,2.2326967129024387,3674.51,6.652142857142962,Bull flag after impulsive advance,rule_candidate,pending
flag__2025-09-15__0059808,flag,0,no_pattern,neutral,0.0,,flag/images/no_pattern/2025/09/flag__2025-09-15__0059808.png,,2025-09-15,59609,59808,2025-09-03T08:00:00+00:00,2025-09-15T23:00:00+00:00,,,,,,,,,,,,,No rule-based candidate at this daily endpoint,rule_candidate,pending
flag__2025-09-16__0059831,flag,0,no_pattern,neutral,0.0,,flag/images/no_pattern/2025/09/flag__2025-09-16__0059831.png,,2025-09-16,59632,59831,2025-09-04T08:00:00+00:00,2025-09-16T23:00:00+00:00,,,,,,,,,,,,,No rule-based candidate at this daily endpoint,rule_candidate,pending
flag__2025-09-17__0059854,flag,1,forming,bullish,0.5901419936934028,100.0,flag/images/forming/2025/09/flag__2025-09-17__0059854.png,,2025-09-17,59655,59854,2025-09-05T08:00:00+00:00,2025-09-17T23:00:00+00:00,59792.0,59854.0,2025-09-15T07:00:00+00:00,2025-09-17T23:00:00+00:00,,,3707.32,3642.7525,3836.4550000000004,2.0,3707.32,12.910000000000016,Bull flag after impulsive advance,rule_candidate,pending
flag__2025-09-18__0059877,flag,1,forming,bullish,0.5313061989650895,200.0,flag/images/forming/2025/09/flag__2025-09-18__0059877.png,,2025-09-18,59678,59877,2025-09-08T08:00:00+00:00,2025-09-18T23:00:00+00:00,59752.0,59877.0,2025-09-11T13:00:00+00:00,2025-09-18T23:00:00+00:00,,,3707.32,3623.945892857143,3874.0682142857145,2.0,3707.32,10.296428571428512,Bull flag after impulsive advance,rule_candidate,pending
flag__2025-09-19__0059900,flag,1,forming,bullish,0.6204356035865464,200.0,flag/images/forming/2025/09/flag__2025-09-19__0059900.png,,2025-09-19,59701,59900,2025-09-09T08:00:00+00:00,2025-09-19T23:00:00+00:00,59775.0,59900.0,2025-09-12T13:00:00+00:00,2025-09-19T23:00:00+00:00,,,3707.32,3625.612857142857,3870.734285714286,2.0,3707.32,8.708571428571402,Bull flag after impulsive advance,rule_candidate,pending
flag__2025-09-22__0059923,flag,0,no_pattern,neutral,0.0,,flag/images/no_pattern/2025/09/flag__2025-09-22__0059923.png,,2025-09-22,59724,59923,2025-09-10T08:00:00+00:00,2025-09-22T23:00:00+00:00,,,,,,,,,,,,,No rule-based candidate at this daily endpoint,rule_candidate,pending
flag__2025-09-23__0059946,flag,0,no_pattern,neutral,0.0,,flag/images/no_pattern/2025/09/flag__2025-09-23__0059946.png,,2025-09-23,59747,59946,2025-09-11T08:00:00+00:00,2025-09-23T23:00:00+00:00,,,,,,,,,,,,,No rule-based candidate at this daily endpoint,rule_candidate,pending
flag__2025-09-24__0059969,flag,1,forming,bullish,0.655888100432622,80.0,flag/images/forming/2025/09/flag__2025-09-24__0059969.png,,2025-09-24,59770,59969,2025-09-12T08:00:00+00:00,2025-09-24T23:00:00+00:00,59920.0,59969.0,2025-09-22T20:00:00+00:00,2025-09-24T23:00:00+00:00,,,3790.98,3714.659642857143,3943.6207142857143,2.0,3790.98,10.921428571428578,Bull flag after impulsive advance,rule_candidate,pending
flag__2025-09-25__0059992,flag,1,forming,bullish,0.6314446650932379,120.0,flag/images/forming/2025/09/flag__2025-09-25__0059992.png,,2025-09-25,59793,59992,2025-09-15T08:00:00+00:00,2025-09-25T23:00:00+00:00,59917.0,59992.0,2025-09-22T17:00:00+00:00,2025-09-25T23:00:00+00:00,,,3788.65,3713.9592857142857,3938.031428571429,2.0,3788.65,13.722857142857103,Bull flag after impulsive advance,rule_candidate,pending
flag__2025-09-26__0060015,flag,1,forming,bullish,0.5436366461821206,200.0,flag/images/forming/2025/09/flag__2025-09-26__0060015.png,,2025-09-26,59816,60015,2025-09-16T08:00:00+00:00,2025-09-26T23:00:00+00:00,59890.0,60015.0,2025-09-19T13:00:00+00:00,2025-09-26T23:00:00+00:00,,,3790.98,3714.6598214285714,3943.6203571428573,2.0,3790.98,10.920714285714277,Bull flag after impulsive advance,rule_candidate,pending
flag__2025-09-29__0060038,flag,0,no_pattern,neutral,0.0,,flag/images/no_pattern/2025/09/flag__2025-09-29__0060038.png,,2025-09-29,59839,60038,2025-09-17T08:00:00+00:00,2025-09-29T23:00:00+00:00,,,,,,,,,,,,,No rule-based candidate at this daily endpoint,rule_candidate,pending
flag__2025-09-30__0060061,flag,1,forming,bullish,0.5302139575483721,48.0,flag/images/forming/2025/09/flag__2025-09-30__0060061.png,,2025-09-30,59862,60061,2025-09-18T08:00:00+00:00,2025-09-30T23:00:00+00:00,60032.0,60061.0,2025-09-29T17:00:00+00:00,2025-09-30T23:00:00+00:00,,,3871.64,3788.4582142857143,4038.003571428571,2.0,3871.64,18.167142857142835,Bull flag after impulsive advance,rule_candidate,pending
flag__2025-10-01__0060084,flag,0,no_pattern,neutral,0.0,,flag/images/no_pattern/2025/10/flag__2025-10-01__0060084.png,,2025-10-01,59885,60084,2025-09-19T08:00:00+00:00,2025-10-01T23:00:00+00:00,,,,,,,,,,,,,No rule-based candidate at this daily endpoint,rule_candidate,pending
flag__2025-10-02__0060107,flag,1,forming,bullish,0.5896623825409025,80.0,flag/images/forming/2025/10/flag__2025-10-02__0060107.png,,2025-10-02,59908,60107,2025-09-22T08:00:00+00:00,2025-10-02T23:00:00+00:00,60058.0,60107.0,2025-09-30T20:00:00+00:00,2025-10-02T23:00:00+00:00,,,3896.7,3815.4782142857143,4059.143571428571,2.0,3896.7,14.88714285714283,Bull flag after impulsive advance,rule_candidate,pending
flag__2025-10-03__0060130,flag,0,no_pattern,neutral,0.0,,flag/images/no_pattern/2025/10/flag__2025-10-03__0060130.png,,2025-10-03,59931,60130,2025-09-23T08:00:00+00:00,2025-10-03T23:00:00+00:00,,,,,,,,,,,,,No rule-based candidate at this daily endpoint,rule_candidate,pending
flag__2025-10-06__0060153,flag,0,no_pattern,neutral,0.0,,flag/images/no_pattern/2025/10/flag__2025-10-06__0060153.png,,2025-10-06,59954,60153,2025-09-24T08:00:00+00:00,2025-10-06T23:00:00+00:00,,,,,,,,,,,,,No rule-based candidate at this daily endpoint,rule_candidate,pending
flag__2025-10-07__0060176,flag,0,no_pattern,neutral,0.0,,flag/images/no_pattern/2025/10/flag__2025-10-07__0060176.png,,2025-10-07,59977,60176,2025-09-25T08:00:00+00:00,2025-10-07T23:00:00+00:00,,,,,,,,,,,,,No rule-based candidate at this daily endpoint,rule_candidate,pending
flag__2025-10-08__0060199,flag,0,no_pattern,neutral,0.0,,flag/images/no_pattern/2025/10/flag__2025-10-08__0060199.png,,2025-10-08,60000,60199,2025-09-26T08:00:00+00:00,2025-10-08T23:00:00+00:00,,,,,,,,,,,,,No rule-based candidate at this daily endpoint,rule_candidate,pending
flag__2025-10-09__0060222,flag,1,forming,bullish,0.5485156491296023,100.0,flag/images/forming/2025/10/flag__2025-10-09__0060222.png,,2025-10-09,60023,60222,2025-09-29T08:00:00+00:00,2025-10-09T23:00:00+00:00,60160.0,60222.0,2025-10-07T07:00:00+00:00,2025-10-09T23:00:00+00:00,,,4059.08,3939.2605357142857,4298.7189285714285,2.0,4059.08,20.757857142857183,Bull flag after impulsive advance,rule_candidate,pending
flag__2025-10-10__0060245,flag,1,forming,bullish,0.6290884124730635,120.0,flag/images/forming/2025/10/flag__2025-10-10__0060245.png,,2025-10-10,60046,60245,2025-09-30T08:00:00+00:00,2025-10-10T23:00:00+00:00,60170.0,60245.0,2025-10-07T17:00:00+00:00,2025-10-10T23:00:00+00:00,,,4059.08,3939.3180357142855,4298.603928571429,2.0,4059.08,20.527857142857133,Bull flag after impulsive advance,rule_candidate,pending
flag__2025-10-13__0060268,flag,0,no_pattern,neutral,0.0,,flag/images/no_pattern/2025/10/flag__2025-10-13__0060268.png,,2025-10-13,60069,60268,2025-10-01T08:00:00+00:00,2025-10-13T23:00:00+00:00,,,,,,,,,,,,,No rule-based candidate at this daily endpoint,rule_candidate,pending
flag__2025-10-14__0060291,flag,0,no_pattern,neutral,0.0,,flag/images/no_pattern/2025/10/flag__2025-10-14__0060291.png,,2025-10-14,60092,60291,2025-10-02T08:00:00+00:00,2025-10-14T23:00:00+00:00,,,,,,,,,,,,,No rule-based candidate at this daily endpoint,rule_candidate,pending
flag__2025-10-15__0060314,flag,0,no_pattern,neutral,0.0,,flag/images/no_pattern/2025/10/flag__2025-10-15__0060314.png,,2025-10-15,60115,60314,2025-10-03T08:00:00+00:00,2025-10-15T23:00:00+00:00,,,,,,,,,,,,,No rule-based candidate at this daily endpoint,rule_candidate,pending
flag__2025-10-16__0060337,flag,0,no_pattern,neutral,0.0,,flag/images/no_pattern/2025/10/flag__2025-10-16__0060337.png,,2025-10-16,60138,60337,2025-10-06T08:00:00+00:00,2025-10-16T23:00:00+00:00,,,,,,,,,,,,,No rule-based candidate at this daily endpoint,rule_candidate,pending
flag__2025-10-17__0060360,flag,1,forming,bullish,0.5851855691659491,64.0,flag/images/forming/2025/10/flag__2025-10-17__0060360.png,,2025-10-17,60161,60360,2025-10-07T08:00:00+00:00,2025-10-17T23:00:00+00:00,60321.0,60360.0,2025-10-16T07:00:00+00:00,2025-10-17T23:00:00+00:00,,,4379.96,4176.96375,4785.9525,2.0,4379.96,36.90500000000007,Bull flag after impulsive advance,rule_candidate,pending
flag__2025-10-20__0060383,flag,1,forming,bullish,0.5342809783375627,100.0,flag/images/forming/2025/10/flag__2025-10-20__0060383.png,,2025-10-20,60184,60383,2025-10-08T08:00:00+00:00,2025-10-20T23:00:00+00:00,60321.0,60383.0,2025-10-16T07:00:00+00:00,2025-10-20T23:00:00+00:00,,,4381.35,4180.115357142857,4783.819285714288,2.0,4381.35,24.298571428571254,Bull flag after impulsive advance,rule_candidate,pending
flag__2025-10-21__0060406,flag,1,forming,bullish,0.5702942206697864,160.0,flag/images/forming/2025/10/flag__2025-10-21__0060406.png,,2025-10-21,60207,60406,2025-10-09T08:00:00+00:00,2025-10-21T23:00:00+00:00,60306.0,60406.0,2025-10-15T15:00:00+00:00,2025-10-21T23:00:00+00:00,,,4381.35,4072.05125,4999.947500000001,2.0,4381.35,39.59499999999999,Bull flag after impulsive advance,rule_candidate,pending
flag__2025-10-22__0060429,flag,0,no_pattern,neutral,0.0,,flag/images/no_pattern/2025/10/flag__2025-10-22__0060429.png,,2025-10-22,60230,60429,2025-10-10T08:00:00+00:00,2025-10-22T23:00:00+00:00,,,,,,,,,,,,,No rule-based candidate at this daily endpoint,rule_candidate,pending
flag__2025-10-23__0060452,flag,0,no_pattern,neutral,0.0,,flag/images/no_pattern/2025/10/flag__2025-10-23__0060452.png,,2025-10-23,60253,60452,2025-10-13T08:00:00+00:00,2025-10-23T23:00:00+00:00,,,,,,,,,,,,,No rule-based candidate at this daily endpoint,rule_candidate,pending
flag__2025-10-24__0060475,flag,0,no_pattern,neutral,0.0,,flag/images/no_pattern/2025/10/flag__2025-10-24__0060475.png,,2025-10-24,60276,60475,2025-10-14T08:00:00+00:00,2025-10-24T23:00:00+00:00,,,,,,,,,,,,,No rule-based candidate at this daily endpoint,rule_candidate,pending
flag__2025-10-27__0060498,flag,0,no_pattern,neutral,0.0,,flag/images/no_pattern/2025/10/flag__2025-10-27__0060498.png,,2025-10-27,60299,60498,2025-10-15T08:00:00+00:00,2025-10-27T22:00:00+00:00,,,,,,,,,,,,,No rule-based candidate at this daily endpoint,rule_candidate,pending
flag__2025-10-28__0060521,flag,0,no_pattern,neutral,0.0,,flag/images/no_pattern/2025/10/flag__2025-10-28__0060521.png,,2025-10-28,60322,60521,2025-10-16T08:00:00+00:00,2025-10-28T22:00:00+00:00,,,,,,,,,,,,,No rule-based candidate at this daily endpoint,rule_candidate,pending
flag__2025-10-29__0060544,flag,0,no_pattern,neutral,0.0,,flag/images/no_pattern/2025/10/flag__2025-10-29__0060544.png,,2025-10-29,60345,60544,2025-10-17T08:00:00+00:00,2025-10-29T22:00:00+00:00,,,,,,,,,,,,,No rule-based candidate at this daily endpoint,rule_candidate,pending
flag__2025-10-30__0060567,flag,0,no_pattern,neutral,0.0,,flag/images/no_pattern/2025/10/flag__2025-10-30__0060567.png,,2025-10-30,60368,60567,2025-10-20T08:00:00+00:00,2025-10-30T22:00:00+00:00,,,,,,,,,,,,,No rule-based candidate at this daily endpoint,rule_candidate,pending
flag__2025-10-31__0060590,flag,1,forming,bullish,0.5824756097592252,48.0,flag/images/forming/2025/10/flag__2025-10-31__0060590.png,,2025-10-31,60391,60590,2025-10-21T08:00:00+00:00,2025-10-31T22:00:00+00:00,60561.0,60590.0,2025-10-30T16:00:00+00:00,2025-10-31T22:00:00+00:00,,,4042.96,3967.65375,4193.5725,2.0,4042.96,18.784999999999986,Bull flag after impulsive advance,rule_candidate,pending
flag__2025-11-03__0060613,flag,1,forming,bullish,0.5349746130953061,100.0,flag/images/forming/2025/11/flag__2025-11-03__0060613.png,,2025-11-03,60414,60613,2025-10-22T08:00:00+00:00,2025-11-03T23:00:00+00:00,60551.0,60613.0,2025-10-30T06:00:00+00:00,2025-11-03T23:00:00+00:00,,,4042.96,3958.6319642857143,4211.616071428572,2.0,4042.96,15.512142857142928,Bull flag after impulsive advance,rule_candidate,pending
flag__2025-11-04__0060636,flag,0,no_pattern,neutral,0.0,,flag/images/no_pattern/2025/11/flag__2025-11-04__0060636.png,,2025-11-04,60437,60636,2025-10-23T08:00:00+00:00,2025-11-04T23:00:00+00:00,,,,,,,,,,,,,No rule-based candidate at this daily endpoint,rule_candidate,pending
flag__2025-11-05__0060659,flag,0,no_pattern,neutral,0.0,,flag/images/no_pattern/2025/11/flag__2025-11-05__0060659.png,,2025-11-05,60460,60659,2025-10-24T08:00:00+00:00,2025-11-05T23:00:00+00:00,,,,,,,,,,,,,No rule-based candidate at this daily endpoint,rule_candidate,pending
flag__2025-11-06__0060682,flag,1,forming,bullish,0.5304754494294579,48.0,flag/images/forming/2025/11/flag__2025-11-06__0060682.png,,2025-11-06,60483,60682,2025-10-27T07:00:00+00:00,2025-11-06T23:00:00+00:00,60653.0,60682.0,2025-11-05T17:00:00+00:00,2025-11-06T23:00:00+00:00,,,4019.48,3961.221964285714,4135.996071428572,1.9999999999999922,4019.48,12.752142857142871,Bull flag after impulsive advance,rule_candidate,pending
flag__2025-11-07__0060705,flag,0,no_pattern,neutral,0.0,,flag/images/no_pattern/2025/11/flag__2025-11-07__0060705.png,,2025-11-07,60506,60705,2025-10-28T07:00:00+00:00,2025-11-07T23:00:00+00:00,,,,,,,,,,,,,No rule-based candidate at this daily endpoint,rule_candidate,pending
flag__2025-11-10__0060728,flag,0,no_pattern,neutral,0.0,,flag/images/no_pattern/2025/11/flag__2025-11-10__0060728.png,,2025-11-10,60529,60728,2025-10-29T07:00:00+00:00,2025-11-10T23:00:00+00:00,,,,,,,,,,,,,No rule-based candidate at this daily endpoint,rule_candidate,pending
flag__2025-11-11__0060751,flag,1,forming,bullish,0.5972893987525106,48.0,flag/images/forming/2025/11/flag__2025-11-11__0060751.png,,2025-11-11,60552,60751,2025-10-30T07:00:00+00:00,2025-11-11T23:00:00+00:00,60722.0,60751.0,2025-11-10T17:00:00+00:00,2025-11-11T23:00:00+00:00,,,4148.94,4093.9821428571427,4264.859999999999,2.109252544157204,4148.94,11.871428571428623,Bull flag after impulsive advance,rule_candidate,pending
flag__2025-11-12__0060774,flag,0,no_pattern,neutral,0.0,,flag/images/no_pattern/2025/11/flag__2025-11-12__0060774.png,,2025-11-12,60575,60774,2025-10-31T07:00:00+00:00,2025-11-12T23:00:00+00:00,,,,,,,,,,,,,No rule-based candidate at this daily endpoint,rule_candidate,pending
flag__2025-11-13__0060797,flag,1,forming,bullish,0.5688138337964445,48.0,flag/images/forming/2025/11/flag__2025-11-13__0060797.png,,2025-11-13,60598,60797,2025-11-03T08:00:00+00:00,2025-11-13T23:00:00+00:00,60768.0,60797.0,2025-11-12T17:00:00+00:00,2025-11-13T23:00:00+00:00,,,4245.04,4139.545535714286,4456.028928571427,2.0,4245.04,22.537857142856996,Bull flag after impulsive advance,rule_candidate,pending
flag__2025-11-14__0060820,flag,1,forming,bullish,0.6249263432688688,120.0,flag/images/forming/2025/11/flag__2025-11-14__0060820.png,,2025-11-14,60621,60820,2025-11-04T08:00:00+00:00,2025-11-14T23:00:00+00:00,60745.0,60820.0,2025-11-11T17:00:00+00:00,2025-11-14T23:00:00+00:00,,,4245.04,4025.1457142857143,4684.828571428571,2.0,4245.04,27.13714285714283,Bull flag after impulsive advance,rule_candidate,pending
flag__2025-11-17__0060843,flag,1,forming,bullish,0.6032111399768711,200.0,flag/images/forming/2025/11/flag__2025-11-17__0060843.png,,2025-11-17,60644,60843,2025-11-05T08:00:00+00:00,2025-11-17T23:00:00+00:00,60718.0,60843.0,2025-11-10T13:00:00+00:00,2025-11-17T23:00:00+00:00,,,4245.04,4001.2085714285718,4732.702857142856,2.0,4245.04,22.285714285714285,Bull flag after impulsive advance,rule_candidate,pending
flag__2025-11-18__0060866,flag,1,forming,bullish,0.6915290925734228,200.0,flag/images/forming/2025/11/flag__2025-11-18__0060866.png,,2025-11-18,60667,60866,2025-11-06T08:00:00+00:00,2025-11-18T23:00:00+00:00,60741.0,60866.0,2025-11-11T13:00:00+00:00,2025-11-18T23:00:00+00:00,,,4245.04,3993.0150000000003,4749.089999999999,2.0,4245.04,18.980000000000018,Bull flag after impulsive advance,rule_candidate,pending
flag__2025-11-19__0060889,flag,1,forming,bullish,0.5685633766671065,200.0,flag/images/forming/2025/11/flag__2025-11-19__0060889.png,,2025-11-19,60690,60889,2025-11-07T08:00:00+00:00,2025-11-19T23:00:00+00:00,60764.0,60889.0,2025-11-12T13:00:00+00:00,2025-11-19T23:00:00+00:00,,,4211.18,3992.7257142857147,4648.088571428571,2.0,4211.18,20.137142857142766,Bull flag after impulsive advance,rule_candidate,pending
flag__2025-11-20__0060912,flag,1,forming,bullish,0.5478454983591603,64.0,flag/images/forming/2025/11/flag__2025-11-20__0060912.png,,2025-11-20,60713,60912,2025-11-10T08:00:00+00:00,2025-11-20T23:00:00+00:00,60873.0,60912.0,2025-11-19T07:00:00+00:00,2025-11-20T23:00:00+00:00,,,4110.01,4033.0412499999998,4263.947500000001,2.0,4110.01,22.47500000000004,Bull flag after impulsive advance,rule_candidate,pending
flag__2025-11-21__0060935,flag,0,no_pattern,neutral,0.0,,flag/images/no_pattern/2025/11/flag__2025-11-21__0060935.png,,2025-11-21,60736,60935,2025-11-11T08:00:00+00:00,2025-11-21T23:00:00+00:00,,,,,,,,,,,,,No rule-based candidate at this daily endpoint,rule_candidate,pending
flag__2025-11-24__0060958,flag,0,no_pattern,neutral,0.0,,flag/images/no_pattern/2025/11/flag__2025-11-24__0060958.png,,2025-11-24,60759,60958,2025-11-12T08:00:00+00:00,2025-11-24T23:00:00+00:00,,,,,,,,,,,,,No rule-based candidate at this daily endpoint,rule_candidate,pending
flag__2025-11-25__0060981,flag,1,forming,bullish,0.5413800117203074,48.0,flag/images/forming/2025/11/flag__2025-11-25__0060981.png,,2025-11-25,60782,60981,2025-11-13T08:00:00+00:00,2025-11-25T23:00:00+00:00,60952.0,60981.0,2025-11-24T17:00:00+00:00,2025-11-25T23:00:00+00:00,,,4159.11,4104.959642857142,4267.410714285715,2.0,4159.11,17.921428571428415,Bull flag after impulsive advance,rule_candidate,pending
flag__2025-11-26__0061004,flag,0,no_pattern,neutral,0.0,,flag/images/no_pattern/2025/11/flag__2025-11-26__0061004.png,,2025-11-26,60805,61004,2025-11-14T08:00:00+00:00,2025-11-26T23:00:00+00:00,,,,,,,,,,,,,No rule-based candidate at this daily endpoint,rule_candidate,pending
flag__2025-11-27__0061025,flag,1,forming,bullish,0.5425563444684498,80.0,flag/images/forming/2025/11/flag__2025-11-27__0061025.png,,2025-11-27,60826,61025,2025-11-17T06:00:00+00:00,2025-11-27T21:00:00+00:00,60976.0,61025.0,2025-11-25T18:00:00+00:00,2025-11-27T21:00:00+00:00,,,4173.3,4135.054642857142,4251.46,2.0436467545079804,4173.3,7.70142857142868,Bull flag after impulsive advance,rule_candidate,pending
flag__2025-11-28__0061046,flag,0,no_pattern,neutral,0.0,,flag/images/no_pattern/2025/11/flag__2025-11-28__0061046.png,,2025-11-28,60847,61046,2025-11-18T04:00:00+00:00,2025-11-28T21:00:00+00:00,,,,,,,,,,,,,No rule-based candidate at this daily endpoint,rule_candidate,pending
flag__2025-12-01__0061069,flag,1,forming,bullish,0.5468064337776692,48.0,flag/images/forming/2025/12/flag__2025-12-01__0061069.png,,2025-12-01,60870,61069,2025-11-19T04:00:00+00:00,2025-12-01T23:00:00+00:00,61040.0,61069.0,2025-11-28T15:00:00+00:00,2025-12-01T23:00:00+00:00,,,4264.36,4211.6251785714285,4369.829642857142,2.0,4264.36,15.01928571428542,Bull flag after impulsive advance,rule_candidate,pending
flag__2025-12-02__0061092,flag,1,forming,bullish,0.6846241611319217,80.0,flag/images/forming/2025/12/flag__2025-12-02__0061092.png,,2025-12-02,60893,61092,2025-11-20T04:00:00+00:00,2025-12-02T23:00:00+00:00,61043.0,61092.0,2025-11-28T18:00:00+00:00,2025-12-02T23:00:00+00:00,,,4264.36,4159.324821428571,4474.430357142856,2.0,4264.36,17.940714285714485,Bull flag after impulsive advance,rule_candidate,pending
flag__2025-12-03__0061115,flag,1,forming,bullish,0.612205506617965,160.0,flag/images/forming/2025/12/flag__2025-12-03__0061115.png,,2025-12-03,60916,61115,2025-11-21T04:00:00+00:00,2025-12-03T23:00:00+00:00,61015.0,61115.0,2025-11-27T11:00:00+00:00,2025-12-03T23:00:00+00:00,,,4264.36,4159.790178571429,4473.49964285714,2.0,4264.36,16.079285714285756,Bull flag after impulsive advance,rule_candidate,pending
flag__2025-12-04__0061138,flag,1,forming,bullish,0.6271168800064654,200.0,flag/images/forming/2025/12/flag__2025-12-04__0061138.png,,2025-12-04,60939,61138,2025-11-24T04:00:00+00:00,2025-12-04T23:00:00+00:00,61013.0,61138.0,2025-11-27T09:00:00+00:00,2025-12-04T23:00:00+00:00,,,4264.36,4160.959642857143,4471.160714285713,2.0,4264.36,11.401428571428498,Bull flag after impulsive advance,rule_candidate,pending
flag__2025-12-05__0061161,flag,0,no_pattern,neutral,0.0,,flag/images/no_pattern/2025/12/flag__2025-12-05__0061161.png,,2025-12-05,60962,61161,2025-11-25T04:00:00+00:00,2025-12-05T23:00:00+00:00,,,,,,,,,,,,,No rule-based candidate at this daily endpoint,rule_candidate,pending
flag__2025-12-08__0061184,flag,1,forming,bullish,0.6195627904908848,64.0,flag/images/forming/2025/12/flag__2025-12-08__0061184.png,,2025-12-08,60985,61184,2025-11-26T04:00:00+00:00,2025-12-08T23:00:00+00:00,61145.0,61184.0,2025-12-05T07:00:00+00:00,2025-12-08T23:00:00+00:00,,,4245.57,4173.02625,4390.657499999999,2.0,4245.57,12.015000000000002,Bull flag after impulsive advance,rule_candidate,pending
flag__2025-12-09__0061207,flag,1,forming,bullish,0.5347388218538953,200.0,flag/images/forming/2025/12/flag__2025-12-09__0061207.png,,2025-12-09,61008,61207,2025-11-27T04:00:00+00:00,2025-12-09T23:00:00+00:00,61082.0,61207.0,2025-12-02T13:00:00+00:00,2025-12-09T23:00:00+00:00,,,4259.11,4166.877142857143,4443.575714285714,2.0,4259.11,11.931428571428503,Bull flag after impulsive advance,rule_candidate,pending
flag__2025-12-10__0061230,flag,0,no_pattern,neutral,0.0,,flag/images/no_pattern/2025/12/flag__2025-12-10__0061230.png,,2025-12-10,61031,61230,2025-11-28T06:00:00+00:00,2025-12-10T23:00:00+00:00,,,,,,,,,,,,,No rule-based candidate at this daily endpoint,rule_candidate,pending
flag__2025-12-11__0061253,flag,0,no_pattern,neutral,0.0,,flag/images/no_pattern/2025/12/flag__2025-12-11__0061253.png,,2025-12-11,61054,61253,2025-12-01T08:00:00+00:00,2025-12-11T23:00:00+00:00,,,,,,,,,,,,,No rule-based candidate at this daily endpoint,rule_candidate,pending
flag__2025-12-12__0061276,flag,0,no_pattern,neutral,0.0,,flag/images/no_pattern/2025/12/flag__2025-12-12__0061276.png,,2025-12-12,61077,61276,2025-12-02T08:00:00+00:00,2025-12-12T23:00:00+00:00,,,,,,,,,,,,,No rule-based candidate at this daily endpoint,rule_candidate,pending
flag__2025-12-15__0061299,flag,0,no_pattern,neutral,0.0,,flag/images/no_pattern/2025/12/flag__2025-12-15__0061299.png,,2025-12-15,61100,61299,2025-12-03T08:00:00+00:00,2025-12-15T23:00:00+00:00,,,,,,,,,,,,,No rule-based candidate at this daily endpoint,rule_candidate,pending
flag__2025-12-16__0061322,flag,1,forming,bullish,0.6082267038942244,100.0,flag/images/forming/2025/12/flag__2025-12-16__0061322.png,,2025-12-16,61123,61322,2025-12-04T08:00:00+00:00,2025-12-16T23:00:00+00:00,61260.0,61322.0,2025-12-12T07:00:00+00:00,2025-12-16T23:00:00+00:00,,,4350.0,4267.287142857143,4515.425714285713,2.0,4350.0,15.411428571428912,Bull flag after impulsive advance,rule_candidate,pending
flag__2025-12-17__0061345,flag,0,no_pattern,neutral,0.0,,flag/images/no_pattern/2025/12/flag__2025-12-17__0061345.png,,2025-12-17,61146,61345,2025-12-05T08:00:00+00:00,2025-12-17T23:00:00+00:00,,,,,,,,,,,,,No rule-based candidate at this daily endpoint,rule_candidate,pending
flag__2025-12-18__0061368,flag,1,forming,bullish,0.5376800708995952,64.0,flag/images/forming/2025/12/flag__2025-12-18__0061368.png,,2025-12-18,61169,61368,2025-12-08T08:00:00+00:00,2025-12-18T23:00:00+00:00,61329.0,61368.0,2025-12-17T07:00:00+00:00,2025-12-18T23:00:00+00:00,,,4374.44,4304.327142857143,4514.665714285712,2.0,4374.44,17.25142857142841,Bull flag after impulsive advance,rule_candidate,pending
flag__2025-12-19__0061391,flag,0,no_pattern,neutral,0.0,,flag/images/no_pattern/2025/12/flag__2025-12-19__0061391.png,,2025-12-19,61192,61391,2025-12-09T08:00:00+00:00,2025-12-19T23:00:00+00:00,,,,,,,,,,,,,No rule-based candidate at this daily endpoint,rule_candidate,pending
flag__2025-12-22__0061414,flag,0,no_pattern,neutral,0.0,,flag/images/no_pattern/2025/12/flag__2025-12-22__0061414.png,,2025-12-22,61215,61414,2025-12-10T08:00:00+00:00,2025-12-22T23:00:00+00:00,,,,,,,,,,,,,No rule-based candidate at this daily endpoint,rule_candidate,pending
flag__2025-12-23__0061437,flag,1,forming,bullish,0.5310501239060746,48.0,flag/images/forming/2025/12/flag__2025-12-23__0061437.png,,2025-12-23,61238,61437,2025-12-11T08:00:00+00:00,2025-12-23T23:00:00+00:00,61408.0,61437.0,2025-12-22T17:00:00+00:00,2025-12-23T23:00:00+00:00,,,4499.67,4426.331785714286,4646.346428571429,2.0,4499.67,15.952857142857217,Bull flag after impulsive advance,rule_candidate,pending
flag__2025-12-24__0061456,flag,1,forming,bullish,0.6015532780127678,48.0,flag/images/forming/2025/12/flag__2025-12-24__0061456.png,,2025-12-24,61257,61456,2025-12-12T04:00:00+00:00,2025-12-24T19:00:00+00:00,61427.0,61456.0,2025-12-23T13:00:00+00:00,2025-12-24T19:00:00+00:00,,,4525.75,4444.232857142857,4688.784285714286,2.0,4525.75,15.78857142857136,Bull flag after impulsive advance,rule_candidate,pending
flag__2025-12-26__0061472,flag,0,no_pattern,neutral,0.0,,flag/images/no_pattern/2025/12/flag__2025-12-26__0061472.png,,2025-12-26,61273,61472,2025-12-12T20:00:00+00:00,2025-12-26T23:00:00+00:00,,,,,,,,,,,,,No rule-based candidate at this daily endpoint,rule_candidate,pending
flag__2025-12-29__0061495,flag,0,no_pattern,neutral,0.0,,flag/images/no_pattern/2025/12/flag__2025-12-29__0061495.png,,2025-12-29,61296,61495,2025-12-15T20:00:00+00:00,2025-12-29T23:00:00+00:00,,,,,,,,,,,,,No rule-based candidate at this daily endpoint,rule_candidate,pending
flag__2025-12-30__0061518,flag,0,no_pattern,neutral,0.0,,flag/images/no_pattern/2025/12/flag__2025-12-30__0061518.png,,2025-12-30,61319,61518,2025-12-16T20:00:00+00:00,2025-12-30T23:00:00+00:00,,,,,,,,,,,,,No rule-based candidate at this daily endpoint,rule_candidate,pending
flag__2025-12-31__0061537,flag,0,no_pattern,neutral,0.0,,flag/images/no_pattern/2025/12/flag__2025-12-31__0061537.png,,2025-12-31,61338,61537,2025-12-17T16:00:00+00:00,2025-12-31T19:00:00+00:00,,,,,,,,,,,,,No rule-based candidate at this daily endpoint,rule_candidate,pending
flag__2026-01-02__0061553,flag,0,no_pattern,neutral,0.0,,flag/images/no_pattern/2026/01/flag__2026-01-02__0061553.png,,2026-01-02,61354,61553,2025-12-18T09:00:00+00:00,2026-01-02T23:00:00+00:00,,,,,,,,,,,,,No rule-based candidate at this daily endpoint,rule_candidate,pending
flag__2026-01-05__0061576,flag,0,no_pattern,neutral,0.0,,flag/images/no_pattern/2026/01/flag__2026-01-05__0061576.png,,2026-01-05,61377,61576,2025-12-19T09:00:00+00:00,2026-01-05T23:00:00+00:00,,,,,,,,,,,,,No rule-based candidate at this daily endpoint,rule_candidate,pending
flag__2026-01-06__0061599,flag,0,no_pattern,neutral,0.0,,flag/images/no_pattern/2026/01/flag__2026-01-06__0061599.png,,2026-01-06,61400,61599,2025-12-22T09:00:00+00:00,2026-01-06T23:00:00+00:00,,,,,,,,,,,,,No rule-based candidate at this daily endpoint,rule_candidate,pending
flag__2026-01-07__0061622,flag,1,forming,bullish,0.6635749337468617,64.0,flag/images/forming/2026/01/flag__2026-01-07__0061622.png,,2026-01-07,61423,61622,2025-12-23T09:00:00+00:00,2026-01-07T23:00:00+00:00,61583.0,61622.0,2026-01-06T07:00:00+00:00,2026-01-07T23:00:00+00:00,,,4500.31,4419.427500000001,4662.075,2.0,4500.31,15.849999999999975,Bull flag after impulsive advance,rule_candidate,pending
flag__2026-01-08__0061645,flag,1,forming,bullish,0.6181618112604923,120.0,flag/images/forming/2026/01/flag__2026-01-08__0061645.png,,2026-01-08,61446,61645,2025-12-24T09:00:00+00:00,2026-01-08T23:00:00+00:00,61570.0,61645.0,2026-01-05T17:00:00+00:00,2026-01-08T23:00:00+00:00,,,4500.31,4403.587500000001,4693.755,2.0,4500.31,15.729999999999823,Bull flag after impulsive advance,rule_candidate,pending
flag__2026-01-09__0061668,flag,0,no_pattern,neutral,0.0,,flag/images/no_pattern/2026/01/flag__2026-01-09__0061668.png,,2026-01-09,61469,61668,2025-12-26T20:00:00+00:00,2026-01-09T23:00:00+00:00,,,,,,,,,,,,,No rule-based candidate at this daily endpoint,rule_candidate,pending
flag__2026-01-12__0061691,flag,0,no_pattern,neutral,0.0,,flag/images/no_pattern/2026/01/flag__2026-01-12__0061691.png,,2026-01-12,61492,61691,2025-12-29T20:00:00+00:00,2026-01-12T23:00:00+00:00,,,,,,,,,,,,,No rule-based candidate at this daily endpoint,rule_candidate,pending
flag__2026-01-13__0061714,flag,1,forming,bullish,0.5342646568468261,64.0,flag/images/forming/2026/01/flag__2026-01-13__0061714.png,,2026-01-13,61515,61714,2025-12-30T20:00:00+00:00,2026-01-13T23:00:00+00:00,61675.0,61714.0,2026-01-12T07:00:00+00:00,2026-01-13T23:00:00+00:00,,,4634.41,4564.765,4791.09,2.2496948811831627,4634.41,19.659999999999986,Bull flag after impulsive advance,rule_candidate,pending
flag__2026-01-14__0061737,flag,0,no_pattern,neutral,0.0,,flag/images/no_pattern/2026/01/flag__2026-01-14__0061737.png,,2026-01-14,61538,61737,2026-01-02T08:00:00+00:00,2026-01-14T23:00:00+00:00,,,,,,,,,,,,,No rule-based candidate at this daily endpoint,rule_candidate,pending
flag__2026-01-15__0061760,flag,1,forming,bullish,0.5856016401377017,100.0,flag/images/forming/2026/01/flag__2026-01-15__0061760.png,,2026-01-15,61561,61760,2026-01-05T08:00:00+00:00,2026-01-15T23:00:00+00:00,61698.0,61760.0,2026-01-13T07:00:00+00:00,2026-01-15T23:00:00+00:00,,,4642.77,4577.243214285714,4773.823571428573,2.0,4642.77,14.867142857142815,Bull flag after impulsive advance,rule_candidate,pending
flag__2026-01-16__0061783,flag,1,forming,bullish,0.6093753276814288,120.0,flag/images/forming/2026/01/flag__2026-01-16__0061783.png,,2026-01-16,61584,61783,2026-01-06T08:00:00+00:00,2026-01-16T23:00:00+00:00,61708.0,61783.0,2026-01-13T17:00:00+00:00,2026-01-16T23:00:00+00:00,,,4642.77,4531.139464285714,4866.031071428573,2.0,4642.77,21.082142857142895,Bull flag after impulsive advance,rule_candidate,pending
flag__2026-01-19__0061804,flag,0,no_pattern,neutral,0.0,,flag/images/no_pattern/2026/01/flag__2026-01-19__0061804.png,,2026-01-19,61605,61804,2026-01-07T06:00:00+00:00,2026-01-19T21:00:00+00:00,,,,,,,,,,,,,No rule-based candidate at this daily endpoint,rule_candidate,pending
flag__2026-01-20__0061827,flag,0,no_pattern,neutral,0.0,,flag/images/no_pattern/2026/01/flag__2026-01-20__0061827.png,,2026-01-20,61628,61827,2026-01-08T06:00:00+00:00,2026-01-20T23:00:00+00:00,,,,,,,,,,,,,No rule-based candidate at this daily endpoint,rule_candidate,pending
flag__2026-01-21__0061850,flag,1,forming,bullish,0.5331380328292469,48.0,flag/images/forming/2026/01/flag__2026-01-21__0061850.png,,2026-01-21,61651,61850,2026-01-09T06:00:00+00:00,2026-01-21T23:00:00+00:00,61821.0,61850.0,2026-01-20T17:00:00+00:00,2026-01-21T23:00:00+00:00,,,4888.52,4747.0082142857145,5171.543571428572,2.0,4888.52,34.28714285714295,Bull flag after impulsive advance,rule_candidate,pending
flag__2026-01-22__0061873,flag,0,no_pattern,neutral,0.0,,flag/images/no_pattern/2026/01/flag__2026-01-22__0061873.png,,2026-01-22,61674,61873,2026-01-12T06:00:00+00:00,2026-01-22T23:00:00+00:00,,,,,,,,,,,,,No rule-based candidate at this daily endpoint,rule_candidate,pending
flag__2026-01-23__0061896,flag,0,no_pattern,neutral,0.0,,flag/images/no_pattern/2026/01/flag__2026-01-23__0061896.png,,2026-01-23,61697,61896,2026-01-13T06:00:00+00:00,2026-01-23T23:00:00+00:00,,,,,,,,,,,,,No rule-based candidate at this daily endpoint,rule_candidate,pending
flag__2026-01-26__0061919,flag,1,forming,bullish,0.5397873977196557,48.0,flag/images/forming/2026/01/flag__2026-01-26__0061919.png,,2026-01-26,61720,61919,2026-01-14T06:00:00+00:00,2026-01-26T23:00:00+00:00,61890.0,61919.0,2026-01-23T17:00:00+00:00,2026-01-26T23:00:00+00:00,,,5111.1,4981.621607142857,5370.056785714287,2.0,5111.1,32.63357142857136,Bull flag after impulsive advance,rule_candidate,pending
flag__2026-01-27__0061942,flag,0,no_pattern,neutral,0.0,,flag/images/no_pattern/2026/01/flag__2026-01-27__0061942.png,,2026-01-27,61743,61942,2026-01-15T06:00:00+00:00,2026-01-27T23:00:00+00:00,,,,,,,,,,,,,No rule-based candidate at this daily endpoint,rule_candidate,pending
flag__2026-01-28__0061965,flag,0,no_pattern,neutral,0.0,,flag/images/no_pattern/2026/01/flag__2026-01-28__0061965.png,,2026-01-28,61766,61965,2026-01-16T06:00:00+00:00,2026-01-28T23:00:00+00:00,,,,,,,,,,,,,No rule-based candidate at this daily endpoint,rule_candidate,pending
flag__2026-01-29__0061988,flag,1,forming,bullish,0.6422480571141771,48.0,flag/images/forming/2026/01/flag__2026-01-29__0061988.png,,2026-01-29,61789,61988,2026-01-19T06:00:00+00:00,2026-01-29T23:00:00+00:00,61959.0,61988.0,2026-01-28T17:00:00+00:00,2026-01-29T23:00:00+00:00,,,5595.3,5081.813749999999,6622.272500000002,2.0,5595.3,90.54500000000027,Bull flag after impulsive advance,rule_candidate,pending
flag__2026-01-30__0062011,flag,0,no_pattern,neutral,0.0,,flag/images/no_pattern/2026/01/flag__2026-01-30__0062011.png,,2026-01-30,61812,62011,2026-01-20T08:00:00+00:00,2026-01-30T23:00:00+00:00,,,,,,,,,,,,,No rule-based candidate at this daily endpoint,rule_candidate,pending
flag__2026-02-02__0062034,flag,0,no_pattern,neutral,0.0,,flag/images/no_pattern/2026/02/flag__2026-02-02__0062034.png,,2026-02-02,61835,62034,2026-01-21T08:00:00+00:00,2026-02-02T23:00:00+00:00,,,,,,,,,,,,,No rule-based candidate at this daily endpoint,rule_candidate,pending
flag__2026-02-03__0062057,flag,0,no_pattern,neutral,0.0,,flag/images/no_pattern/2026/02/flag__2026-02-03__0062057.png,,2026-02-03,61858,62057,2026-01-22T08:00:00+00:00,2026-02-03T23:00:00+00:00,,,,,,,,,,,,,No rule-based candidate at this daily endpoint,rule_candidate,pending
flag__2026-02-04__0062080,flag,1,forming,bullish,0.6450489101181748,48.0,flag/images/forming/2026/02/flag__2026-02-04__0062080.png,,2026-02-04,61881,62080,2026-01-23T08:00:00+00:00,2026-02-04T23:00:00+00:00,62051.0,62080.0,2026-02-03T17:00:00+00:00,2026-02-04T23:00:00+00:00,,,5091.58,4842.398928571428,5589.942142857144,2.0,5091.58,50.68428571428577,Bull flag after impulsive advance,rule_candidate,pending
flag__2026-02-05__0062103,flag,0,no_pattern,neutral,0.0,,flag/images/no_pattern/2026/02/flag__2026-02-05__0062103.png,,2026-02-05,61904,62103,2026-01-26T08:00:00+00:00,2026-02-05T23:00:00+00:00,,,,,,,,,,,,,No rule-based candidate at this daily endpoint,rule_candidate,pending
flag__2026-02-06__0062126,flag,1,forming,bullish,0.5319366769552795,120.0,flag/images/forming/2026/02/flag__2026-02-06__0062126.png,,2026-02-06,61927,62126,2026-01-27T08:00:00+00:00,2026-02-06T23:00:00+00:00,62051.0,62126.0,2026-02-03T17:00:00+00:00,2026-02-06T23:00:00+00:00,,,5058.79,4646.5341071428575,5883.301785714285,2.0,5058.79,32.023571428571486,Bull flag after impulsive advance,rule_candidate,pending
flag__2026-02-09__0062149,flag,0,no_pattern,neutral,0.0,,flag/images/no_pattern/2026/02/flag__2026-02-09__0062149.png,,2026-02-09,61950,62149,2026-01-28T08:00:00+00:00,2026-02-09T23:00:00+00:00,,,,,,,,,,,,,No rule-based candidate at this daily endpoint,rule_candidate,pending
flag__2026-02-10__0062172,flag,1,forming,bullish,0.6045162607585729,64.0,flag/images/forming/2026/02/flag__2026-02-10__0062172.png,,2026-02-10,61973,62172,2026-01-29T08:00:00+00:00,2026-02-10T23:00:00+00:00,62133.0,62172.0,2026-02-09T07:00:00+00:00,2026-02-10T23:00:00+00:00,,,5086.22,4980.894285714286,5331.3,2.3268771701388804,5086.22,27.182857142857106,Bull flag after impulsive advance,rule_candidate,pending
flag__2026-02-11__0062195,flag,0,no_pattern,neutral,0.0,,flag/images/no_pattern/2026/02/flag__2026-02-11__0062195.png,,2026-02-11,61996,62195,2026-01-30T08:00:00+00:00,2026-02-11T23:00:00+00:00,,,,,,,,,,,,,No rule-based candidate at this daily endpoint,rule_candidate,pending
flag__2026-02-12__0062218,flag,1,forming,bullish,0.5460724179423319,120.0,flag/images/forming/2026/02/flag__2026-02-12__0062218.png,,2026-02-12,62019,62218,2026-02-02T08:00:00+00:00,2026-02-12T23:00:00+00:00,62143.0,62218.0,2026-02-09T17:00:00+00:00,2026-02-12T23:00:00+00:00,,,5118.96,4868.659285714286,5619.561428571428,2.0,5118.96,39.3628571428572,Bull flag after impulsive advance,rule_candidate,pending
flag__2026-02-13__0062241,flag,1,forming,bullish,0.607051260597231,120.0,flag/images/forming/2026/02/flag__2026-02-13__0062241.png,,2026-02-13,62042,62241,2026-02-03T08:00:00+00:00,2026-02-13T23:00:00+00:00,62166.0,62241.0,2026-02-10T17:00:00+00:00,2026-02-13T23:00:00+00:00,,,5099.92,4871.271071428571,5557.217857142858,2.0,5099.92,28.91571428571433,Bull flag after impulsive advance,rule_candidate,pending
flag__2026-02-16__0062262,flag,1,forming,bullish,0.594374317860083,48.0,flag/images/forming/2026/02/flag__2026-02-16__0062262.png,,2026-02-16,62063,62262,2026-02-04T06:00:00+00:00,2026-02-16T21:00:00+00:00,62233.0,62262.0,2026-02-13T15:00:00+00:00,2026-02-16T21:00:00+00:00,,,5052.14,4961.633392857143,5233.153214285715,2.0,5052.14,14.146428571428455,Bull flag after impulsive advance,rule_candidate,pending
flag__2026-02-17__0062285,flag,0,no_pattern,neutral,0.0,,flag/images/no_pattern/2026/02/flag__2026-02-17__0062285.png,,2026-02-17,62086,62285,2026-02-05T06:00:00+00:00,2026-02-17T23:00:00+00:00,,,,,,,,,,,,,No rule-based candidate at this daily endpoint,rule_candidate,pending
flag__2026-02-18__0062308,flag,1,forming,bullish,0.5694958342874067,200.0,flag/images/forming/2026/02/flag__2026-02-18__0062308.png,,2026-02-18,62109,62308,2026-02-06T06:00:00+00:00,2026-02-18T23:00:00+00:00,62183.0,62308.0,2026-02-11T11:00:00+00:00,2026-02-18T23:00:00+00:00,,,5052.14,4836.8435714285715,5482.732857142858,2.0,5052.14,19.145714285714284,Bull flag after impulsive advance,rule_candidate,pending
flag__2026-02-19__0062331,flag,0,no_pattern,neutral,0.0,,flag/images/no_pattern/2026/02/flag__2026-02-19__0062331.png,,2026-02-19,62132,62331,2026-02-09T06:00:00+00:00,2026-02-19T23:00:00+00:00,,,,,,,,,,,,,No rule-based candidate at this daily endpoint,rule_candidate,pending
flag__2026-02-20__0062354,flag,0,no_pattern,neutral,0.0,,flag/images/no_pattern/2026/02/flag__2026-02-20__0062354.png,,2026-02-20,62155,62354,2026-02-10T06:00:00+00:00,2026-02-20T23:00:00+00:00,,,,,,,,,,,,,No rule-based candidate at this daily endpoint,rule_candidate,pending
flag__2026-02-23__0062377,flag,0,no_pattern,neutral,0.0,,flag/images/no_pattern/2026/02/flag__2026-02-23__0062377.png,,2026-02-23,62178,62377,2026-02-11T06:00:00+00:00,2026-02-23T23:00:00+00:00,,,,,,,,,,,,,No rule-based candidate at this daily endpoint,rule_candidate,pending
flag__2026-02-24__0062400,flag,1,forming,bullish,0.6663473100633615,64.0,flag/images/forming/2026/02/flag__2026-02-24__0062400.png,,2026-02-24,62201,62400,2026-02-12T06:00:00+00:00,2026-02-24T23:00:00+00:00,62361.0,62400.0,2026-02-23T07:00:00+00:00,2026-02-24T23:00:00+00:00,,,5249.5,5087.236964285714,5574.026071428572,2.0,5249.5,24.53214285714278,Bull flag after impulsive advance,rule_candidate,pending
flag__2026-02-25__0062423,flag,1,forming,bullish,0.5371641864676204,120.0,flag/images/forming/2026/02/flag__2026-02-25__0062423.png,,2026-02-25,62224,62423,2026-02-13T06:00:00+00:00,2026-02-25T23:00:00+00:00,62348.0,62423.0,2026-02-20T17:00:00+00:00,2026-02-25T23:00:00+00:00,,,5249.5,5087.769107142857,5572.961785714286,2.0,5249.5,22.40357142857153,Bull flag after impulsive advance,rule_candidate,pending
flag__2026-02-26__0062446,flag,1,forming,bullish,0.5316775624518271,100.0,flag/images/forming/2026/02/flag__2026-02-26__0062446.png,,2026-02-26,62247,62446,2026-02-16T06:00:00+00:00,2026-02-26T23:00:00+00:00,62384.0,62446.0,2026-02-24T07:00:00+00:00,2026-02-26T23:00:00+00:00,,,5217.45,5124.0001785714285,5404.3496428571425,2.0,5217.45,24.599285714285738,Bull flag after impulsive advance,rule_candidate,pending
flag__2026-02-27__0062469,flag,0,no_pattern,neutral,0.0,,flag/images/no_pattern/2026/02/flag__2026-02-27__0062469.png,,2026-02-27,62270,62469,2026-02-17T08:00:00+00:00,2026-02-27T23:00:00+00:00,,,,,,,,,,,,,No rule-based candidate at this daily endpoint,rule_candidate,pending
flag__2026-03-02__0062492,flag,1,forming,bullish,0.5662292274968493,48.0,flag/images/forming/2026/03/flag__2026-03-02__0062492.png,,2026-03-02,62293,62492,2026-02-18T08:00:00+00:00,2026-03-02T23:00:00+00:00,62463.0,62492.0,2026-02-27T17:00:00+00:00,2026-03-02T23:00:00+00:00,,,5419.09,5252.326428571429,5752.617142857143,2.0,5419.09,31.814285714285752,Bull flag after impulsive advance,rule_candidate,pending
flag__2026-03-03__0062515,flag,0,no_pattern,neutral,0.0,,flag/images/no_pattern/2026/03/flag__2026-03-03__0062515.png,,2026-03-03,62316,62515,2026-02-19T08:00:00+00:00,2026-03-03T23:00:00+00:00,,,,,,,,,,,,,No rule-based candidate at this daily endpoint,rule_candidate,pending
flag__2026-03-04__0062538,flag,1,forming,bullish,0.5645398095743932,200.0,flag/images/forming/2026/03/flag__2026-03-04__0062538.png,,2026-03-04,62339,62538,2026-02-20T08:00:00+00:00,2026-03-04T23:00:00+00:00,62413.0,62538.0,2026-02-25T13:00:00+00:00,2026-03-04T23:00:00+00:00,,,5419.09,4988.803214285715,6279.663571428571,2.0,5419.09,28.66714285714293,Bull flag after impulsive advance,rule_candidate,pending
flag__2026-03-05__0062561,flag,0,no_pattern,neutral,0.0,,flag/images/no_pattern/2026/03/flag__2026-03-05__0062561.png,,2026-03-05,62362,62561,2026-02-23T08:00:00+00:00,2026-03-05T23:00:00+00:00,,,,,,,,,,,,,No rule-based candidate at this daily endpoint,rule_candidate,pending
flag__2026-03-06__0062584,flag,0,no_pattern,neutral,0.0,,flag/images/no_pattern/2026/03/flag__2026-03-06__0062584.png,,2026-03-06,62385,62584,2026-02-24T08:00:00+00:00,2026-03-06T23:00:00+00:00,,,,,,,,,,,,,No rule-based candidate at this daily endpoint,rule_candidate,pending
flag__2026-03-09__0062607,flag,0,no_pattern,neutral,0.0,,flag/images/no_pattern/2026/03/flag__2026-03-09__0062607.png,,2026-03-09,62408,62607,2026-02-25T08:00:00+00:00,2026-03-09T22:00:00+00:00,,,,,,,,,,,,,No rule-based candidate at this daily endpoint,rule_candidate,pending
flag__2026-03-10__0062630,flag,0,no_pattern,neutral,0.0,,flag/images/no_pattern/2026/03/flag__2026-03-10__0062630.png,,2026-03-10,62431,62630,2026-02-26T08:00:00+00:00,2026-03-10T22:00:00+00:00,,,,,,,,,,,,,No rule-based candidate at this daily endpoint,rule_candidate,pending
flag__2026-03-11__0062653,flag,1,forming,bullish,0.6812028103010193,48.0,flag/images/forming/2026/03/flag__2026-03-11__0062653.png,,2026-03-11,62454,62653,2026-02-27T08:00:00+00:00,2026-03-11T22:00:00+00:00,62624.0,62653.0,2026-03-10T16:00:00+00:00,2026-03-11T22:00:00+00:00,,,5222.93,5144.198928571429,5380.392142857143,2.0,5222.93,19.564285714285624,Bull flag after impulsive advance,rule_candidate,pending
flag__2026-03-12__0062676,flag,0,no_pattern,neutral,0.0,,flag/images/no_pattern/2026/03/flag__2026-03-12__0062676.png,,2026-03-12,62477,62676,2026-03-02T08:00:00+00:00,2026-03-12T22:00:00+00:00,,,,,,,,,,,,,No rule-based candidate at this daily endpoint,rule_candidate,pending
flag__2026-03-13__0062699,flag,0,no_pattern,neutral,0.0,,flag/images/no_pattern/2026/03/flag__2026-03-13__0062699.png,,2026-03-13,62500,62699,2026-03-03T08:00:00+00:00,2026-03-13T22:00:00+00:00,,,,,,,,,,,,,No rule-based candidate at this daily endpoint,rule_candidate,pending
flag__2026-03-16__0062722,flag,0,no_pattern,neutral,0.0,,flag/images/no_pattern/2026/03/flag__2026-03-16__0062722.png,,2026-03-16,62523,62722,2026-03-04T08:00:00+00:00,2026-03-16T22:00:00+00:00,,,,,,,,,,,,,No rule-based candidate at this daily endpoint,rule_candidate,pending
flag__2026-03-17__0062745,flag,0,no_pattern,neutral,0.0,,flag/images/no_pattern/2026/03/flag__2026-03-17__0062745.png,,2026-03-17,62546,62745,2026-03-05T08:00:00+00:00,2026-03-17T22:00:00+00:00,,,,,,,,,,,,,No rule-based candidate at this daily endpoint,rule_candidate,pending
flag__2026-03-18__0062768,flag,0,no_pattern,neutral,0.0,,flag/images/no_pattern/2026/03/flag__2026-03-18__0062768.png,,2026-03-18,62569,62768,2026-03-06T08:00:00+00:00,2026-03-18T22:00:00+00:00,,,,,,,,,,,,,No rule-based candidate at this daily endpoint,rule_candidate,pending
flag__2026-03-19__0062791,flag,0,no_pattern,neutral,0.0,,flag/images/no_pattern/2026/03/flag__2026-03-19__0062791.png,,2026-03-19,62592,62791,2026-03-09T07:00:00+00:00,2026-03-19T22:00:00+00:00,,,,,,,,,,,,,No rule-based candidate at this daily endpoint,rule_candidate,pending
flag__2026-03-20__0062814,flag,0,no_pattern,neutral,0.0,,flag/images/no_pattern/2026/03/flag__2026-03-20__0062814.png,,2026-03-20,62615,62814,2026-03-10T07:00:00+00:00,2026-03-20T22:00:00+00:00,,,,,,,,,,,,,No rule-based candidate at this daily endpoint,rule_candidate,pending
flag__2026-03-23__0062837,flag,0,no_pattern,neutral,0.0,,flag/images/no_pattern/2026/03/flag__2026-03-23__0062837.png,,2026-03-23,62638,62837,2026-03-11T07:00:00+00:00,2026-03-23T22:00:00+00:00,,,,,,,,,,,,,No rule-based candidate at this daily endpoint,rule_candidate,pending
flag__2026-03-24__0062860,flag,0,no_pattern,neutral,0.0,,flag/images/no_pattern/2026/03/flag__2026-03-24__0062860.png,,2026-03-24,62661,62860,2026-03-12T07:00:00+00:00,2026-03-24T22:00:00+00:00,,,,,,,,,,,,,No rule-based candidate at this daily endpoint,rule_candidate,pending
flag__2026-03-25__0062883,flag,1,forming,bullish,0.5989901649647038,48.0,flag/images/forming/2026/03/flag__2026-03-25__0062883.png,,2026-03-25,62684,62883,2026-03-13T07:00:00+00:00,2026-03-25T22:00:00+00:00,62854.0,62883.0,2026-03-24T16:00:00+00:00,2026-03-25T22:00:00+00:00,,,4602.2,4463.345178571428,4879.909642857144,2.0,4602.2,36.05928571428577,Bull flag after impulsive advance,rule_candidate,pending
flag__2026-03-26__0062906,flag,0,no_pattern,neutral,0.0,,flag/images/no_pattern/2026/03/flag__2026-03-26__0062906.png,,2026-03-26,62707,62906,2026-03-16T07:00:00+00:00,2026-03-26T22:00:00+00:00,,,,,,,,,,,,,No rule-based candidate at this daily endpoint,rule_candidate,pending
flag__2026-03-27__0062929,flag,0,no_pattern,neutral,0.0,,flag/images/no_pattern/2026/03/flag__2026-03-27__0062929.png,,2026-03-27,62730,62929,2026-03-17T07:00:00+00:00,2026-03-27T22:00:00+00:00,,,,,,,,,,,,,No rule-based candidate at this daily endpoint,rule_candidate,pending
flag__2026-03-30__0062952,flag,0,no_pattern,neutral,0.0,,flag/images/no_pattern/2026/03/flag__2026-03-30__0062952.png,,2026-03-30,62753,62952,2026-03-18T07:00:00+00:00,2026-03-30T23:00:00+00:00,,,,,,,,,,,,,No rule-based candidate at this daily endpoint,rule_candidate,pending
flag__2026-03-31__0062975,flag,0,no_pattern,neutral,0.0,,flag/images/no_pattern/2026/03/flag__2026-03-31__0062975.png,,2026-03-31,62776,62975,2026-03-19T07:00:00+00:00,2026-03-31T23:00:00+00:00,,,,,,,,,,,,,No rule-based candidate at this daily endpoint,rule_candidate,pending
flag__2026-04-01__0062998,flag,0,no_pattern,neutral,0.0,,flag/images/no_pattern/2026/04/flag__2026-04-01__0062998.png,,2026-04-01,62799,62998,2026-03-20T07:00:00+00:00,2026-04-01T23:00:00+00:00,,,,,,,,,,,,,No rule-based candidate at this daily endpoint,rule_candidate,pending
flag__2026-04-02__0063021,flag,1,forming,bullish,0.6310995279567455,64.0,flag/images/forming/2026/04/flag__2026-04-02__0063021.png,,2026-04-02,62822,63021,2026-03-23T07:00:00+00:00,2026-04-02T23:00:00+00:00,62982.0,63021.0,2026-04-01T07:00:00+00:00,2026-04-02T23:00:00+00:00,,,4800.13,4544.895357142857,5310.5992857142855,2.0,4800.13,34.778571428571276,Bull flag after impulsive advance,rule_candidate,pending
flag__2026-04-06__0063044,flag,1,forming,bullish,0.5789989492114231,120.0,flag/images/forming/2026/04/flag__2026-04-06__0063044.png,,2026-04-06,62845,63044,2026-03-24T07:00:00+00:00,2026-04-06T23:00:00+00:00,62969.0,63044.0,2026-03-31T17:00:00+00:00,2026-04-06T23:00:00+00:00,,,4800.13,4548.283928571429,5303.822142857142,2.0,4800.13,21.224285714285738,Bull flag after impulsive advance,rule_candidate,pending
flag__2026-04-07__0063067,flag,1,forming,bullish,0.5751122988552808,200.0,flag/images/forming/2026/04/flag__2026-04-07__0063067.png,,2026-04-07,62868,63067,2026-03-25T07:00:00+00:00,2026-04-07T23:00:00+00:00,62942.0,63067.0,2026-03-30T13:00:00+00:00,2026-04-07T23:00:00+00:00,,,4800.13,4545.278928571429,5309.832142857143,2.0,4800.13,33.244285714285716,Bull flag after impulsive advance,rule_candidate,pending
flag__2026-04-08__0063090,flag,0,no_pattern,neutral,0.0,,flag/images/no_pattern/2026/04/flag__2026-04-08__0063090.png,,2026-04-08,62891,63090,2026-03-26T07:00:00+00:00,2026-04-08T23:00:00+00:00,,,,,,,,,,,,,No rule-based candidate at this daily endpoint,rule_candidate,pending
flag__2026-04-09__0063113,flag,1,forming,bullish,0.5758264351192344,100.0,flag/images/forming/2026/04/flag__2026-04-09__0063113.png,,2026-04-09,62914,63113,2026-03-27T07:00:00+00:00,2026-04-09T23:00:00+00:00,63051.0,63113.0,2026-04-07T07:00:00+00:00,2026-04-09T23:00:00+00:00,,,4857.5,4693.053392857143,5186.393214285714,2.0,4857.5,22.106428571428555,Bull flag after impulsive advance,rule_candidate,pending
flag__2026-04-10__0063136,flag,0,no_pattern,neutral,0.0,,flag/images/no_pattern/2026/04/flag__2026-04-10__0063136.png,,2026-04-10,62937,63136,2026-03-30T08:00:00+00:00,2026-04-10T23:00:00+00:00,,,,,,,,,,,,,No rule-based candidate at this daily endpoint,rule_candidate,pending
flag__2026-04-13__0063159,flag,1,forming,bullish,0.6223761873001651,120.0,flag/images/forming/2026/04/flag__2026-04-13__0063159.png,,2026-04-13,62960,63159,2026-03-31T08:00:00+00:00,2026-04-13T23:00:00+00:00,63084.0,63159.0,2026-04-08T17:00:00+00:00,2026-04-13T23:00:00+00:00,,,4801.14,4638.692321428572,5126.035357142858,2.0,4801.14,20.0707142857144,Bull flag after impulsive advance,rule_candidate,pending
flag__2026-04-14__0063182,flag,0,no_pattern,neutral,0.0,,flag/images/no_pattern/2026/04/flag__2026-04-14__0063182.png,,2026-04-14,62983,63182,2026-04-01T08:00:00+00:00,2026-04-14T23:00:00+00:00,,,,,,,,,,,,,No rule-based candidate at this daily endpoint,rule_candidate,pending
flag__2026-04-15__0063205,flag,1,forming,bullish,0.6662037063187507,48.0,flag/images/forming/2026/04/flag__2026-04-15__0063205.png,,2026-04-15,63006,63205,2026-04-02T08:00:00+00:00,2026-04-15T23:00:00+00:00,63176.0,63205.0,2026-04-14T17:00:00+00:00,2026-04-15T23:00:00+00:00,,,4871.17,4781.907678571429,5049.694642857143,2.0,4871.17,16.689285714285557,Bull flag after impulsive advance,rule_candidate,pending
flag__2026-04-16__0063228,flag,1,forming,bullish,0.541883940574359,64.0,flag/images/forming/2026/04/flag__2026-04-16__0063228.png,,2026-04-16,63029,63228,2026-04-06T08:00:00+00:00,2026-04-16T23:00:00+00:00,63189.0,63228.0,2026-04-15T07:00:00+00:00,2026-04-16T23:00:00+00:00,,,4838.2,4768.8975,4976.804999999999,2.0,4838.2,16.489999999999913,Bull flag after impulsive advance,rule_candidate,pending
flag__2026-04-17__0063251,flag,1,forming,bullish,0.5300067030587844,160.0,flag/images/forming/2026/04/flag__2026-04-17__0063251.png,,2026-04-17,63052,63251,2026-04-07T08:00:00+00:00,2026-04-17T23:00:00+00:00,63151.0,63251.0,2026-04-13T15:00:00+00:00,2026-04-17T23:00:00+00:00,,,4889.24,4762.038392857144,5143.643214285712,2.0,4889.24,22.086428571428574,Bull flag after impulsive advance,rule_candidate,pending
flag__2026-04-20__0063274,flag,0,no_pattern,neutral,0.0,,flag/images/no_pattern/2026/04/flag__2026-04-20__0063274.png,,2026-04-20,63075,63274,2026-04-08T08:00:00+00:00,2026-04-20T23:00:00+00:00,,,,,,,,,,,,,No rule-based candidate at this daily endpoint,rule_candidate,pending
flag__2026-04-21__0063297,flag,1,forming,bullish,0.5689911976543813,160.0,flag/images/forming/2026/04/flag__2026-04-21__0063297.png,,2026-04-21,63098,63297,2026-04-09T08:00:00+00:00,2026-04-21T23:00:00+00:00,63197.0,63297.0,2026-04-15T15:00:00+00:00,2026-04-21T23:00:00+00:00,,,4889.24,4660.872321428571,5345.975357142857,2.0,4889.24,29.670714285714116,Bull flag after impulsive advance,rule_candidate,pending
flag__2026-04-22__0063320,flag,0,no_pattern,neutral,0.0,,flag/images/no_pattern/2026/04/flag__2026-04-22__0063320.png,,2026-04-22,63121,63320,2026-04-10T08:00:00+00:00,2026-04-22T23:00:00+00:00,,,,,,,,,,,,,No rule-based candidate at this daily endpoint,rule_candidate,pending
flag__2026-04-23__0063343,flag,0,no_pattern,neutral,0.0,,flag/images/no_pattern/2026/04/flag__2026-04-23__0063343.png,,2026-04-23,63144,63343,2026-04-13T08:00:00+00:00,2026-04-23T23:00:00+00:00,,,,,,,,,,,,,No rule-based candidate at this daily endpoint,rule_candidate,pending
flag__2026-04-24__0063366,flag,0,no_pattern,neutral,0.0,,flag/images/no_pattern/2026/04/flag__2026-04-24__0063366.png,,2026-04-24,63167,63366,2026-04-14T08:00:00+00:00,2026-04-24T23:00:00+00:00,,,,,,,,,,,,,No rule-based candidate at this daily endpoint,rule_candidate,pending
flag__2026-04-27__0063389,flag,0,no_pattern,neutral,0.0,,flag/images/no_pattern/2026/04/flag__2026-04-27__0063389.png,,2026-04-27,63190,63389,2026-04-15T08:00:00+00:00,2026-04-27T23:00:00+00:00,,,,,,,,,,,,,No rule-based candidate at this daily endpoint,rule_candidate,pending
flag__2026-04-28__0063412,flag,0,no_pattern,neutral,0.0,,flag/images/no_pattern/2026/04/flag__2026-04-28__0063412.png,,2026-04-28,63213,63412,2026-04-16T08:00:00+00:00,2026-04-28T23:00:00+00:00,,,,,,,,,,,,,No rule-based candidate at this daily endpoint,rule_candidate,pending
flag__2026-04-29__0063435,flag,0,no_pattern,neutral,0.0,,flag/images/no_pattern/2026/04/flag__2026-04-29__0063435.png,,2026-04-29,63236,63435,2026-04-17T08:00:00+00:00,2026-04-29T23:00:00+00:00,,,,,,,,,,,,,No rule-based candidate at this daily endpoint,rule_candidate,pending
flag__2026-04-30__0063458,flag,0,no_pattern,neutral,0.0,,flag/images/no_pattern/2026/04/flag__2026-04-30__0063458.png,,2026-04-30,63259,63458,2026-04-20T08:00:00+00:00,2026-04-30T23:00:00+00:00,,,,,,,,,,,,,No rule-based candidate at this daily endpoint,rule_candidate,pending
flag__2026-05-01__0063481,flag,0,no_pattern,neutral,0.0,,flag/images/no_pattern/2026/05/flag__2026-05-01__0063481.png,,2026-05-01,63282,63481,2026-04-21T08:00:00+00:00,2026-05-01T23:00:00+00:00,,,,,,,,,,,,,No rule-based candidate at this daily endpoint,rule_candidate,pending
flag__2026-05-04__0063504,flag,0,no_pattern,neutral,0.0,,flag/images/no_pattern/2026/05/flag__2026-05-04__0063504.png,,2026-05-04,63305,63504,2026-04-22T08:00:00+00:00,2026-05-04T23:00:00+00:00,,,,,,,,,,,,,No rule-based candidate at this daily endpoint,rule_candidate,pending
flag__2026-05-05__0063527,flag,1,forming,bullish,0.5675424398297826,100.0,flag/images/forming/2026/05/flag__2026-05-05__0063527.png,,2026-05-05,63328,63527,2026-04-23T08:00:00+00:00,2026-05-05T23:00:00+00:00,63465.0,63527.0,2026-05-01T07:00:00+00:00,2026-05-05T23:00:00+00:00,,,4620.7,4496.867321428572,4868.365357142856,2.0,4620.7,14.730714285714189,Bull flag after impulsive advance,rule_candidate,pending
flag__2026-05-06__0063550,flag,0,no_pattern,neutral,0.0,,flag/images/no_pattern/2026/05/flag__2026-05-06__0063550.png,,2026-05-06,63351,63550,2026-04-24T08:00:00+00:00,2026-05-06T23:00:00+00:00,,,,,,,,,,,,,No rule-based candidate at this daily endpoint,rule_candidate,pending
flag__2026-05-07__0063573,flag,0,no_pattern,neutral,0.0,,flag/images/no_pattern/2026/05/flag__2026-05-07__0063573.png,,2026-05-07,63374,63573,2026-04-27T08:00:00+00:00,2026-05-07T23:00:00+00:00,,,,,,,,,,,,,No rule-based candidate at this daily endpoint,rule_candidate,pending
flag__2026-05-08__0063596,flag,1,forming,bullish,0.5436807587821713,80.0,flag/images/forming/2026/05/flag__2026-05-08__0063596.png,,2026-05-08,63397,63596,2026-04-28T08:00:00+00:00,2026-05-08T23:00:00+00:00,63547.0,63596.0,2026-05-06T20:00:00+00:00,2026-05-08T23:00:00+00:00,,,4764.62,4672.261428571428,4963.95,2.1582187437162506,4764.62,18.43428571428571,Bull flag after impulsive advance,rule_candidate,pending
flag__2026-05-11__0063619,flag,1,forming,bullish,0.5442527674326028,120.0,flag/images/forming/2026/05/flag__2026-05-11__0063619.png,,2026-05-11,63420,63619,2026-04-29T08:00:00+00:00,2026-05-11T23:00:00+00:00,63544.0,63619.0,2026-05-06T17:00:00+00:00,2026-05-11T23:00:00+00:00,,,4764.62,4643.319107142857,5007.221785714285,2.0,4764.62,18.683571428571277,Bull flag after impulsive advance,rule_candidate,pending
flag__2026-05-12__0063642,flag,1,forming,bullish,0.5426042846783405,200.0,flag/images/forming/2026/05/flag__2026-05-12__0063642.png,,2026-05-12,63443,63642,2026-04-30T08:00:00+00:00,2026-05-12T23:00:00+00:00,63517.0,63642.0,2026-05-05T13:00:00+00:00,2026-05-12T23:00:00+00:00,,,4773.33,4633.314285714286,5053.361428571428,2.0,4773.33,19.30285714285706,Bull flag after impulsive advance,rule_candidate,pending
flag__2026-05-13__0063665,flag,1,forming,bullish,0.5435757123830508,200.0,flag/images/forming/2026/05/flag__2026-05-13__0063665.png,,2026-05-13,63466,63665,2026-05-01T08:00:00+00:00,2026-05-13T23:00:00+00:00,63540.0,63665.0,2026-05-06T13:00:00+00:00,2026-05-13T23:00:00+00:00,,,4773.33,4634.194642857143,5051.600714285714,2.0,4773.33,15.781428571428544,Bull flag after impulsive advance,rule_candidate,pending
flag__2026-05-14__0063688,flag,1,forming,bullish,0.6136935702710213,160.0,flag/images/forming/2026/05/flag__2026-05-14__0063688.png,,2026-05-14,63489,63688,2026-05-04T08:00:00+00:00,2026-05-14T23:00:00+00:00,63588.0,63688.0,2026-05-08T15:00:00+00:00,2026-05-14T23:00:00+00:00,,,4773.33,4633.7375,5052.514999999999,2.0,4773.33,17.609999999999996,Bull flag after impulsive advance,rule_candidate,pending
flag__2026-05-15__0063711,flag,0,no_pattern,neutral,0.0,,flag/images/no_pattern/2026/05/flag__2026-05-15__0063711.png,,2026-05-15,63512,63711,2026-05-05T08:00:00+00:00,2026-05-15T23:00:00+00:00,,,,,,,,,,,,,No rule-based candidate at this daily endpoint,rule_candidate,pending
flag__2026-05-18__0063734,flag,0,no_pattern,neutral,0.0,,flag/images/no_pattern/2026/05/flag__2026-05-18__0063734.png,,2026-05-18,63535,63734,2026-05-06T08:00:00+00:00,2026-05-18T23:00:00+00:00,,,,,,,,,,,,,No rule-based candidate at this daily endpoint,rule_candidate,pending
flag__2026-05-19__0063757,flag,0,no_pattern,neutral,0.0,,flag/images/no_pattern/2026/05/flag__2026-05-19__0063757.png,,2026-05-19,63558,63757,2026-05-07T08:00:00+00:00,2026-05-19T23:00:00+00:00,,,,,,,,,,,,,No rule-based candidate at this daily endpoint,rule_candidate,pending
flag__2026-05-20__0063780,flag,0,no_pattern,neutral,0.0,,flag/images/no_pattern/2026/05/flag__2026-05-20__0063780.png,,2026-05-20,63581,63780,2026-05-08T08:00:00+00:00,2026-05-20T23:00:00+00:00,,,,,,,,,,,,,No rule-based candidate at this daily endpoint,rule_candidate,pending
flag__2026-05-21__0063803,flag,1,forming,bullish,0.5442081812604096,48.0,flag/images/forming/2026/05/flag__2026-05-21__0063803.png,,2026-05-21,63604,63803,2026-05-11T08:00:00+00:00,2026-05-21T23:00:00+00:00,63774.0,63803.0,2026-05-20T17:00:00+00:00,2026-05-21T23:00:00+00:00,,,4570.65,4483.49,4744.969999999999,2.0,4570.65,19.71999999999993,Bull flag after impulsive advance,rule_candidate,pending
flag__2026-05-22__0063826,flag,1,forming,bullish,0.6107362366881119,64.0,flag/images/forming/2026/05/flag__2026-05-22__0063826.png,,2026-05-22,63627,63826,2026-05-12T08:00:00+00:00,2026-05-22T23:00:00+00:00,63787.0,63826.0,2026-05-21T07:00:00+00:00,2026-05-22T23:00:00+00:00,,,4559.17,4487.6053571428565,4702.299285714287,2.0,4559.17,16.498571428571463,Bull flag after impulsive advance,rule_candidate,pending
flag__2026-05-25__0063847,flag,0,no_pattern,neutral,0.0,,flag/images/no_pattern/2026/05/flag__2026-05-25__0063847.png,,2026-05-25,63648,63847,2026-05-13T06:00:00+00:00,2026-05-25T21:00:00+00:00,,,,,,,,,,,,,No rule-based candidate at this daily endpoint,rule_candidate,pending
flag__2026-05-26__0063870,flag,0,no_pattern,neutral,0.0,,flag/images/no_pattern/2026/05/flag__2026-05-26__0063870.png,,2026-05-26,63671,63870,2026-05-14T06:00:00+00:00,2026-05-26T23:00:00+00:00,,,,,,,,,,,,,No rule-based candidate at this daily endpoint,rule_candidate,pending
flag__2026-05-27__0063893,flag,0,no_pattern,neutral,0.0,,flag/images/no_pattern/2026/05/flag__2026-05-27__0063893.png,,2026-05-27,63694,63893,2026-05-15T06:00:00+00:00,2026-05-27T23:00:00+00:00,,,,,,,,,,,,,No rule-based candidate at this daily endpoint,rule_candidate,pending
flag__2026-05-28__0063916,flag,0,no_pattern,neutral,0.0,,flag/images/no_pattern/2026/05/flag__2026-05-28__0063916.png,,2026-05-28,63717,63916,2026-05-18T06:00:00+00:00,2026-05-28T23:00:00+00:00,,,,,,,,,,,,,No rule-based candidate at this daily endpoint,rule_candidate,pending
flag__2026-05-29__0063939,flag,0,no_pattern,neutral,0.0,,flag/images/no_pattern/2026/05/flag__2026-05-29__0063939.png,,2026-05-29,63740,63939,2026-05-19T06:00:00+00:00,2026-05-29T23:00:00+00:00,,,,,,,,,,,,,No rule-based candidate at this daily endpoint,rule_candidate,pending
flag__2026-06-01__0063962,flag,1,forming,bullish,0.6997595090167699,64.0,flag/images/forming/2026/06/flag__2026-06-01__0063962.png,,2026-06-01,63763,63962,2026-05-20T06:00:00+00:00,2026-06-01T23:00:00+00:00,63923.0,63962.0,2026-05-29T07:00:00+00:00,2026-06-01T23:00:00+00:00,,,4595.04,4443.048392857143,4899.023214285714,2.0,4595.04,17.806428571428633,Bull flag after impulsive advance,rule_candidate,pending
flag__2026-06-02__0063985,flag,1,forming,bullish,0.5324512461000462,100.0,flag/images/forming/2026/06/flag__2026-06-02__0063985.png,,2026-06-02,63786,63985,2026-05-21T06:00:00+00:00,2026-06-02T23:00:00+00:00,63923.0,63985.0,2026-05-29T07:00:00+00:00,2026-06-02T23:00:00+00:00,,,4545.69,4444.317678571429,4748.434642857142,2.0,4545.69,12.729285714285718,Bull flag after impulsive advance,rule_candidate,pending
flag__2026-06-03__0064008,flag,1,forming,bullish,0.5927761458965681,120.0,flag/images/forming/2026/06/flag__2026-06-03__0064008.png,,2026-06-03,63809,64008,2026-05-22T06:00:00+00:00,2026-06-03T23:00:00+00:00,63933.0,64008.0,2026-05-29T17:00:00+00:00,2026-06-03T23:00:00+00:00,,,4541.29,4421.507500000001,4780.854999999999,2.0,4541.29,17.68999999999986,Bull flag after impulsive advance,rule_candidate,pending
flag__2026-06-04__0064031,flag,0,no_pattern,neutral,0.0,,flag/images/no_pattern/2026/06/flag__2026-06-04__0064031.png,,2026-06-04,63832,64031,2026-05-25T06:00:00+00:00,2026-06-04T23:00:00+00:00,,,,,,,,,,,,,No rule-based candidate at this daily endpoint,rule_candidate,pending
flag__2026-06-05__0064054,flag,0,no_pattern,neutral,0.0,,flag/images/no_pattern/2026/06/flag__2026-06-05__0064054.png,,2026-06-05,63855,64054,2026-05-26T08:00:00+00:00,2026-06-05T23:00:00+00:00,,,,,,,,,,,,,No rule-based candidate at this daily endpoint,rule_candidate,pending
flag__2026-06-08__0064077,flag,0,no_pattern,neutral,0.0,,flag/images/no_pattern/2026/06/flag__2026-06-08__0064077.png,,2026-06-08,63878,64077,2026-05-27T08:00:00+00:00,2026-06-08T23:00:00+00:00,,,,,,,,,,,,,No rule-based candidate at this daily endpoint,rule_candidate,pending
flag__2026-06-09__0064100,flag,0,no_pattern,neutral,0.0,,flag/images/no_pattern/2026/06/flag__2026-06-09__0064100.png,,2026-06-09,63901,64100,2026-05-28T08:00:00+00:00,2026-06-09T23:00:00+00:00,,,,,,,,,,,,,No rule-based candidate at this daily endpoint,rule_candidate,pending
flag__2026-06-10__0064123,flag,0,no_pattern,neutral,0.0,,flag/images/no_pattern/2026/06/flag__2026-06-10__0064123.png,,2026-06-10,63924,64123,2026-05-29T08:00:00+00:00,2026-06-10T23:00:00+00:00,,,,,,,,,,,,,No rule-based candidate at this daily endpoint,rule_candidate,pending
flag__2026-06-11__0064146,flag,0,no_pattern,neutral,0.0,,flag/images/no_pattern/2026/06/flag__2026-06-11__0064146.png,,2026-06-11,63947,64146,2026-06-01T08:00:00+00:00,2026-06-11T23:00:00+00:00,,,,,,,,,,,,,No rule-based candidate at this daily endpoint,rule_candidate,pending
flag__2026-06-12__0064169,flag,0,no_pattern,neutral,0.0,,flag/images/no_pattern/2026/06/flag__2026-06-12__0064169.png,,2026-06-12,63970,64169,2026-06-02T08:00:00+00:00,2026-06-12T23:00:00+00:00,,,,,,,,,,,,,No rule-based candidate at this daily endpoint,rule_candidate,pending
flag__2026-06-15__0064192,flag,0,no_pattern,neutral,0.0,,flag/images/no_pattern/2026/06/flag__2026-06-15__0064192.png,,2026-06-15,63993,64192,2026-06-03T08:00:00+00:00,2026-06-15T23:00:00+00:00,,,,,,,,,,,,,No rule-based candidate at this daily endpoint,rule_candidate,pending
flag__2026-06-16__0064215,flag,1,forming,bullish,0.5300166014172509,80.0,flag/images/forming/2026/06/flag__2026-06-16__0064215.png,,2026-06-16,64016,64215,2026-06-04T08:00:00+00:00,2026-06-16T23:00:00+00:00,64166.0,64215.0,2026-06-12T20:00:00+00:00,2026-06-16T23:00:00+00:00,,,4369.14,4302.253392857143,4602.370000000001,3.4869461909147867,4369.14,14.266428571428476,Bull flag after impulsive advance,rule_candidate,pending
flag__2026-06-17__0064238,flag,1,forming,bullish,0.5346096783374521,120.0,flag/images/forming/2026/06/flag__2026-06-17__0064238.png,,2026-06-17,64039,64238,2026-06-05T08:00:00+00:00,2026-06-17T23:00:00+00:00,64163.0,64238.0,2026-06-12T17:00:00+00:00,2026-06-17T23:00:00+00:00,,,4382.08,4211.632857142857,4722.974285714286,2.0,4382.08,28.74857142857133,Bull flag after impulsive advance,rule_candidate,pending
flag__2026-06-18__0064261,flag,1,forming,bullish,0.655106679386516,120.0,flag/images/forming/2026/06/flag__2026-06-18__0064261.png,,2026-06-18,64062,64261,2026-06-08T08:00:00+00:00,2026-06-18T23:00:00+00:00,64186.0,64261.0,2026-06-15T17:00:00+00:00,2026-06-18T23:00:00+00:00,,,4382.08,4196.146785714285,4753.946428571429,2.0,4382.08,20.53285714285708,Bull flag after impulsive advance,rule_candidate,pending
flag__2026-06-19__0064280,flag,0,no_pattern,neutral,0.0,,flag/images/no_pattern/2026/06/flag__2026-06-19__0064280.png,,2026-06-19,64081,64280,2026-06-09T04:00:00+00:00,2026-06-19T19:00:00+00:00,,,,,,,,,,,,,No rule-based candidate at this daily endpoint,rule_candidate,pending
flag__2026-06-22__0064303,flag,0,no_pattern,neutral,0.0,,flag/images/no_pattern/2026/06/flag__2026-06-22__0064303.png,,2026-06-22,64104,64303,2026-06-10T04:00:00+00:00,2026-06-22T23:00:00+00:00,,,,,,,,,,,,,No rule-based candidate at this daily endpoint,rule_candidate,pending
flag__2026-06-23__0064326,flag,0,no_pattern,neutral,0.0,,flag/images/no_pattern/2026/06/flag__2026-06-23__0064326.png,,2026-06-23,64127,64326,2026-06-11T04:00:00+00:00,2026-06-23T23:00:00+00:00,,,,,,,,,,,,,No rule-based candidate at this daily endpoint,rule_candidate,pending
flag__2026-06-24__0064349,flag,0,no_pattern,neutral,0.0,,flag/images/no_pattern/2026/06/flag__2026-06-24__0064349.png,,2026-06-24,64150,64349,2026-06-12T04:00:00+00:00,2026-06-24T23:00:00+00:00,,,,,,,,,,,,,No rule-based candidate at this daily endpoint,rule_candidate,pending
flag__2026-06-25__0064372,flag,0,no_pattern,neutral,0.0,,flag/images/no_pattern/2026/06/flag__2026-06-25__0064372.png,,2026-06-25,64173,64372,2026-06-15T04:00:00+00:00,2026-06-25T23:00:00+00:00,,,,,,,,,,,,,No rule-based candidate at this daily endpoint,rule_candidate,pending
flag__2026-06-26__0064395,flag,0,no_pattern,neutral,0.0,,flag/images/no_pattern/2026/06/flag__2026-06-26__0064395.png,,2026-06-26,64196,64395,2026-06-16T04:00:00+00:00,2026-06-26T23:00:00+00:00,,,,,,,,,,,,,No rule-based candidate at this daily endpoint,rule_candidate,pending
flag__2026-06-29__0064418,flag,0,no_pattern,neutral,0.0,,flag/images/no_pattern/2026/06/flag__2026-06-29__0064418.png,,2026-06-29,64219,64418,2026-06-17T04:00:00+00:00,2026-06-29T23:00:00+00:00,,,,,,,,,,,,,No rule-based candidate at this daily endpoint,rule_candidate,pending
flag__2026-06-30__0064441,flag,1,forming,bullish,0.5333070544277583,80.0,flag/images/forming/2026/06/flag__2026-06-30__0064441.png,,2026-06-30,64242,64441,2026-06-18T04:00:00+00:00,2026-06-30T23:00:00+00:00,64392.0,64441.0,2026-06-26T20:00:00+00:00,2026-06-30T23:00:00+00:00,,,4066.51,3938.0926785714287,4323.344642857143,2.0,4066.51,16.22928571428562,Bull flag after impulsive advance,rule_candidate,pending
flag__2026-07-01__0064464,flag,0,no_pattern,neutral,0.0,,flag/images/no_pattern/2026/07/flag__2026-07-01__0064464.png,,2026-07-01,64265,64464,2026-06-19T04:00:00+00:00,2026-07-01T23:00:00+00:00,,,,,,,,,,,,,No rule-based candidate at this daily endpoint,rule_candidate,pending
flag__2026-07-02__0064487,flag,0,no_pattern,neutral,0.0,,flag/images/no_pattern/2026/07/flag__2026-07-02__0064487.png,,2026-07-02,64288,64487,2026-06-22T08:00:00+00:00,2026-07-02T23:00:00+00:00,,,,,,,,,,,,,No rule-based candidate at this daily endpoint,rule_candidate,pending
flag__2026-07-03__0064506,flag,0,no_pattern,neutral,0.0,,flag/images/no_pattern/2026/07/flag__2026-07-03__0064506.png,,2026-07-03,64307,64506,2026-06-23T04:00:00+00:00,2026-07-03T19:00:00+00:00,,,,,,,,,,,,,No rule-based candidate at this daily endpoint,rule_candidate,pending
flag__2026-07-06__0064529,flag,1,forming,bullish,0.6189296798195014,80.0,flag/images/forming/2026/07/flag__2026-07-06__0064529.png,,2026-07-06,64330,64529,2026-06-24T04:00:00+00:00,2026-07-06T23:00:00+00:00,64480.0,64529.0,2026-07-02T16:00:00+00:00,2026-07-06T23:00:00+00:00,,,4202.87,4124.6960714285715,4407.08,2.6122519839003746,4202.87,14.175714285714289,Bull flag after impulsive advance,rule_candidate,pending
flag__2026-07-07__0064552,flag,1,forming,bullish,0.6363434839690982,120.0,flag/images/forming/2026/07/flag__2026-07-07__0064552.png,,2026-07-07,64353,64552,2026-06-25T04:00:00+00:00,2026-07-07T23:00:00+00:00,64477.0,64552.0,2026-07-02T13:00:00+00:00,2026-07-07T23:00:00+00:00,,,4202.87,4087.704107142857,4433.2017857142855,2.0,4202.87,17.503571428571508,Bull flag after impulsive advance,rule_candidate,pending
flag__2026-07-08__0064575,flag,1,forming,bullish,0.6752912928108942,160.0,flag/images/forming/2026/07/flag__2026-07-08__0064575.png,,2026-07-08,64376,64575,2026-06-26T04:00:00+00:00,2026-07-08T23:00:00+00:00,64475.0,64575.0,2026-07-02T11:00:00+00:00,2026-07-08T23:00:00+00:00,,,4202.87,4015.2217857142855,4578.166428571429,2.0,4202.87,25.432857142857106,Bull flag after impulsive advance,rule_candidate,pending
flag__2026-07-09__0064598,flag,1,forming,bullish,0.6197740979031034,200.0,flag/images/forming/2026/07/flag__2026-07-09__0064598.png,,2026-07-09,64399,64598,2026-06-29T04:00:00+00:00,2026-07-09T23:00:00+00:00,64473.0,64598.0,2026-07-02T09:00:00+00:00,2026-07-09T23:00:00+00:00,,,4202.87,4018.300357142857,4572.009285714285,2.0,4202.87,13.118571428571581,Bull flag after impulsive advance,rule_candidate,pending
flag__2026-07-10__0064621,flag,1,forming,bullish,0.6052288031747863,48.0,flag/images/forming/2026/07/flag__2026-07-10__0064621.png,,2026-07-10,64422,64621,2026-06-30T04:00:00+00:00,2026-07-10T23:00:00+00:00,64592.0,64621.0,2026-07-09T17:00:00+00:00,2026-07-10T23:00:00+00:00,,,4134.66,4069.0780357142853,4265.823928571429,2.0,4134.66,14.647857142857154,Bull flag after impulsive advance,rule_candidate,pending
flag__2026-07-13__0064644,flag,0,no_pattern,neutral,0.0,,flag/images/no_pattern/2026/07/flag__2026-07-13__0064644.png,,2026-07-13,64445,64644,2026-07-01T04:00:00+00:00,2026-07-13T23:00:00+00:00,,,,,,,,,,,,,No rule-based candidate at this daily endpoint,rule_candidate,pending
flag__2026-07-14__0064667,flag,0,no_pattern,neutral,0.0,,flag/images/no_pattern/2026/07/flag__2026-07-14__0064667.png,,2026-07-14,64468,64667,2026-07-02T04:00:00+00:00,2026-07-14T23:00:00+00:00,,,,,,,,,,,,,No rule-based candidate at this daily endpoint,rule_candidate,pending
flag__2026-07-15__0064690,flag,0,no_pattern,neutral,0.0,,flag/images/no_pattern/2026/07/flag__2026-07-15__0064690.png,,2026-07-15,64491,64690,2026-07-03T04:00:00+00:00,2026-07-15T23:00:00+00:00,,,,,,,,,,,,,No rule-based candidate at this daily endpoint,rule_candidate,pending
flag__2026-07-16__0064713,flag,0,no_pattern,neutral,0.0,,flag/images/no_pattern/2026/07/flag__2026-07-16__0064713.png,,2026-07-16,64514,64713,2026-07-06T08:00:00+00:00,2026-07-16T23:00:00+00:00,,,,,,,,,,,,,No rule-based candidate at this daily endpoint,rule_candidate,pending
flag__2026-07-17__0064736,flag,0,no_pattern,neutral,0.0,,flag/images/no_pattern/2026/07/flag__2026-07-17__0064736.png,,2026-07-17,64537,64736,2026-07-07T08:00:00+00:00,2026-07-17T23:00:00+00:00,,,,,,,,,,,,,No rule-based candidate at this daily endpoint,rule_candidate,pending
flag__2026-07-20__0064759,flag,0,no_pattern,neutral,0.0,,flag/images/no_pattern/2026/07/flag__2026-07-20__0064759.png,,2026-07-20,64560,64759,2026-07-08T08:00:00+00:00,2026-07-20T23:00:00+00:00,,,,,,,,,,,,,No rule-based candidate at this daily endpoint,rule_candidate,pending
flag__2026-07-21__0064782,flag,0,no_pattern,neutral,0.0,,flag/images/no_pattern/2026/07/flag__2026-07-21__0064782.png,,2026-07-21,64583,64782,2026-07-09T08:00:00+00:00,2026-07-21T23:00:00+00:00,,,,,,,,,,,,,No rule-based candidate at this daily endpoint,rule_candidate,pending
flag__2026-07-22__0064805,flag,0,no_pattern,neutral,0.0,,flag/images/no_pattern/2026/07/flag__2026-07-22__0064805.png,,2026-07-22,64606,64805,2026-07-10T08:00:00+00:00,2026-07-22T23:00:00+00:00,,,,,,,,,,,,,No rule-based candidate at this daily endpoint,rule_candidate,pending
flag__2026-07-23__0064828,flag,1,forming,bullish,0.6198953169669752,100.0,flag/images/forming/2026/07/flag__2026-07-23__0064828.png,,2026-07-23,64629,64828,2026-07-13T08:00:00+00:00,2026-07-23T23:00:00+00:00,64766.0,64828.0,2026-07-21T07:00:00+00:00,2026-07-23T23:00:00+00:00,,,4165.87,4036.25625,4425.0975,2.0,4165.87,14.974999999999975,Bull flag after impulsive advance,rule_candidate,pending
flag__2026-07-24__0064851,flag,0,no_pattern,neutral,0.0,,flag/images/no_pattern/2026/07/flag__2026-07-24__0064851.png,,2026-07-24,64652,64851,2026-07-14T08:00:00+00:00,2026-07-24T23:00:00+00:00,,,,,,,,,,,,,No rule-based candidate at this daily endpoint,rule_candidate,pending
